{
  "type": "FeatureCollection",
  "features": [
    {
      "type": "Feature",
      "geometry": {
        "type": "Point",
        "coordinates": [
          7.3108833,
          50.6462811
        ]
      },
      "properties": {
        "id": 422869564,
        "osm_type": "node",
        "name": "Imbiss Fleischergrill Witt",
        "opening_hours": "24/7",
        "vending": "food"
      }
    },
    {
      "type": "Feature",
      "geometry": {
        "type": "Point",
        "coordinates": [
          6.6602915,
          51.2177479
        ]
      },
      "properties": {
        "id": 427005343,
        "osm_type": "node",
        "opening_hours": "24/7",
        "vending": "drinks",
        "check_date": "2025-09-19"
      }
    },
    {
      "type": "Feature",
      "geometry": {
        "type": "Point",
        "coordinates": [
          7.0452457,
          51.2217102
        ]
      },
      "properties": {
        "id": 595347495,
        "osm_type": "node",
        "vending": "food",
        "operator": "Gut zur Linden"
      }
    },
    {
      "type": "Feature",
      "geometry": {
        "type": "Point",
        "coordinates": [
          6.7978345,
          51.2293457
        ]
      },
      "properties": {
        "id": 672489797,
        "osm_type": "node",
        "vending": "drinks;sweets",
        "check_date": "2024-01-20"
      }
    },
    {
      "type": "Feature",
      "geometry": {
        "type": "Point",
        "coordinates": [
          6.7938154,
          51.2200115
        ]
      },
      "properties": {
        "id": 676073092,
        "osm_type": "node",
        "vending": "chewing_gums;drinks;food;sweets",
        "operator": "Geile Warenautomaten GmbH",
        "check_date": "2023-10-12"
      }
    },
    {
      "type": "Feature",
      "geometry": {
        "type": "Point",
        "coordinates": [
          6.776981,
          51.2263617
        ]
      },
      "properties": {
        "id": 687006539,
        "osm_type": "node",
        "name": "coffee to go",
        "vending": "drinks",
        "check_date": "2024-11-05"
      }
    },
    {
      "type": "Feature",
      "geometry": {
        "type": "Point",
        "coordinates": [
          6.776848,
          51.2266675
        ]
      },
      "properties": {
        "id": 687006540,
        "osm_type": "node",
        "name": "cold drinks",
        "vending": "drinks",
        "check_date": "2025-11-02"
      }
    },
    {
      "type": "Feature",
      "geometry": {
        "type": "Point",
        "coordinates": [
          6.7768479,
          51.2266578
        ]
      },
      "properties": {
        "id": 687006543,
        "osm_type": "node",
        "name": "cold drinks",
        "vending": "drinks",
        "check_date": "2025-11-02"
      }
    },
    {
      "type": "Feature",
      "geometry": {
        "type": "Point",
        "coordinates": [
          8.8881511,
          52.261482
        ]
      },
      "properties": {
        "id": 770647660,
        "osm_type": "node",
        "vending": "drinks; food; sweets"
      }
    },
    {
      "type": "Feature",
      "geometry": {
        "type": "Point",
        "coordinates": [
          8.8893861,
          52.2613352
        ]
      },
      "properties": {
        "id": 770647738,
        "osm_type": "node",
        "vending": "drinks; food; sweets",
        "check_date": "2024-01-29"
      }
    },
    {
      "type": "Feature",
      "geometry": {
        "type": "Point",
        "coordinates": [
          8.8892133,
          52.2608925
        ]
      },
      "properties": {
        "id": 772060363,
        "osm_type": "node",
        "vending": "drinks; food; sweets",
        "check_date": "2023-08-17"
      }
    },
    {
      "type": "Feature",
      "geometry": {
        "type": "Point",
        "coordinates": [
          8.796161,
          52.2054063
        ]
      },
      "properties": {
        "id": 928911615,
        "osm_type": "node",
        "vending": "sweets;drinks",
        "check_date": "2024-10-25"
      }
    },
    {
      "type": "Feature",
      "geometry": {
        "type": "Point",
        "coordinates": [
          8.7966793,
          52.2051698
        ]
      },
      "properties": {
        "id": 928911617,
        "osm_type": "node",
        "vending": "sweets;drinks"
      }
    },
    {
      "type": "Feature",
      "geometry": {
        "type": "Point",
        "coordinates": [
          6.1404192,
          50.7044182
        ]
      },
      "properties": {
        "id": 1219282134,
        "osm_type": "node",
        "name": "Aachener Milchautomat",
        "vending": "milk",
        "operator": "Kronenhof",
        "check_date": "2025-07-09"
      }
    },
    {
      "type": "Feature",
      "geometry": {
        "type": "Point",
        "coordinates": [
          7.1735653,
          51.2751674
        ]
      },
      "properties": {
        "id": 1274206865,
        "osm_type": "node",
        "vending": "coffee"
      }
    },
    {
      "type": "Feature",
      "geometry": {
        "type": "Point",
        "coordinates": [
          6.6840381,
          51.1971813
        ]
      },
      "properties": {
        "id": 1281539126,
        "osm_type": "node",
        "vending": "drinks"
      }
    },
    {
      "type": "Feature",
      "geometry": {
        "type": "Point",
        "coordinates": [
          7.6579994,
          51.3743373
        ]
      },
      "properties": {
        "id": 1449601037,
        "osm_type": "node",
        "vending": "drinks"
      }
    },
    {
      "type": "Feature",
      "geometry": {
        "type": "Point",
        "coordinates": [
          7.0264297,
          51.5910972
        ]
      },
      "properties": {
        "id": 1473061680,
        "osm_type": "node",
        "vending": "drinks",
        "operator": "CocaCola"
      }
    },
    {
      "type": "Feature",
      "geometry": {
        "type": "Point",
        "coordinates": [
          8.7680918,
          52.0749127
        ]
      },
      "properties": {
        "id": 1503115751,
        "osm_type": "node",
        "vending": "food"
      }
    },
    {
      "type": "Feature",
      "geometry": {
        "type": "Point",
        "coordinates": [
          6.0595846,
          50.7794653
        ]
      },
      "properties": {
        "id": 1596206689,
        "osm_type": "node",
        "vending": "drinks",
        "check_date": "2026-01-16"
      }
    },
    {
      "type": "Feature",
      "geometry": {
        "type": "Point",
        "coordinates": [
          8.7856886,
          51.7609524
        ]
      },
      "properties": {
        "id": 1698574046,
        "osm_type": "node",
        "name": "Milchhof Marienloh",
        "opening_hours": "08:00-19:00",
        "vending": "milk"
      }
    },
    {
      "type": "Feature",
      "geometry": {
        "type": "Point",
        "coordinates": [
          6.7759279,
          51.2079407
        ]
      },
      "properties": {
        "id": 1706997701,
        "osm_type": "node",
        "vending": "chewing_gums;drinks;food;sweets",
        "operator": "Geile Warenautomaten GmbH",
        "check_date": "2024-04-16"
      }
    },
    {
      "type": "Feature",
      "geometry": {
        "type": "Point",
        "coordinates": [
          6.8374541,
          51.0925275
        ]
      },
      "properties": {
        "id": 1736196792,
        "osm_type": "node",
        "vending": "coffee"
      }
    },
    {
      "type": "Feature",
      "geometry": {
        "type": "Point",
        "coordinates": [
          8.9429495,
          51.7662162
        ]
      },
      "properties": {
        "id": 1805038279,
        "osm_type": "node",
        "vending": "food;drinks",
        "check_date": "2023-08-19"
      }
    },
    {
      "type": "Feature",
      "geometry": {
        "type": "Point",
        "coordinates": [
          7.4010305,
          51.340172
        ]
      },
      "properties": {
        "id": 1848706591,
        "osm_type": "node",
        "name": "Snack Xpress",
        "opening_hours": "24/7",
        "vending": "drinks;sweets"
      }
    },
    {
      "type": "Feature",
      "geometry": {
        "type": "Point",
        "coordinates": [
          6.9154759,
          51.1870963
        ]
      },
      "properties": {
        "id": 1964944628,
        "osm_type": "node",
        "name": "Milch-Tankstelle Gut Holterhof",
        "vending": "milk",
        "operator": "Gut Holterhof"
      }
    },
    {
      "type": "Feature",
      "geometry": {
        "type": "Point",
        "coordinates": [
          6.9154887,
          51.1869855
        ]
      },
      "properties": {
        "id": 1964944636,
        "osm_type": "node",
        "vending": "food",
        "operator": "Gut Holterhof"
      }
    },
    {
      "type": "Feature",
      "geometry": {
        "type": "Point",
        "coordinates": [
          7.5986501,
          51.9669655
        ]
      },
      "properties": {
        "id": 2039349418,
        "osm_type": "node",
        "vending": "coffee"
      }
    },
    {
      "type": "Feature",
      "geometry": {
        "type": "Point",
        "coordinates": [
          8.5305762,
          52.0167591
        ]
      },
      "properties": {
        "id": 2157491628,
        "osm_type": "node",
        "opening_hours": "24/7",
        "vending": "coffee;sweets;drinks;e-cigaretts"
      }
    },
    {
      "type": "Feature",
      "geometry": {
        "type": "Point",
        "coordinates": [
          7.6170624,
          51.9527508
        ]
      },
      "properties": {
        "id": 2163062142,
        "osm_type": "node",
        "name": "Happybox MS",
        "vending": "food"
      }
    },
    {
      "type": "Feature",
      "geometry": {
        "type": "Point",
        "coordinates": [
          6.5621897,
          51.3789646
        ]
      },
      "properties": {
        "id": 2300491448,
        "osm_type": "node",
        "vending": "milk",
        "operator": "Familie Schulte-Bockholt"
      }
    },
    {
      "type": "Feature",
      "geometry": {
        "type": "Point",
        "coordinates": [
          7.4587551,
          51.5175126
        ]
      },
      "properties": {
        "id": 2405568804,
        "osm_type": "node",
        "vending": "drinks",
        "operator": "Geile Warenautomaten GmbH",
        "check_date": "2024-03-19"
      }
    },
    {
      "type": "Feature",
      "geometry": {
        "type": "Point",
        "coordinates": [
          7.4593345,
          51.5182412
        ]
      },
      "properties": {
        "id": 2405572520,
        "osm_type": "node",
        "vending": "drinks",
        "operator": "Geile Warenautomaten GmbH",
        "check_date": "2024-06-24"
      }
    },
    {
      "type": "Feature",
      "geometry": {
        "type": "Point",
        "coordinates": [
          7.4584895,
          51.5181276
        ]
      },
      "properties": {
        "id": 2405572884,
        "osm_type": "node",
        "vending": "chewing_gums;drinks;food;sweets",
        "operator": "Geile Warenautomaten GmbH",
        "check_date": "2025-12-04"
      }
    },
    {
      "type": "Feature",
      "geometry": {
        "type": "Point",
        "coordinates": [
          7.458592,
          51.5178094
        ]
      },
      "properties": {
        "id": 2405574457,
        "osm_type": "node",
        "vending": "drinks;food;sweets",
        "operator": "Geile Warenautomaten GmbH",
        "check_date": "2026-01-26"
      }
    },
    {
      "type": "Feature",
      "geometry": {
        "type": "Point",
        "coordinates": [
          7.4585949,
          51.5177975
        ]
      },
      "properties": {
        "id": 2405574459,
        "osm_type": "node",
        "vending": "drinks",
        "operator": "Geile Warenautomaten GmbH",
        "check_date": "2026-01-26"
      }
    },
    {
      "type": "Feature",
      "geometry": {
        "type": "Point",
        "coordinates": [
          7.4586417,
          51.5176539
        ]
      },
      "properties": {
        "id": 2405578023,
        "osm_type": "node",
        "vending": "drinks",
        "operator": "Geile Warenautomaten GmbH",
        "check_date": "2026-01-10"
      }
    },
    {
      "type": "Feature",
      "geometry": {
        "type": "Point",
        "coordinates": [
          7.3294931,
          51.4356225
        ]
      },
      "properties": {
        "id": 2473441989,
        "osm_type": "node",
        "vending": "drinks;food",
        "operator": "Geile Warenautomaten",
        "check_date": "2023-07-30"
      }
    },
    {
      "type": "Feature",
      "geometry": {
        "type": "Point",
        "coordinates": [
          7.3292786,
          51.4355414
        ]
      },
      "properties": {
        "id": 2473441993,
        "osm_type": "node",
        "vending": "drinks;food",
        "operator": "Geile Warenautomaten",
        "check_date": "2024-07-10"
      }
    },
    {
      "type": "Feature",
      "geometry": {
        "type": "Point",
        "coordinates": [
          8.6908825,
          51.7359693
        ]
      },
      "properties": {
        "id": 2516096408,
        "osm_type": "node",
        "name": "Regiomat",
        "vending": "food",
        "brand": "Regiomat",
        "operator": "Milchhof Werning"
      }
    },
    {
      "type": "Feature",
      "geometry": {
        "type": "Point",
        "coordinates": [
          7.4615528,
          51.3626582
        ]
      },
      "properties": {
        "id": 2577174620,
        "osm_type": "node",
        "vending": "hot_drinks",
        "check_date": "2024-10-13"
      }
    },
    {
      "type": "Feature",
      "geometry": {
        "type": "Point",
        "coordinates": [
          7.8086718,
          51.6782285
        ]
      },
      "properties": {
        "id": 2578305670,
        "osm_type": "node",
        "vending": "drinks",
        "check_date": "2024-04-28"
      }
    },
    {
      "type": "Feature",
      "geometry": {
        "type": "Point",
        "coordinates": [
          6.8662323,
          51.8481453
        ]
      },
      "properties": {
        "id": 2598317045,
        "osm_type": "node",
        "vending": "drinks;sweets",
        "check_date": "2026-02-19"
      }
    },
    {
      "type": "Feature",
      "geometry": {
        "type": "Point",
        "coordinates": [
          8.6250486,
          51.718808
        ]
      },
      "properties": {
        "id": 2885784334,
        "osm_type": "node",
        "name": "Muhkuhmat",
        "vending": "milk",
        "operator": "Milchhof Werning"
      }
    },
    {
      "type": "Feature",
      "geometry": {
        "type": "Point",
        "coordinates": [
          6.2274801,
          50.5396744
        ]
      },
      "properties": {
        "id": 3067201490,
        "osm_type": "node",
        "name": "Milchtankstelle",
        "vending": "milk",
        "operator": "Hof Breiterscheid"
      }
    },
    {
      "type": "Feature",
      "geometry": {
        "type": "Point",
        "coordinates": [
          7.160625,
          50.9834617
        ]
      },
      "properties": {
        "id": 3120715515,
        "osm_type": "node",
        "name": "Milchtankstelle Oberlerbach",
        "opening_hours": "24/7",
        "vending": "milk",
        "operator": "Gut Lerbach"
      }
    },
    {
      "type": "Feature",
      "geometry": {
        "type": "Point",
        "coordinates": [
          7.6389182,
          51.1075914
        ]
      },
      "properties": {
        "id": 3173597365,
        "osm_type": "node",
        "vending": "drinks"
      }
    },
    {
      "type": "Feature",
      "geometry": {
        "type": "Point",
        "coordinates": [
          8.0188736,
          51.382582
        ]
      },
      "properties": {
        "id": 3179212661,
        "osm_type": "node",
        "vending": "milk"
      }
    },
    {
      "type": "Feature",
      "geometry": {
        "type": "Point",
        "coordinates": [
          6.8423408,
          51.7695963
        ]
      },
      "properties": {
        "id": 3287420539,
        "osm_type": "node",
        "vending": "food",
        "operator": "Fleischerei Schwane",
        "check_date": "2024-05-12"
      }
    },
    {
      "type": "Feature",
      "geometry": {
        "type": "Point",
        "coordinates": [
          6.7261731,
          51.3310443
        ]
      },
      "properties": {
        "id": 3389055205,
        "osm_type": "node",
        "name": "Eier Automat",
        "opening_hours": "24/7",
        "vending": "eggs;potatoes;noodles;coffee;",
        "operator": "Gut Kaiserhof"
      }
    },
    {
      "type": "Feature",
      "geometry": {
        "type": "Point",
        "coordinates": [
          6.4069858,
          50.9081523
        ]
      },
      "properties": {
        "id": 3466338608,
        "osm_type": "node",
        "opening_hours": "24/7",
        "vending": "food",
        "check_date": "2024-04-28"
      }
    },
    {
      "type": "Feature",
      "geometry": {
        "type": "Point",
        "coordinates": [
          7.393827,
          51.7080736
        ]
      },
      "properties": {
        "id": 3478232537,
        "osm_type": "node",
        "name": "Milchtankstelle Närmann",
        "opening_hours": "24/7",
        "vending": "milk;ice_cream;eggs;drinks"
      }
    },
    {
      "type": "Feature",
      "geometry": {
        "type": "Point",
        "coordinates": [
          8.5821351,
          51.7679964
        ]
      },
      "properties": {
        "id": 3499070638,
        "osm_type": "node",
        "vending": "milk",
        "operator": "Werning"
      }
    },
    {
      "type": "Feature",
      "geometry": {
        "type": "Point",
        "coordinates": [
          6.8469113,
          51.741919
        ]
      },
      "properties": {
        "id": 3523153055,
        "osm_type": "node",
        "vending": "ice_cream"
      }
    },
    {
      "type": "Feature",
      "geometry": {
        "type": "Point",
        "coordinates": [
          6.3967582,
          51.1174673
        ]
      },
      "properties": {
        "id": 3545023510,
        "osm_type": "node",
        "name": "Verkaufsautomat Buscherhof",
        "vending": "food",
        "operator": "Büscherhof",
        "check_date": "2025-07-10"
      }
    },
    {
      "type": "Feature",
      "geometry": {
        "type": "Point",
        "coordinates": [
          8.3612662,
          52.0834696
        ]
      },
      "properties": {
        "id": 3598606070,
        "osm_type": "node",
        "vending": "drinks"
      }
    },
    {
      "type": "Feature",
      "geometry": {
        "type": "Point",
        "coordinates": [
          6.970463,
          50.8026594
        ]
      },
      "properties": {
        "id": 3649011403,
        "osm_type": "node",
        "vending": "food",
        "operator": "Nessler Hof",
        "check_date": "2024-12-25"
      }
    },
    {
      "type": "Feature",
      "geometry": {
        "type": "Point",
        "coordinates": [
          6.3287513,
          51.7629949
        ]
      },
      "properties": {
        "id": 3657496476,
        "osm_type": "node",
        "vending": "drinks"
      }
    },
    {
      "type": "Feature",
      "geometry": {
        "type": "Point",
        "coordinates": [
          6.3292538,
          51.7632967
        ]
      },
      "properties": {
        "id": 3657496478,
        "osm_type": "node",
        "vending": "drinks"
      }
    },
    {
      "type": "Feature",
      "geometry": {
        "type": "Point",
        "coordinates": [
          6.3282012,
          51.7633323
        ]
      },
      "properties": {
        "id": 3657496479,
        "osm_type": "node",
        "vending": "drinks",
        "check_date": "2026-04-09"
      }
    },
    {
      "type": "Feature",
      "geometry": {
        "type": "Point",
        "coordinates": [
          6.3287863,
          51.7636201
        ]
      },
      "properties": {
        "id": 3657496481,
        "osm_type": "node",
        "vending": "drinks"
      }
    },
    {
      "type": "Feature",
      "geometry": {
        "type": "Point",
        "coordinates": [
          6.3772737,
          50.6548276
        ]
      },
      "properties": {
        "id": 3667157811,
        "osm_type": "node",
        "name": "Milchbüdchen Gerstenhof",
        "opening_hours": "24/7",
        "vending": "milk",
        "operator": "Gersthof"
      }
    },
    {
      "type": "Feature",
      "geometry": {
        "type": "Point",
        "coordinates": [
          6.2583958,
          50.5816464
        ]
      },
      "properties": {
        "id": 3667157970,
        "osm_type": "node",
        "name": "Milchautomat Monschau Konzen",
        "vending": "milk",
        "operator": "Familie Schreiber"
      }
    },
    {
      "type": "Feature",
      "geometry": {
        "type": "Point",
        "coordinates": [
          6.6184123,
          50.4383523
        ]
      },
      "properties": {
        "id": 3686141225,
        "osm_type": "node",
        "name": "Milchtankstelle",
        "vending": "milk",
        "operator": "Fam. Berlingen"
      }
    },
    {
      "type": "Feature",
      "geometry": {
        "type": "Point",
        "coordinates": [
          7.1375627,
          51.0164807
        ]
      },
      "properties": {
        "id": 3722590874,
        "osm_type": "node",
        "name": "Milchtankstelle",
        "vending": "milk;eggs",
        "operator": "Familie Büchel"
      }
    },
    {
      "type": "Feature",
      "geometry": {
        "type": "Point",
        "coordinates": [
          6.5693821,
          51.3255017
        ]
      },
      "properties": {
        "id": 3726228839,
        "osm_type": "node",
        "vending": "drinks;sweets",
        "check_date": "2024-12-02"
      }
    },
    {
      "type": "Feature",
      "geometry": {
        "type": "Point",
        "coordinates": [
          7.3304935,
          51.8669524
        ]
      },
      "properties": {
        "id": 3760689143,
        "osm_type": "node",
        "name": "Milchtankstelle Hof Pelkum",
        "vending": "eggs;milk;potatoes;noodles;meat;honey"
      }
    },
    {
      "type": "Feature",
      "geometry": {
        "type": "Point",
        "coordinates": [
          8.7716095,
          51.7081934
        ]
      },
      "properties": {
        "id": 3783837371,
        "osm_type": "node",
        "vending": "snacks",
        "check_date": "2025-11-05"
      }
    },
    {
      "type": "Feature",
      "geometry": {
        "type": "Point",
        "coordinates": [
          6.7852402,
          51.2912006
        ]
      },
      "properties": {
        "id": 3784782688,
        "osm_type": "node",
        "vending": "drinks",
        "check_date": "2024-03-13"
      }
    },
    {
      "type": "Feature",
      "geometry": {
        "type": "Point",
        "coordinates": [
          9.1408114,
          51.487509
        ]
      },
      "properties": {
        "id": 3787637209,
        "osm_type": "node",
        "vending": "drinks"
      }
    },
    {
      "type": "Feature",
      "geometry": {
        "type": "Point",
        "coordinates": [
          7.878169,
          51.6984716
        ]
      },
      "properties": {
        "id": 3788011666,
        "osm_type": "node",
        "name": "Milchtankstelle",
        "opening_hours": "Mo-Su 07:00-22:00",
        "vending": "milk"
      }
    },
    {
      "type": "Feature",
      "geometry": {
        "type": "Point",
        "coordinates": [
          7.6249424,
          52.182644
        ]
      },
      "properties": {
        "id": 3788013089,
        "osm_type": "node",
        "name": "Middendorfer Milchtankstelle",
        "vending": "milk;eggs",
        "operator": "Familie Beerbaum",
        "check_date": "2024-08-18"
      }
    },
    {
      "type": "Feature",
      "geometry": {
        "type": "Point",
        "coordinates": [
          6.0368661,
          50.7591904
        ]
      },
      "properties": {
        "id": 3813814358,
        "osm_type": "node",
        "name": "Milch Fee",
        "opening_hours": "24/7",
        "vending": "eggs;milk;coffee;drinks;potatoes"
      }
    },
    {
      "type": "Feature",
      "geometry": {
        "type": "Point",
        "coordinates": [
          7.8086631,
          51.6782276
        ]
      },
      "properties": {
        "id": 3848489437,
        "osm_type": "node",
        "vending": "drinks",
        "check_date": "2024-04-28"
      }
    },
    {
      "type": "Feature",
      "geometry": {
        "type": "Point",
        "coordinates": [
          8.7597695,
          51.7209038
        ]
      },
      "properties": {
        "id": 3901504126,
        "osm_type": "node",
        "vending": "drinks"
      }
    },
    {
      "type": "Feature",
      "geometry": {
        "type": "Point",
        "coordinates": [
          7.6531794,
          51.1053465
        ]
      },
      "properties": {
        "id": 3942024243,
        "osm_type": "node",
        "vending": "drinks;sweets"
      }
    },
    {
      "type": "Feature",
      "geometry": {
        "type": "Point",
        "coordinates": [
          6.5702751,
          51.3250213
        ]
      },
      "properties": {
        "id": 3991333176,
        "osm_type": "node",
        "vending": "drinks",
        "check_date": "2020-12-12"
      }
    },
    {
      "type": "Feature",
      "geometry": {
        "type": "Point",
        "coordinates": [
          8.5044063,
          51.8815673
        ]
      },
      "properties": {
        "id": 3996205384,
        "osm_type": "node",
        "vending": "food",
        "operator": "Berenbrinker",
        "check_date": "2023-06-07"
      }
    },
    {
      "type": "Feature",
      "geometry": {
        "type": "Point",
        "coordinates": [
          8.8278517,
          51.782791
        ]
      },
      "properties": {
        "id": 4008864578,
        "osm_type": "node",
        "vending": "ice_cream"
      }
    },
    {
      "type": "Feature",
      "geometry": {
        "type": "Point",
        "coordinates": [
          6.4727186,
          51.282297
        ]
      },
      "properties": {
        "id": 4023576679,
        "osm_type": "node",
        "name": "Stautenhof",
        "vending": "food"
      }
    },
    {
      "type": "Feature",
      "geometry": {
        "type": "Point",
        "coordinates": [
          7.8071862,
          51.6782339
        ]
      },
      "properties": {
        "id": 4039073286,
        "osm_type": "node",
        "vending": "drinks",
        "check_date": "2024-05-04"
      }
    },
    {
      "type": "Feature",
      "geometry": {
        "type": "Point",
        "coordinates": [
          7.8074613,
          51.6782615
        ]
      },
      "properties": {
        "id": 4039073396,
        "osm_type": "node",
        "vending": "drinks",
        "check_date": "2023-11-10"
      }
    },
    {
      "type": "Feature",
      "geometry": {
        "type": "Point",
        "coordinates": [
          7.8078119,
          51.6782974
        ]
      },
      "properties": {
        "id": 4039073402,
        "osm_type": "node",
        "vending": "drinks",
        "check_date": "2024-07-26"
      }
    },
    {
      "type": "Feature",
      "geometry": {
        "type": "Point",
        "coordinates": [
          7.8082885,
          51.6783751
        ]
      },
      "properties": {
        "id": 4039073408,
        "osm_type": "node",
        "vending": "drinks",
        "check_date": "2024-07-26"
      }
    },
    {
      "type": "Feature",
      "geometry": {
        "type": "Point",
        "coordinates": [
          7.4157668,
          51.781018
        ]
      },
      "properties": {
        "id": 4042001924,
        "osm_type": "node",
        "name": "Milchtankstelle Droste",
        "opening_hours": "24/7",
        "vending": "milk"
      }
    },
    {
      "type": "Feature",
      "geometry": {
        "type": "Point",
        "coordinates": [
          8.6818168,
          51.7348725
        ]
      },
      "properties": {
        "id": 4047640172,
        "osm_type": "node",
        "opening_hours": "24/7",
        "vending": "food",
        "operator": "Edeka Windmann"
      }
    },
    {
      "type": "Feature",
      "geometry": {
        "type": "Point",
        "coordinates": [
          8.3853716,
          51.9070557
        ]
      },
      "properties": {
        "id": 4054195594,
        "osm_type": "node",
        "vending": "food;drinks",
        "check_date": "2024-08-20"
      }
    },
    {
      "type": "Feature",
      "geometry": {
        "type": "Point",
        "coordinates": [
          8.3850774,
          51.9071156
        ]
      },
      "properties": {
        "id": 4054195620,
        "osm_type": "node",
        "vending": "food;drinks",
        "check_date": "2024-08-20"
      }
    },
    {
      "type": "Feature",
      "geometry": {
        "type": "Point",
        "coordinates": [
          7.8086551,
          51.6782264
        ]
      },
      "properties": {
        "id": 4056535737,
        "osm_type": "node",
        "vending": "coffee",
        "check_date": "2024-04-28"
      }
    },
    {
      "type": "Feature",
      "geometry": {
        "type": "Point",
        "coordinates": [
          7.8080654,
          51.6783448
        ]
      },
      "properties": {
        "id": 4056573284,
        "osm_type": "node",
        "vending": "drinks",
        "check_date": "2024-07-26"
      }
    },
    {
      "type": "Feature",
      "geometry": {
        "type": "Point",
        "coordinates": [
          7.2933544,
          51.2843196
        ]
      },
      "properties": {
        "id": 4066879138,
        "osm_type": "node",
        "name": "Conti2Go",
        "opening_hours": "24/7",
        "vending": "ice_cream",
        "operator": "Conti"
      }
    },
    {
      "type": "Feature",
      "geometry": {
        "type": "Point",
        "coordinates": [
          8.5329013,
          52.0292229
        ]
      },
      "properties": {
        "id": 4071366518,
        "osm_type": "node",
        "vending": "drinks;sweets",
        "check_date": "2025-04-20"
      }
    },
    {
      "type": "Feature",
      "geometry": {
        "type": "Point",
        "coordinates": [
          8.532895,
          52.0292253
        ]
      },
      "properties": {
        "id": 4071366519,
        "osm_type": "node",
        "vending": "drinks;sweets",
        "check_date": "2025-04-20"
      }
    },
    {
      "type": "Feature",
      "geometry": {
        "type": "Point",
        "coordinates": [
          8.5328894,
          52.0292286
        ]
      },
      "properties": {
        "id": 4071366520,
        "osm_type": "node",
        "vending": "drinks;sweets",
        "check_date": "2025-04-20"
      }
    },
    {
      "type": "Feature",
      "geometry": {
        "type": "Point",
        "coordinates": [
          6.3214454,
          51.0766427
        ]
      },
      "properties": {
        "id": 4123536080,
        "osm_type": "node",
        "vending": "food;drinks"
      }
    },
    {
      "type": "Feature",
      "geometry": {
        "type": "Point",
        "coordinates": [
          7.4344715,
          52.2762013
        ]
      },
      "properties": {
        "id": 4124541812,
        "osm_type": "node",
        "vending": "food;drinks",
        "check_date": "2024-08-10"
      }
    },
    {
      "type": "Feature",
      "geometry": {
        "type": "Point",
        "coordinates": [
          7.434683,
          52.2762085
        ]
      },
      "properties": {
        "id": 4124541813,
        "osm_type": "node",
        "vending": "food;drinks",
        "check_date": "2024-08-10"
      }
    },
    {
      "type": "Feature",
      "geometry": {
        "type": "Point",
        "coordinates": [
          7.4346998,
          52.2762151
        ]
      },
      "properties": {
        "id": 4124541814,
        "osm_type": "node",
        "vending": "food;drinks",
        "check_date": "2024-08-10"
      }
    },
    {
      "type": "Feature",
      "geometry": {
        "type": "Point",
        "coordinates": [
          7.4347199,
          52.2762228
        ]
      },
      "properties": {
        "id": 4124541815,
        "osm_type": "node",
        "vending": "food;drinks",
        "check_date": "2024-08-10"
      }
    },
    {
      "type": "Feature",
      "geometry": {
        "type": "Point",
        "coordinates": [
          6.4828492,
          50.8095243
        ]
      },
      "properties": {
        "id": 4183516172,
        "osm_type": "node",
        "vending": "food;drinks;sweets",
        "check_date": "2024-03-24"
      }
    },
    {
      "type": "Feature",
      "geometry": {
        "type": "Point",
        "coordinates": [
          7.4346816,
          52.2765799
        ]
      },
      "properties": {
        "id": 4237013297,
        "osm_type": "node",
        "vending": "food;drinks",
        "check_date": "2023-06-26"
      }
    },
    {
      "type": "Feature",
      "geometry": {
        "type": "Point",
        "coordinates": [
          7.4351242,
          52.2767082
        ]
      },
      "properties": {
        "id": 4237013318,
        "osm_type": "node",
        "vending": "food;drinks",
        "check_date": "2025-06-16"
      }
    },
    {
      "type": "Feature",
      "geometry": {
        "type": "Point",
        "coordinates": [
          7.1540495,
          50.688218
        ]
      },
      "properties": {
        "id": 4254270317,
        "osm_type": "node",
        "name": "Cube Kiosk in the Box",
        "opening_hours": "Mo-Su 06:00-24:00",
        "vending": "sweets;drinks;ice_cream;sushi;feminine_hygiene"
      }
    },
    {
      "type": "Feature",
      "geometry": {
        "type": "Point",
        "coordinates": [
          7.3645778,
          51.7856048
        ]
      },
      "properties": {
        "id": 4254534360,
        "osm_type": "node",
        "name": "Milchtankstelle Krückendorf",
        "opening_hours": "24/7",
        "vending": "milk"
      }
    },
    {
      "type": "Feature",
      "geometry": {
        "type": "Point",
        "coordinates": [
          7.460726,
          51.3625461
        ]
      },
      "properties": {
        "id": 4259466552,
        "osm_type": "node",
        "vending": "hot_drinks"
      }
    },
    {
      "type": "Feature",
      "geometry": {
        "type": "Point",
        "coordinates": [
          7.4603432,
          51.3625702
        ]
      },
      "properties": {
        "id": 4259466556,
        "osm_type": "node",
        "vending": "hot_drinks"
      }
    },
    {
      "type": "Feature",
      "geometry": {
        "type": "Point",
        "coordinates": [
          6.9906547,
          50.6445293
        ]
      },
      "properties": {
        "id": 4292119904,
        "osm_type": "node",
        "name": "Flerzheimer Milchbüdchen",
        "opening_hours": "24/7",
        "vending": "milk"
      }
    },
    {
      "type": "Feature",
      "geometry": {
        "type": "Point",
        "coordinates": [
          7.3412231,
          51.0983918
        ]
      },
      "properties": {
        "id": 4328352553,
        "osm_type": "node",
        "name": "Milchtankstelle",
        "vending": "milk",
        "operator": "Biohof Kürten"
      }
    },
    {
      "type": "Feature",
      "geometry": {
        "type": "Point",
        "coordinates": [
          6.5782264,
          51.4271014
        ]
      },
      "properties": {
        "id": 4352344033,
        "osm_type": "node",
        "name": "Milchtankstelle",
        "vending": "milk"
      }
    },
    {
      "type": "Feature",
      "geometry": {
        "type": "Point",
        "coordinates": [
          6.4581009,
          51.2608276
        ]
      },
      "properties": {
        "id": 4359296024,
        "osm_type": "node",
        "name": "Milchtankstelle Stauten",
        "opening_hours": "24/7",
        "vending": "milk",
        "check_date": "2022-07-31"
      }
    },
    {
      "type": "Feature",
      "geometry": {
        "type": "Point",
        "coordinates": [
          7.7911044,
          51.7063046
        ]
      },
      "properties": {
        "id": 4364467375,
        "osm_type": "node",
        "vending": "milk"
      }
    },
    {
      "type": "Feature",
      "geometry": {
        "type": "Point",
        "coordinates": [
          8.8690764,
          52.3233864
        ]
      },
      "properties": {
        "id": 4367508144,
        "osm_type": "node",
        "name": "Grillbox",
        "opening_hours": "24/7",
        "vending": "food"
      }
    },
    {
      "type": "Feature",
      "geometry": {
        "type": "Point",
        "coordinates": [
          7.5281967,
          51.9696287
        ]
      },
      "properties": {
        "id": 4370992200,
        "osm_type": "node",
        "name": "Familie Schedding Milchtankstelle",
        "opening_hours": "Mo-Su 08:00-22:00",
        "vending": "milk"
      }
    },
    {
      "type": "Feature",
      "geometry": {
        "type": "Point",
        "coordinates": [
          6.3393788,
          51.2298879
        ]
      },
      "properties": {
        "id": 4381980647,
        "osm_type": "node",
        "name": "Brocker's Milchautomat",
        "vending": "milk;food;eggs;ice_cream",
        "operator": "Familie Brocker",
        "check_date": "2025-08-17"
      }
    },
    {
      "type": "Feature",
      "geometry": {
        "type": "Point",
        "coordinates": [
          8.8780706,
          52.2980071
        ]
      },
      "properties": {
        "id": 4392322912,
        "osm_type": "node",
        "name": "24-Stunden-Eierverkauf",
        "opening_hours": "24/7",
        "vending": "food",
        "operator": "Beke-Bramkamp Essern KG",
        "check_date": "2024-11-02"
      }
    },
    {
      "type": "Feature",
      "geometry": {
        "type": "Point",
        "coordinates": [
          7.7431473,
          51.1756998
        ]
      },
      "properties": {
        "id": 4419883899,
        "osm_type": "node",
        "vending": "drinks"
      }
    },
    {
      "type": "Feature",
      "geometry": {
        "type": "Point",
        "coordinates": [
          6.5141289,
          51.382409
        ]
      },
      "properties": {
        "id": 4429094057,
        "osm_type": "node",
        "opening_hours": "24/7",
        "vending": "milk",
        "check_date": "2023-07-22"
      }
    },
    {
      "type": "Feature",
      "geometry": {
        "type": "Point",
        "coordinates": [
          8.758823,
          51.710322
        ]
      },
      "properties": {
        "id": 4436971226,
        "osm_type": "node",
        "vending": "beverages"
      }
    },
    {
      "type": "Feature",
      "geometry": {
        "type": "Point",
        "coordinates": [
          8.7588342,
          51.7103238
        ]
      },
      "properties": {
        "id": 4436971227,
        "osm_type": "node",
        "vending": "snacks"
      }
    },
    {
      "type": "Feature",
      "geometry": {
        "type": "Point",
        "coordinates": [
          8.7588566,
          51.7103274
        ]
      },
      "properties": {
        "id": 4436971229,
        "osm_type": "node",
        "vending": "coffee"
      }
    },
    {
      "type": "Feature",
      "geometry": {
        "type": "Point",
        "coordinates": [
          8.9280741,
          52.3173155
        ]
      },
      "properties": {
        "id": 4438925347,
        "osm_type": "node",
        "opening_hours": "24/7",
        "vending": "milk;honey;yogurt;ice",
        "operator": "Gottschalks Hof",
        "check_date": "2025-04-04"
      }
    },
    {
      "type": "Feature",
      "geometry": {
        "type": "Point",
        "coordinates": [
          7.2668902,
          51.4430364
        ]
      },
      "properties": {
        "id": 4441002539,
        "osm_type": "node",
        "vending": "sweets;drinks",
        "check_date": "2025-07-30"
      }
    },
    {
      "type": "Feature",
      "geometry": {
        "type": "Point",
        "coordinates": [
          7.2215805,
          51.2741775
        ]
      },
      "properties": {
        "id": 4447795849,
        "osm_type": "node",
        "vending": "drinks;food;sweets",
        "operator": "Geile Warenautomaten GmbH",
        "check_date": "2025-08-31"
      }
    },
    {
      "type": "Feature",
      "geometry": {
        "type": "Point",
        "coordinates": [
          8.9235922,
          52.3329671
        ]
      },
      "properties": {
        "id": 4452113453,
        "osm_type": "node",
        "name": "Riekelnhof Mosterei Saftautomat",
        "opening_hours": "24/7",
        "vending": "food",
        "operator": "Familie Schwier"
      }
    },
    {
      "type": "Feature",
      "geometry": {
        "type": "Point",
        "coordinates": [
          6.8924369,
          52.1284061
        ]
      },
      "properties": {
        "id": 4475652788,
        "osm_type": "node",
        "vending": "milk"
      }
    },
    {
      "type": "Feature",
      "geometry": {
        "type": "Point",
        "coordinates": [
          7.0963449,
          50.7323755
        ]
      },
      "properties": {
        "id": 4498525494,
        "osm_type": "node",
        "vending": "drinks;sweets",
        "brand": "Selecta",
        "operator": "selecta",
        "check_date": "2024-04-14"
      }
    },
    {
      "type": "Feature",
      "geometry": {
        "type": "Point",
        "coordinates": [
          7.222829,
          51.4792559
        ]
      },
      "properties": {
        "id": 4510767435,
        "osm_type": "node",
        "vending": "drinks;sweets",
        "brand": "Selecta",
        "operator": "Selecta",
        "check_date": "2024-05-02"
      }
    },
    {
      "type": "Feature",
      "geometry": {
        "type": "Point",
        "coordinates": [
          6.8061831,
          52.0493407
        ]
      },
      "properties": {
        "id": 4514419426,
        "osm_type": "node",
        "vending": "milk"
      }
    },
    {
      "type": "Feature",
      "geometry": {
        "type": "Point",
        "coordinates": [
          7.0708795,
          51.2450917
        ]
      },
      "properties": {
        "id": 4565497974,
        "osm_type": "node",
        "opening_hours": "24/7",
        "vending": "food",
        "operator": "Fleischwaren Kaißner",
        "check_date": "2025-05-25"
      }
    },
    {
      "type": "Feature",
      "geometry": {
        "type": "Point",
        "coordinates": [
          6.9581978,
          50.9437948
        ]
      },
      "properties": {
        "id": 4583460493,
        "osm_type": "node",
        "vending": "drinks;sweets",
        "brand": "Selecta",
        "operator": "selecta",
        "check_date": "2025-10-04"
      }
    },
    {
      "type": "Feature",
      "geometry": {
        "type": "Point",
        "coordinates": [
          6.9590044,
          50.9430146
        ]
      },
      "properties": {
        "id": 4583470220,
        "osm_type": "node",
        "vending": "drinks;sweets",
        "brand": "Selecta",
        "operator": "selecta",
        "check_date": "2025-10-13"
      }
    },
    {
      "type": "Feature",
      "geometry": {
        "type": "Point",
        "coordinates": [
          7.2303753,
          50.8704691
        ]
      },
      "properties": {
        "id": 4600265583,
        "osm_type": "node",
        "name": "Milchtankstelle",
        "vending": "milk",
        "operator": "Bauernhof Höck"
      }
    },
    {
      "type": "Feature",
      "geometry": {
        "type": "Point",
        "coordinates": [
          7.2452248,
          50.7045622
        ]
      },
      "properties": {
        "id": 4642151357,
        "osm_type": "node",
        "vending": "food",
        "check_date": "2024-08-18"
      }
    },
    {
      "type": "Feature",
      "geometry": {
        "type": "Point",
        "coordinates": [
          8.6909177,
          51.7359683
        ]
      },
      "properties": {
        "id": 4658196818,
        "osm_type": "node",
        "name": "Kartoffelhäuschen",
        "vending": "food",
        "operator": "Milchhof Werning"
      }
    },
    {
      "type": "Feature",
      "geometry": {
        "type": "Point",
        "coordinates": [
          7.0835769,
          51.2144731
        ]
      },
      "properties": {
        "id": 4659307372,
        "osm_type": "node",
        "name": "Regiomat",
        "opening_hours": "Mo-Su 06:00-22:00",
        "vending": "food",
        "brand": "Regiomat",
        "operator": "Bauernhof Meinsma"
      }
    },
    {
      "type": "Feature",
      "geometry": {
        "type": "Point",
        "coordinates": [
          7.0835473,
          51.2144633
        ]
      },
      "properties": {
        "id": 4659307374,
        "osm_type": "node",
        "opening_hours": "Mo-Su 06:00-22:00",
        "vending": "milk",
        "operator": "Bauernhof Meinsma"
      }
    },
    {
      "type": "Feature",
      "geometry": {
        "type": "Point",
        "coordinates": [
          7.1605858,
          50.9834633
        ]
      },
      "properties": {
        "id": 4666239084,
        "osm_type": "node",
        "opening_hours": "24/7",
        "vending": "food",
        "operator": "Gut Lerbach"
      }
    },
    {
      "type": "Feature",
      "geometry": {
        "type": "Point",
        "coordinates": [
          7.1605514,
          50.9834654
        ]
      },
      "properties": {
        "id": 4666239085,
        "osm_type": "node",
        "name": "Milchtankstelle Oberlerbach",
        "opening_hours": "24/7",
        "vending": "milk",
        "operator": "Gut Lerbach",
        "check_date": "2025-10-18"
      }
    },
    {
      "type": "Feature",
      "geometry": {
        "type": "Point",
        "coordinates": [
          7.1605245,
          50.9834676
        ]
      },
      "properties": {
        "id": 4666239086,
        "osm_type": "node",
        "opening_hours": "24/7",
        "vending": "food",
        "operator": "Gut Lerbach"
      }
    },
    {
      "type": "Feature",
      "geometry": {
        "type": "Point",
        "coordinates": [
          8.8625321,
          52.328556
        ]
      },
      "properties": {
        "id": 4689609760,
        "osm_type": "node",
        "name": "Eierbox",
        "vending": "food"
      }
    },
    {
      "type": "Feature",
      "geometry": {
        "type": "Point",
        "coordinates": [
          8.2275135,
          51.9775132
        ]
      },
      "properties": {
        "id": 4717130586,
        "osm_type": "node",
        "name": "Milchhütte",
        "vending": "milk",
        "operator": "Bioland-Hof Strotdrees",
        "check_date": "2023-03-18"
      }
    },
    {
      "type": "Feature",
      "geometry": {
        "type": "Point",
        "coordinates": [
          7.2646091,
          50.8250784
        ]
      },
      "properties": {
        "id": 4737536969,
        "osm_type": "node",
        "name": "Tante Vroni",
        "vending": "food"
      }
    },
    {
      "type": "Feature",
      "geometry": {
        "type": "Point",
        "coordinates": [
          8.663367,
          52.1195496
        ]
      },
      "properties": {
        "id": 4746542295,
        "osm_type": "node",
        "vending": "food;drinks",
        "check_date": "2025-07-18"
      }
    },
    {
      "type": "Feature",
      "geometry": {
        "type": "Point",
        "coordinates": [
          8.6633911,
          52.1195426
        ]
      },
      "properties": {
        "id": 4746542296,
        "osm_type": "node",
        "vending": "food;drinks",
        "check_date": "2025-07-18"
      }
    },
    {
      "type": "Feature",
      "geometry": {
        "type": "Point",
        "coordinates": [
          8.6635796,
          52.1194753
        ]
      },
      "properties": {
        "id": 4746542297,
        "osm_type": "node",
        "vending": "food;drinks",
        "check_date": "2025-07-18"
      }
    },
    {
      "type": "Feature",
      "geometry": {
        "type": "Point",
        "coordinates": [
          8.6636037,
          52.1194683
        ]
      },
      "properties": {
        "id": 4746542298,
        "osm_type": "node",
        "vending": "food;drinks",
        "check_date": "2025-07-18"
      }
    },
    {
      "type": "Feature",
      "geometry": {
        "type": "Point",
        "coordinates": [
          8.2845152,
          51.0577011
        ]
      },
      "properties": {
        "id": 4756991234,
        "osm_type": "node",
        "vending": "food",
        "check_date": "2025-11-17"
      }
    },
    {
      "type": "Feature",
      "geometry": {
        "type": "Point",
        "coordinates": [
          7.5508665,
          51.7020581
        ]
      },
      "properties": {
        "id": 4773283135,
        "osm_type": "node",
        "name": "Milchtankstelle Südkirchen",
        "opening_hours": "Mo-Su 06:00-22:30",
        "vending": "milk",
        "operator": "Bauernhofmolkerei Südkirchen"
      }
    },
    {
      "type": "Feature",
      "geometry": {
        "type": "Point",
        "coordinates": [
          6.4926678,
          51.3340505
        ]
      },
      "properties": {
        "id": 4786745444,
        "osm_type": "node",
        "name": "Milchtankstelle",
        "vending": "milk",
        "check_date": "2023-08-15"
      }
    },
    {
      "type": "Feature",
      "geometry": {
        "type": "Point",
        "coordinates": [
          8.9055827,
          52.2641023
        ]
      },
      "properties": {
        "id": 4792169642,
        "osm_type": "node",
        "name": "24-Stunden-Eierverkauf",
        "opening_hours": "24/7",
        "vending": "food",
        "operator": "Beke-Bramkamp Essern KG"
      }
    },
    {
      "type": "Feature",
      "geometry": {
        "type": "Point",
        "coordinates": [
          6.5236407,
          50.9483107
        ]
      },
      "properties": {
        "id": 4919104561,
        "osm_type": "node",
        "name": "Das Milchkännchen",
        "opening_hours": "24/7",
        "vending": "food",
        "operator": "Elisenhof, Habrich"
      }
    },
    {
      "type": "Feature",
      "geometry": {
        "type": "Point",
        "coordinates": [
          6.6730274,
          51.8775557
        ]
      },
      "properties": {
        "id": 4921079303,
        "osm_type": "node",
        "opening_hours": "Mo-Su 06:00-21:00",
        "vending": "milk"
      }
    },
    {
      "type": "Feature",
      "geometry": {
        "type": "Point",
        "coordinates": [
          7.4135254,
          51.3867821
        ]
      },
      "properties": {
        "id": 4928786411,
        "osm_type": "node",
        "name": "Regio-Box",
        "vending": "food",
        "operator": "Bauernhof Rüsing"
      }
    },
    {
      "type": "Feature",
      "geometry": {
        "type": "Point",
        "coordinates": [
          7.0126628,
          51.4508993
        ]
      },
      "properties": {
        "id": 4947674565,
        "osm_type": "node",
        "vending": "drinks;sweets",
        "check_date": "2021-11-08"
      }
    },
    {
      "type": "Feature",
      "geometry": {
        "type": "Point",
        "coordinates": [
          7.0126305,
          51.4508975
        ]
      },
      "properties": {
        "id": 4947674566,
        "osm_type": "node",
        "vending": "drinks;sweets",
        "check_date": "2021-11-08"
      }
    },
    {
      "type": "Feature",
      "geometry": {
        "type": "Point",
        "coordinates": [
          7.0126026,
          51.4508965
        ]
      },
      "properties": {
        "id": 4947674567,
        "osm_type": "node",
        "vending": "drinks;sweets",
        "check_date": "2021-11-08"
      }
    },
    {
      "type": "Feature",
      "geometry": {
        "type": "Point",
        "coordinates": [
          7.0129282,
          51.4516345
        ]
      },
      "properties": {
        "id": 4947691121,
        "osm_type": "node",
        "vending": "drinks;sweets",
        "operator": "Geile Warenautomaten",
        "check_date": "2023-04-16"
      }
    },
    {
      "type": "Feature",
      "geometry": {
        "type": "Point",
        "coordinates": [
          8.2814793,
          51.3497068
        ]
      },
      "properties": {
        "id": 4972456362,
        "osm_type": "node",
        "vending": "food",
        "check_date": "2025-03-10"
      }
    },
    {
      "type": "Feature",
      "geometry": {
        "type": "Point",
        "coordinates": [
          7.4600075,
          51.3624314
        ]
      },
      "properties": {
        "id": 4977150352,
        "osm_type": "node",
        "vending": "drinks",
        "operator": "Geile Warenautomaten GmbH",
        "check_date": "2026-02-26"
      }
    },
    {
      "type": "Feature",
      "geometry": {
        "type": "Point",
        "coordinates": [
          7.4600317,
          51.36243
        ]
      },
      "properties": {
        "id": 4977151007,
        "osm_type": "node",
        "vending": "food;sweets",
        "operator": "Geile Warenautomaten GmbH",
        "check_date": "2024-07-11"
      }
    },
    {
      "type": "Feature",
      "geometry": {
        "type": "Point",
        "coordinates": [
          6.9471488,
          50.6290565
        ]
      },
      "properties": {
        "id": 4985195926,
        "osm_type": "node",
        "vending": "drinks;sweets",
        "operator": "Geile Warenautomaten GmbH, Im Gartenkamp 110-112, 49492 Westerkappeln"
      }
    },
    {
      "type": "Feature",
      "geometry": {
        "type": "Point",
        "coordinates": [
          7.4567333,
          52.2962715
        ]
      },
      "properties": {
        "id": 5002927109,
        "osm_type": "node",
        "vending": "food",
        "operator": "Hof Werning - Fleischerei Beermann",
        "check_date": "2024-06-10"
      }
    },
    {
      "type": "Feature",
      "geometry": {
        "type": "Point",
        "coordinates": [
          6.7501277,
          51.7357126
        ]
      },
      "properties": {
        "id": 5005619025,
        "osm_type": "node",
        "opening_hours": "24/7",
        "vending": "milk",
        "operator": "Hülsmann-Tenhagen-Milch GbR."
      }
    },
    {
      "type": "Feature",
      "geometry": {
        "type": "Point",
        "coordinates": [
          7.0153915,
          51.4573752
        ]
      },
      "properties": {
        "id": 5019679797,
        "osm_type": "node",
        "vending": "drinks",
        "check_date": "2022-11-12"
      }
    },
    {
      "type": "Feature",
      "geometry": {
        "type": "Point",
        "coordinates": [
          8.6886318,
          51.8703478
        ]
      },
      "properties": {
        "id": 5024470654,
        "osm_type": "node",
        "vending": "food;drinks",
        "operator": "Fleischerei Austermeier"
      }
    },
    {
      "type": "Feature",
      "geometry": {
        "type": "Point",
        "coordinates": [
          7.1022839,
          51.5046262
        ]
      },
      "properties": {
        "id": 5039344980,
        "osm_type": "node",
        "vending": "drinks"
      }
    },
    {
      "type": "Feature",
      "geometry": {
        "type": "Point",
        "coordinates": [
          7.0134987,
          50.9576588
        ]
      },
      "properties": {
        "id": 5085970483,
        "osm_type": "node",
        "vending": "drinks",
        "check_date": "2024-04-18"
      }
    },
    {
      "type": "Feature",
      "geometry": {
        "type": "Point",
        "coordinates": [
          7.0134531,
          50.957666
        ]
      },
      "properties": {
        "id": 5085970485,
        "osm_type": "node",
        "vending": "drinks",
        "check_date": "2024-04-18"
      }
    },
    {
      "type": "Feature",
      "geometry": {
        "type": "Point",
        "coordinates": [
          8.9372683,
          51.7560082
        ]
      },
      "properties": {
        "id": 5111282905,
        "osm_type": "node",
        "opening_hours": "24/7",
        "vending": "milk",
        "operator": "Bierßenhof Driller"
      }
    },
    {
      "type": "Feature",
      "geometry": {
        "type": "Point",
        "coordinates": [
          8.9372903,
          51.7560097
        ]
      },
      "properties": {
        "id": 5120593150,
        "osm_type": "node",
        "opening_hours": "24/7",
        "vending": "food",
        "operator": "Bierßenhof Driller"
      }
    },
    {
      "type": "Feature",
      "geometry": {
        "type": "Point",
        "coordinates": [
          7.5594498,
          51.4422614
        ]
      },
      "properties": {
        "id": 5253803252,
        "osm_type": "node",
        "vending": "sweets;drinks",
        "check_date": "2025-04-07"
      }
    },
    {
      "type": "Feature",
      "geometry": {
        "type": "Point",
        "coordinates": [
          7.6104832,
          51.973851
        ]
      },
      "properties": {
        "id": 5263726405,
        "osm_type": "node",
        "opening_hours": "Mo-Sa 08:00-22:00; Su,PH off",
        "vending": "coffee",
        "operator": "Lidl Vertriebs-GmbH & Co. KG (Westerkappeln)",
        "check_date": "2024-08-25"
      }
    },
    {
      "type": "Feature",
      "geometry": {
        "type": "Point",
        "coordinates": [
          7.0973194,
          50.7316349
        ]
      },
      "properties": {
        "id": 5283073585,
        "osm_type": "node",
        "vending": "drinks;sweets",
        "brand": "Selecta",
        "operator": "selecta",
        "check_date": "2026-02-25"
      }
    },
    {
      "type": "Feature",
      "geometry": {
        "type": "Point",
        "coordinates": [
          6.9364049,
          51.6005855
        ]
      },
      "properties": {
        "id": 5286580892,
        "osm_type": "node",
        "name": "SB-Hofladen",
        "opening_hours": "24/7",
        "vending": "milk",
        "operator": "Hof Overgünne"
      }
    },
    {
      "type": "Feature",
      "geometry": {
        "type": "Point",
        "coordinates": [
          7.6873866,
          51.368344
        ]
      },
      "properties": {
        "id": 5304883056,
        "osm_type": "node",
        "vending": "coffee"
      }
    },
    {
      "type": "Feature",
      "geometry": {
        "type": "Point",
        "coordinates": [
          7.6873869,
          51.368352
        ]
      },
      "properties": {
        "id": 5304883057,
        "osm_type": "node",
        "vending": "drinks"
      }
    },
    {
      "type": "Feature",
      "geometry": {
        "type": "Point",
        "coordinates": [
          7.0853119,
          50.7267578
        ]
      },
      "properties": {
        "id": 5427818264,
        "osm_type": "node",
        "vending": "drinks",
        "check_date": "2023-10-16"
      }
    },
    {
      "type": "Feature",
      "geometry": {
        "type": "Point",
        "coordinates": [
          7.1278959,
          50.7379483
        ]
      },
      "properties": {
        "id": 5435075587,
        "osm_type": "node",
        "vending": "drinks;sweets",
        "check_date": "2025-03-15"
      }
    },
    {
      "type": "Feature",
      "geometry": {
        "type": "Point",
        "coordinates": [
          8.7519756,
          51.7159923
        ]
      },
      "properties": {
        "id": 5507155778,
        "osm_type": "node",
        "name": "20 FOUR 7",
        "opening_hours": "24/7",
        "vending": "food;sweets;meat;beverages;alcohol;cigarettes"
      }
    },
    {
      "type": "Feature",
      "geometry": {
        "type": "Point",
        "coordinates": [
          8.9007942,
          52.0373723
        ]
      },
      "properties": {
        "id": 5556008574,
        "osm_type": "node",
        "vending": "drinks",
        "operator": "Bredehorst Verpflegungssyszeme",
        "check_date": "2026-01-11"
      }
    },
    {
      "type": "Feature",
      "geometry": {
        "type": "Point",
        "coordinates": [
          8.8101472,
          52.0346583
        ]
      },
      "properties": {
        "id": 5578634212,
        "osm_type": "node",
        "name": "Hof Stock",
        "opening_hours": "Mo-Su 08:30-21:00",
        "vending": "food; eggs; drinks; ice cream; coffe; meat;",
        "operator": "Familie Stock",
        "check_date": "2023-07-30"
      }
    },
    {
      "type": "Feature",
      "geometry": {
        "type": "Point",
        "coordinates": [
          8.9926284,
          52.3969733
        ]
      },
      "properties": {
        "id": 5580789262,
        "osm_type": "node",
        "vending": "food",
        "operator": "Hedda's Hofladen",
        "check_date": "2023-10-08"
      }
    },
    {
      "type": "Feature",
      "geometry": {
        "type": "Point",
        "coordinates": [
          6.1406422,
          50.6967543
        ]
      },
      "properties": {
        "id": 5608926313,
        "osm_type": "node",
        "name": "24/7 Milchautomat",
        "vending": "milk",
        "operator": "Frank Radermacher",
        "check_date": "2026-03-05"
      }
    },
    {
      "type": "Feature",
      "geometry": {
        "type": "Point",
        "coordinates": [
          7.1492479,
          51.4335889
        ]
      },
      "properties": {
        "id": 5637666791,
        "osm_type": "node",
        "vending": "food;eggs"
      }
    },
    {
      "type": "Feature",
      "geometry": {
        "type": "Point",
        "coordinates": [
          6.3750335,
          51.1626921
        ]
      },
      "properties": {
        "id": 5638001165,
        "osm_type": "node",
        "vending": "food",
        "operator": "Syderhof",
        "check_date": "2025-05-11"
      }
    },
    {
      "type": "Feature",
      "geometry": {
        "type": "Point",
        "coordinates": [
          7.2580308,
          50.9364853
        ]
      },
      "properties": {
        "id": 5638075763,
        "osm_type": "node",
        "name": "Milchtankstelle",
        "opening_hours": "24/7",
        "vending": "milk",
        "operator": "Lukas",
        "check_date": "2022-06-22"
      }
    },
    {
      "type": "Feature",
      "geometry": {
        "type": "Point",
        "coordinates": [
          8.097969,
          51.096038
        ]
      },
      "properties": {
        "id": 5649716342,
        "osm_type": "node",
        "vending": "food;milk",
        "operator": "Hof Gerwin"
      }
    },
    {
      "type": "Feature",
      "geometry": {
        "type": "Point",
        "coordinates": [
          6.2418187,
          51.0949345
        ]
      },
      "properties": {
        "id": 5649757895,
        "osm_type": "node",
        "vending": "food",
        "check_date": "2025-05-01"
      }
    },
    {
      "type": "Feature",
      "geometry": {
        "type": "Point",
        "coordinates": [
          7.2308994,
          51.4324366
        ]
      },
      "properties": {
        "id": 5652245304,
        "osm_type": "node",
        "name": "Hof Schulte-Schüren",
        "opening_hours": "24/7",
        "vending": "food;milk;drinks;ice_cream",
        "operator": "Hof Schulte-Schüren"
      }
    },
    {
      "type": "Feature",
      "geometry": {
        "type": "Point",
        "coordinates": [
          7.2414237,
          51.4401541
        ]
      },
      "properties": {
        "id": 5652246476,
        "osm_type": "node",
        "name": "Stiepeler Freilandeier",
        "opening_hours": "24/7",
        "vending": "food",
        "operator": "Stüwer",
        "check_date": "2025-04-20"
      }
    },
    {
      "type": "Feature",
      "geometry": {
        "type": "Point",
        "coordinates": [
          8.8088219,
          52.2405771
        ]
      },
      "properties": {
        "id": 5670604774,
        "osm_type": "node",
        "vending": "drinks"
      }
    },
    {
      "type": "Feature",
      "geometry": {
        "type": "Point",
        "coordinates": [
          6.9330836,
          50.9424764
        ]
      },
      "properties": {
        "id": 5676410783,
        "osm_type": "node",
        "vending": "drinks;sweets",
        "brand": "Selecta",
        "operator": "Selecta",
        "check_date": "2024-03-29"
      }
    },
    {
      "type": "Feature",
      "geometry": {
        "type": "Point",
        "coordinates": [
          6.9916021,
          51.5823174
        ]
      },
      "properties": {
        "id": 5693391261,
        "osm_type": "node",
        "opening_hours": "24/7",
        "vending": "milk",
        "operator": "Hof Overgünne"
      }
    },
    {
      "type": "Feature",
      "geometry": {
        "type": "Point",
        "coordinates": [
          6.9915688,
          51.5823247
        ]
      },
      "properties": {
        "id": 5693391262,
        "osm_type": "node",
        "opening_hours": "24/7",
        "vending": "food;drinks",
        "operator": "Hof Overgünne"
      }
    },
    {
      "type": "Feature",
      "geometry": {
        "type": "Point",
        "coordinates": [
          6.9915808,
          51.5823452
        ]
      },
      "properties": {
        "id": 5693391263,
        "osm_type": "node",
        "opening_hours": "24/7",
        "vending": "food;bread",
        "operator": "Hof Overgünne"
      }
    },
    {
      "type": "Feature",
      "geometry": {
        "type": "Point",
        "coordinates": [
          6.9518065,
          51.5700017
        ]
      },
      "properties": {
        "id": 5693438347,
        "osm_type": "node",
        "opening_hours": "Mo-Su 06:00-22:00",
        "vending": "milk",
        "operator": "Hof Im Winkel",
        "check_date": "2025-04-18"
      }
    },
    {
      "type": "Feature",
      "geometry": {
        "type": "Point",
        "coordinates": [
          6.9517868,
          51.570021
        ]
      },
      "properties": {
        "id": 5693438348,
        "osm_type": "node",
        "opening_hours": "24/7",
        "vending": "food",
        "operator": "Hof Im Winkel",
        "check_date": "2025-04-18"
      }
    },
    {
      "type": "Feature",
      "geometry": {
        "type": "Point",
        "coordinates": [
          7.3938378,
          51.7080685
        ]
      },
      "properties": {
        "id": 5693444354,
        "osm_type": "node",
        "opening_hours": "24/7",
        "vending": "food",
        "operator": "Hof Närmann"
      }
    },
    {
      "type": "Feature",
      "geometry": {
        "type": "Point",
        "coordinates": [
          6.5518898,
          51.8612379
        ]
      },
      "properties": {
        "id": 5728570189,
        "osm_type": "node",
        "vending": "food;barbecue_meat;Grillfleisch",
        "operator": "Kioske GmbH"
      }
    },
    {
      "type": "Feature",
      "geometry": {
        "type": "Point",
        "coordinates": [
          6.7946887,
          51.2198342
        ]
      },
      "properties": {
        "id": 5731155333,
        "osm_type": "node",
        "vending": "drinks;sweets",
        "operator": "Geile Warenautomaten",
        "check_date": "2024-09-25"
      }
    },
    {
      "type": "Feature",
      "geometry": {
        "type": "Point",
        "coordinates": [
          6.7944713,
          51.219941
        ]
      },
      "properties": {
        "id": 5731155334,
        "osm_type": "node",
        "vending": "drinks;sweets",
        "check_date": "2024-09-25"
      }
    },
    {
      "type": "Feature",
      "geometry": {
        "type": "Point",
        "coordinates": [
          6.7938647,
          51.2191702
        ]
      },
      "properties": {
        "id": 5731155335,
        "osm_type": "node",
        "vending": "chewing_gums;drinks;sweets",
        "operator": "Geile Warenautomaten GmbH"
      }
    },
    {
      "type": "Feature",
      "geometry": {
        "type": "Point",
        "coordinates": [
          6.7938787,
          51.2191965
        ]
      },
      "properties": {
        "id": 5731155336,
        "osm_type": "node",
        "vending": "drinks",
        "operator": "Geile Warenautomaten GmbH",
        "check_date": "2024-03-18"
      }
    },
    {
      "type": "Feature",
      "geometry": {
        "type": "Point",
        "coordinates": [
          6.7936615,
          51.2193091
        ]
      },
      "properties": {
        "id": 5731155337,
        "osm_type": "node",
        "vending": "drinks",
        "operator": "Geile Warenautomaten"
      }
    },
    {
      "type": "Feature",
      "geometry": {
        "type": "Point",
        "coordinates": [
          8.8947986,
          52.0224687
        ]
      },
      "properties": {
        "id": 5741455545,
        "osm_type": "node",
        "vending": "drinks",
        "operator": "Geile Warenautomaten",
        "check_date": "2025-05-31"
      }
    },
    {
      "type": "Feature",
      "geometry": {
        "type": "Point",
        "coordinates": [
          7.2438841,
          51.4286146
        ]
      },
      "properties": {
        "id": 5826880948,
        "osm_type": "node",
        "name": "Hof Schulte-Schüren",
        "opening_hours": "24/7",
        "vending": "food"
      }
    },
    {
      "type": "Feature",
      "geometry": {
        "type": "Point",
        "coordinates": [
          6.15776,
          50.8185513
        ]
      },
      "properties": {
        "id": 5839468093,
        "osm_type": "node",
        "name": "Milchtankstelle Schümmer",
        "vending": "milk",
        "operator": "Karl-Heinz Schümmer",
        "check_date": "2024-02-22"
      }
    },
    {
      "type": "Feature",
      "geometry": {
        "type": "Point",
        "coordinates": [
          7.2227631,
          51.4851797
        ]
      },
      "properties": {
        "id": 5859466891,
        "osm_type": "node",
        "vending": "drinks;sweets",
        "operator": "Augusta-Kranken-Anstalt-Bochum-Mitte"
      }
    },
    {
      "type": "Feature",
      "geometry": {
        "type": "Point",
        "coordinates": [
          8.0284334,
          50.8877393
        ]
      },
      "properties": {
        "id": 5865884962,
        "osm_type": "node",
        "opening_hours": "Mo-Sa 07:00-21:30; PH off",
        "vending": "coffee",
        "operator": "Kaufland",
        "check_date": "2023-03-24"
      }
    },
    {
      "type": "Feature",
      "geometry": {
        "type": "Point",
        "coordinates": [
          7.1576587,
          51.6066679
        ]
      },
      "properties": {
        "id": 5882286141,
        "osm_type": "node",
        "opening_hours": "Mo-Su 07:00-21:00",
        "vending": "milk"
      }
    },
    {
      "type": "Feature",
      "geometry": {
        "type": "Point",
        "coordinates": [
          7.1578778,
          51.6080553
        ]
      },
      "properties": {
        "id": 5882297315,
        "osm_type": "node",
        "opening_hours": "Mo-Su 09:00-20:00",
        "vending": "drinks"
      }
    },
    {
      "type": "Feature",
      "geometry": {
        "type": "Point",
        "coordinates": [
          7.6304456,
          51.9638805
        ]
      },
      "properties": {
        "id": 5911057495,
        "osm_type": "node",
        "vending": "drinks",
        "check_date": "2024-12-28"
      }
    },
    {
      "type": "Feature",
      "geometry": {
        "type": "Point",
        "coordinates": [
          7.6362922,
          51.9565402
        ]
      },
      "properties": {
        "id": 5994322331,
        "osm_type": "node",
        "vending": "drinks;sweets",
        "check_date": "2025-11-20"
      }
    },
    {
      "type": "Feature",
      "geometry": {
        "type": "Point",
        "coordinates": [
          7.6356572,
          51.9566078
        ]
      },
      "properties": {
        "id": 5994322343,
        "osm_type": "node",
        "vending": "sweets;coffee",
        "check_date": "2024-02-22"
      }
    },
    {
      "type": "Feature",
      "geometry": {
        "type": "Point",
        "coordinates": [
          7.6356392,
          51.9566095
        ]
      },
      "properties": {
        "id": 5994322344,
        "osm_type": "node",
        "vending": "drinks",
        "check_date": "2025-11-20"
      }
    },
    {
      "type": "Feature",
      "geometry": {
        "type": "Point",
        "coordinates": [
          7.6349058,
          51.9573065
        ]
      },
      "properties": {
        "id": 5994322345,
        "osm_type": "node",
        "vending": "drinks",
        "check_date": "2025-12-13"
      }
    },
    {
      "type": "Feature",
      "geometry": {
        "type": "Point",
        "coordinates": [
          7.6349519,
          51.9570026
        ]
      },
      "properties": {
        "id": 5994322346,
        "osm_type": "node",
        "vending": "sweets;drinks",
        "check_date": "2025-12-13"
      }
    },
    {
      "type": "Feature",
      "geometry": {
        "type": "Point",
        "coordinates": [
          7.6349501,
          51.9569933
        ]
      },
      "properties": {
        "id": 5994322347,
        "osm_type": "node",
        "vending": "sweets;coffee",
        "check_date": "2025-12-13"
      }
    },
    {
      "type": "Feature",
      "geometry": {
        "type": "Point",
        "coordinates": [
          7.6352538,
          51.956564
        ]
      },
      "properties": {
        "id": 5994322348,
        "osm_type": "node",
        "vending": "coffee;sweets",
        "check_date": "2024-02-22"
      }
    },
    {
      "type": "Feature",
      "geometry": {
        "type": "Point",
        "coordinates": [
          7.5152184,
          51.3149098
        ]
      },
      "properties": {
        "id": 6003705988,
        "osm_type": "node",
        "vending": "coffee"
      }
    },
    {
      "type": "Feature",
      "geometry": {
        "type": "Point",
        "coordinates": [
          7.5151992,
          51.3148889
        ]
      },
      "properties": {
        "id": 6003705989,
        "osm_type": "node",
        "vending": "drinks;food;sweets"
      }
    },
    {
      "type": "Feature",
      "geometry": {
        "type": "Point",
        "coordinates": [
          7.0438738,
          51.4271235
        ]
      },
      "properties": {
        "id": 6005493536,
        "osm_type": "node",
        "vending": "drinks",
        "operator": "Lidl",
        "check_date": "2025-09-06"
      }
    },
    {
      "type": "Feature",
      "geometry": {
        "type": "Point",
        "coordinates": [
          8.6331563,
          51.4621088
        ]
      },
      "properties": {
        "id": 6048242046,
        "osm_type": "node",
        "vending": "milk;food;coffee;eggs"
      }
    },
    {
      "type": "Feature",
      "geometry": {
        "type": "Point",
        "coordinates": [
          6.9330785,
          50.9424698
        ]
      },
      "properties": {
        "id": 6103194499,
        "osm_type": "node",
        "vending": "drinks;sweets",
        "brand": "Selecta",
        "operator": "Selecta",
        "check_date": "2024-03-29"
      }
    },
    {
      "type": "Feature",
      "geometry": {
        "type": "Point",
        "coordinates": [
          6.2052295,
          51.2985834
        ]
      },
      "properties": {
        "id": 6160030039,
        "osm_type": "node",
        "name": "Pötterhof Farmoutlet-Automatenshop",
        "opening_hours": "08:00-20:00",
        "vending": "food",
        "operator": "Willi Steffens"
      }
    },
    {
      "type": "Feature",
      "geometry": {
        "type": "Point",
        "coordinates": [
          7.6028876,
          51.9664211
        ]
      },
      "properties": {
        "id": 6234608111,
        "osm_type": "node",
        "vending": "drinks",
        "check_date": "2024-05-13"
      }
    },
    {
      "type": "Feature",
      "geometry": {
        "type": "Point",
        "coordinates": [
          6.9524892,
          50.9492592
        ]
      },
      "properties": {
        "id": 6258710109,
        "osm_type": "node",
        "vending": "drinks;sweets",
        "brand": "Selecta",
        "operator": "selecta"
      }
    },
    {
      "type": "Feature",
      "geometry": {
        "type": "Point",
        "coordinates": [
          6.9416327,
          50.9585173
        ]
      },
      "properties": {
        "id": 6268601112,
        "osm_type": "node",
        "vending": "sweets;drinks",
        "brand": "Selecta",
        "operator": "selecta",
        "check_date": "2025-05-02"
      }
    },
    {
      "type": "Feature",
      "geometry": {
        "type": "Point",
        "coordinates": [
          7.4700622,
          51.3577504
        ]
      },
      "properties": {
        "id": 6315997284,
        "osm_type": "node",
        "name": "Hype",
        "vending": "drinks;sweets"
      }
    },
    {
      "type": "Feature",
      "geometry": {
        "type": "Point",
        "coordinates": [
          7.2162457,
          51.0200323
        ]
      },
      "properties": {
        "id": 6347246858,
        "osm_type": "node",
        "vending": "meat;drinks;eggs;food",
        "operator": "Grimberghof"
      }
    },
    {
      "type": "Feature",
      "geometry": {
        "type": "Point",
        "coordinates": [
          6.6729521,
          51.1903874
        ]
      },
      "properties": {
        "id": 6350032454,
        "osm_type": "node",
        "vending": "food;drinks;coffee",
        "check_date": "2023-10-21"
      }
    },
    {
      "type": "Feature",
      "geometry": {
        "type": "Point",
        "coordinates": [
          6.6729194,
          51.1904311
        ]
      },
      "properties": {
        "id": 6350032455,
        "osm_type": "node",
        "vending": "drinks",
        "check_date": "2023-10-21"
      }
    },
    {
      "type": "Feature",
      "geometry": {
        "type": "Point",
        "coordinates": [
          6.6730675,
          51.1904612
        ]
      },
      "properties": {
        "id": 6350032456,
        "osm_type": "node",
        "vending": "food;milk;sweets",
        "check_date": "2023-10-21"
      }
    },
    {
      "type": "Feature",
      "geometry": {
        "type": "Point",
        "coordinates": [
          7.0755767,
          51.4505987
        ]
      },
      "properties": {
        "id": 6396754461,
        "osm_type": "node",
        "vending": "drinks;sweets",
        "operator": "Geile Warenautomaten GmbH",
        "check_date": "2025-07-26"
      }
    },
    {
      "type": "Feature",
      "geometry": {
        "type": "Point",
        "coordinates": [
          7.0716052,
          51.2343365
        ]
      },
      "properties": {
        "id": 6443524762,
        "osm_type": "node",
        "vending": "drinks;sweets",
        "operator": "Geile Warenautomaten GmbH",
        "check_date": "2025-08-11"
      }
    },
    {
      "type": "Feature",
      "geometry": {
        "type": "Point",
        "coordinates": [
          7.0716076,
          51.23433
        ]
      },
      "properties": {
        "id": 6443524763,
        "osm_type": "node",
        "vending": "drinks;sweets",
        "operator": "Geile Warenautomaten GmbH",
        "check_date": "2024-04-13"
      }
    },
    {
      "type": "Feature",
      "geometry": {
        "type": "Point",
        "coordinates": [
          7.560005,
          51.9987099
        ]
      },
      "properties": {
        "id": 6461593976,
        "osm_type": "node",
        "vending": "food",
        "operator": "Feinkostfleischerei Hidding"
      }
    },
    {
      "type": "Feature",
      "geometry": {
        "type": "Point",
        "coordinates": [
          7.3473791,
          50.7693073
        ]
      },
      "properties": {
        "id": 6514896091,
        "osm_type": "node",
        "name": "Milchtankstelle",
        "opening_hours": "24/7",
        "vending": "milk",
        "operator": "Helmut Becker & Sohn Gbr"
      }
    },
    {
      "type": "Feature",
      "geometry": {
        "type": "Point",
        "coordinates": [
          8.5537416,
          52.0166733
        ]
      },
      "properties": {
        "id": 6540824725,
        "osm_type": "node",
        "vending": "food",
        "operator": "Fleischerei und Catering Hebestadt"
      }
    },
    {
      "type": "Feature",
      "geometry": {
        "type": "Point",
        "coordinates": [
          7.4421658,
          52.3027373
        ]
      },
      "properties": {
        "id": 6562154349,
        "osm_type": "node",
        "vending": "food",
        "operator": "Fleischmarkt Geiger",
        "check_date": "2021-06-30"
      }
    },
    {
      "type": "Feature",
      "geometry": {
        "type": "Point",
        "coordinates": [
          6.4249762,
          51.236633
        ]
      },
      "properties": {
        "id": 6614896407,
        "osm_type": "node",
        "name": "Regiomat Backes",
        "opening_hours": "24/7",
        "vending": "food"
      }
    },
    {
      "type": "Feature",
      "geometry": {
        "type": "Point",
        "coordinates": [
          7.0618114,
          51.6520369
        ]
      },
      "properties": {
        "id": 6699817446,
        "osm_type": "node",
        "opening_hours": "24/7",
        "vending": "food",
        "operator": "Hof Overgünne",
        "check_date": "2025-07-23"
      }
    },
    {
      "type": "Feature",
      "geometry": {
        "type": "Point",
        "coordinates": [
          6.2754631,
          51.1397752
        ]
      },
      "properties": {
        "id": 6738649461,
        "osm_type": "node",
        "name": "Automatenkiosk",
        "opening_hours": "24/7",
        "vending": "food;drinks;coffee"
      }
    },
    {
      "type": "Feature",
      "geometry": {
        "type": "Point",
        "coordinates": [
          6.1866418,
          50.6448214
        ]
      },
      "properties": {
        "id": 6755729778,
        "osm_type": "node",
        "name": "Biomilch",
        "vending": "milk",
        "check_date": "2025-12-12"
      }
    },
    {
      "type": "Feature",
      "geometry": {
        "type": "Point",
        "coordinates": [
          7.6363094,
          51.9573692
        ]
      },
      "properties": {
        "id": 6767715000,
        "osm_type": "node",
        "vending": "drinks;sweets",
        "check_date": "2024-08-04"
      }
    },
    {
      "type": "Feature",
      "geometry": {
        "type": "Point",
        "coordinates": [
          6.9575536,
          50.9433973
        ]
      },
      "properties": {
        "id": 6813040683,
        "osm_type": "node",
        "vending": "drinks;sweets",
        "operator": "Geile Warenautomaten",
        "check_date": "2025-10-11"
      }
    },
    {
      "type": "Feature",
      "geometry": {
        "type": "Point",
        "coordinates": [
          6.958,
          50.9431058
        ]
      },
      "properties": {
        "id": 6813040684,
        "osm_type": "node",
        "vending": "drinks;sweets",
        "brand": "Selecta",
        "operator": "Selecta"
      }
    },
    {
      "type": "Feature",
      "geometry": {
        "type": "Point",
        "coordinates": [
          6.9580099,
          50.9429505
        ]
      },
      "properties": {
        "id": 6813066685,
        "osm_type": "node",
        "vending": "drinks;sweets",
        "brand": "Selecta",
        "operator": "Selecta",
        "check_date": "2024-04-15"
      }
    },
    {
      "type": "Feature",
      "geometry": {
        "type": "Point",
        "coordinates": [
          6.9579995,
          50.9429468
        ]
      },
      "properties": {
        "id": 6813066686,
        "osm_type": "node",
        "vending": "drinks;sweets",
        "brand": "Selecta",
        "operator": "Selecta"
      }
    },
    {
      "type": "Feature",
      "geometry": {
        "type": "Point",
        "coordinates": [
          7.1370616,
          50.6721965
        ]
      },
      "properties": {
        "id": 6854373248,
        "osm_type": "node",
        "opening_hours": "Mo-Su 08:00-20:00",
        "vending": "milk;food",
        "operator": "Gut Marienforst",
        "check_date": "2025-11-07"
      }
    },
    {
      "type": "Feature",
      "geometry": {
        "type": "Point",
        "coordinates": [
          6.6270279,
          51.6560475
        ]
      },
      "properties": {
        "id": 6868217007,
        "osm_type": "node",
        "vending": "chewing_gums;drinks;food;sweets",
        "operator": "Geile Warenautomaten GmbH",
        "check_date": "2025-10-14"
      }
    },
    {
      "type": "Feature",
      "geometry": {
        "type": "Point",
        "coordinates": [
          6.7377741,
          51.5671642
        ]
      },
      "properties": {
        "id": 6910489689,
        "osm_type": "node",
        "vending": "chewing_gums;drinks;food;sweets",
        "operator": "Geile Warenautomaten GmbH",
        "check_date": "2024-08-11"
      }
    },
    {
      "type": "Feature",
      "geometry": {
        "type": "Point",
        "coordinates": [
          6.2978112,
          51.0834443
        ]
      },
      "properties": {
        "id": 6969690841,
        "osm_type": "node",
        "vending": "ice_cream",
        "operator": "Eiscafé Dolomiti"
      }
    },
    {
      "type": "Feature",
      "geometry": {
        "type": "Point",
        "coordinates": [
          7.6112935,
          52.1781211
        ]
      },
      "properties": {
        "id": 7083033849,
        "osm_type": "node",
        "name": "Regiobox Linderskamp's Hof",
        "vending": "drinks;food;eggs;fruits;meat;potatoes;sausages;milk;ice_cream;noodles",
        "operator": "Peter Linderskamp"
      }
    },
    {
      "type": "Feature",
      "geometry": {
        "type": "Point",
        "coordinates": [
          7.0858075,
          51.3914641
        ]
      },
      "properties": {
        "id": 7104310115,
        "osm_type": "node",
        "opening_hours": "24/7",
        "vending": "coffee"
      }
    },
    {
      "type": "Feature",
      "geometry": {
        "type": "Point",
        "coordinates": [
          7.0857906,
          51.3914614
        ]
      },
      "properties": {
        "id": 7104310116,
        "osm_type": "node",
        "opening_hours": "24/7",
        "vending": "drinks"
      }
    },
    {
      "type": "Feature",
      "geometry": {
        "type": "Point",
        "coordinates": [
          9.0465036,
          51.5260575
        ]
      },
      "properties": {
        "id": 7108032390,
        "osm_type": "node",
        "name": "Gutes vom Land",
        "vending": "food",
        "operator": "Der Hausmetzger",
        "check_date": "2024-03-16"
      }
    },
    {
      "type": "Feature",
      "geometry": {
        "type": "Point",
        "coordinates": [
          9.2219342,
          51.5130082
        ]
      },
      "properties": {
        "id": 7108032394,
        "osm_type": "node",
        "name": "Gutes vom Land",
        "vending": "food",
        "operator": "Der Hausmetzger"
      }
    },
    {
      "type": "Feature",
      "geometry": {
        "type": "Point",
        "coordinates": [
          7.0963589,
          50.7319082
        ]
      },
      "properties": {
        "id": 7137217622,
        "osm_type": "node",
        "vending": "drinks;sweets",
        "brand": "Selecta",
        "operator": "selecta",
        "check_date": "2024-10-28"
      }
    },
    {
      "type": "Feature",
      "geometry": {
        "type": "Point",
        "coordinates": [
          7.0973379,
          50.7316292
        ]
      },
      "properties": {
        "id": 7137217623,
        "osm_type": "node",
        "vending": "drinks;sweets",
        "brand": "Selecta",
        "operator": "selecta",
        "check_date": "2024-02-02"
      }
    },
    {
      "type": "Feature",
      "geometry": {
        "type": "Point",
        "coordinates": [
          7.0963483,
          50.7319115
        ]
      },
      "properties": {
        "id": 7137217626,
        "osm_type": "node",
        "vending": "drinks;sweets",
        "brand": "Selecta",
        "operator": "selecta",
        "check_date": "2024-10-28"
      }
    },
    {
      "type": "Feature",
      "geometry": {
        "type": "Point",
        "coordinates": [
          7.0965279,
          50.7320369
        ]
      },
      "properties": {
        "id": 7150540307,
        "osm_type": "node",
        "vending": "drinks;sweets",
        "brand": "Selecta",
        "operator": "selecta",
        "check_date": "2024-12-11"
      }
    },
    {
      "type": "Feature",
      "geometry": {
        "type": "Point",
        "coordinates": [
          7.0965118,
          50.732043
        ]
      },
      "properties": {
        "id": 7150540308,
        "osm_type": "node",
        "vending": "drinks;sweets",
        "brand": "Selecta",
        "operator": "selecta",
        "check_date": "2024-12-11"
      }
    },
    {
      "type": "Feature",
      "geometry": {
        "type": "Point",
        "coordinates": [
          6.6174022,
          51.8383924
        ]
      },
      "properties": {
        "id": 7189038862,
        "osm_type": "node",
        "name": "Kioske",
        "vending": "food;drinks;milk"
      }
    },
    {
      "type": "Feature",
      "geometry": {
        "type": "Point",
        "coordinates": [
          6.7131832,
          51.1474109
        ]
      },
      "properties": {
        "id": 7214959899,
        "osm_type": "node",
        "name": "Regio-Box",
        "opening_hours": "24/7",
        "vending": "food",
        "operator": "Dammer Hof"
      }
    },
    {
      "type": "Feature",
      "geometry": {
        "type": "Point",
        "coordinates": [
          7.0962277,
          50.7317632
        ]
      },
      "properties": {
        "id": 7245626890,
        "osm_type": "node",
        "vending": "drinks;sweets",
        "brand": "Selecta",
        "operator": "selecta",
        "check_date": "2024-02-15"
      }
    },
    {
      "type": "Feature",
      "geometry": {
        "type": "Point",
        "coordinates": [
          7.3496062,
          51.722883
        ]
      },
      "properties": {
        "id": 7309405143,
        "osm_type": "node",
        "name": "Kökelsumer Milchtankstelle",
        "opening_hours": "24/7",
        "vending": "milk"
      }
    },
    {
      "type": "Feature",
      "geometry": {
        "type": "Point",
        "coordinates": [
          7.0790908,
          51.0758362
        ]
      },
      "properties": {
        "id": 7366840113,
        "osm_type": "node",
        "name": "Biomilch vom Sieferhof",
        "opening_hours": "24/7",
        "vending": "milk;honey;eggs"
      }
    },
    {
      "type": "Feature",
      "geometry": {
        "type": "Point",
        "coordinates": [
          7.5211124,
          51.6142116
        ]
      },
      "properties": {
        "id": 7403209402,
        "osm_type": "node",
        "vending": "drinks;sweets",
        "check_date": "2022-07-06"
      }
    },
    {
      "type": "Feature",
      "geometry": {
        "type": "Point",
        "coordinates": [
          6.4447616,
          51.3242112
        ]
      },
      "properties": {
        "id": 7419872517,
        "osm_type": "node",
        "name": "Apfelparadies Tönisvorst",
        "opening_hours": "Mo-Fr 08:00-22:00; Sa,Su 09:00-22:00",
        "vending": "food"
      }
    },
    {
      "type": "Feature",
      "geometry": {
        "type": "Point",
        "coordinates": [
          6.4696885,
          51.2191187
        ]
      },
      "properties": {
        "id": 7428770664,
        "osm_type": "node",
        "opening_hours": "24/7",
        "vending": "food",
        "operator": "Fleischerei Hoster"
      }
    },
    {
      "type": "Feature",
      "geometry": {
        "type": "Point",
        "coordinates": [
          6.4297861,
          50.960193
        ]
      },
      "properties": {
        "id": 7470518586,
        "osm_type": "node",
        "vending": "food;potatos;eggs",
        "check_date": "2025-05-10"
      }
    },
    {
      "type": "Feature",
      "geometry": {
        "type": "Point",
        "coordinates": [
          6.4181373,
          51.3120518
        ]
      },
      "properties": {
        "id": 7511622006,
        "osm_type": "node",
        "name": "Haus Neersdonk",
        "opening_hours": "24/7",
        "vending": "food",
        "check_date": "2023-06-17"
      }
    },
    {
      "type": "Feature",
      "geometry": {
        "type": "Point",
        "coordinates": [
          8.6879875,
          51.7510811
        ]
      },
      "properties": {
        "id": 7520916005,
        "osm_type": "node",
        "name": "Regiomat",
        "vending": "food",
        "operator": "Milchhof Werning"
      }
    },
    {
      "type": "Feature",
      "geometry": {
        "type": "Point",
        "coordinates": [
          7.3607299,
          50.7816405
        ]
      },
      "properties": {
        "id": 7555891233,
        "osm_type": "node",
        "name": "Imker Mario Jüde",
        "vending": "food;honey",
        "operator": "Mario Jüde"
      }
    },
    {
      "type": "Feature",
      "geometry": {
        "type": "Point",
        "coordinates": [
          7.2963019,
          50.8460939
        ]
      },
      "properties": {
        "id": 7562515730,
        "osm_type": "node",
        "vending": "milk",
        "brand": "Bioland",
        "operator": "Bockenbusch"
      }
    },
    {
      "type": "Feature",
      "geometry": {
        "type": "Point",
        "coordinates": [
          6.6835033,
          51.1224725
        ]
      },
      "properties": {
        "id": 7573511933,
        "osm_type": "node",
        "opening_hours": "24/7",
        "vending": "food",
        "operator": "Metzgerei Rütten",
        "check_date": "2024-04-28"
      }
    },
    {
      "type": "Feature",
      "geometry": {
        "type": "Point",
        "coordinates": [
          7.246844,
          51.4519819
        ]
      },
      "properties": {
        "id": 7611697688,
        "osm_type": "node",
        "vending": "sweets;drinks",
        "check_date": "2025-01-23"
      }
    },
    {
      "type": "Feature",
      "geometry": {
        "type": "Point",
        "coordinates": [
          6.7618038,
          51.4345248
        ]
      },
      "properties": {
        "id": 7623332278,
        "osm_type": "node",
        "vending": "sweets;drinks",
        "operator": "selecta"
      }
    },
    {
      "type": "Feature",
      "geometry": {
        "type": "Point",
        "coordinates": [
          6.5266204,
          50.9476576
        ]
      },
      "properties": {
        "id": 7626885223,
        "osm_type": "node",
        "name": "Wächterhäuschen",
        "vending": "food",
        "operator": "Eselhof"
      }
    },
    {
      "type": "Feature",
      "geometry": {
        "type": "Point",
        "coordinates": [
          6.5789917,
          50.9284318
        ]
      },
      "properties": {
        "id": 7626914681,
        "osm_type": "node",
        "name": "Kartoffelschrank",
        "vending": "food",
        "operator": "Familie Schüller"
      }
    },
    {
      "type": "Feature",
      "geometry": {
        "type": "Point",
        "coordinates": [
          6.6878938,
          51.0104999
        ]
      },
      "properties": {
        "id": 7626914683,
        "osm_type": "node",
        "opening_hours": "Mo-Sa 07:30-21:00; Su,ph 08:30-21:00",
        "vending": "food",
        "operator": "Millianshof",
        "check_date": "2025-10-17"
      }
    },
    {
      "type": "Feature",
      "geometry": {
        "type": "Point",
        "coordinates": [
          6.518515,
          50.9983281
        ]
      },
      "properties": {
        "id": 7626914684,
        "osm_type": "node",
        "vending": "food",
        "operator": "Kartoffeln und Gemüse Lemm"
      }
    },
    {
      "type": "Feature",
      "geometry": {
        "type": "Point",
        "coordinates": [
          6.6581047,
          50.9056322
        ]
      },
      "properties": {
        "id": 7634885785,
        "osm_type": "node",
        "name": "Regiomat",
        "vending": "food",
        "operator": "Familie",
        "check_date": "2020-06-19"
      }
    },
    {
      "type": "Feature",
      "geometry": {
        "type": "Point",
        "coordinates": [
          6.7969134,
          51.2369142
        ]
      },
      "properties": {
        "id": 7648288118,
        "osm_type": "node",
        "vending": "sweets;drinks",
        "operator": "Geile Warenautomaten GmbH",
        "check_date": "2025-12-23"
      }
    },
    {
      "type": "Feature",
      "geometry": {
        "type": "Point",
        "coordinates": [
          6.7888021,
          51.2768625
        ]
      },
      "properties": {
        "id": 7649849218,
        "osm_type": "node",
        "vending": "sweets;drinks",
        "check_date": "2024-09-14"
      }
    },
    {
      "type": "Feature",
      "geometry": {
        "type": "Point",
        "coordinates": [
          6.5263663,
          51.4025351
        ]
      },
      "properties": {
        "id": 7650333797,
        "osm_type": "node",
        "vending": "food"
      }
    },
    {
      "type": "Feature",
      "geometry": {
        "type": "Point",
        "coordinates": [
          6.7933133,
          51.1672691
        ]
      },
      "properties": {
        "id": 7671576276,
        "osm_type": "node",
        "name": "Uedesheimer Bienen-Honig",
        "vending": "food",
        "check_date": "2025-05-03"
      }
    },
    {
      "type": "Feature",
      "geometry": {
        "type": "Point",
        "coordinates": [
          6.4884392,
          51.56433
        ]
      },
      "properties": {
        "id": 7688092973,
        "osm_type": "node",
        "vending": "food",
        "operator": "Heinrich Ridder GmbH",
        "check_date": "2023-01-25"
      }
    },
    {
      "type": "Feature",
      "geometry": {
        "type": "Point",
        "coordinates": [
          7.2271038,
          51.4687646
        ]
      },
      "properties": {
        "id": 7730932355,
        "osm_type": "node",
        "vending": "sweets;drinks"
      }
    },
    {
      "type": "Feature",
      "geometry": {
        "type": "Point",
        "coordinates": [
          7.0712361,
          50.8244861
        ]
      },
      "properties": {
        "id": 7781280485,
        "osm_type": "node",
        "name": "Ölmühle Hof Becker",
        "opening_hours": "24/7",
        "vending": "food"
      }
    },
    {
      "type": "Feature",
      "geometry": {
        "type": "Point",
        "coordinates": [
          8.2921015,
          51.5426528
        ]
      },
      "properties": {
        "id": 7787376045,
        "osm_type": "node",
        "vending": "milk"
      }
    },
    {
      "type": "Feature",
      "geometry": {
        "type": "Point",
        "coordinates": [
          8.7170184,
          51.7305734
        ]
      },
      "properties": {
        "id": 7823296723,
        "osm_type": "node",
        "vending": "food;drinks;coffee",
        "operator": "Höffner"
      }
    },
    {
      "type": "Feature",
      "geometry": {
        "type": "Point",
        "coordinates": [
          6.6830678,
          51.1223672
        ]
      },
      "properties": {
        "id": 7834274947,
        "osm_type": "node",
        "opening_hours": "24/7",
        "vending": "food",
        "operator": "Erdbeerhof Alois Dahmen",
        "check_date": "2024-11-24"
      }
    },
    {
      "type": "Feature",
      "geometry": {
        "type": "Point",
        "coordinates": [
          7.6358052,
          51.6986569
        ]
      },
      "properties": {
        "id": 7837271195,
        "osm_type": "node",
        "vending": "food",
        "operator": "Hof Hülsmann"
      }
    },
    {
      "type": "Feature",
      "geometry": {
        "type": "Point",
        "coordinates": [
          8.9971349,
          51.783757
        ]
      },
      "properties": {
        "id": 7904902599,
        "osm_type": "node",
        "name": "Regiomat",
        "vending": "food"
      }
    },
    {
      "type": "Feature",
      "geometry": {
        "type": "Point",
        "coordinates": [
          8.4613227,
          51.6958253
        ]
      },
      "properties": {
        "id": 7954323029,
        "osm_type": "node",
        "vending": "milk"
      }
    },
    {
      "type": "Feature",
      "geometry": {
        "type": "Point",
        "coordinates": [
          6.9709465,
          51.7522735
        ]
      },
      "properties": {
        "id": 7956022204,
        "osm_type": "node",
        "opening_hours": "24/7",
        "vending": "milk;eggs",
        "operator": "Kerkmann"
      }
    },
    {
      "type": "Feature",
      "geometry": {
        "type": "Point",
        "coordinates": [
          7.5317522,
          52.1765863
        ]
      },
      "properties": {
        "id": 7965202763,
        "osm_type": "node",
        "vending": "drinks;sweets",
        "operator": "WestfalenBahn",
        "check_date": "2025-09-15"
      }
    },
    {
      "type": "Feature",
      "geometry": {
        "type": "Point",
        "coordinates": [
          7.5315276,
          52.1765252
        ]
      },
      "properties": {
        "id": 7965202764,
        "osm_type": "node",
        "vending": "drinks;sweets",
        "operator": "Westfalenbahn",
        "check_date": "2025-09-15"
      }
    },
    {
      "type": "Feature",
      "geometry": {
        "type": "Point",
        "coordinates": [
          7.4586458,
          51.5176421
        ]
      },
      "properties": {
        "id": 7981576150,
        "osm_type": "node",
        "vending": "chewing_gums;drinks;food;sweets",
        "operator": "Geile Warenautomaten GmbH",
        "check_date": "2026-01-10"
      }
    },
    {
      "type": "Feature",
      "geometry": {
        "type": "Point",
        "coordinates": [
          8.9531721,
          52.0798493
        ]
      },
      "properties": {
        "id": 8018396690,
        "osm_type": "node",
        "vending": "food",
        "operator": "Fleischerei Lütkemeier"
      }
    },
    {
      "type": "Feature",
      "geometry": {
        "type": "Point",
        "coordinates": [
          6.4669924,
          51.2297985
        ]
      },
      "properties": {
        "id": 8038313882,
        "osm_type": "node",
        "name": "Geflügelhof Jansen",
        "opening_hours": "24/7",
        "vending": "eggs;food"
      }
    },
    {
      "type": "Feature",
      "geometry": {
        "type": "Point",
        "coordinates": [
          7.8949639,
          51.7612212
        ]
      },
      "properties": {
        "id": 8050852090,
        "osm_type": "node",
        "vending": "drinks;sweets",
        "check_date": "2025-10-13"
      }
    },
    {
      "type": "Feature",
      "geometry": {
        "type": "Point",
        "coordinates": [
          9.272195,
          51.6591531
        ]
      },
      "properties": {
        "id": 8074038197,
        "osm_type": "node",
        "opening_hours": "24/7",
        "vending": "milk;cheese",
        "operator": "Familie Waldeyer"
      }
    },
    {
      "type": "Feature",
      "geometry": {
        "type": "Point",
        "coordinates": [
          8.7132096,
          52.1970913
        ]
      },
      "properties": {
        "id": 8097658125,
        "osm_type": "node",
        "vending": "drinks",
        "check_date": "2023-05-20"
      }
    },
    {
      "type": "Feature",
      "geometry": {
        "type": "Point",
        "coordinates": [
          7.0553409,
          51.7383588
        ]
      },
      "properties": {
        "id": 8117106640,
        "osm_type": "node",
        "vending": "ice_cream;food",
        "operator": "Große Gellermann"
      }
    },
    {
      "type": "Feature",
      "geometry": {
        "type": "Point",
        "coordinates": [
          6.6789781,
          51.1384996
        ]
      },
      "properties": {
        "id": 8147163556,
        "osm_type": "node",
        "opening_hours": "24/7",
        "vending": "food"
      }
    },
    {
      "type": "Feature",
      "geometry": {
        "type": "Point",
        "coordinates": [
          7.4584843,
          51.5181432
        ]
      },
      "properties": {
        "id": 8155067353,
        "osm_type": "node",
        "vending": "drinks",
        "operator": "Geile Warenautomaten GmbH",
        "check_date": "2026-02-26"
      }
    },
    {
      "type": "Feature",
      "geometry": {
        "type": "Point",
        "coordinates": [
          8.7852395,
          52.0525048
        ]
      },
      "properties": {
        "id": 8222562981,
        "osm_type": "node",
        "vending": "food",
        "operator": "Hof Volland"
      }
    },
    {
      "type": "Feature",
      "geometry": {
        "type": "Point",
        "coordinates": [
          8.7149122,
          51.7092462
        ]
      },
      "properties": {
        "id": 8225967514,
        "osm_type": "node",
        "vending": "drinks"
      }
    },
    {
      "type": "Feature",
      "geometry": {
        "type": "Point",
        "coordinates": [
          6.9736181,
          50.9414637
        ]
      },
      "properties": {
        "id": 8232180526,
        "osm_type": "node",
        "vending": "drinks",
        "brand": "Selecta",
        "operator": "Selecta",
        "check_date": "2024-04-10"
      }
    },
    {
      "type": "Feature",
      "geometry": {
        "type": "Point",
        "coordinates": [
          6.9769635,
          50.9411455
        ]
      },
      "properties": {
        "id": 8232180539,
        "osm_type": "node",
        "vending": "drinks",
        "brand": "Selecta",
        "operator": "Selecta",
        "check_date": "2024-08-19"
      }
    },
    {
      "type": "Feature",
      "geometry": {
        "type": "Point",
        "coordinates": [
          7.5619774,
          51.4137083
        ]
      },
      "properties": {
        "id": 8245069954,
        "osm_type": "node",
        "vending": "eggs;dairy;food",
        "operator": "Hof Junge"
      }
    },
    {
      "type": "Feature",
      "geometry": {
        "type": "Point",
        "coordinates": [
          6.583065,
          50.9375786
        ]
      },
      "properties": {
        "id": 8437677393,
        "osm_type": "node",
        "vending": "food",
        "operator": "Bauer Hannes",
        "check_date": "2025-05-29"
      }
    },
    {
      "type": "Feature",
      "geometry": {
        "type": "Point",
        "coordinates": [
          8.6556461,
          51.759431
        ]
      },
      "properties": {
        "id": 8457630488,
        "osm_type": "node",
        "vending": "snacks;sweets;eggs;milk",
        "brand": "Regiomat"
      }
    },
    {
      "type": "Feature",
      "geometry": {
        "type": "Point",
        "coordinates": [
          8.6556414,
          51.7594218
        ]
      },
      "properties": {
        "id": 8457630489,
        "osm_type": "node",
        "vending": "drinks",
        "brand": "Regiomat"
      }
    },
    {
      "type": "Feature",
      "geometry": {
        "type": "Point",
        "coordinates": [
          7.4518533,
          51.7545871
        ]
      },
      "properties": {
        "id": 8458690465,
        "osm_type": "node",
        "vending": "food",
        "check_date": "2025-12-27"
      }
    },
    {
      "type": "Feature",
      "geometry": {
        "type": "Point",
        "coordinates": [
          7.2490271,
          51.3119072
        ]
      },
      "properties": {
        "id": 8550551558,
        "osm_type": "node",
        "vending": "food;eggs"
      }
    },
    {
      "type": "Feature",
      "geometry": {
        "type": "Point",
        "coordinates": [
          6.7837124,
          51.3968534
        ]
      },
      "properties": {
        "id": 8552388494,
        "osm_type": "node",
        "vending": "snack"
      }
    },
    {
      "type": "Feature",
      "geometry": {
        "type": "Point",
        "coordinates": [
          7.3556368,
          51.3592296
        ]
      },
      "properties": {
        "id": 8587352247,
        "osm_type": "node",
        "vending": "food",
        "operator": "Hof Hinnebecke"
      }
    },
    {
      "type": "Feature",
      "geometry": {
        "type": "Point",
        "coordinates": [
          7.3792398,
          52.0609622
        ]
      },
      "properties": {
        "id": 8593129897,
        "osm_type": "node",
        "vending": "food",
        "operator": "Milchhof Oskamp"
      }
    },
    {
      "type": "Feature",
      "geometry": {
        "type": "Point",
        "coordinates": [
          6.271366,
          51.1654001
        ]
      },
      "properties": {
        "id": 8620695701,
        "osm_type": "node",
        "opening_hours": "24/7",
        "vending": "eggs;meat;sausages;cheese;coffee;ice",
        "operator": "Thomeshof",
        "check_date": "2025-04-03"
      }
    },
    {
      "type": "Feature",
      "geometry": {
        "type": "Point",
        "coordinates": [
          8.8875849,
          51.9298098
        ]
      },
      "properties": {
        "id": 8681335567,
        "osm_type": "node",
        "vending": "parking_tickets;water;electricity"
      }
    },
    {
      "type": "Feature",
      "geometry": {
        "type": "Point",
        "coordinates": [
          6.5701325,
          51.2541838
        ]
      },
      "properties": {
        "id": 8693354215,
        "osm_type": "node",
        "vending": "milk;cheese;eggs;kartoffeln;birnen_(saison);joghurt",
        "operator": "Familie Zens"
      }
    },
    {
      "type": "Feature",
      "geometry": {
        "type": "Point",
        "coordinates": [
          6.9905142,
          51.6787728
        ]
      },
      "properties": {
        "id": 8697580231,
        "osm_type": "node",
        "opening_hours": "24/7",
        "vending": "food",
        "operator": "Bauer Aldenhoff"
      }
    },
    {
      "type": "Feature",
      "geometry": {
        "type": "Point",
        "coordinates": [
          8.903234,
          52.3045785
        ]
      },
      "properties": {
        "id": 8708621545,
        "osm_type": "node",
        "name": "SB-Hofladen",
        "opening_hours": "24/7",
        "vending": "food",
        "operator": "Hof Klostermeier",
        "check_date": "2023-06-08"
      }
    },
    {
      "type": "Feature",
      "geometry": {
        "type": "Point",
        "coordinates": [
          6.3250488,
          50.9311109
        ]
      },
      "properties": {
        "id": 8714183665,
        "osm_type": "node",
        "name": "Hofladen Gut Waldeck",
        "opening_hours": "Mo-Su 08:00-19:00",
        "vending": "food",
        "check_date": "2025-11-19"
      }
    },
    {
      "type": "Feature",
      "geometry": {
        "type": "Point",
        "coordinates": [
          6.3241847,
          51.1416234
        ]
      },
      "properties": {
        "id": 8714990480,
        "osm_type": "node",
        "vending": "food"
      }
    },
    {
      "type": "Feature",
      "geometry": {
        "type": "Point",
        "coordinates": [
          7.5283428,
          51.7365
        ]
      },
      "properties": {
        "id": 8718765632,
        "osm_type": "node",
        "name": "Hofbox",
        "opening_hours": "24/7",
        "vending": "food",
        "check_date": "2025-06-09"
      }
    },
    {
      "type": "Feature",
      "geometry": {
        "type": "Point",
        "coordinates": [
          6.8373887,
          50.6793061
        ]
      },
      "properties": {
        "id": 8718917341,
        "osm_type": "node",
        "name": "Büllesheimer Spargel",
        "opening_hours": "24/7",
        "vending": "food",
        "operator": "Familie Servatius"
      }
    },
    {
      "type": "Feature",
      "geometry": {
        "type": "Point",
        "coordinates": [
          7.6347111,
          51.658622
        ]
      },
      "properties": {
        "id": 8721470235,
        "osm_type": "node",
        "name": "EisBerger Verkaufsautomat",
        "vending": "ice_cream",
        "operator": "EisBerger"
      }
    },
    {
      "type": "Feature",
      "geometry": {
        "type": "Point",
        "coordinates": [
          7.6992456,
          51.6727375
        ]
      },
      "properties": {
        "id": 8721495739,
        "osm_type": "node",
        "name": "EisBerger Verkaufsautomat",
        "vending": "ice_cream",
        "operator": "EisBerger"
      }
    },
    {
      "type": "Feature",
      "geometry": {
        "type": "Point",
        "coordinates": [
          6.9332649,
          50.9427246
        ]
      },
      "properties": {
        "id": 8757399398,
        "osm_type": "node",
        "vending": "drinks;sweets",
        "brand": "Selecta",
        "operator": "selecta"
      }
    },
    {
      "type": "Feature",
      "geometry": {
        "type": "Point",
        "coordinates": [
          6.9332776,
          50.9427372
        ]
      },
      "properties": {
        "id": 8757399399,
        "osm_type": "node",
        "vending": "drinks;sweets",
        "brand": "Selecta",
        "operator": "selecta"
      }
    },
    {
      "type": "Feature",
      "geometry": {
        "type": "Point",
        "coordinates": [
          7.7778389,
          51.0220183
        ]
      },
      "properties": {
        "id": 8776917913,
        "osm_type": "node",
        "vending": "food"
      }
    },
    {
      "type": "Feature",
      "geometry": {
        "type": "Point",
        "coordinates": [
          6.0742437,
          50.8354064
        ]
      },
      "properties": {
        "id": 8777578327,
        "osm_type": "node",
        "vending": "eggs;milk;onion;flour;honey",
        "operator": "Geuchterhof"
      }
    },
    {
      "type": "Feature",
      "geometry": {
        "type": "Point",
        "coordinates": [
          6.3441859,
          51.243264
        ]
      },
      "properties": {
        "id": 8792555978,
        "osm_type": "node",
        "name": "Drößer's Hofautomat",
        "vending": "food",
        "operator": "Drößer"
      }
    },
    {
      "type": "Feature",
      "geometry": {
        "type": "Point",
        "coordinates": [
          6.383817,
          50.9246895
        ]
      },
      "properties": {
        "id": 8812054421,
        "osm_type": "node",
        "vending": "food;egg;soup",
        "check_date": "2024-01-01"
      }
    },
    {
      "type": "Feature",
      "geometry": {
        "type": "Point",
        "coordinates": [
          6.2444192,
          51.5362962
        ]
      },
      "properties": {
        "id": 8815735973,
        "osm_type": "node",
        "vending": "food;meat"
      }
    },
    {
      "type": "Feature",
      "geometry": {
        "type": "Point",
        "coordinates": [
          6.2444289,
          51.5362912
        ]
      },
      "properties": {
        "id": 8815735974,
        "osm_type": "node",
        "vending": "food;potatoes;strawberrys;asparagus"
      }
    },
    {
      "type": "Feature",
      "geometry": {
        "type": "Point",
        "coordinates": [
          6.4354201,
          50.8646971
        ]
      },
      "properties": {
        "id": 8826584868,
        "osm_type": "node",
        "name": "Die Wurst Box - Grillprodukte",
        "vending": "food"
      }
    },
    {
      "type": "Feature",
      "geometry": {
        "type": "Point",
        "coordinates": [
          7.5503324,
          52.1874861
        ]
      },
      "properties": {
        "id": 8835637478,
        "osm_type": "node",
        "name": "Tante Emmas Knabberkiste",
        "opening_hours": "24/7",
        "vending": "food;drinks;bbq;eggs;cigarettes;sweets;bread;water;milk;ice_cream;beer"
      }
    },
    {
      "type": "Feature",
      "geometry": {
        "type": "Point",
        "coordinates": [
          6.7827901,
          51.4307381
        ]
      },
      "properties": {
        "id": 8842886995,
        "osm_type": "node",
        "name": "Simply Snacks",
        "opening_hours": "Mo-Su 06:00-22:00",
        "vending": "food"
      }
    },
    {
      "type": "Feature",
      "geometry": {
        "type": "Point",
        "coordinates": [
          7.072924,
          51.7017726
        ]
      },
      "properties": {
        "id": 8855849498,
        "osm_type": "node",
        "opening_hours": "24/7",
        "vending": "food",
        "operator": "Hennewig-Franzen"
      }
    },
    {
      "type": "Feature",
      "geometry": {
        "type": "Point",
        "coordinates": [
          6.2958197,
          51.0612386
        ]
      },
      "properties": {
        "id": 8855878738,
        "osm_type": "node",
        "name": "Hoftautomat Hansen",
        "opening_hours": "24/7",
        "vending": "milk;food;potatoes;yoghurt",
        "check_date": "2026-03-22"
      }
    },
    {
      "type": "Feature",
      "geometry": {
        "type": "Point",
        "coordinates": [
          6.2588366,
          51.0974479
        ]
      },
      "properties": {
        "id": 8855965700,
        "osm_type": "node",
        "opening_hours": "24/7",
        "vending": "milk;food;potatoes;eggs",
        "check_date": "2025-05-01"
      }
    },
    {
      "type": "Feature",
      "geometry": {
        "type": "Point",
        "coordinates": [
          6.3463679,
          51.2304457
        ]
      },
      "properties": {
        "id": 8863022251,
        "osm_type": "node",
        "vending": "food;fruit;strawberry",
        "operator": "Edelrot GmbH"
      }
    },
    {
      "type": "Feature",
      "geometry": {
        "type": "Point",
        "coordinates": [
          6.3857193,
          51.3433496
        ]
      },
      "properties": {
        "id": 8882964898,
        "osm_type": "node",
        "name": "Fleischautomat Köpershof",
        "opening_hours": "24/7",
        "vending": "food",
        "operator": "Familie Tölkes",
        "check_date": "2023-08-12"
      }
    },
    {
      "type": "Feature",
      "geometry": {
        "type": "Point",
        "coordinates": [
          6.3856612,
          51.3433707
        ]
      },
      "properties": {
        "id": 8882964899,
        "osm_type": "node",
        "name": "Eisautomat Schmecklecker",
        "opening_hours": "24/7",
        "vending": "ice_cream",
        "operator": "Familie Tölkes",
        "check_date": "2023-08-12"
      }
    },
    {
      "type": "Feature",
      "geometry": {
        "type": "Point",
        "coordinates": [
          8.7265317,
          51.5655706
        ]
      },
      "properties": {
        "id": 8908462019,
        "osm_type": "node",
        "vending": "food"
      }
    },
    {
      "type": "Feature",
      "geometry": {
        "type": "Point",
        "coordinates": [
          6.68131,
          51.3386103
        ]
      },
      "properties": {
        "id": 8912215481,
        "osm_type": "node",
        "vending": "coffee"
      }
    },
    {
      "type": "Feature",
      "geometry": {
        "type": "Point",
        "coordinates": [
          6.6988727,
          51.0313485
        ]
      },
      "properties": {
        "id": 8913678273,
        "osm_type": "node",
        "vending": "saisonales;food;potatoes",
        "operator": "Blöcherhof"
      }
    },
    {
      "type": "Feature",
      "geometry": {
        "type": "Point",
        "coordinates": [
          8.0479433,
          51.9991189
        ]
      },
      "properties": {
        "id": 8915855679,
        "osm_type": "node",
        "name": "Landwirtschaft Vrochte",
        "opening_hours": "24/7",
        "vending": "food"
      }
    },
    {
      "type": "Feature",
      "geometry": {
        "type": "Point",
        "coordinates": [
          8.1295804,
          51.9496165
        ]
      },
      "properties": {
        "id": 8915855685,
        "osm_type": "node",
        "vending": "food"
      }
    },
    {
      "type": "Feature",
      "geometry": {
        "type": "Point",
        "coordinates": [
          6.7416767,
          51.4945063
        ]
      },
      "properties": {
        "id": 8946281772,
        "osm_type": "node",
        "vending": "drinks;sweets"
      }
    },
    {
      "type": "Feature",
      "geometry": {
        "type": "Point",
        "coordinates": [
          7.9953687,
          51.4941386
        ]
      },
      "properties": {
        "id": 8973706986,
        "osm_type": "node",
        "vending": "food"
      }
    },
    {
      "type": "Feature",
      "geometry": {
        "type": "Point",
        "coordinates": [
          6.8104711,
          50.995471
        ]
      },
      "properties": {
        "id": 8988045536,
        "osm_type": "node",
        "name": "Die Wurst Box 24h",
        "vending": "food",
        "check_date": "2024-09-01"
      }
    },
    {
      "type": "Feature",
      "geometry": {
        "type": "Point",
        "coordinates": [
          6.2181296,
          51.6135935
        ]
      },
      "properties": {
        "id": 9004774703,
        "osm_type": "node",
        "vending": "food"
      }
    },
    {
      "type": "Feature",
      "geometry": {
        "type": "Point",
        "coordinates": [
          6.6893791,
          51.0255118
        ]
      },
      "properties": {
        "id": 9022435212,
        "osm_type": "node",
        "opening_hours": "24/7",
        "vending": "food",
        "operator": "Hallerhof"
      }
    },
    {
      "type": "Feature",
      "geometry": {
        "type": "Point",
        "coordinates": [
          6.3887007,
          51.1221424
        ]
      },
      "properties": {
        "id": 9029315932,
        "osm_type": "node",
        "name": "Hahner Hofautomat",
        "opening_hours": "24/7",
        "vending": "food",
        "check_date": "2025-05-09"
      }
    },
    {
      "type": "Feature",
      "geometry": {
        "type": "Point",
        "coordinates": [
          6.9445417,
          51.0394135
        ]
      },
      "properties": {
        "id": 9037959058,
        "osm_type": "node",
        "vending": "drinks;food;eggs",
        "operator": "Kasselberger Hühnerhof"
      }
    },
    {
      "type": "Feature",
      "geometry": {
        "type": "Point",
        "coordinates": [
          7.1493926,
          51.2542405
        ]
      },
      "properties": {
        "id": 9038853305,
        "osm_type": "node",
        "vending": "drinks;sweets",
        "operator": "Geile Warenautomaten GmbH",
        "check_date": "2024-11-03"
      }
    },
    {
      "type": "Feature",
      "geometry": {
        "type": "Point",
        "coordinates": [
          7.1493939,
          51.2542279
        ]
      },
      "properties": {
        "id": 9038853306,
        "osm_type": "node",
        "vending": "food;sweets",
        "operator": "Geile Warenautomaten GmbH",
        "check_date": "2024-11-03"
      }
    },
    {
      "type": "Feature",
      "geometry": {
        "type": "Point",
        "coordinates": [
          7.1502174,
          51.2543322
        ]
      },
      "properties": {
        "id": 9038853307,
        "osm_type": "node",
        "vending": "drinks",
        "operator": "Geile Warenautomaten GmbH",
        "check_date": "2024-12-13"
      }
    },
    {
      "type": "Feature",
      "geometry": {
        "type": "Point",
        "coordinates": [
          7.1502154,
          51.2543454
        ]
      },
      "properties": {
        "id": 9038853308,
        "osm_type": "node",
        "vending": "chewing_gums;food;sweets",
        "operator": "Geile Warenautomaten GmbH",
        "check_date": "2024-12-13"
      }
    },
    {
      "type": "Feature",
      "geometry": {
        "type": "Point",
        "coordinates": [
          6.4233196,
          51.4285484
        ]
      },
      "properties": {
        "id": 9046076259,
        "osm_type": "node",
        "name": "Rahmer Lädchen",
        "opening_hours": "24/7",
        "vending": "drinks;eggs;food;fruits;gifts;honey;jam;meat;onions;potatoes;sausages;spices",
        "check_date": "2023-09-08"
      }
    },
    {
      "type": "Feature",
      "geometry": {
        "type": "Point",
        "coordinates": [
          6.9748788,
          51.9610328
        ]
      },
      "properties": {
        "id": 9054808244,
        "osm_type": "node",
        "vending": "food",
        "operator": "Börger's Wiesenei"
      }
    },
    {
      "type": "Feature",
      "geometry": {
        "type": "Point",
        "coordinates": [
          6.7943687,
          51.2197703
        ]
      },
      "properties": {
        "id": 9061041676,
        "osm_type": "node",
        "vending": "coffee;soup",
        "operator": "Geile Warenautomaten GmbH"
      }
    },
    {
      "type": "Feature",
      "geometry": {
        "type": "Point",
        "coordinates": [
          6.7943764,
          51.2197766
        ]
      },
      "properties": {
        "id": 9061041677,
        "osm_type": "node",
        "vending": "drinks",
        "operator": "Geile Warenautomaten GmbH"
      }
    },
    {
      "type": "Feature",
      "geometry": {
        "type": "Point",
        "coordinates": [
          6.7943987,
          51.2197946
        ]
      },
      "properties": {
        "id": 9061041678,
        "osm_type": "node",
        "vending": "drinks",
        "operator": "Geile Warenautomaten GmbH"
      }
    },
    {
      "type": "Feature",
      "geometry": {
        "type": "Point",
        "coordinates": [
          8.4956872,
          51.8155713
        ]
      },
      "properties": {
        "id": 9063890969,
        "osm_type": "node",
        "vending": "food",
        "operator": "Sampl Partyservice und Fleischhandel e.K."
      }
    },
    {
      "type": "Feature",
      "geometry": {
        "type": "Point",
        "coordinates": [
          8.436585,
          51.8791225
        ]
      },
      "properties": {
        "id": 9063892881,
        "osm_type": "node",
        "vending": "drinks;food",
        "operator": "Fleischerei Otto Stücker"
      }
    },
    {
      "type": "Feature",
      "geometry": {
        "type": "Point",
        "coordinates": [
          8.4300002,
          51.8735074
        ]
      },
      "properties": {
        "id": 9063893758,
        "osm_type": "node",
        "vending": "food",
        "operator": "Sampl",
        "check_date": "2025-08-21"
      }
    },
    {
      "type": "Feature",
      "geometry": {
        "type": "Point",
        "coordinates": [
          8.3399746,
          51.3541028
        ]
      },
      "properties": {
        "id": 9064327947,
        "osm_type": "node",
        "vending": "snacks"
      }
    },
    {
      "type": "Feature",
      "geometry": {
        "type": "Point",
        "coordinates": [
          6.3715406,
          51.3360736
        ]
      },
      "properties": {
        "id": 9071232208,
        "osm_type": "node",
        "opening_hours": "24/7",
        "vending": "food",
        "operator": "Fleischerei Schäfer",
        "check_date": "2023-10-10"
      }
    },
    {
      "type": "Feature",
      "geometry": {
        "type": "Point",
        "coordinates": [
          7.3221801,
          52.2269974
        ]
      },
      "properties": {
        "id": 9074936532,
        "osm_type": "node",
        "vending": "food;drinks;sweets;ice_cream"
      }
    },
    {
      "type": "Feature",
      "geometry": {
        "type": "Point",
        "coordinates": [
          6.9062629,
          51.2948726
        ]
      },
      "properties": {
        "id": 9082448330,
        "osm_type": "node",
        "opening_hours": "Mo-Sa 00:00-24:00; Su 18:00-24:00; PH 00:00-24:00",
        "vending": "milk",
        "operator": "Hof Karpenhaus"
      }
    },
    {
      "type": "Feature",
      "geometry": {
        "type": "Point",
        "coordinates": [
          7.1997678,
          51.1782404
        ]
      },
      "properties": {
        "id": 9082519325,
        "osm_type": "node",
        "vending": "drinks",
        "operator": "Automaten Schibisch"
      }
    },
    {
      "type": "Feature",
      "geometry": {
        "type": "Point",
        "coordinates": [
          7.3631625,
          52.1983317
        ]
      },
      "properties": {
        "id": 9085068467,
        "osm_type": "node",
        "name": "Der kleine Hofladen",
        "vending": "food"
      }
    },
    {
      "type": "Feature",
      "geometry": {
        "type": "Point",
        "coordinates": [
          8.7363826,
          51.7040541
        ]
      },
      "properties": {
        "id": 9089084525,
        "osm_type": "node",
        "name": "20 FOUR 7",
        "opening_hours": "24/7",
        "vending": "food;sweets;meat;beverages;alcohol;cigarettes"
      }
    },
    {
      "type": "Feature",
      "geometry": {
        "type": "Point",
        "coordinates": [
          7.4587594,
          51.5174938
        ]
      },
      "properties": {
        "id": 9102144455,
        "osm_type": "node",
        "vending": "chewing_gums;drinks;food;sweets",
        "operator": "Geile Warenautomaten GmbH",
        "check_date": "2024-03-19"
      }
    },
    {
      "type": "Feature",
      "geometry": {
        "type": "Point",
        "coordinates": [
          7.458967,
          51.5175196
        ]
      },
      "properties": {
        "id": 9102144456,
        "osm_type": "node",
        "vending": "coffee;soup",
        "operator": "Geile Warenautomaten GmbH;Klix",
        "check_date": "2025-04-26"
      }
    },
    {
      "type": "Feature",
      "geometry": {
        "type": "Point",
        "coordinates": [
          7.203252,
          51.616423
        ]
      },
      "properties": {
        "id": 9105634418,
        "osm_type": "node",
        "vending": "drinks",
        "operator": "Geile Warenautomaten GmbH",
        "check_date": "2026-02-10"
      }
    },
    {
      "type": "Feature",
      "geometry": {
        "type": "Point",
        "coordinates": [
          6.9388532,
          51.1851624
        ]
      },
      "properties": {
        "id": 9112804874,
        "osm_type": "node",
        "vending": "drinks",
        "operator": "Schnieders GmbH"
      }
    },
    {
      "type": "Feature",
      "geometry": {
        "type": "Point",
        "coordinates": [
          7.0042207,
          51.1610626
        ]
      },
      "properties": {
        "id": 9124626553,
        "osm_type": "node",
        "vending": "drinks",
        "operator": "Geile Warenautomaten GmbH",
        "check_date": "2023-10-06"
      }
    },
    {
      "type": "Feature",
      "geometry": {
        "type": "Point",
        "coordinates": [
          7.0042029,
          51.161063
        ]
      },
      "properties": {
        "id": 9124626554,
        "osm_type": "node",
        "vending": "chewing_gums;drinks;sweets",
        "operator": "Geile Warenautomaten GmbH",
        "check_date": "2023-10-06"
      }
    },
    {
      "type": "Feature",
      "geometry": {
        "type": "Point",
        "coordinates": [
          6.2946175,
          51.0605136
        ]
      },
      "properties": {
        "id": 9126582960,
        "osm_type": "node",
        "opening_hours": "24/7",
        "vending": "eggs;food;beef"
      }
    },
    {
      "type": "Feature",
      "geometry": {
        "type": "Point",
        "coordinates": [
          6.4096336,
          51.0404481
        ]
      },
      "properties": {
        "id": 9135423598,
        "osm_type": "node",
        "name": "Kartoffelhof Kradepohl",
        "vending": "food"
      }
    },
    {
      "type": "Feature",
      "geometry": {
        "type": "Point",
        "coordinates": [
          6.3032636,
          51.5036927
        ]
      },
      "properties": {
        "id": 9138081841,
        "osm_type": "node",
        "name": "Bauernladen Böttcher",
        "opening_hours": "24/7",
        "vending": "food",
        "check_date": "2021-10-01"
      }
    },
    {
      "type": "Feature",
      "geometry": {
        "type": "Point",
        "coordinates": [
          6.793844,
          51.220324
        ]
      },
      "properties": {
        "id": 9138594544,
        "osm_type": "node",
        "vending": "drinks",
        "operator": "Geile Warenautomaten GmbH",
        "check_date": "2026-04-24"
      }
    },
    {
      "type": "Feature",
      "geometry": {
        "type": "Point",
        "coordinates": [
          6.7940683,
          51.2202157
        ]
      },
      "properties": {
        "id": 9138594545,
        "osm_type": "node",
        "vending": "drinks",
        "operator": "Geile Warenautomaten GmbH",
        "check_date": "2026-04-24"
      }
    },
    {
      "type": "Feature",
      "geometry": {
        "type": "Point",
        "coordinates": [
          6.7935942,
          51.2201159
        ]
      },
      "properties": {
        "id": 9138594546,
        "osm_type": "node",
        "vending": "chewing_gums;drinks;food;sweets",
        "operator": "Geile Warenautomaten GmbH",
        "check_date": "2026-04-24"
      }
    },
    {
      "type": "Feature",
      "geometry": {
        "type": "Point",
        "coordinates": [
          6.7756086,
          51.430208
        ]
      },
      "properties": {
        "id": 9138600512,
        "osm_type": "node",
        "vending": "chewing_gums;drinks;food;sweets",
        "operator": "Geile Warenautomaten GmbH",
        "check_date": "2024-04-15"
      }
    },
    {
      "type": "Feature",
      "geometry": {
        "type": "Point",
        "coordinates": [
          6.9380003,
          50.9271359
        ]
      },
      "properties": {
        "id": 9139053082,
        "osm_type": "node",
        "vending": "drinks;sweets",
        "brand": "Selecta",
        "operator": "Selecta"
      }
    },
    {
      "type": "Feature",
      "geometry": {
        "type": "Point",
        "coordinates": [
          6.9379929,
          50.9271304
        ]
      },
      "properties": {
        "id": 9139053083,
        "osm_type": "node",
        "vending": "drinks;sweets",
        "brand": "Selecta",
        "operator": "Selecta"
      }
    },
    {
      "type": "Feature",
      "geometry": {
        "type": "Point",
        "coordinates": [
          7.0147381,
          51.4511107
        ]
      },
      "properties": {
        "id": 9146533790,
        "osm_type": "node",
        "vending": "drinks",
        "operator": "Geile Warenautomaten GmbH",
        "check_date": "2025-04-11"
      }
    },
    {
      "type": "Feature",
      "geometry": {
        "type": "Point",
        "coordinates": [
          7.0147363,
          51.4511274
        ]
      },
      "properties": {
        "id": 9146533791,
        "osm_type": "node",
        "vending": "chewing_gums;drinks;food;sweets",
        "operator": "Geile Warenautomaten GmbH",
        "check_date": "2025-04-11"
      }
    },
    {
      "type": "Feature",
      "geometry": {
        "type": "Point",
        "coordinates": [
          7.0145715,
          51.4511115
        ]
      },
      "properties": {
        "id": 9146533792,
        "osm_type": "node",
        "vending": "coffee;soup",
        "operator": "Geile Warenautomaten GmbH"
      }
    },
    {
      "type": "Feature",
      "geometry": {
        "type": "Point",
        "coordinates": [
          6.7382525,
          51.5673393
        ]
      },
      "properties": {
        "id": 9149975119,
        "osm_type": "node",
        "vending": "chewing_gums;drinks;food;sweets",
        "operator": "Geile Warenautomaten GmbH",
        "check_date": "2024-08-11"
      }
    },
    {
      "type": "Feature",
      "geometry": {
        "type": "Point",
        "coordinates": [
          6.7771355,
          51.4301293
        ]
      },
      "properties": {
        "id": 9153049147,
        "osm_type": "node",
        "vending": "drinks",
        "operator": "Geile Warenautomaten GmbH",
        "check_date": "2026-04-26"
      }
    },
    {
      "type": "Feature",
      "geometry": {
        "type": "Point",
        "coordinates": [
          6.7771034,
          51.4301314
        ]
      },
      "properties": {
        "id": 9153049148,
        "osm_type": "node",
        "vending": "chewing_gums;drinks;food;sweets",
        "operator": "Geile Warenautomaten GmbH",
        "check_date": "2026-04-26"
      }
    },
    {
      "type": "Feature",
      "geometry": {
        "type": "Point",
        "coordinates": [
          6.4873733,
          51.0006965
        ]
      },
      "properties": {
        "id": 9156562995,
        "osm_type": "node",
        "vending": "food"
      }
    },
    {
      "type": "Feature",
      "geometry": {
        "type": "Point",
        "coordinates": [
          6.3970718,
          51.2217621
        ]
      },
      "properties": {
        "id": 9157615433,
        "osm_type": "node",
        "opening_hours": "24/7",
        "vending": "food",
        "operator": "Rauenhof"
      }
    },
    {
      "type": "Feature",
      "geometry": {
        "type": "Point",
        "coordinates": [
          6.4026964,
          51.2291916
        ]
      },
      "properties": {
        "id": 9157631039,
        "osm_type": "node",
        "opening_hours": "24/7",
        "vending": "food",
        "operator": "Omperter Hofladen"
      }
    },
    {
      "type": "Feature",
      "geometry": {
        "type": "Point",
        "coordinates": [
          7.0757425,
          51.4506978
        ]
      },
      "properties": {
        "id": 9158829969,
        "osm_type": "node",
        "vending": "chewing_gums;drinks;food;sweets",
        "operator": "Geile Warenautomaten GmbH",
        "check_date": "2026-03-07"
      }
    },
    {
      "type": "Feature",
      "geometry": {
        "type": "Point",
        "coordinates": [
          7.0757519,
          51.4507108
        ]
      },
      "properties": {
        "id": 9158829970,
        "osm_type": "node",
        "vending": "chewing_gums;drinks;food;sweets",
        "operator": "Geile Warenautomaten GmbH",
        "check_date": "2026-03-07"
      }
    },
    {
      "type": "Feature",
      "geometry": {
        "type": "Point",
        "coordinates": [
          6.2916574,
          51.3283099
        ]
      },
      "properties": {
        "id": 9159297764,
        "osm_type": "node",
        "name": "Hofladen-Automaten Königshof Nettetal",
        "opening_hours": "24/7",
        "vending": "eggs;milk;grilled_meat;cheese;fruit;vegetables;potatoes",
        "operator": "Königshof",
        "check_date": "2024-05-09"
      }
    },
    {
      "type": "Feature",
      "geometry": {
        "type": "Point",
        "coordinates": [
          6.7870991,
          51.2922294
        ]
      },
      "properties": {
        "id": 9161087249,
        "osm_type": "node",
        "vending": "drinks",
        "operator": "Geile Warenautomaten GmbH",
        "check_date": "2025-05-28"
      }
    },
    {
      "type": "Feature",
      "geometry": {
        "type": "Point",
        "coordinates": [
          6.7870976,
          51.2922407
        ]
      },
      "properties": {
        "id": 9161087252,
        "osm_type": "node",
        "vending": "chewing_gums;drinks;food;sweets",
        "operator": "Geile Warenautomaten GmbH",
        "check_date": "2025-05-28"
      }
    },
    {
      "type": "Feature",
      "geometry": {
        "type": "Point",
        "coordinates": [
          6.7662631,
          51.2777602
        ]
      },
      "properties": {
        "id": 9161285842,
        "osm_type": "node",
        "vending": "chewing_gums;drinks;food;sweets",
        "operator": "Geile Warenautomaten GmbH"
      }
    },
    {
      "type": "Feature",
      "geometry": {
        "type": "Point",
        "coordinates": [
          6.7662527,
          51.2777525
        ]
      },
      "properties": {
        "id": 9161285843,
        "osm_type": "node",
        "vending": "chewing_gums;drinks;food;sweets",
        "operator": "Geile Warenautomaten GmbH"
      }
    },
    {
      "type": "Feature",
      "geometry": {
        "type": "Point",
        "coordinates": [
          6.4186783,
          51.3880738
        ]
      },
      "properties": {
        "id": 9164313770,
        "osm_type": "node",
        "name": "Hof Dörkes",
        "opening_hours": "24/7",
        "vending": "food"
      }
    },
    {
      "type": "Feature",
      "geometry": {
        "type": "Point",
        "coordinates": [
          6.4371615,
          51.380478
        ]
      },
      "properties": {
        "id": 9164453484,
        "osm_type": "node",
        "opening_hours": "24/7",
        "vending": "food",
        "operator": "Nytus",
        "check_date": "2023-01-15"
      }
    },
    {
      "type": "Feature",
      "geometry": {
        "type": "Point",
        "coordinates": [
          8.7203057,
          51.6468434
        ]
      },
      "properties": {
        "id": 9172580468,
        "osm_type": "node",
        "name": "Regiomat",
        "vending": "food"
      }
    },
    {
      "type": "Feature",
      "geometry": {
        "type": "Point",
        "coordinates": [
          6.4617413,
          51.2598052
        ]
      },
      "properties": {
        "id": 9190258902,
        "osm_type": "node",
        "opening_hours": "24/7",
        "vending": "food"
      }
    },
    {
      "type": "Feature",
      "geometry": {
        "type": "Point",
        "coordinates": [
          7.5336834,
          51.4708147
        ]
      },
      "properties": {
        "id": 9197394932,
        "osm_type": "node",
        "name": "Freilandeier & Regionales",
        "opening_hours": "24/7",
        "vending": "food;milk;eggs;meat;potatoes",
        "operator": "Hof Prein"
      }
    },
    {
      "type": "Feature",
      "geometry": {
        "type": "Point",
        "coordinates": [
          6.7489853,
          51.6629878
        ]
      },
      "properties": {
        "id": 9211943209,
        "osm_type": "node",
        "vending": "food",
        "check_date": "2026-03-18"
      }
    },
    {
      "type": "Feature",
      "geometry": {
        "type": "Point",
        "coordinates": [
          6.7761666,
          51.4301542
        ]
      },
      "properties": {
        "id": 9248571167,
        "osm_type": "node",
        "vending": "drinks",
        "check_date": "2026-03-14"
      }
    },
    {
      "type": "Feature",
      "geometry": {
        "type": "Point",
        "coordinates": [
          6.7761565,
          51.4301553
        ]
      },
      "properties": {
        "id": 9248571168,
        "osm_type": "node",
        "vending": "chewing_gums;food;sweets",
        "check_date": "2024-04-15"
      }
    },
    {
      "type": "Feature",
      "geometry": {
        "type": "Point",
        "coordinates": [
          7.8888503,
          50.9063491
        ]
      },
      "properties": {
        "id": 9249100989,
        "osm_type": "node",
        "vending": "drinks"
      }
    },
    {
      "type": "Feature",
      "geometry": {
        "type": "Point",
        "coordinates": [
          7.7370331,
          51.0032013
        ]
      },
      "properties": {
        "id": 9263865815,
        "osm_type": "node",
        "vending": "food"
      }
    },
    {
      "type": "Feature",
      "geometry": {
        "type": "Point",
        "coordinates": [
          7.7370572,
          51.0032026
        ]
      },
      "properties": {
        "id": 9263865816,
        "osm_type": "node",
        "vending": "milk"
      }
    },
    {
      "type": "Feature",
      "geometry": {
        "type": "Point",
        "coordinates": [
          6.4269098,
          51.3032378
        ]
      },
      "properties": {
        "id": 9265169442,
        "osm_type": "node",
        "opening_hours": "Mo-Fr 08:00-22:00; Sa,Su 09:00-22:00",
        "vending": "food",
        "operator": "Apfelparadies Bernd Schumacher"
      }
    },
    {
      "type": "Feature",
      "geometry": {
        "type": "Point",
        "coordinates": [
          6.5674997,
          50.9344618
        ]
      },
      "properties": {
        "id": 9279812270,
        "osm_type": "node",
        "vending": "ice_cream"
      }
    },
    {
      "type": "Feature",
      "geometry": {
        "type": "Point",
        "coordinates": [
          7.1034276,
          51.4601202
        ]
      },
      "properties": {
        "id": 9338487961,
        "osm_type": "node",
        "name": "Hof Schulte-Schüren",
        "opening_hours": "24/7",
        "vending": "food",
        "operator": "Bauer Ridder",
        "check_date": "2025-08-04"
      }
    },
    {
      "type": "Feature",
      "geometry": {
        "type": "Point",
        "coordinates": [
          7.8106384,
          51.9405397
        ]
      },
      "properties": {
        "id": 9365872563,
        "osm_type": "node",
        "vending": "food",
        "check_date": "2024-03-30"
      }
    },
    {
      "type": "Feature",
      "geometry": {
        "type": "Point",
        "coordinates": [
          7.7869056,
          51.6265307
        ]
      },
      "properties": {
        "id": 9366315707,
        "osm_type": "node",
        "name": "Regio-Box",
        "vending": "eggs;food"
      }
    },
    {
      "type": "Feature",
      "geometry": {
        "type": "Point",
        "coordinates": [
          7.4413214,
          50.9985601
        ]
      },
      "properties": {
        "id": 9372146535,
        "osm_type": "node",
        "vending": "milk",
        "check_date": "2026-04-13"
      }
    },
    {
      "type": "Feature",
      "geometry": {
        "type": "Point",
        "coordinates": [
          7.7281984,
          51.9193651
        ]
      },
      "properties": {
        "id": 9373045552,
        "osm_type": "node",
        "vending": "food;eggs",
        "operator": "Beitelhoff"
      }
    },
    {
      "type": "Feature",
      "geometry": {
        "type": "Point",
        "coordinates": [
          7.7838018,
          51.6564304
        ]
      },
      "properties": {
        "id": 9386492851,
        "osm_type": "node",
        "vending": "food"
      }
    },
    {
      "type": "Feature",
      "geometry": {
        "type": "Point",
        "coordinates": [
          6.4590055,
          51.2547321
        ]
      },
      "properties": {
        "id": 9391706167,
        "osm_type": "node",
        "name": "Fresh Food Box-Der Feinkostautomat",
        "opening_hours": "Mo-Su 09:00-20:00",
        "vending": "food",
        "operator": "Schlaath Catering"
      }
    },
    {
      "type": "Feature",
      "geometry": {
        "type": "Point",
        "coordinates": [
          6.3250725,
          51.2412179
        ]
      },
      "properties": {
        "id": 9397657294,
        "osm_type": "node",
        "opening_hours": "Mo-Su 08:00-20:00",
        "vending": "food",
        "operator": "Brasselers Bauernladen"
      }
    },
    {
      "type": "Feature",
      "geometry": {
        "type": "Point",
        "coordinates": [
          9.0836582,
          52.1057383
        ]
      },
      "properties": {
        "id": 9397834634,
        "osm_type": "node",
        "opening_hours": "24/7",
        "vending": "food"
      }
    },
    {
      "type": "Feature",
      "geometry": {
        "type": "Point",
        "coordinates": [
          7.4302593,
          51.4921149
        ]
      },
      "properties": {
        "id": 9417014833,
        "osm_type": "node",
        "vending": "sweets;drinks",
        "check_date": "2024-01-30"
      }
    },
    {
      "type": "Feature",
      "geometry": {
        "type": "Point",
        "coordinates": [
          6.9467512,
          50.6249058
        ]
      },
      "properties": {
        "id": 9420766094,
        "osm_type": "node",
        "vending": "ice_cream",
        "operator": "THE ICE CREAM RHEINBACH",
        "check_date": "2024-04-06"
      }
    },
    {
      "type": "Feature",
      "geometry": {
        "type": "Point",
        "coordinates": [
          6.468651,
          50.7885177
        ]
      },
      "properties": {
        "id": 9421038358,
        "osm_type": "node",
        "vending": "food",
        "operator": "Imbiss Mittler",
        "check_date": "2024-05-02"
      }
    },
    {
      "type": "Feature",
      "geometry": {
        "type": "Point",
        "coordinates": [
          7.4166903,
          51.9717082
        ]
      },
      "properties": {
        "id": 9442807406,
        "osm_type": "node",
        "name": "Wilde Kiste Grillgut-Automat",
        "vending": "food"
      }
    },
    {
      "type": "Feature",
      "geometry": {
        "type": "Point",
        "coordinates": [
          8.7993317,
          51.7147292
        ]
      },
      "properties": {
        "id": 9485687454,
        "osm_type": "node",
        "vending": "drinks"
      }
    },
    {
      "type": "Feature",
      "geometry": {
        "type": "Point",
        "coordinates": [
          6.6776796,
          51.8964452
        ]
      },
      "properties": {
        "id": 9497338223,
        "osm_type": "node",
        "name": "Barloer Wiesen-Ei",
        "opening_hours": "24/7",
        "vending": "food"
      }
    },
    {
      "type": "Feature",
      "geometry": {
        "type": "Point",
        "coordinates": [
          6.4826585,
          50.8095901
        ]
      },
      "properties": {
        "id": 9511025651,
        "osm_type": "node",
        "vending": "food;drinks;sweets",
        "check_date": "2024-03-24"
      }
    },
    {
      "type": "Feature",
      "geometry": {
        "type": "Point",
        "coordinates": [
          6.4153295,
          51.1523889
        ]
      },
      "properties": {
        "id": 9513936259,
        "osm_type": "node",
        "vending": "food",
        "operator": "Bauernladen Scheiber",
        "check_date": "2025-04-18"
      }
    },
    {
      "type": "Feature",
      "geometry": {
        "type": "Point",
        "coordinates": [
          6.2452572,
          51.2273026
        ]
      },
      "properties": {
        "id": 9514116696,
        "osm_type": "node",
        "opening_hours": "24/7",
        "vending": "food",
        "operator": "Toerschen's Bauernlädchen",
        "check_date": "2025-08-24"
      }
    },
    {
      "type": "Feature",
      "geometry": {
        "type": "Point",
        "coordinates": [
          6.6848521,
          50.9760865
        ]
      },
      "properties": {
        "id": 9545361947,
        "osm_type": "node",
        "vending": "food"
      }
    },
    {
      "type": "Feature",
      "geometry": {
        "type": "Point",
        "coordinates": [
          7.4415105,
          51.7098362
        ]
      },
      "properties": {
        "id": 9575499728,
        "osm_type": "node",
        "vending": "drinks;food;sweets;milk;eggs;water"
      }
    },
    {
      "type": "Feature",
      "geometry": {
        "type": "Point",
        "coordinates": [
          6.9754262,
          51.9478688
        ]
      },
      "properties": {
        "id": 9576316486,
        "osm_type": "node",
        "name": "Beekes Melkhüttken",
        "vending": "milk"
      }
    },
    {
      "type": "Feature",
      "geometry": {
        "type": "Point",
        "coordinates": [
          6.7911874,
          51.4329776
        ]
      },
      "properties": {
        "id": 9580595989,
        "osm_type": "node",
        "opening_hours": "24/7",
        "vending": "ice_cream",
        "operator": "Eismanufaktur Primavera",
        "check_date": "2026-02-01"
      }
    },
    {
      "type": "Feature",
      "geometry": {
        "type": "Point",
        "coordinates": [
          6.9020574,
          51.2204057
        ]
      },
      "properties": {
        "id": 9590187380,
        "osm_type": "node",
        "vending": "chewing_gums;drinks;food;sweets",
        "operator": "Geile Warenautomaten GmbH"
      }
    },
    {
      "type": "Feature",
      "geometry": {
        "type": "Point",
        "coordinates": [
          6.7757016,
          51.2080376
        ]
      },
      "properties": {
        "id": 9621387103,
        "osm_type": "node",
        "vending": "chewing_gums;drinks;food;sweets",
        "operator": "Geile Warenautomaten GmbH",
        "check_date": "2024-04-16"
      }
    },
    {
      "type": "Feature",
      "geometry": {
        "type": "Point",
        "coordinates": [
          6.7756733,
          51.2080331
        ]
      },
      "properties": {
        "id": 9621387104,
        "osm_type": "node",
        "vending": "chewing_gums;drinks;food;sweets",
        "operator": "Geile Warenautomaten GmbH",
        "check_date": "2024-04-16"
      }
    },
    {
      "type": "Feature",
      "geometry": {
        "type": "Point",
        "coordinates": [
          6.7759312,
          51.2079269
        ]
      },
      "properties": {
        "id": 9621495721,
        "osm_type": "node",
        "vending": "chewing_gums;drinks;food;sweets",
        "operator": "Geile Warenautomaten GmbH",
        "check_date": "2024-04-16"
      }
    },
    {
      "type": "Feature",
      "geometry": {
        "type": "Point",
        "coordinates": [
          7.7391275,
          51.5441243
        ]
      },
      "properties": {
        "id": 9624467563,
        "osm_type": "node",
        "vending": "milk",
        "operator": "Milchhof Mühlhausen"
      }
    },
    {
      "type": "Feature",
      "geometry": {
        "type": "Point",
        "coordinates": [
          8.7255558,
          51.6656175
        ]
      },
      "properties": {
        "id": 9632348975,
        "osm_type": "node",
        "opening_hours": "24/7",
        "vending": "barbeque;meat;charcoal;beverages"
      }
    },
    {
      "type": "Feature",
      "geometry": {
        "type": "Point",
        "coordinates": [
          7.719821,
          52.3495461
        ]
      },
      "properties": {
        "id": 9635563736,
        "osm_type": "node",
        "name": "Regio Box BBQ Automat",
        "vending": "food"
      }
    },
    {
      "type": "Feature",
      "geometry": {
        "type": "Point",
        "coordinates": [
          7.7629868,
          52.2627129
        ]
      },
      "properties": {
        "id": 9647832622,
        "osm_type": "node",
        "name": "Alstedder Bio Obst",
        "vending": "eggs;drinks;food",
        "operator": "Bioland"
      }
    },
    {
      "type": "Feature",
      "geometry": {
        "type": "Point",
        "coordinates": [
          6.9506678,
          51.2258614
        ]
      },
      "properties": {
        "id": 9664368364,
        "osm_type": "node",
        "vending": "drinks;sweets"
      }
    },
    {
      "type": "Feature",
      "geometry": {
        "type": "Point",
        "coordinates": [
          6.8888939,
          51.3155305
        ]
      },
      "properties": {
        "id": 9668282353,
        "osm_type": "node",
        "opening_hours": "24/7",
        "vending": "drinks;food",
        "operator": "Familie Kückels"
      }
    },
    {
      "type": "Feature",
      "geometry": {
        "type": "Point",
        "coordinates": [
          8.3581903,
          52.0570256
        ]
      },
      "properties": {
        "id": 9670542282,
        "osm_type": "node",
        "vending": "drinks;sweets"
      }
    },
    {
      "type": "Feature",
      "geometry": {
        "type": "Point",
        "coordinates": [
          8.3581646,
          52.0571911
        ]
      },
      "properties": {
        "id": 9670557626,
        "osm_type": "node",
        "vending": "drinks;sweets",
        "check_date": "2026-02-19"
      }
    },
    {
      "type": "Feature",
      "geometry": {
        "type": "Point",
        "coordinates": [
          7.0320198,
          51.3407837
        ]
      },
      "properties": {
        "id": 9672715620,
        "osm_type": "node",
        "vending": "drinks"
      }
    },
    {
      "type": "Feature",
      "geometry": {
        "type": "Point",
        "coordinates": [
          7.7500388,
          52.2205298
        ]
      },
      "properties": {
        "id": 9675329332,
        "osm_type": "node",
        "vending": "drinks;food;water;milk;eggs;bbq;beer;meat",
        "operator": "Land Allerlei"
      }
    },
    {
      "type": "Feature",
      "geometry": {
        "type": "Point",
        "coordinates": [
          8.7653296,
          51.7318343
        ]
      },
      "properties": {
        "id": 9691474830,
        "osm_type": "node",
        "name": "20 FOUR 7",
        "opening_hours": "24/7",
        "vending": "food;sweets;meat;beverages;alcohol;cigarettes"
      }
    },
    {
      "type": "Feature",
      "geometry": {
        "type": "Point",
        "coordinates": [
          7.3468294,
          50.9235936
        ]
      },
      "properties": {
        "id": 9706908612,
        "osm_type": "node",
        "name": "Milchhäuschen",
        "opening_hours": "24/7",
        "vending": "milk",
        "operator": "Hof Miebach"
      }
    },
    {
      "type": "Feature",
      "geometry": {
        "type": "Point",
        "coordinates": [
          6.7358778,
          50.9649025
        ]
      },
      "properties": {
        "id": 9711276161,
        "osm_type": "node",
        "vending": "food",
        "operator": "Gut Neuhof"
      }
    },
    {
      "type": "Feature",
      "geometry": {
        "type": "Point",
        "coordinates": [
          7.0476244,
          51.1629923
        ]
      },
      "properties": {
        "id": 9738393209,
        "osm_type": "node",
        "vending": "sweets;drinks"
      }
    },
    {
      "type": "Feature",
      "geometry": {
        "type": "Point",
        "coordinates": [
          7.6719378,
          52.313659
        ]
      },
      "properties": {
        "id": 9763445855,
        "osm_type": "node",
        "vending": "bbq;drinks;eggs",
        "operator": "Regio-Box",
        "check_date": "2026-04-10"
      }
    },
    {
      "type": "Feature",
      "geometry": {
        "type": "Point",
        "coordinates": [
          7.6756834,
          52.2734516
        ]
      },
      "properties": {
        "id": 9764129907,
        "osm_type": "node",
        "vending": "bbq;drinks;eggs",
        "operator": "Regio-Box"
      }
    },
    {
      "type": "Feature",
      "geometry": {
        "type": "Point",
        "coordinates": [
          8.144242,
          50.9739213
        ]
      },
      "properties": {
        "id": 9796995995,
        "osm_type": "node",
        "vending": "drinks;food"
      }
    },
    {
      "type": "Feature",
      "geometry": {
        "type": "Point",
        "coordinates": [
          7.0139665,
          51.7600688
        ]
      },
      "properties": {
        "id": 9807181937,
        "osm_type": "node",
        "vending": "ice_cream"
      }
    },
    {
      "type": "Feature",
      "geometry": {
        "type": "Point",
        "coordinates": [
          7.4551365,
          51.2709455
        ]
      },
      "properties": {
        "id": 9824114811,
        "osm_type": "node",
        "opening_hours": "24/7",
        "vending": "food",
        "operator": "Metzgerei und Partyservice Familie Schier GbR"
      }
    },
    {
      "type": "Feature",
      "geometry": {
        "type": "Point",
        "coordinates": [
          7.9681592,
          51.7531979
        ]
      },
      "properties": {
        "id": 9831384813,
        "osm_type": "node",
        "vending": "drinks;sweets;food",
        "operator": "Hof Große Frie"
      }
    },
    {
      "type": "Feature",
      "geometry": {
        "type": "Point",
        "coordinates": [
          7.9681883,
          51.753191
        ]
      },
      "properties": {
        "id": 9831384814,
        "osm_type": "node",
        "vending": "ice_cream"
      }
    },
    {
      "type": "Feature",
      "geometry": {
        "type": "Point",
        "coordinates": [
          7.6167239,
          51.7941223
        ]
      },
      "properties": {
        "id": 9841502220,
        "osm_type": "node",
        "name": "Hof Box",
        "vending": "food"
      }
    },
    {
      "type": "Feature",
      "geometry": {
        "type": "Point",
        "coordinates": [
          8.8190999,
          51.7386152
        ]
      },
      "properties": {
        "id": 9842619153,
        "osm_type": "node",
        "vending": "potatoes;eggs;beverages"
      }
    },
    {
      "type": "Feature",
      "geometry": {
        "type": "Point",
        "coordinates": [
          6.2825345,
          51.2219979
        ]
      },
      "properties": {
        "id": 9847997080,
        "osm_type": "node",
        "name": "Fleischboxx24",
        "opening_hours": "24/7",
        "vending": "food",
        "operator": "AMB Fleisch"
      }
    },
    {
      "type": "Feature",
      "geometry": {
        "type": "Point",
        "coordinates": [
          6.635808,
          50.5427808
        ]
      },
      "properties": {
        "id": 9853487646,
        "osm_type": "node",
        "name": "Gerds Hütte",
        "vending": "food;drinks;ice;snacks;sweets;ice_cream",
        "check_date": "2024-10-06"
      }
    },
    {
      "type": "Feature",
      "geometry": {
        "type": "Point",
        "coordinates": [
          8.5264528,
          51.6461512
        ]
      },
      "properties": {
        "id": 9857825766,
        "osm_type": "node",
        "name": "Regiomat",
        "opening_hours": "24/7",
        "vending": "beverages;eggs;meat;sausages",
        "operator": "Bauer Engels"
      }
    },
    {
      "type": "Feature",
      "geometry": {
        "type": "Point",
        "coordinates": [
          6.4447734,
          51.3242365
        ]
      },
      "properties": {
        "id": 9864553237,
        "osm_type": "node",
        "name": "Eisautomat Schmecklecker",
        "opening_hours": "24/7",
        "vending": "ice_cream",
        "operator": "Familie Tölkes"
      }
    },
    {
      "type": "Feature",
      "geometry": {
        "type": "Point",
        "coordinates": [
          6.4143102,
          51.3401527
        ]
      },
      "properties": {
        "id": 9864553243,
        "osm_type": "node",
        "name": "Tannenhühner Platen",
        "opening_hours": "24/7",
        "vending": "food"
      }
    },
    {
      "type": "Feature",
      "geometry": {
        "type": "Point",
        "coordinates": [
          6.3757675,
          51.257786
        ]
      },
      "properties": {
        "id": 9871839999,
        "osm_type": "node",
        "name": "Landstation Viersen",
        "vending": "food"
      }
    },
    {
      "type": "Feature",
      "geometry": {
        "type": "Point",
        "coordinates": [
          7.1569156,
          50.7775945
        ]
      },
      "properties": {
        "id": 9881207397,
        "osm_type": "node",
        "vending": "milk;food;eggs",
        "operator": "Hof Scheja"
      }
    },
    {
      "type": "Feature",
      "geometry": {
        "type": "Point",
        "coordinates": [
          6.9333549,
          50.6192787
        ]
      },
      "properties": {
        "id": 9881458030,
        "osm_type": "node",
        "vending": "food",
        "operator": "Obst-Gemüsebau Früh, Madbachstr. 81, 53359 Rheinbach"
      }
    },
    {
      "type": "Feature",
      "geometry": {
        "type": "Point",
        "coordinates": [
          6.2819792,
          51.3005574
        ]
      },
      "properties": {
        "id": 9883060670,
        "osm_type": "node",
        "name": "Farmer's Market Lobberich",
        "opening_hours": "24/7",
        "vending": "food"
      }
    },
    {
      "type": "Feature",
      "geometry": {
        "type": "Point",
        "coordinates": [
          6.044606,
          50.8098912
        ]
      },
      "properties": {
        "id": 9885941842,
        "osm_type": "node",
        "vending": "food;eggs;milk;honey;noodles;oil;trinks;sweets",
        "operator": "Niersteiner Hof"
      }
    },
    {
      "type": "Feature",
      "geometry": {
        "type": "Point",
        "coordinates": [
          7.4662819,
          51.6962648
        ]
      },
      "properties": {
        "id": 9911479409,
        "osm_type": "node",
        "opening_hours": "24/7",
        "vending": "food"
      }
    },
    {
      "type": "Feature",
      "geometry": {
        "type": "Point",
        "coordinates": [
          7.6774032,
          51.9253513
        ]
      },
      "properties": {
        "id": 9924462074,
        "osm_type": "node",
        "vending": "food"
      }
    },
    {
      "type": "Feature",
      "geometry": {
        "type": "Point",
        "coordinates": [
          7.4618197,
          51.9971576
        ]
      },
      "properties": {
        "id": 9928056543,
        "osm_type": "node",
        "name": "Dorfladen",
        "opening_hours": "24/7",
        "vending": "eggs;drinks;milk;sausages"
      }
    },
    {
      "type": "Feature",
      "geometry": {
        "type": "Point",
        "coordinates": [
          7.5848006,
          52.2293737
        ]
      },
      "properties": {
        "id": 9928852254,
        "osm_type": "node",
        "vending": "drinks;food;water"
      }
    },
    {
      "type": "Feature",
      "geometry": {
        "type": "Point",
        "coordinates": [
          6.9489031,
          50.9859766
        ]
      },
      "properties": {
        "id": 9929605268,
        "osm_type": "node",
        "vending": "drinks;sweets;coffee"
      }
    },
    {
      "type": "Feature",
      "geometry": {
        "type": "Point",
        "coordinates": [
          8.9353227,
          52.3104121
        ]
      },
      "properties": {
        "id": 9932386818,
        "osm_type": "node",
        "vending": "ice_cream",
        "check_date": "2024-08-04"
      }
    },
    {
      "type": "Feature",
      "geometry": {
        "type": "Point",
        "coordinates": [
          7.1951414,
          51.746693
        ]
      },
      "properties": {
        "id": 9935745475,
        "osm_type": "node",
        "name": "Softeis To Go",
        "vending": "ice_cream"
      }
    },
    {
      "type": "Feature",
      "geometry": {
        "type": "Point",
        "coordinates": [
          6.4820228,
          51.3816763
        ]
      },
      "properties": {
        "id": 9937237772,
        "osm_type": "node",
        "vending": "food"
      }
    },
    {
      "type": "Feature",
      "geometry": {
        "type": "Point",
        "coordinates": [
          6.4945836,
          51.3781988
        ]
      },
      "properties": {
        "id": 9937304060,
        "osm_type": "node",
        "vending": "food"
      }
    },
    {
      "type": "Feature",
      "geometry": {
        "type": "Point",
        "coordinates": [
          6.9688021,
          51.9292003
        ]
      },
      "properties": {
        "id": 9939925410,
        "osm_type": "node",
        "vending": "food",
        "operator": "Schulze-Hilbt"
      }
    },
    {
      "type": "Feature",
      "geometry": {
        "type": "Point",
        "coordinates": [
          7.7244758,
          51.4819645
        ]
      },
      "properties": {
        "id": 9944298660,
        "osm_type": "node",
        "vending": "sweets;drinks;food;water"
      }
    },
    {
      "type": "Feature",
      "geometry": {
        "type": "Point",
        "coordinates": [
          9.0822676,
          51.5601595
        ]
      },
      "properties": {
        "id": 9945414150,
        "osm_type": "node",
        "vending": "ice_cream",
        "operator": "Bauernhofeis Lindenhof"
      }
    },
    {
      "type": "Feature",
      "geometry": {
        "type": "Point",
        "coordinates": [
          8.8311262,
          51.6997483
        ]
      },
      "properties": {
        "id": 9950103824,
        "osm_type": "node",
        "opening_hours": "24/7",
        "vending": "eggs;food"
      }
    },
    {
      "type": "Feature",
      "geometry": {
        "type": "Point",
        "coordinates": [
          7.8327865,
          52.1876678
        ]
      },
      "properties": {
        "id": 9955806708,
        "osm_type": "node",
        "opening_hours": "24/7",
        "vending": "food;eggs;milk;pasta",
        "operator": "Hof Kipp"
      }
    },
    {
      "type": "Feature",
      "geometry": {
        "type": "Point",
        "coordinates": [
          8.6642633,
          52.1192594
        ]
      },
      "properties": {
        "id": 9958079021,
        "osm_type": "node",
        "vending": "drinks",
        "check_date": "2025-07-19"
      }
    },
    {
      "type": "Feature",
      "geometry": {
        "type": "Point",
        "coordinates": [
          7.6266564,
          52.0076208
        ]
      },
      "properties": {
        "id": 9960009367,
        "osm_type": "node",
        "opening_hours": "24/7",
        "vending": "food;flowers",
        "operator": "Ra.Baba"
      }
    },
    {
      "type": "Feature",
      "geometry": {
        "type": "Point",
        "coordinates": [
          8.487549,
          51.9611373
        ]
      },
      "properties": {
        "id": 9968549838,
        "osm_type": "node",
        "name": "Sennefelder Hofeis",
        "opening_hours": "24/7",
        "vending": "ice_cream"
      }
    },
    {
      "type": "Feature",
      "geometry": {
        "type": "Point",
        "coordinates": [
          6.4010932,
          51.4314868
        ]
      },
      "properties": {
        "id": 9972475123,
        "osm_type": "node",
        "vending": "coffee;drinks;sweets;water;snacks;ice_cream",
        "check_date": "2022-08-23"
      }
    },
    {
      "type": "Feature",
      "geometry": {
        "type": "Point",
        "coordinates": [
          9.0985975,
          51.716571
        ]
      },
      "properties": {
        "id": 9979140458,
        "osm_type": "node",
        "opening_hours": "We-Su 7:00-18:00",
        "vending": "milk;eggs;potatoes;honey;beverages;ice_cream",
        "operator": "Hof Weskamp"
      }
    },
    {
      "type": "Feature",
      "geometry": {
        "type": "Point",
        "coordinates": [
          6.9526817,
          50.6361352
        ]
      },
      "properties": {
        "id": 9983568103,
        "osm_type": "node",
        "vending": "sweets;drinks"
      }
    },
    {
      "type": "Feature",
      "geometry": {
        "type": "Point",
        "coordinates": [
          7.5578333,
          51.8228016
        ]
      },
      "properties": {
        "id": 9995192100,
        "osm_type": "node",
        "vending": "food"
      }
    },
    {
      "type": "Feature",
      "geometry": {
        "type": "Point",
        "coordinates": [
          6.7420739,
          51.6685315
        ]
      },
      "properties": {
        "id": 9997171154,
        "osm_type": "node",
        "name": "Freilandeier Lenz",
        "vending": "food"
      }
    },
    {
      "type": "Feature",
      "geometry": {
        "type": "Point",
        "coordinates": [
          7.95486,
          51.7009756
        ]
      },
      "properties": {
        "id": 10000415607,
        "osm_type": "node",
        "vending": "food"
      }
    },
    {
      "type": "Feature",
      "geometry": {
        "type": "Point",
        "coordinates": [
          6.6848974,
          51.3266676
        ]
      },
      "properties": {
        "id": 10009761411,
        "osm_type": "node",
        "vending": "coffee"
      }
    },
    {
      "type": "Feature",
      "geometry": {
        "type": "Point",
        "coordinates": [
          7.0052935,
          51.4373085
        ]
      },
      "properties": {
        "id": 10018794588,
        "osm_type": "node",
        "name": "Snackes 24",
        "opening_hours": "24/7",
        "vending": "drinks; sweets; snacks; vape",
        "operator": "Nowak, B.",
        "check_date": "2025-08-19"
      }
    },
    {
      "type": "Feature",
      "geometry": {
        "type": "Point",
        "coordinates": [
          7.1649123,
          51.0109795
        ]
      },
      "properties": {
        "id": 10023880369,
        "osm_type": "node",
        "name": "Milchtankstelle Landwehr",
        "opening_hours": "Mo-Su 06:00-22:00",
        "vending": "milk",
        "operator": "Milch-Bauernhof Landwehr"
      }
    },
    {
      "type": "Feature",
      "geometry": {
        "type": "Point",
        "coordinates": [
          8.8019411,
          52.1916418
        ]
      },
      "properties": {
        "id": 10036864259,
        "osm_type": "node",
        "vending": "food",
        "operator": "Biohof Mohme"
      }
    },
    {
      "type": "Feature",
      "geometry": {
        "type": "Point",
        "coordinates": [
          6.2185203,
          51.2280149
        ]
      },
      "properties": {
        "id": 10052119643,
        "osm_type": "node",
        "name": "24h Erdbeeren",
        "vending": "food"
      }
    },
    {
      "type": "Feature",
      "geometry": {
        "type": "Point",
        "coordinates": [
          6.6420171,
          50.9529548
        ]
      },
      "properties": {
        "id": 10081616195,
        "osm_type": "node",
        "vending": "coffee"
      }
    },
    {
      "type": "Feature",
      "geometry": {
        "type": "Point",
        "coordinates": [
          7.2779165,
          51.3057999
        ]
      },
      "properties": {
        "id": 10095862894,
        "osm_type": "node",
        "opening_hours": "Mo-Sa 07:00-19:00; Su 08:00-19:00",
        "vending": "milk;eggs",
        "operator": "Hof Oberberge"
      }
    },
    {
      "type": "Feature",
      "geometry": {
        "type": "Point",
        "coordinates": [
          6.2802261,
          51.3410644
        ]
      },
      "properties": {
        "id": 10100989405,
        "osm_type": "node",
        "vending": "drinks",
        "operator": "Jugendherberge Nettetal-Hinsbeck",
        "check_date": "2024-07-12"
      }
    },
    {
      "type": "Feature",
      "geometry": {
        "type": "Point",
        "coordinates": [
          6.2798828,
          51.3409006
        ]
      },
      "properties": {
        "id": 10100989406,
        "osm_type": "node",
        "vending": "drinks;food",
        "operator": "Jugendherberge Nettetal-Hinsbeck",
        "check_date": "2024-07-12"
      }
    },
    {
      "type": "Feature",
      "geometry": {
        "type": "Point",
        "coordinates": [
          7.0963484,
          50.7323817
        ]
      },
      "properties": {
        "id": 10123395483,
        "osm_type": "node",
        "vending": "drinks;sweets",
        "brand": "Selecta",
        "operator": "selecta",
        "check_date": "2024-04-14"
      }
    },
    {
      "type": "Feature",
      "geometry": {
        "type": "Point",
        "coordinates": [
          6.5409787,
          51.3486321
        ]
      },
      "properties": {
        "id": 10162503942,
        "osm_type": "node",
        "vending": "food"
      }
    },
    {
      "type": "Feature",
      "geometry": {
        "type": "Point",
        "coordinates": [
          6.5409955,
          51.3486424
        ]
      },
      "properties": {
        "id": 10162503943,
        "osm_type": "node",
        "vending": "drinks"
      }
    },
    {
      "type": "Feature",
      "geometry": {
        "type": "Point",
        "coordinates": [
          7.8033492,
          51.4755655
        ]
      },
      "properties": {
        "id": 10180546609,
        "osm_type": "node",
        "vending": "drinks;food"
      }
    },
    {
      "type": "Feature",
      "geometry": {
        "type": "Point",
        "coordinates": [
          8.6938945,
          51.2116472
        ]
      },
      "properties": {
        "id": 10186587940,
        "osm_type": "node",
        "vending": "food;milk",
        "operator": "Schreiber Bio Hof"
      }
    },
    {
      "type": "Feature",
      "geometry": {
        "type": "Point",
        "coordinates": [
          8.6940332,
          51.211769
        ]
      },
      "properties": {
        "id": 10186587941,
        "osm_type": "node",
        "vending": "drinks",
        "operator": "Schreiber Bio Hof"
      }
    },
    {
      "type": "Feature",
      "geometry": {
        "type": "Point",
        "coordinates": [
          7.2875072,
          51.4403887
        ]
      },
      "properties": {
        "id": 10225476004,
        "osm_type": "node",
        "vending": "drinks;food"
      }
    },
    {
      "type": "Feature",
      "geometry": {
        "type": "Point",
        "coordinates": [
          7.2382146,
          51.4762959
        ]
      },
      "properties": {
        "id": 10238969745,
        "osm_type": "node",
        "vending": "drinks;sweets",
        "check_date": "2025-03-22"
      }
    },
    {
      "type": "Feature",
      "geometry": {
        "type": "Point",
        "coordinates": [
          7.2382815,
          51.4762873
        ]
      },
      "properties": {
        "id": 10238976811,
        "osm_type": "node",
        "vending": "coffee",
        "check_date": "2025-03-22"
      }
    },
    {
      "type": "Feature",
      "geometry": {
        "type": "Point",
        "coordinates": [
          7.6691187,
          51.8491936
        ]
      },
      "properties": {
        "id": 10274810826,
        "osm_type": "node",
        "vending": "milk",
        "operator": "Bioland-Hof Deventer"
      }
    },
    {
      "type": "Feature",
      "geometry": {
        "type": "Point",
        "coordinates": [
          7.7803509,
          51.6879477
        ]
      },
      "properties": {
        "id": 10284513640,
        "osm_type": "node",
        "vending": "coffee"
      }
    },
    {
      "type": "Feature",
      "geometry": {
        "type": "Point",
        "coordinates": [
          7.7803643,
          51.6879478
        ]
      },
      "properties": {
        "id": 10284513641,
        "osm_type": "node",
        "vending": "drinks"
      }
    },
    {
      "type": "Feature",
      "geometry": {
        "type": "Point",
        "coordinates": [
          9.3522965,
          51.8032969
        ]
      },
      "properties": {
        "id": 10296868996,
        "osm_type": "node",
        "vending": "food",
        "operator": "Fleischer-Fachgeschäft Hartmann"
      }
    },
    {
      "type": "Feature",
      "geometry": {
        "type": "Point",
        "coordinates": [
          7.6711608,
          51.4241754
        ]
      },
      "properties": {
        "id": 10304643271,
        "osm_type": "node",
        "vending": "coffee",
        "check_date": "2026-02-04"
      }
    },
    {
      "type": "Feature",
      "geometry": {
        "type": "Point",
        "coordinates": [
          7.6186565,
          52.0304083
        ]
      },
      "properties": {
        "id": 10540099231,
        "osm_type": "node",
        "opening_hours": "24/7",
        "vending": "food"
      }
    },
    {
      "type": "Feature",
      "geometry": {
        "type": "Point",
        "coordinates": [
          6.7863834,
          51.2922082
        ]
      },
      "properties": {
        "id": 10575294786,
        "osm_type": "node",
        "vending": "chewing_gums;drinks;food;sweets",
        "operator": "Geile Warenautomaten GmbH",
        "check_date": "2025-03-13"
      }
    },
    {
      "type": "Feature",
      "geometry": {
        "type": "Point",
        "coordinates": [
          6.9895816,
          51.4360008
        ]
      },
      "properties": {
        "id": 10584171069,
        "osm_type": "node",
        "vending": "sweets;food;drinks;coffee;water;snacks",
        "check_date": "2023-01-26"
      }
    },
    {
      "type": "Feature",
      "geometry": {
        "type": "Point",
        "coordinates": [
          6.6844571,
          51.2046293
        ]
      },
      "properties": {
        "id": 10586374245,
        "osm_type": "node",
        "vending": "drinks"
      }
    },
    {
      "type": "Feature",
      "geometry": {
        "type": "Point",
        "coordinates": [
          7.1257432,
          51.4325956
        ]
      },
      "properties": {
        "id": 10592006271,
        "osm_type": "node",
        "vending": "coffee;food"
      }
    },
    {
      "type": "Feature",
      "geometry": {
        "type": "Point",
        "coordinates": [
          6.2585793,
          51.3863806
        ]
      },
      "properties": {
        "id": 10600136575,
        "osm_type": "node",
        "vending": "coffee;drinks"
      }
    },
    {
      "type": "Feature",
      "geometry": {
        "type": "Point",
        "coordinates": [
          6.8462046,
          51.1945437
        ]
      },
      "properties": {
        "id": 10614898384,
        "osm_type": "node",
        "name": "Regio-Box",
        "vending": "food"
      }
    },
    {
      "type": "Feature",
      "geometry": {
        "type": "Point",
        "coordinates": [
          7.8609807,
          52.113143
        ]
      },
      "properties": {
        "id": 10655473173,
        "osm_type": "node",
        "vending": "eggs;food;drinks;milk;sweets",
        "operator": "LandOmat"
      }
    },
    {
      "type": "Feature",
      "geometry": {
        "type": "Point",
        "coordinates": [
          7.9039566,
          51.7740945
        ]
      },
      "properties": {
        "id": 10665128676,
        "osm_type": "node",
        "vending": "food",
        "check_date": "2025-02"
      }
    },
    {
      "type": "Feature",
      "geometry": {
        "type": "Point",
        "coordinates": [
          7.321456,
          51.7359054
        ]
      },
      "properties": {
        "id": 10681344523,
        "osm_type": "node",
        "vending": "food;potatos",
        "operator": "Hof Vinnemann"
      }
    },
    {
      "type": "Feature",
      "geometry": {
        "type": "Point",
        "coordinates": [
          7.7788404,
          51.6927585
        ]
      },
      "properties": {
        "id": 10681488421,
        "osm_type": "node",
        "vending": "coffee",
        "operator": "Kaufland"
      }
    },
    {
      "type": "Feature",
      "geometry": {
        "type": "Point",
        "coordinates": [
          6.5694842,
          51.3253045
        ]
      },
      "properties": {
        "id": 10682852555,
        "osm_type": "node",
        "opening_hours": "24/7",
        "vending": "snacks"
      }
    },
    {
      "type": "Feature",
      "geometry": {
        "type": "Point",
        "coordinates": [
          7.453263,
          51.8785748
        ]
      },
      "properties": {
        "id": 10704897686,
        "osm_type": "node",
        "vending": "eggs;ice_cream;milk"
      }
    },
    {
      "type": "Feature",
      "geometry": {
        "type": "Point",
        "coordinates": [
          6.989281,
          51.9608252
        ]
      },
      "properties": {
        "id": 10722290983,
        "osm_type": "node",
        "vending": "sweets;drinks"
      }
    },
    {
      "type": "Feature",
      "geometry": {
        "type": "Point",
        "coordinates": [
          8.7335947,
          51.9652572
        ]
      },
      "properties": {
        "id": 10723332427,
        "osm_type": "node",
        "vending": "food"
      }
    },
    {
      "type": "Feature",
      "geometry": {
        "type": "Point",
        "coordinates": [
          6.6279702,
          51.778001
        ]
      },
      "properties": {
        "id": 10748302397,
        "osm_type": "node",
        "name": "Hofladen Brauer",
        "opening_hours": "Mo-Su 08:00-19:00",
        "vending": "food",
        "operator": "Johannes Brauer"
      }
    },
    {
      "type": "Feature",
      "geometry": {
        "type": "Point",
        "coordinates": [
          6.4348236,
          51.1941509
        ]
      },
      "properties": {
        "id": 10751710329,
        "osm_type": "node",
        "name": "Day & Night",
        "opening_hours": "24/7",
        "vending": "drinks",
        "check_date": "2025-12"
      }
    },
    {
      "type": "Feature",
      "geometry": {
        "type": "Point",
        "coordinates": [
          7.3211314,
          50.7206202
        ]
      },
      "properties": {
        "id": 10771272654,
        "osm_type": "node",
        "vending": "food",
        "check_date": "2025-10-16"
      }
    },
    {
      "type": "Feature",
      "geometry": {
        "type": "Point",
        "coordinates": [
          7.321111,
          50.720625
        ]
      },
      "properties": {
        "id": 10771272655,
        "osm_type": "node",
        "vending": "drinks",
        "check_date": "2025-10-16"
      }
    },
    {
      "type": "Feature",
      "geometry": {
        "type": "Point",
        "coordinates": [
          6.4186687,
          51.1102247
        ]
      },
      "properties": {
        "id": 10792916005,
        "osm_type": "node",
        "vending": "food",
        "operator": "Finkenberger Hof"
      }
    },
    {
      "type": "Feature",
      "geometry": {
        "type": "Point",
        "coordinates": [
          6.5118832,
          51.15287
        ]
      },
      "properties": {
        "id": 10793274881,
        "osm_type": "node",
        "vending": "food",
        "operator": "Birkshof",
        "check_date": "2024-07"
      }
    },
    {
      "type": "Feature",
      "geometry": {
        "type": "Point",
        "coordinates": [
          6.410183,
          51.2110684
        ]
      },
      "properties": {
        "id": 10811087506,
        "osm_type": "node",
        "opening_hours": "24/7",
        "vending": "food",
        "operator": "Brungs Bauernladen GbR",
        "check_date": "2023-04-14"
      }
    },
    {
      "type": "Feature",
      "geometry": {
        "type": "Point",
        "coordinates": [
          6.0548346,
          50.7598227
        ]
      },
      "properties": {
        "id": 10813982602,
        "osm_type": "node",
        "name": "Bio-Automat Gut Hasselholz",
        "vending": "drinks;milk;coffee;honey;beer",
        "operator": "Gut Hasselholz",
        "check_date": "2025-08-24"
      }
    },
    {
      "type": "Feature",
      "geometry": {
        "type": "Point",
        "coordinates": [
          6.9414879,
          51.1312506
        ]
      },
      "properties": {
        "id": 10817105591,
        "osm_type": "node",
        "vending": "food",
        "operator": "Gladbachs Bauernmarkt",
        "check_date": "2024-08-04"
      }
    },
    {
      "type": "Feature",
      "geometry": {
        "type": "Point",
        "coordinates": [
          6.8319792,
          50.6497402
        ]
      },
      "properties": {
        "id": 10830137230,
        "osm_type": "node",
        "vending": "food"
      }
    },
    {
      "type": "Feature",
      "geometry": {
        "type": "Point",
        "coordinates": [
          7.9708563,
          51.1844498
        ]
      },
      "properties": {
        "id": 10831728257,
        "osm_type": "node",
        "name": "Wurst-O-Mat",
        "vending": "food",
        "operator": "Metten Fleischwaren",
        "check_date": "2025-05-22"
      }
    },
    {
      "type": "Feature",
      "geometry": {
        "type": "Point",
        "coordinates": [
          8.504463,
          51.1858568
        ]
      },
      "properties": {
        "id": 10835616609,
        "osm_type": "node",
        "vending": "ice_cream",
        "check_date": "2025-04-26"
      }
    },
    {
      "type": "Feature",
      "geometry": {
        "type": "Point",
        "coordinates": [
          6.5588239,
          51.8506506
        ]
      },
      "properties": {
        "id": 10871049420,
        "osm_type": "node",
        "vending": "drinks;sweets;coffee",
        "operator": "Schönwald"
      }
    },
    {
      "type": "Feature",
      "geometry": {
        "type": "Point",
        "coordinates": [
          6.2940679,
          50.8202632
        ]
      },
      "properties": {
        "id": 10871749757,
        "osm_type": "node",
        "name": "Die Wurst Box",
        "opening_hours": "24/7",
        "vending": "food"
      }
    },
    {
      "type": "Feature",
      "geometry": {
        "type": "Point",
        "coordinates": [
          6.641219,
          51.3341695
        ]
      },
      "properties": {
        "id": 10872240562,
        "osm_type": "node",
        "opening_hours": "24/7",
        "vending": "eggs;food",
        "operator": "Mühlenhof"
      }
    },
    {
      "type": "Feature",
      "geometry": {
        "type": "Point",
        "coordinates": [
          7.093637,
          50.7170736
        ]
      },
      "properties": {
        "id": 10873074149,
        "osm_type": "node",
        "vending": "coffee;food",
        "check_date": "2025-12-09"
      }
    },
    {
      "type": "Feature",
      "geometry": {
        "type": "Point",
        "coordinates": [
          7.2026198,
          50.7940635
        ]
      },
      "properties": {
        "id": 10873255003,
        "osm_type": "node",
        "vending": "drinks",
        "operator": "Geile Warenautomaten GmbH",
        "check_date": "2025-05-27"
      }
    },
    {
      "type": "Feature",
      "geometry": {
        "type": "Point",
        "coordinates": [
          6.9520209,
          51.8312688
        ]
      },
      "properties": {
        "id": 10875080487,
        "osm_type": "node",
        "name": "Limbergs Bauernstübchen",
        "vending": "egg;potato;onion;noodle;honey;food;ice_cream",
        "operator": "Familie Limberg"
      }
    },
    {
      "type": "Feature",
      "geometry": {
        "type": "Point",
        "coordinates": [
          6.5691922,
          51.3258666
        ]
      },
      "properties": {
        "id": 10879411993,
        "osm_type": "node",
        "vending": "drinks",
        "operator": "Geile Warenautomaten GmbH"
      }
    },
    {
      "type": "Feature",
      "geometry": {
        "type": "Point",
        "coordinates": [
          6.5691762,
          51.325862
        ]
      },
      "properties": {
        "id": 10879411994,
        "osm_type": "node",
        "vending": "drinks;sweets",
        "operator": "Geile Warenautomaten GmbH"
      }
    },
    {
      "type": "Feature",
      "geometry": {
        "type": "Point",
        "coordinates": [
          6.9511847,
          51.8168014
        ]
      },
      "properties": {
        "id": 10879520636,
        "osm_type": "node",
        "name": "Hof Hüppe",
        "vending": "egg;potato;onion;noodle;honey;food;sausage;meat",
        "operator": "Familie Hüppe"
      }
    },
    {
      "type": "Feature",
      "geometry": {
        "type": "Point",
        "coordinates": [
          6.2689468,
          51.326841
        ]
      },
      "properties": {
        "id": 10893686726,
        "osm_type": "node",
        "opening_hours": "Mo-Sa 07:00-22:00; Su 08:00-22:00",
        "vending": "food",
        "operator": "Fam. Wimmen"
      }
    },
    {
      "type": "Feature",
      "geometry": {
        "type": "Point",
        "coordinates": [
          7.2108222,
          51.4213796
        ]
      },
      "properties": {
        "id": 10894221865,
        "osm_type": "node",
        "opening_hours": "24/7",
        "vending": "food"
      }
    },
    {
      "type": "Feature",
      "geometry": {
        "type": "Point",
        "coordinates": [
          7.5281018,
          52.1771302
        ]
      },
      "properties": {
        "id": 10917856741,
        "osm_type": "node",
        "name": "Verkaufsautomat",
        "opening_hours": "24/7",
        "vending": "food",
        "operator": "Münsterländer Speisekammer"
      }
    },
    {
      "type": "Feature",
      "geometry": {
        "type": "Point",
        "coordinates": [
          7.0663322,
          51.947703
        ]
      },
      "properties": {
        "id": 10936421479,
        "osm_type": "node",
        "name": "Hof Menker",
        "vending": "food;drinks;eggs;ice"
      }
    },
    {
      "type": "Feature",
      "geometry": {
        "type": "Point",
        "coordinates": [
          6.9617727,
          51.5425662
        ]
      },
      "properties": {
        "id": 10937881800,
        "osm_type": "node",
        "name": "Verkaufsautomat Liesenfeldhof",
        "opening_hours": "24/7",
        "vending": "food;drinks;sweets;milk;eggs;ice_cream;candles;snacks;potatoes",
        "check_date": "2026-01-21"
      }
    },
    {
      "type": "Feature",
      "geometry": {
        "type": "Point",
        "coordinates": [
          7.0755685,
          51.4505871
        ]
      },
      "properties": {
        "id": 10942518016,
        "osm_type": "node",
        "vending": "drinks;sweets",
        "operator": "Geile Warenautomaten GmbH",
        "check_date": "2025-07-26"
      }
    },
    {
      "type": "Feature",
      "geometry": {
        "type": "Point",
        "coordinates": [
          6.5934938,
          50.4652443
        ]
      },
      "properties": {
        "id": 10942907106,
        "osm_type": "node",
        "vending": "drinks"
      }
    },
    {
      "type": "Feature",
      "geometry": {
        "type": "Point",
        "coordinates": [
          6.0908732,
          50.7677686
        ]
      },
      "properties": {
        "id": 10963326034,
        "osm_type": "node",
        "vending": "drinks",
        "check_date": "2025-06-20"
      }
    },
    {
      "type": "Feature",
      "geometry": {
        "type": "Point",
        "coordinates": [
          6.0908632,
          50.7677667
        ]
      },
      "properties": {
        "id": 10963326035,
        "osm_type": "node",
        "vending": "food",
        "check_date": "2025-06-20"
      }
    },
    {
      "type": "Feature",
      "geometry": {
        "type": "Point",
        "coordinates": [
          6.0909644,
          50.7675519
        ]
      },
      "properties": {
        "id": 10963326036,
        "osm_type": "node",
        "vending": "drinks",
        "check_date": "2025-06-20"
      }
    },
    {
      "type": "Feature",
      "geometry": {
        "type": "Point",
        "coordinates": [
          6.0909544,
          50.76755
        ]
      },
      "properties": {
        "id": 10963326037,
        "osm_type": "node",
        "vending": "food",
        "check_date": "2025-06-20"
      }
    },
    {
      "type": "Feature",
      "geometry": {
        "type": "Point",
        "coordinates": [
          6.0909973,
          50.7674305
        ]
      },
      "properties": {
        "id": 10963326038,
        "osm_type": "node",
        "vending": "food",
        "check_date": "2025-07-04"
      }
    },
    {
      "type": "Feature",
      "geometry": {
        "type": "Point",
        "coordinates": [
          6.0910073,
          50.7674324
        ]
      },
      "properties": {
        "id": 10963326039,
        "osm_type": "node",
        "vending": "drinks",
        "check_date": "2025-07-04"
      }
    },
    {
      "type": "Feature",
      "geometry": {
        "type": "Point",
        "coordinates": [
          7.5191285,
          51.5552559
        ]
      },
      "properties": {
        "id": 10965120163,
        "osm_type": "node",
        "vending": "food"
      }
    },
    {
      "type": "Feature",
      "geometry": {
        "type": "Point",
        "coordinates": [
          7.2215816,
          51.2741722
        ]
      },
      "properties": {
        "id": 10974264899,
        "osm_type": "node",
        "vending": "drinks",
        "operator": "Geile Warenautomaten GmbH",
        "check_date": "2025-08-31"
      }
    },
    {
      "type": "Feature",
      "geometry": {
        "type": "Point",
        "coordinates": [
          8.665991,
          51.6420743
        ]
      },
      "properties": {
        "id": 10979655211,
        "osm_type": "node",
        "vending": "ice_cream",
        "check_date": "2026-04-30"
      }
    },
    {
      "type": "Feature",
      "geometry": {
        "type": "Point",
        "coordinates": [
          7.4592703,
          51.5184779
        ]
      },
      "properties": {
        "id": 10981597236,
        "osm_type": "node",
        "vending": "chewing_gums;drinks;food;sweets",
        "operator": "Geile Warenautomaten GmbH",
        "check_date": "2025-06-24"
      }
    },
    {
      "type": "Feature",
      "geometry": {
        "type": "Point",
        "coordinates": [
          7.4592734,
          51.5184659
        ]
      },
      "properties": {
        "id": 10981597237,
        "osm_type": "node",
        "vending": "drinks",
        "operator": "Geile Warenautomaten GmbH",
        "check_date": "2025-06-24"
      }
    },
    {
      "type": "Feature",
      "geometry": {
        "type": "Point",
        "coordinates": [
          7.4593313,
          51.5182532
        ]
      },
      "properties": {
        "id": 10981597290,
        "osm_type": "node",
        "vending": "chewing_gums;drinks;food;sweets",
        "operator": "Geile Warenautomaten GmbH",
        "check_date": "2024-06-24"
      }
    },
    {
      "type": "Feature",
      "geometry": {
        "type": "Point",
        "coordinates": [
          7.4594323,
          51.5179117
        ]
      },
      "properties": {
        "id": 10981597361,
        "osm_type": "node",
        "vending": "drinks",
        "operator": "Geile Warenautomaten GmbH",
        "check_date": "2025-03-02"
      }
    },
    {
      "type": "Feature",
      "geometry": {
        "type": "Point",
        "coordinates": [
          7.4594292,
          51.5179237
        ]
      },
      "properties": {
        "id": 10981597362,
        "osm_type": "node",
        "vending": "chewing_gums;drinks;food;sweets",
        "operator": "Geile Warenautomaten GmbH",
        "check_date": "2024-06-16"
      }
    },
    {
      "type": "Feature",
      "geometry": {
        "type": "Point",
        "coordinates": [
          7.458534,
          51.5179819
        ]
      },
      "properties": {
        "id": 10981597587,
        "osm_type": "node",
        "vending": "chewing_gums;drinks;food;sweets",
        "operator": "Geile Warenautomaten GmbH",
        "check_date": "2025-12-04"
      }
    },
    {
      "type": "Feature",
      "geometry": {
        "type": "Point",
        "coordinates": [
          7.4585305,
          51.5179938
        ]
      },
      "properties": {
        "id": 10981597588,
        "osm_type": "node",
        "vending": "drinks",
        "operator": "Geile Warenautomaten GmbH",
        "check_date": "2026-01-26"
      }
    },
    {
      "type": "Feature",
      "geometry": {
        "type": "Point",
        "coordinates": [
          7.4593746,
          51.5181088
        ]
      },
      "properties": {
        "id": 10981597624,
        "osm_type": "node",
        "vending": "chewing_gums;drinks;food;sweets",
        "operator": "Geile Warenautomaten GmbH",
        "check_date": "2025-03-02"
      }
    },
    {
      "type": "Feature",
      "geometry": {
        "type": "Point",
        "coordinates": [
          7.4593777,
          51.5180969
        ]
      },
      "properties": {
        "id": 10981597625,
        "osm_type": "node",
        "vending": "drinks",
        "operator": "Geile Warenautomaten GmbH",
        "check_date": "2025-03-02"
      }
    },
    {
      "type": "Feature",
      "geometry": {
        "type": "Point",
        "coordinates": [
          7.9905494,
          51.9520993
        ]
      },
      "properties": {
        "id": 10984581166,
        "osm_type": "node",
        "opening_hours": "24/7",
        "vending": "drinks",
        "operator": "Herr Anton"
      }
    },
    {
      "type": "Feature",
      "geometry": {
        "type": "Point",
        "coordinates": [
          8.7567312,
          51.7214132
        ]
      },
      "properties": {
        "id": 11014630140,
        "osm_type": "node",
        "name": "20 FOUR 7",
        "opening_hours": "24/7",
        "vending": "food;sweets;meat;beverages;alcohol;cigarettes",
        "check_date": "2026-02-22"
      }
    },
    {
      "type": "Feature",
      "geometry": {
        "type": "Point",
        "coordinates": [
          7.7714525,
          51.4767349
        ]
      },
      "properties": {
        "id": 11020352131,
        "osm_type": "node",
        "name": "Greenomat Snackautomat",
        "vending": "food;drinks",
        "operator": "Greenomat"
      }
    },
    {
      "type": "Feature",
      "geometry": {
        "type": "Point",
        "coordinates": [
          6.2877718,
          51.1960709
        ]
      },
      "properties": {
        "id": 11038619548,
        "osm_type": "node",
        "opening_hours": "24/7",
        "vending": "food",
        "operator": "Vennbachhof",
        "check_date": "2026-04-24"
      }
    },
    {
      "type": "Feature",
      "geometry": {
        "type": "Point",
        "coordinates": [
          6.0368844,
          50.7591682
        ]
      },
      "properties": {
        "id": 11039418755,
        "osm_type": "node",
        "name": "Eis Casal Würselen",
        "opening_hours": "24/7",
        "vending": "ice_cream"
      }
    },
    {
      "type": "Feature",
      "geometry": {
        "type": "Point",
        "coordinates": [
          7.703542,
          51.1828612
        ]
      },
      "properties": {
        "id": 11052653544,
        "osm_type": "node",
        "vending": "drinks;food;milk;eggs;sausages;cheese"
      }
    },
    {
      "type": "Feature",
      "geometry": {
        "type": "Point",
        "coordinates": [
          7.5061267,
          52.3346686
        ]
      },
      "properties": {
        "id": 11054276668,
        "osm_type": "node",
        "vending": "milk"
      }
    },
    {
      "type": "Feature",
      "geometry": {
        "type": "Point",
        "coordinates": [
          7.5061511,
          52.3346685
        ]
      },
      "properties": {
        "id": 11054276669,
        "osm_type": "node",
        "vending": "food;eggs"
      }
    },
    {
      "type": "Feature",
      "geometry": {
        "type": "Point",
        "coordinates": [
          8.0182438,
          51.1089105
        ]
      },
      "properties": {
        "id": 11071842139,
        "osm_type": "node",
        "vending": "drinks;honey"
      }
    },
    {
      "type": "Feature",
      "geometry": {
        "type": "Point",
        "coordinates": [
          7.9544098,
          51.7008394
        ]
      },
      "properties": {
        "id": 11076852857,
        "osm_type": "node",
        "vending": "drinks;sweets"
      }
    },
    {
      "type": "Feature",
      "geometry": {
        "type": "Point",
        "coordinates": [
          6.7522939,
          51.25983
        ]
      },
      "properties": {
        "id": 11076959489,
        "osm_type": "node",
        "vending": "ice_cream"
      }
    },
    {
      "type": "Feature",
      "geometry": {
        "type": "Point",
        "coordinates": [
          7.0799717,
          50.6988018
        ]
      },
      "properties": {
        "id": 11081198305,
        "osm_type": "node",
        "vending": "ice_cream",
        "check_date": "2025-10-26"
      }
    },
    {
      "type": "Feature",
      "geometry": {
        "type": "Point",
        "coordinates": [
          8.0995524,
          51.2271086
        ]
      },
      "properties": {
        "id": 11092829087,
        "osm_type": "node",
        "vending": "food"
      }
    },
    {
      "type": "Feature",
      "geometry": {
        "type": "Point",
        "coordinates": [
          6.5411367,
          51.3486879
        ]
      },
      "properties": {
        "id": 11104480498,
        "osm_type": "node",
        "vending": "Drinks;ice_cream;drinks",
        "check_date": "2023-08-10"
      }
    },
    {
      "type": "Feature",
      "geometry": {
        "type": "Point",
        "coordinates": [
          7.6177792,
          50.8766656
        ]
      },
      "properties": {
        "id": 11108341009,
        "osm_type": "node",
        "vending": "drinks;sweets"
      }
    },
    {
      "type": "Feature",
      "geometry": {
        "type": "Point",
        "coordinates": [
          7.1926605,
          51.3939766
        ]
      },
      "properties": {
        "id": 11110067413,
        "osm_type": "node",
        "vending": "drinks"
      }
    },
    {
      "type": "Feature",
      "geometry": {
        "type": "Point",
        "coordinates": [
          7.1884707,
          51.4071761
        ]
      },
      "properties": {
        "id": 11112330819,
        "osm_type": "node",
        "vending": "drinks",
        "operator": "LWL Henrichshüttte"
      }
    },
    {
      "type": "Feature",
      "geometry": {
        "type": "Point",
        "coordinates": [
          7.1886676,
          51.4072472
        ]
      },
      "properties": {
        "id": 11112330820,
        "osm_type": "node",
        "vending": "drinks",
        "operator": "LWL Henrichshüttte"
      }
    },
    {
      "type": "Feature",
      "geometry": {
        "type": "Point",
        "coordinates": [
          6.8140407,
          50.9372612
        ]
      },
      "properties": {
        "id": 11121572220,
        "osm_type": "node",
        "name": "24/7 Frischebox",
        "opening_hours": "24/7",
        "vending": "food",
        "operator": "Gut Clarenhof"
      }
    },
    {
      "type": "Feature",
      "geometry": {
        "type": "Point",
        "coordinates": [
          6.7761023,
          51.430586
        ]
      },
      "properties": {
        "id": 11132377597,
        "osm_type": "node",
        "vending": "drinks",
        "operator": "Geile Warenautomaten GmbH"
      }
    },
    {
      "type": "Feature",
      "geometry": {
        "type": "Point",
        "coordinates": [
          6.7760837,
          51.4306065
        ]
      },
      "properties": {
        "id": 11132377599,
        "osm_type": "node",
        "vending": "drinks",
        "operator": "Geile Warenautomaten GmbH"
      }
    },
    {
      "type": "Feature",
      "geometry": {
        "type": "Point",
        "coordinates": [
          6.4506664,
          51.1967901
        ]
      },
      "properties": {
        "id": 11138779618,
        "osm_type": "node",
        "vending": "drinks;sweets;food",
        "operator": "www.automaten.store"
      }
    },
    {
      "type": "Feature",
      "geometry": {
        "type": "Point",
        "coordinates": [
          6.5026999,
          51.2282571
        ]
      },
      "properties": {
        "id": 11138806768,
        "osm_type": "node",
        "vending": "sweets;drinks;food;coffee"
      }
    },
    {
      "type": "Feature",
      "geometry": {
        "type": "Point",
        "coordinates": [
          8.8688853,
          51.5113822
        ]
      },
      "properties": {
        "id": 11139817198,
        "osm_type": "node",
        "vending": "food"
      }
    },
    {
      "type": "Feature",
      "geometry": {
        "type": "Point",
        "coordinates": [
          7.3101706,
          52.0729173
        ]
      },
      "properties": {
        "id": 11148914307,
        "osm_type": "node",
        "vending": "food",
        "operator": "Fleischerei Puschmann"
      }
    },
    {
      "type": "Feature",
      "geometry": {
        "type": "Point",
        "coordinates": [
          7.3101972,
          52.0729141
        ]
      },
      "properties": {
        "id": 11148914308,
        "osm_type": "node",
        "vending": "food",
        "operator": "Fleischerei Puschmann"
      }
    },
    {
      "type": "Feature",
      "geometry": {
        "type": "Point",
        "coordinates": [
          6.5867379,
          50.9267568
        ]
      },
      "properties": {
        "id": 11160416249,
        "osm_type": "node",
        "vending": "food",
        "operator": "Regiomat"
      }
    },
    {
      "type": "Feature",
      "geometry": {
        "type": "Point",
        "coordinates": [
          6.3403632,
          51.47075
        ]
      },
      "properties": {
        "id": 11160572502,
        "osm_type": "node",
        "vending": "milk"
      }
    },
    {
      "type": "Feature",
      "geometry": {
        "type": "Point",
        "coordinates": [
          6.3898672,
          51.2051675
        ]
      },
      "properties": {
        "id": 11172226781,
        "osm_type": "node",
        "name": "Der frische Frank",
        "vending": "food"
      }
    },
    {
      "type": "Feature",
      "geometry": {
        "type": "Point",
        "coordinates": [
          6.4233585,
          51.428498
        ]
      },
      "properties": {
        "id": 11176064450,
        "osm_type": "node",
        "name": "Schmeck Lecker Eis",
        "opening_hours": "24/7",
        "vending": "ice_cream",
        "check_date": "2023-09-08"
      }
    },
    {
      "type": "Feature",
      "geometry": {
        "type": "Point",
        "coordinates": [
          7.7823219,
          51.4739575
        ]
      },
      "properties": {
        "id": 11179117024,
        "osm_type": "node",
        "name": "Greenomat Snackautomat",
        "vending": "food;drinks",
        "operator": "Greenomat",
        "check_date": "2026-02-08"
      }
    },
    {
      "type": "Feature",
      "geometry": {
        "type": "Point",
        "coordinates": [
          8.0544751,
          51.7502607
        ]
      },
      "properties": {
        "id": 11186343713,
        "osm_type": "node",
        "vending": "drinks;sweets;food",
        "operator": "Späti24"
      }
    },
    {
      "type": "Feature",
      "geometry": {
        "type": "Point",
        "coordinates": [
          7.3576949,
          51.7260984
        ]
      },
      "properties": {
        "id": 11187698550,
        "osm_type": "node",
        "name": "Stever-Lippe-Eis",
        "vending": "ice_cream"
      }
    },
    {
      "type": "Feature",
      "geometry": {
        "type": "Point",
        "coordinates": [
          7.2600919,
          51.4655612
        ]
      },
      "properties": {
        "id": 11197159855,
        "osm_type": "node",
        "vending": "food"
      }
    },
    {
      "type": "Feature",
      "geometry": {
        "type": "Point",
        "coordinates": [
          7.2600663,
          51.4655568
        ]
      },
      "properties": {
        "id": 11197159856,
        "osm_type": "node",
        "vending": "drinks"
      }
    },
    {
      "type": "Feature",
      "geometry": {
        "type": "Point",
        "coordinates": [
          9.3241978,
          51.8253421
        ]
      },
      "properties": {
        "id": 11219229425,
        "osm_type": "node",
        "vending": "food;eggs"
      }
    },
    {
      "type": "Feature",
      "geometry": {
        "type": "Point",
        "coordinates": [
          7.4658798,
          51.7034524
        ]
      },
      "properties": {
        "id": 11236737127,
        "osm_type": "node",
        "name": "Hofbox",
        "vending": "food"
      }
    },
    {
      "type": "Feature",
      "geometry": {
        "type": "Point",
        "coordinates": [
          7.6433563,
          51.6420728
        ]
      },
      "properties": {
        "id": 11253286230,
        "osm_type": "node",
        "vending": "ice_cream",
        "brand": "Eis-Berger"
      }
    },
    {
      "type": "Feature",
      "geometry": {
        "type": "Point",
        "coordinates": [
          6.9463318,
          51.7953245
        ]
      },
      "properties": {
        "id": 11253638040,
        "osm_type": "node",
        "vending": "drinks"
      }
    },
    {
      "type": "Feature",
      "geometry": {
        "type": "Point",
        "coordinates": [
          7.8845116,
          51.5494875
        ]
      },
      "properties": {
        "id": 11257988109,
        "osm_type": "node",
        "name": "Stutes Gemüsekiste",
        "opening_hours": "Jun-Nov: open; Dec-May: closed",
        "vending": "food"
      }
    },
    {
      "type": "Feature",
      "geometry": {
        "type": "Point",
        "coordinates": [
          7.4016096,
          50.7717739
        ]
      },
      "properties": {
        "id": 11264644574,
        "osm_type": "node",
        "vending": "ice_cream"
      }
    },
    {
      "type": "Feature",
      "geometry": {
        "type": "Point",
        "coordinates": [
          8.9465917,
          51.7636506
        ]
      },
      "properties": {
        "id": 11267979838,
        "osm_type": "node",
        "vending": "snacks",
        "check_date": "2026-04-19"
      }
    },
    {
      "type": "Feature",
      "geometry": {
        "type": "Point",
        "coordinates": [
          7.0273834,
          50.7460618
        ]
      },
      "properties": {
        "id": 11271441710,
        "osm_type": "node",
        "vending": "coffee"
      }
    },
    {
      "type": "Feature",
      "geometry": {
        "type": "Point",
        "coordinates": [
          8.1455216,
          51.8354437
        ]
      },
      "properties": {
        "id": 11273098966,
        "osm_type": "node",
        "vending": "food",
        "check_date": "2023-10-18"
      }
    },
    {
      "type": "Feature",
      "geometry": {
        "type": "Point",
        "coordinates": [
          9.0903483,
          51.8677321
        ]
      },
      "properties": {
        "id": 11298775549,
        "osm_type": "node",
        "name": "Snackpoint",
        "vending": "food"
      }
    },
    {
      "type": "Feature",
      "geometry": {
        "type": "Point",
        "coordinates": [
          7.0026592,
          50.8028347
        ]
      },
      "properties": {
        "id": 11371020464,
        "osm_type": "node",
        "vending": "drinks; sweets"
      }
    },
    {
      "type": "Feature",
      "geometry": {
        "type": "Point",
        "coordinates": [
          6.4169153,
          51.1027071
        ]
      },
      "properties": {
        "id": 11377530873,
        "osm_type": "node",
        "vending": "drinks;food",
        "operator": "Kappelshof"
      }
    },
    {
      "type": "Feature",
      "geometry": {
        "type": "Point",
        "coordinates": [
          7.1162483,
          50.7387694
        ]
      },
      "properties": {
        "id": 11385869534,
        "osm_type": "node",
        "vending": "food",
        "operator": "Rheinbrücke Wirtshaus",
        "check_date": "2026-03-20"
      }
    },
    {
      "type": "Feature",
      "geometry": {
        "type": "Point",
        "coordinates": [
          6.5028452,
          51.3253694
        ]
      },
      "properties": {
        "id": 11388104073,
        "osm_type": "node",
        "name": "BroodDöösken",
        "vending": "food",
        "operator": "Bäckerei & Konditorei van Densen"
      }
    },
    {
      "type": "Feature",
      "geometry": {
        "type": "Point",
        "coordinates": [
          7.2841766,
          51.8359126
        ]
      },
      "properties": {
        "id": 11409741148,
        "osm_type": "node",
        "name": "Wilde Kiste Grillgut-Automat",
        "vending": "food"
      }
    },
    {
      "type": "Feature",
      "geometry": {
        "type": "Point",
        "coordinates": [
          7.3624552,
          51.9274403
        ]
      },
      "properties": {
        "id": 11409859382,
        "osm_type": "node",
        "name": "Wilde Kiste Grillgut-Automat",
        "vending": "food"
      }
    },
    {
      "type": "Feature",
      "geometry": {
        "type": "Point",
        "coordinates": [
          7.2956689,
          51.9782502
        ]
      },
      "properties": {
        "id": 11409859384,
        "osm_type": "node",
        "name": "Wilde Kiste Grillgut-Automat",
        "vending": "food"
      }
    },
    {
      "type": "Feature",
      "geometry": {
        "type": "Point",
        "coordinates": [
          7.2586188,
          51.9349377
        ]
      },
      "properties": {
        "id": 11409859386,
        "osm_type": "node",
        "name": "Wilde Kiste Grillgut-Automat",
        "vending": "food"
      }
    },
    {
      "type": "Feature",
      "geometry": {
        "type": "Point",
        "coordinates": [
          8.7695467,
          51.7127201
        ]
      },
      "properties": {
        "id": 11449583967,
        "osm_type": "node",
        "vending": "drinks;snacks"
      }
    },
    {
      "type": "Feature",
      "geometry": {
        "type": "Point",
        "coordinates": [
          7.2752926,
          50.7852823
        ]
      },
      "properties": {
        "id": 11456470753,
        "osm_type": "node",
        "vending": "ice_cream",
        "operator": "Eiscafé Tormen"
      }
    },
    {
      "type": "Feature",
      "geometry": {
        "type": "Point",
        "coordinates": [
          7.0062293,
          51.1378792
        ]
      },
      "properties": {
        "id": 11459880394,
        "osm_type": "node",
        "vending": "food"
      }
    },
    {
      "type": "Feature",
      "geometry": {
        "type": "Point",
        "coordinates": [
          8.6994982,
          51.5214147
        ]
      },
      "properties": {
        "id": 11470988561,
        "osm_type": "node",
        "vending": "ice_cream",
        "operator": "Kaltes Süß"
      }
    },
    {
      "type": "Feature",
      "geometry": {
        "type": "Point",
        "coordinates": [
          7.7882686,
          52.2679813
        ]
      },
      "properties": {
        "id": 11472756596,
        "osm_type": "node",
        "vending": "drinks;sweets"
      }
    },
    {
      "type": "Feature",
      "geometry": {
        "type": "Point",
        "coordinates": [
          8.7015018,
          51.5201125
        ]
      },
      "properties": {
        "id": 11472757881,
        "osm_type": "node",
        "vending": "food"
      }
    },
    {
      "type": "Feature",
      "geometry": {
        "type": "Point",
        "coordinates": [
          7.0142842,
          51.1414711
        ]
      },
      "properties": {
        "id": 11473409526,
        "osm_type": "node",
        "vending": "drinks;sweets;vapes",
        "check_date": "2026-03-05"
      }
    },
    {
      "type": "Feature",
      "geometry": {
        "type": "Point",
        "coordinates": [
          6.0941381,
          50.8026271
        ]
      },
      "properties": {
        "id": 11482606506,
        "osm_type": "node",
        "vending": "ice_cream",
        "check_date": "2026-01-22"
      }
    },
    {
      "type": "Feature",
      "geometry": {
        "type": "Point",
        "coordinates": [
          6.5557326,
          51.1728263
        ]
      },
      "properties": {
        "id": 11482833937,
        "osm_type": "node",
        "vending": "milk;potatoes;eggs;apples"
      }
    },
    {
      "type": "Feature",
      "geometry": {
        "type": "Point",
        "coordinates": [
          8.6642754,
          52.1194552
        ]
      },
      "properties": {
        "id": 11483573170,
        "osm_type": "node",
        "vending": "sweets;drinks"
      }
    },
    {
      "type": "Feature",
      "geometry": {
        "type": "Point",
        "coordinates": [
          8.6640441,
          52.119358
        ]
      },
      "properties": {
        "id": 11483573171,
        "osm_type": "node",
        "vending": "sweets;drinks"
      }
    },
    {
      "type": "Feature",
      "geometry": {
        "type": "Point",
        "coordinates": [
          8.2859063,
          51.3461219
        ]
      },
      "properties": {
        "id": 11492135609,
        "osm_type": "node",
        "vending": "drinks;cigarettes;food;coffee;e-cigarettes",
        "operator": "Hotbox Headshop"
      }
    },
    {
      "type": "Feature",
      "geometry": {
        "type": "Point",
        "coordinates": [
          7.471584,
          52.2588636
        ]
      },
      "properties": {
        "id": 11497878958,
        "osm_type": "node",
        "vending": "food;drinks;sweets",
        "operator": "Gellendorfer Büdchen"
      }
    },
    {
      "type": "Feature",
      "geometry": {
        "type": "Point",
        "coordinates": [
          7.306545,
          51.5370234
        ]
      },
      "properties": {
        "id": 11500579759,
        "osm_type": "node",
        "vending": "bread"
      }
    },
    {
      "type": "Feature",
      "geometry": {
        "type": "Point",
        "coordinates": [
          6.416593,
          51.4382905
        ]
      },
      "properties": {
        "id": 11512108816,
        "osm_type": "node",
        "opening_hours": "24/7",
        "vending": "ice_cream",
        "operator": "Kleine Eiszeit",
        "check_date": "2024-01-12"
      }
    },
    {
      "type": "Feature",
      "geometry": {
        "type": "Point",
        "coordinates": [
          6.1867458,
          51.7705238
        ]
      },
      "properties": {
        "id": 11557864274,
        "osm_type": "node",
        "vending": "cigarettes;condoms;drinks;sweets",
        "check_date": "2026-04-25"
      }
    },
    {
      "type": "Feature",
      "geometry": {
        "type": "Point",
        "coordinates": [
          7.6259849,
          51.6638673
        ]
      },
      "properties": {
        "id": 11560804482,
        "osm_type": "node",
        "vending": "ice_cream",
        "operator": "Eis Berger"
      }
    },
    {
      "type": "Feature",
      "geometry": {
        "type": "Point",
        "coordinates": [
          7.4741391,
          51.391228
        ]
      },
      "properties": {
        "id": 11576888660,
        "osm_type": "node",
        "vending": "sweets;drinks"
      }
    },
    {
      "type": "Feature",
      "geometry": {
        "type": "Point",
        "coordinates": [
          7.4643665,
          50.995309
        ]
      },
      "properties": {
        "id": 11582067578,
        "osm_type": "node",
        "vending": "food;drinks;sweets",
        "operator": "Sielaff",
        "check_date": "2026-03-31"
      }
    },
    {
      "type": "Feature",
      "geometry": {
        "type": "Point",
        "coordinates": [
          6.3468522,
          51.8246837
        ]
      },
      "properties": {
        "id": 11597568859,
        "osm_type": "node",
        "name": "Milchzapfsäule Praest",
        "opening_hours": "24/7",
        "vending": "milk",
        "operator": "Edith & Robert Roebrock"
      }
    },
    {
      "type": "Feature",
      "geometry": {
        "type": "Point",
        "coordinates": [
          6.2953379,
          51.8490313
        ]
      },
      "properties": {
        "id": 11597568860,
        "osm_type": "node",
        "name": "Hofautomat auf dem Pekelshof",
        "opening_hours": "24/7",
        "vending": "food",
        "operator": "Martin Heister"
      }
    },
    {
      "type": "Feature",
      "geometry": {
        "type": "Point",
        "coordinates": [
          6.2948526,
          51.4917815
        ]
      },
      "properties": {
        "id": 11597568863,
        "osm_type": "node",
        "name": "Automatenverkauf",
        "opening_hours": "24/7",
        "vending": "food"
      }
    },
    {
      "type": "Feature",
      "geometry": {
        "type": "Point",
        "coordinates": [
          6.5920808,
          50.5331208
        ]
      },
      "properties": {
        "id": 11602169655,
        "osm_type": "node",
        "vending": "milk"
      }
    },
    {
      "type": "Feature",
      "geometry": {
        "type": "Point",
        "coordinates": [
          6.7518507,
          51.65614
        ]
      },
      "properties": {
        "id": 11616000934,
        "osm_type": "node",
        "vending": "food",
        "check_date": "2026-03-18"
      }
    },
    {
      "type": "Feature",
      "geometry": {
        "type": "Point",
        "coordinates": [
          6.3022782,
          51.5231944
        ]
      },
      "properties": {
        "id": 11618052605,
        "osm_type": "node",
        "vending": "food",
        "operator": "Bauernladen Böttcher"
      }
    },
    {
      "type": "Feature",
      "geometry": {
        "type": "Point",
        "coordinates": [
          6.3765763,
          51.494589
        ]
      },
      "properties": {
        "id": 11618052606,
        "osm_type": "node",
        "name": "Hartefelder Verkaufshütte",
        "opening_hours": "mo-so: 6.00 - 23.00 Uhr",
        "vending": "food"
      }
    },
    {
      "type": "Feature",
      "geometry": {
        "type": "Point",
        "coordinates": [
          6.3404107,
          51.4710774
        ]
      },
      "properties": {
        "id": 11622020507,
        "osm_type": "node",
        "name": "Jersey Hof Leurs",
        "vending": "milk",
        "operator": "Arno Leurs"
      }
    },
    {
      "type": "Feature",
      "geometry": {
        "type": "Point",
        "coordinates": [
          6.361744,
          51.4613444
        ]
      },
      "properties": {
        "id": 11622020508,
        "osm_type": "node",
        "vending": "food",
        "operator": "Hermann-Josef Külkens"
      }
    },
    {
      "type": "Feature",
      "geometry": {
        "type": "Point",
        "coordinates": [
          6.1095738,
          51.750714
        ]
      },
      "properties": {
        "id": 11622020509,
        "osm_type": "node",
        "opening_hours": "Sa 10:00-16:00",
        "vending": "milk",
        "operator": "Familie Hannen"
      }
    },
    {
      "type": "Feature",
      "geometry": {
        "type": "Point",
        "coordinates": [
          7.2953012,
          51.8274962
        ]
      },
      "properties": {
        "id": 11630458757,
        "osm_type": "node",
        "vending": "food",
        "check_date": "2026-03-24"
      }
    },
    {
      "type": "Feature",
      "geometry": {
        "type": "Point",
        "coordinates": [
          7.3494811,
          51.5304084
        ]
      },
      "properties": {
        "id": 11637922130,
        "osm_type": "node",
        "name": "Hofladen Vierhaus' Scheune",
        "vending": "food"
      }
    },
    {
      "type": "Feature",
      "geometry": {
        "type": "Point",
        "coordinates": [
          6.4674391,
          51.471355
        ]
      },
      "properties": {
        "id": 11640133871,
        "osm_type": "node",
        "vending": "food",
        "operator": "Carina Bürgers"
      }
    },
    {
      "type": "Feature",
      "geometry": {
        "type": "Point",
        "coordinates": [
          6.2724344,
          51.4600695
        ]
      },
      "properties": {
        "id": 11640133877,
        "osm_type": "node",
        "vending": "food",
        "operator": "Beterams  Permeshof Hofladen"
      }
    },
    {
      "type": "Feature",
      "geometry": {
        "type": "Point",
        "coordinates": [
          6.2620268,
          51.439497
        ]
      },
      "properties": {
        "id": 11640715581,
        "osm_type": "node",
        "vending": "food",
        "operator": "Kartoffelkiste Külkens"
      }
    },
    {
      "type": "Feature",
      "geometry": {
        "type": "Point",
        "coordinates": [
          6.3211218,
          51.4028649
        ]
      },
      "properties": {
        "id": 11640842889,
        "osm_type": "node",
        "name": "Milchtankstelle Cox",
        "vending": "food",
        "operator": "Matthias Cox"
      }
    },
    {
      "type": "Feature",
      "geometry": {
        "type": "Point",
        "coordinates": [
          6.9635779,
          51.6659749
        ]
      },
      "properties": {
        "id": 11656097931,
        "osm_type": "node",
        "vending": "drinks;food"
      }
    },
    {
      "type": "Feature",
      "geometry": {
        "type": "Point",
        "coordinates": [
          8.0420428,
          51.7598534
        ]
      },
      "properties": {
        "id": 11657375800,
        "osm_type": "node",
        "vending": "drinks;sweets",
        "brand": "Nom Nom Automaten"
      }
    },
    {
      "type": "Feature",
      "geometry": {
        "type": "Point",
        "coordinates": [
          6.4236633,
          50.951041
        ]
      },
      "properties": {
        "id": 11659505559,
        "osm_type": "node",
        "vending": "food"
      }
    },
    {
      "type": "Feature",
      "geometry": {
        "type": "Point",
        "coordinates": [
          6.6872436,
          51.2505352
        ]
      },
      "properties": {
        "id": 11660878499,
        "osm_type": "node",
        "opening_hours": "24/7",
        "vending": "food;sausage",
        "operator": "Olszynski",
        "check_date": "2024-02-24"
      }
    },
    {
      "type": "Feature",
      "geometry": {
        "type": "Point",
        "coordinates": [
          7.9707044,
          51.4380143
        ]
      },
      "properties": {
        "id": 11663031865,
        "osm_type": "node",
        "vending": "snacks;coffee"
      }
    },
    {
      "type": "Feature",
      "geometry": {
        "type": "Point",
        "coordinates": [
          6.9748766,
          50.9409215
        ]
      },
      "properties": {
        "id": 11684919339,
        "osm_type": "node",
        "vending": "drinks;sweets",
        "brand": "Selecta",
        "operator": "Selecta"
      }
    },
    {
      "type": "Feature",
      "geometry": {
        "type": "Point",
        "coordinates": [
          6.9491849,
          50.6308824
        ]
      },
      "properties": {
        "id": 11687723540,
        "osm_type": "node",
        "vending": "sweets;drinks"
      }
    },
    {
      "type": "Feature",
      "geometry": {
        "type": "Point",
        "coordinates": [
          6.8384686,
          51.8688461
        ]
      },
      "properties": {
        "id": 11692043619,
        "osm_type": "node",
        "vending": "drinks;eggs"
      }
    },
    {
      "type": "Feature",
      "geometry": {
        "type": "Point",
        "coordinates": [
          8.2052656,
          51.760071
        ]
      },
      "properties": {
        "id": 11708672589,
        "osm_type": "node",
        "vending": "food"
      }
    },
    {
      "type": "Feature",
      "geometry": {
        "type": "Point",
        "coordinates": [
          8.205268,
          51.7600832
        ]
      },
      "properties": {
        "id": 11708672590,
        "osm_type": "node",
        "vending": "milk"
      }
    },
    {
      "type": "Feature",
      "geometry": {
        "type": "Point",
        "coordinates": [
          7.6141398,
          51.3650367
        ]
      },
      "properties": {
        "id": 11712166571,
        "osm_type": "node",
        "name": "Hungry Eye 24/7 Automatenkiosk",
        "vending": "drinks;sweets;food;milk"
      }
    },
    {
      "type": "Feature",
      "geometry": {
        "type": "Point",
        "coordinates": [
          8.6468276,
          51.7866889
        ]
      },
      "properties": {
        "id": 11715871373,
        "osm_type": "node",
        "vending": "cake;coffee;eggs",
        "operator": "Hof Fortmeier"
      }
    },
    {
      "type": "Feature",
      "geometry": {
        "type": "Point",
        "coordinates": [
          8.6544102,
          51.7847841
        ]
      },
      "properties": {
        "id": 11715871374,
        "osm_type": "node",
        "vending": "drinks"
      }
    },
    {
      "type": "Feature",
      "geometry": {
        "type": "Point",
        "coordinates": [
          6.9510843,
          51.1183408
        ]
      },
      "properties": {
        "id": 11717251807,
        "osm_type": "node",
        "vending": "drinks;snacks;sweets",
        "check_date": "2025-01-02"
      }
    },
    {
      "type": "Feature",
      "geometry": {
        "type": "Point",
        "coordinates": [
          7.1871621,
          51.8927182
        ]
      },
      "properties": {
        "id": 11745951869,
        "osm_type": "node",
        "vending": "snacks"
      }
    },
    {
      "type": "Feature",
      "geometry": {
        "type": "Point",
        "coordinates": [
          7.459283,
          51.5175568
        ]
      },
      "properties": {
        "id": 11748896538,
        "osm_type": "node",
        "vending": "chewing_gums;drinks;food;sweets",
        "operator": "Geile Warenautomaten GmbH",
        "check_date": "2024-03-19"
      }
    },
    {
      "type": "Feature",
      "geometry": {
        "type": "Point",
        "coordinates": [
          7.4592786,
          51.5175763
        ]
      },
      "properties": {
        "id": 11748896539,
        "osm_type": "node",
        "vending": "drinks",
        "operator": "Geile Warenautomaten GmbH",
        "check_date": "2024-03-19"
      }
    },
    {
      "type": "Feature",
      "geometry": {
        "type": "Point",
        "coordinates": [
          7.5716608,
          51.9922057
        ]
      },
      "properties": {
        "id": 11764707253,
        "osm_type": "node",
        "name": "Herr Anton",
        "vending": "drinks;eggs;sweets;food;condoms;",
        "operator": "Herr Anton",
        "check_date": "2025-10-04"
      }
    },
    {
      "type": "Feature",
      "geometry": {
        "type": "Point",
        "coordinates": [
          7.2487262,
          51.3118141
        ]
      },
      "properties": {
        "id": 11774143626,
        "osm_type": "node",
        "vending": "drinks;sweets",
        "operator": "For 4 You Handels GmbH"
      }
    },
    {
      "type": "Feature",
      "geometry": {
        "type": "Point",
        "coordinates": [
          7.2487269,
          51.311807
        ]
      },
      "properties": {
        "id": 11774143627,
        "osm_type": "node",
        "vending": "drinks;sweets",
        "operator": "For 4 You Handels GmbH"
      }
    },
    {
      "type": "Feature",
      "geometry": {
        "type": "Point",
        "coordinates": [
          7.2487259,
          51.3118206
        ]
      },
      "properties": {
        "id": 11774143628,
        "osm_type": "node",
        "name": "Contimat",
        "vending": "ice_cream",
        "operator": "Eismanufaktur Gelateria Eiscafé Conti"
      }
    },
    {
      "type": "Feature",
      "geometry": {
        "type": "Point",
        "coordinates": [
          7.3968106,
          51.986598
        ]
      },
      "properties": {
        "id": 11774924170,
        "osm_type": "node",
        "vending": "food",
        "operator": "Lülfs Landlädchen"
      }
    },
    {
      "type": "Feature",
      "geometry": {
        "type": "Point",
        "coordinates": [
          8.7083203,
          51.7520676
        ]
      },
      "properties": {
        "id": 11782214896,
        "osm_type": "node",
        "vending": "cigarettes;drinks;snacks"
      }
    },
    {
      "type": "Feature",
      "geometry": {
        "type": "Point",
        "coordinates": [
          6.8457323,
          50.6080053
        ]
      },
      "properties": {
        "id": 11783366378,
        "osm_type": "node",
        "vending": "food",
        "operator": "hof zickzack"
      }
    },
    {
      "type": "Feature",
      "geometry": {
        "type": "Point",
        "coordinates": [
          7.825319,
          51.8687606
        ]
      },
      "properties": {
        "id": 11786822502,
        "osm_type": "node",
        "name": "Casa",
        "vending": "ice_cream",
        "operator": "Woodways"
      }
    },
    {
      "type": "Feature",
      "geometry": {
        "type": "Point",
        "coordinates": [
          7.3022143,
          51.2898601
        ]
      },
      "properties": {
        "id": 11804902327,
        "osm_type": "node",
        "name": "Don Snack 24",
        "vending": "drinks;sweets",
        "operator": "Francesco Lenti;Gandolfo Lo Curto"
      }
    },
    {
      "type": "Feature",
      "geometry": {
        "type": "Point",
        "coordinates": [
          6.7914733,
          51.1648795
        ]
      },
      "properties": {
        "id": 11809292295,
        "osm_type": "node",
        "vending": "food",
        "operator": "Bauer Büttgen"
      }
    },
    {
      "type": "Feature",
      "geometry": {
        "type": "Point",
        "coordinates": [
          7.2889369,
          51.7352255
        ]
      },
      "properties": {
        "id": 11815220947,
        "osm_type": "node",
        "opening_hours": "24/7",
        "vending": "snacks;drinks"
      }
    },
    {
      "type": "Feature",
      "geometry": {
        "type": "Point",
        "coordinates": [
          8.3789043,
          51.9086675
        ]
      },
      "properties": {
        "id": 11827010798,
        "osm_type": "node",
        "vending": "drinks;sweets"
      }
    },
    {
      "type": "Feature",
      "geometry": {
        "type": "Point",
        "coordinates": [
          8.6534701,
          52.1140188
        ]
      },
      "properties": {
        "id": 11831639054,
        "osm_type": "node",
        "vending": "drinks;sweets"
      }
    },
    {
      "type": "Feature",
      "geometry": {
        "type": "Point",
        "coordinates": [
          6.6854901,
          50.9294786
        ]
      },
      "properties": {
        "id": 11854168546,
        "osm_type": "node",
        "vending": "drinks;e-cigarettes;sweets",
        "operator": "HD Snacks"
      }
    },
    {
      "type": "Feature",
      "geometry": {
        "type": "Point",
        "coordinates": [
          8.5614764,
          51.7651363
        ]
      },
      "properties": {
        "id": 11865750453,
        "osm_type": "node",
        "opening_hours": "24/7",
        "vending": "food",
        "operator": "20four7"
      }
    },
    {
      "type": "Feature",
      "geometry": {
        "type": "Point",
        "coordinates": [
          7.7391637,
          51.5441211
        ]
      },
      "properties": {
        "id": 11869433684,
        "osm_type": "node",
        "vending": "ice_cream",
        "operator": "Milchhof Mühlhausen"
      }
    },
    {
      "type": "Feature",
      "geometry": {
        "type": "Point",
        "coordinates": [
          7.7391453,
          51.5441263
        ]
      },
      "properties": {
        "id": 11869433685,
        "osm_type": "node",
        "vending": "food",
        "operator": "Milchhof Mühlhausen"
      }
    },
    {
      "type": "Feature",
      "geometry": {
        "type": "Point",
        "coordinates": [
          6.9286017,
          51.1728652
        ]
      },
      "properties": {
        "id": 11878504171,
        "osm_type": "node",
        "vending": "drinks;sweets",
        "operator": "Tim Netzer"
      }
    },
    {
      "type": "Feature",
      "geometry": {
        "type": "Point",
        "coordinates": [
          7.0429354,
          50.7709877
        ]
      },
      "properties": {
        "id": 11878680644,
        "osm_type": "node",
        "vending": "food"
      }
    },
    {
      "type": "Feature",
      "geometry": {
        "type": "Point",
        "coordinates": [
          6.659604,
          50.544408
        ]
      },
      "properties": {
        "id": 11883763638,
        "osm_type": "node",
        "opening_hours": "11:00-19:00",
        "vending": "milk"
      }
    },
    {
      "type": "Feature",
      "geometry": {
        "type": "Point",
        "coordinates": [
          6.6596098,
          50.5443974
        ]
      },
      "properties": {
        "id": 11883828224,
        "osm_type": "node",
        "opening_hours": "11:00-19:00",
        "vending": "drinks;food;cheese;meat;honey"
      }
    },
    {
      "type": "Feature",
      "geometry": {
        "type": "Point",
        "coordinates": [
          7.468519,
          51.5079214
        ]
      },
      "properties": {
        "id": 11888828512,
        "osm_type": "node",
        "vending": "snacks"
      }
    },
    {
      "type": "Feature",
      "geometry": {
        "type": "Point",
        "coordinates": [
          6.7259478,
          50.915837
        ]
      },
      "properties": {
        "id": 11889671900,
        "osm_type": "node",
        "vending": "drinks;sweets;condoms;e-zigaretten"
      }
    },
    {
      "type": "Feature",
      "geometry": {
        "type": "Point",
        "coordinates": [
          6.7137746,
          50.9160392
        ]
      },
      "properties": {
        "id": 11889671978,
        "osm_type": "node",
        "vending": "drinks;sweets"
      }
    },
    {
      "type": "Feature",
      "geometry": {
        "type": "Point",
        "coordinates": [
          6.7118195,
          50.9147961
        ]
      },
      "properties": {
        "id": 11889671979,
        "osm_type": "node",
        "vending": "drinks;sweets;e-zigaretten;feminine_hygiene;electronics"
      }
    },
    {
      "type": "Feature",
      "geometry": {
        "type": "Point",
        "coordinates": [
          6.4136843,
          51.6645828
        ]
      },
      "properties": {
        "id": 11895371480,
        "osm_type": "node",
        "vending": "milk"
      }
    },
    {
      "type": "Feature",
      "geometry": {
        "type": "Point",
        "coordinates": [
          9.0044687,
          52.368021
        ]
      },
      "properties": {
        "id": 11898682928,
        "osm_type": "node",
        "vending": "drinks"
      }
    },
    {
      "type": "Feature",
      "geometry": {
        "type": "Point",
        "coordinates": [
          8.3574672,
          51.1689474
        ]
      },
      "properties": {
        "id": 11905047042,
        "osm_type": "node",
        "name": "Hof Müller - Frisches aus der Niedersorpe",
        "opening_hours": "24/7",
        "vending": "drinks;sweets;food;coffee;milk;eggs;ice_cream"
      }
    },
    {
      "type": "Feature",
      "geometry": {
        "type": "Point",
        "coordinates": [
          7.7686133,
          51.4711156
        ]
      },
      "properties": {
        "id": 11917928297,
        "osm_type": "node",
        "name": "SnackTime",
        "vending": "food;e-cigarettes"
      }
    },
    {
      "type": "Feature",
      "geometry": {
        "type": "Point",
        "coordinates": [
          8.6477728,
          51.8276088
        ]
      },
      "properties": {
        "id": 11920580793,
        "osm_type": "node",
        "vending": "cigarettes;drinks;food;sweets"
      }
    },
    {
      "type": "Feature",
      "geometry": {
        "type": "Point",
        "coordinates": [
          7.5424841,
          50.9852287
        ]
      },
      "properties": {
        "id": 11929311300,
        "osm_type": "node",
        "vending": "drinks;sweets"
      }
    },
    {
      "type": "Feature",
      "geometry": {
        "type": "Point",
        "coordinates": [
          6.6033337,
          51.8646091
        ]
      },
      "properties": {
        "id": 11945753969,
        "osm_type": "node",
        "opening_hours": "24/7",
        "vending": "food"
      }
    },
    {
      "type": "Feature",
      "geometry": {
        "type": "Point",
        "coordinates": [
          8.9092748,
          51.4949639
        ]
      },
      "properties": {
        "id": 11967442889,
        "osm_type": "node",
        "vending": "drinks;sweets",
        "check_date": "2024-06-09"
      }
    },
    {
      "type": "Feature",
      "geometry": {
        "type": "Point",
        "coordinates": [
          8.5370022,
          51.8172417
        ]
      },
      "properties": {
        "id": 11970504843,
        "osm_type": "node",
        "vending": "eggs;beverages"
      }
    },
    {
      "type": "Feature",
      "geometry": {
        "type": "Point",
        "coordinates": [
          7.0264385,
          50.7902887
        ]
      },
      "properties": {
        "id": 11977615606,
        "osm_type": "node",
        "vending": "drinks;sweets;ice_cream"
      }
    },
    {
      "type": "Feature",
      "geometry": {
        "type": "Point",
        "coordinates": [
          7.3701493,
          51.8633528
        ]
      },
      "properties": {
        "id": 11977668192,
        "osm_type": "node",
        "vending": "sweets;drinks"
      }
    },
    {
      "type": "Feature",
      "geometry": {
        "type": "Point",
        "coordinates": [
          7.6883192,
          51.922688
        ]
      },
      "properties": {
        "id": 11980663598,
        "osm_type": "node",
        "opening_hours": "24/7",
        "vending": "dairy;eggs;milk",
        "operator": "Hof Homann-Niehoff"
      }
    },
    {
      "type": "Feature",
      "geometry": {
        "type": "Point",
        "coordinates": [
          8.5262907,
          51.98306
        ]
      },
      "properties": {
        "id": 11983636421,
        "osm_type": "node",
        "vending": "drinks;sweets"
      }
    },
    {
      "type": "Feature",
      "geometry": {
        "type": "Point",
        "coordinates": [
          8.5199574,
          51.9659577
        ]
      },
      "properties": {
        "id": 11983636422,
        "osm_type": "node",
        "vending": "drinks;food;sweets;e-cigarettes",
        "operator": "Twentyfour Seven - Automaten"
      }
    },
    {
      "type": "Feature",
      "geometry": {
        "type": "Point",
        "coordinates": [
          7.4311007,
          51.4789557
        ]
      },
      "properties": {
        "id": 11985346167,
        "osm_type": "node",
        "opening_hours": "24/7",
        "vending": "sweets;drinks;cigarettes",
        "check_date": "2026-02-01"
      }
    },
    {
      "type": "Feature",
      "geometry": {
        "type": "Point",
        "coordinates": [
          6.8518428,
          51.4750639
        ]
      },
      "properties": {
        "id": 11985574407,
        "osm_type": "node",
        "vending": "drinks"
      }
    },
    {
      "type": "Feature",
      "geometry": {
        "type": "Point",
        "coordinates": [
          6.8518187,
          51.4750712
        ]
      },
      "properties": {
        "id": 11985580060,
        "osm_type": "node",
        "vending": "food"
      }
    },
    {
      "type": "Feature",
      "geometry": {
        "type": "Point",
        "coordinates": [
          6.9573876,
          50.7953914
        ]
      },
      "properties": {
        "id": 11988898057,
        "osm_type": "node",
        "vending": "drinks;sweets"
      }
    },
    {
      "type": "Feature",
      "geometry": {
        "type": "Point",
        "coordinates": [
          6.9574629,
          50.7950464
        ]
      },
      "properties": {
        "id": 11988898058,
        "osm_type": "node",
        "name": "Ciao.Ciao",
        "vending": "ice_cream",
        "operator": "MJD Gelato Events Trading eG, Bonn"
      }
    },
    {
      "type": "Feature",
      "geometry": {
        "type": "Point",
        "coordinates": [
          6.7594699,
          51.2977144
        ]
      },
      "properties": {
        "id": 11998940931,
        "osm_type": "node",
        "opening_hours": "24/7",
        "vending": "food;eggs;noodles;honey",
        "operator": "Brücker"
      }
    },
    {
      "type": "Feature",
      "geometry": {
        "type": "Point",
        "coordinates": [
          6.6849908,
          51.2040675
        ]
      },
      "properties": {
        "id": 11998956201,
        "osm_type": "node",
        "vending": "drinks"
      }
    },
    {
      "type": "Feature",
      "geometry": {
        "type": "Point",
        "coordinates": [
          6.6850169,
          51.2040496
        ]
      },
      "properties": {
        "id": 11998970744,
        "osm_type": "node",
        "vending": "food"
      }
    },
    {
      "type": "Feature",
      "geometry": {
        "type": "Point",
        "coordinates": [
          6.5446619,
          51.4330543
        ]
      },
      "properties": {
        "id": 12001231863,
        "osm_type": "node",
        "vending": "food"
      }
    },
    {
      "type": "Feature",
      "geometry": {
        "type": "Point",
        "coordinates": [
          6.5445362,
          51.4330892
        ]
      },
      "properties": {
        "id": 12001366296,
        "osm_type": "node",
        "vending": "food"
      }
    },
    {
      "type": "Feature",
      "geometry": {
        "type": "Point",
        "coordinates": [
          8.2796426,
          51.3492888
        ]
      },
      "properties": {
        "id": 12010045402,
        "osm_type": "node",
        "vending": "drinks"
      }
    },
    {
      "type": "Feature",
      "geometry": {
        "type": "Point",
        "coordinates": [
          8.2809395,
          51.3524344
        ]
      },
      "properties": {
        "id": 12010045403,
        "osm_type": "node",
        "vending": "drinks"
      }
    },
    {
      "type": "Feature",
      "geometry": {
        "type": "Point",
        "coordinates": [
          8.3983827,
          51.3618316
        ]
      },
      "properties": {
        "id": 12010045404,
        "osm_type": "node",
        "vending": "drinks;food;sweets"
      }
    },
    {
      "type": "Feature",
      "geometry": {
        "type": "Point",
        "coordinates": [
          8.7619962,
          51.7089011
        ]
      },
      "properties": {
        "id": 12033823658,
        "osm_type": "node",
        "vending": "food;eggs;drinks;milk;potatoes;meat",
        "operator": "Huck's Hof"
      }
    },
    {
      "type": "Feature",
      "geometry": {
        "type": "Point",
        "coordinates": [
          6.2089835,
          51.1412218
        ]
      },
      "properties": {
        "id": 12035011067,
        "osm_type": "node",
        "vending": "ice_cream"
      }
    },
    {
      "type": "Feature",
      "geometry": {
        "type": "Point",
        "coordinates": [
          6.9747674,
          50.9411464
        ]
      },
      "properties": {
        "id": 12036426692,
        "osm_type": "node",
        "vending": "drinks"
      }
    },
    {
      "type": "Feature",
      "geometry": {
        "type": "Point",
        "coordinates": [
          6.9747729,
          50.9411575
        ]
      },
      "properties": {
        "id": 12036434791,
        "osm_type": "node",
        "vending": "food"
      }
    },
    {
      "type": "Feature",
      "geometry": {
        "type": "Point",
        "coordinates": [
          7.432919,
          51.4762671
        ]
      },
      "properties": {
        "id": 12037940205,
        "osm_type": "node",
        "vending": "coffee",
        "check_date": "2025-07-21"
      }
    },
    {
      "type": "Feature",
      "geometry": {
        "type": "Point",
        "coordinates": [
          8.0271389,
          51.835149
        ]
      },
      "properties": {
        "id": 12040522825,
        "osm_type": "node",
        "name": "Juicy 24/7",
        "vending": "drinks;sweets"
      }
    },
    {
      "type": "Feature",
      "geometry": {
        "type": "Point",
        "coordinates": [
          7.7258823,
          52.2361463
        ]
      },
      "properties": {
        "id": 12047886859,
        "osm_type": "node",
        "vending": "drinks"
      }
    },
    {
      "type": "Feature",
      "geometry": {
        "type": "Point",
        "coordinates": [
          6.3737969,
          51.2359163
        ]
      },
      "properties": {
        "id": 12061661118,
        "osm_type": "node",
        "vending": "food",
        "operator": "Kalte Freude Eismanufaktur"
      }
    },
    {
      "type": "Feature",
      "geometry": {
        "type": "Point",
        "coordinates": [
          8.4423622,
          51.9325313
        ]
      },
      "properties": {
        "id": 12066235472,
        "osm_type": "node",
        "vending": "drinks;food;sweets",
        "operator": "Twentyfour Seven - Automaten"
      }
    },
    {
      "type": "Feature",
      "geometry": {
        "type": "Point",
        "coordinates": [
          8.7261459,
          51.7427766
        ]
      },
      "properties": {
        "id": 12066509021,
        "osm_type": "node",
        "name": "Tante Schlemmer",
        "opening_hours": "24/7",
        "vending": "snacks;beverages"
      }
    },
    {
      "type": "Feature",
      "geometry": {
        "type": "Point",
        "coordinates": [
          6.9744502,
          51.6224641
        ]
      },
      "properties": {
        "id": 12073246268,
        "osm_type": "node",
        "name": "Food Synthesizer",
        "vending": "drinks;sweets"
      }
    },
    {
      "type": "Feature",
      "geometry": {
        "type": "Point",
        "coordinates": [
          6.975741,
          51.6227985
        ]
      },
      "properties": {
        "id": 12073360556,
        "osm_type": "node",
        "name": "Re-Fill Station",
        "vending": "drinks"
      }
    },
    {
      "type": "Feature",
      "geometry": {
        "type": "Point",
        "coordinates": [
          7.8677056,
          51.6502071
        ]
      },
      "properties": {
        "id": 12073850471,
        "osm_type": "node",
        "vending": "food"
      }
    },
    {
      "type": "Feature",
      "geometry": {
        "type": "Point",
        "coordinates": [
          7.3530483,
          51.4519698
        ]
      },
      "properties": {
        "id": 12083301794,
        "osm_type": "node",
        "opening_hours": "Mo-Fr 07:00-19:30; Sa, Su, PH off",
        "vending": "drinks;sweets",
        "operator": "Zahnklinik der Universität Witten/Herdecke"
      }
    },
    {
      "type": "Feature",
      "geometry": {
        "type": "Point",
        "coordinates": [
          7.3530393,
          51.4519565
        ]
      },
      "properties": {
        "id": 12083301795,
        "osm_type": "node",
        "opening_hours": "Mo-Fr 07:00-19:30; Sa, Su, PH off",
        "vending": "drinks",
        "operator": "Zahnklinik der Universität Witten/Herdecke"
      }
    },
    {
      "type": "Feature",
      "geometry": {
        "type": "Point",
        "coordinates": [
          7.7254251,
          51.5211811
        ]
      },
      "properties": {
        "id": 12083615688,
        "osm_type": "node",
        "name": "Bücker's Hof-Kiste",
        "vending": "food"
      }
    },
    {
      "type": "Feature",
      "geometry": {
        "type": "Point",
        "coordinates": [
          7.7729753,
          51.5163534
        ]
      },
      "properties": {
        "id": 12083615822,
        "osm_type": "node",
        "vending": "food",
        "operator": "Biohof Raffenberg"
      }
    },
    {
      "type": "Feature",
      "geometry": {
        "type": "Point",
        "coordinates": [
          7.5211669,
          50.771253
        ]
      },
      "properties": {
        "id": 12089386593,
        "osm_type": "node",
        "vending": "drinks",
        "check_date": "2024-08-17"
      }
    },
    {
      "type": "Feature",
      "geometry": {
        "type": "Point",
        "coordinates": [
          6.7750423,
          51.4298055
        ]
      },
      "properties": {
        "id": 12098475128,
        "osm_type": "node",
        "vending": "drinks"
      }
    },
    {
      "type": "Feature",
      "geometry": {
        "type": "Point",
        "coordinates": [
          6.775143,
          51.4298018
        ]
      },
      "properties": {
        "id": 12098482509,
        "osm_type": "node",
        "vending": "food"
      }
    },
    {
      "type": "Feature",
      "geometry": {
        "type": "Point",
        "coordinates": [
          7.052929,
          50.9384278
        ]
      },
      "properties": {
        "id": 12098935366,
        "osm_type": "node",
        "vending": "coffee"
      }
    },
    {
      "type": "Feature",
      "geometry": {
        "type": "Point",
        "coordinates": [
          7.052932,
          50.9384344
        ]
      },
      "properties": {
        "id": 12098935367,
        "osm_type": "node",
        "vending": "drinks"
      }
    },
    {
      "type": "Feature",
      "geometry": {
        "type": "Point",
        "coordinates": [
          7.0529263,
          50.9384219
        ]
      },
      "properties": {
        "id": 12098935368,
        "osm_type": "node",
        "vending": "food"
      }
    },
    {
      "type": "Feature",
      "geometry": {
        "type": "Point",
        "coordinates": [
          7.4580445,
          51.1609401
        ]
      },
      "properties": {
        "id": 12101899549,
        "osm_type": "node",
        "vending": "food",
        "operator": "Hofladen Hedfeld"
      }
    },
    {
      "type": "Feature",
      "geometry": {
        "type": "Point",
        "coordinates": [
          7.2792329,
          51.8289634
        ]
      },
      "properties": {
        "id": 12106175368,
        "osm_type": "node",
        "vending": "snacks"
      }
    },
    {
      "type": "Feature",
      "geometry": {
        "type": "Point",
        "coordinates": [
          7.4343532,
          51.0824586
        ]
      },
      "properties": {
        "id": 12106318130,
        "osm_type": "node",
        "vending": "food"
      }
    },
    {
      "type": "Feature",
      "geometry": {
        "type": "Point",
        "coordinates": [
          8.9192762,
          52.286947
        ]
      },
      "properties": {
        "id": 12111080161,
        "osm_type": "node",
        "vending": "ice_cream"
      }
    },
    {
      "type": "Feature",
      "geometry": {
        "type": "Point",
        "coordinates": [
          7.7433615,
          51.1788688
        ]
      },
      "properties": {
        "id": 12113785513,
        "osm_type": "node",
        "vending": "food;sweets"
      }
    },
    {
      "type": "Feature",
      "geometry": {
        "type": "Point",
        "coordinates": [
          7.7743503,
          51.2113829
        ]
      },
      "properties": {
        "id": 12113805201,
        "osm_type": "node",
        "vending": "food",
        "operator": "Bauer"
      }
    },
    {
      "type": "Feature",
      "geometry": {
        "type": "Point",
        "coordinates": [
          7.8734496,
          51.2083556
        ]
      },
      "properties": {
        "id": 12113809676,
        "osm_type": "node",
        "vending": "bread",
        "operator": "Brotinitiative"
      }
    },
    {
      "type": "Feature",
      "geometry": {
        "type": "Point",
        "coordinates": [
          7.7778973,
          51.2116329
        ]
      },
      "properties": {
        "id": 12113810661,
        "osm_type": "node",
        "vending": "drinks"
      }
    },
    {
      "type": "Feature",
      "geometry": {
        "type": "Point",
        "coordinates": [
          7.5283633,
          51.736485
        ]
      },
      "properties": {
        "id": 12115412085,
        "osm_type": "node",
        "name": "EisBerger",
        "opening_hours": "24/7",
        "vending": "ice_cream"
      }
    },
    {
      "type": "Feature",
      "geometry": {
        "type": "Point",
        "coordinates": [
          7.4575532,
          51.5172241
        ]
      },
      "properties": {
        "id": 12117264157,
        "osm_type": "node",
        "vending": "drinks",
        "operator": "Geile Warenautomaten GmbH",
        "check_date": "2024-08-15"
      }
    },
    {
      "type": "Feature",
      "geometry": {
        "type": "Point",
        "coordinates": [
          7.4575556,
          51.5172123
        ]
      },
      "properties": {
        "id": 12117264158,
        "osm_type": "node",
        "vending": "chewing_gums;drinks;food;sweets",
        "operator": "Geile Warenautomaten GmbH",
        "check_date": "2024-08-15"
      }
    },
    {
      "type": "Feature",
      "geometry": {
        "type": "Point",
        "coordinates": [
          7.459064,
          51.5174419
        ]
      },
      "properties": {
        "id": 12117441649,
        "osm_type": "node",
        "vending": "drinks",
        "operator": "Geile Warenautomaten GmbH"
      }
    },
    {
      "type": "Feature",
      "geometry": {
        "type": "Point",
        "coordinates": [
          6.0996625,
          50.7477404
        ]
      },
      "properties": {
        "id": 12118001717,
        "osm_type": "node",
        "opening_hours": "24/7",
        "vending": "eggs;potatoes;cookies;juice;ice_cream;honey",
        "operator": "Gut Waldhausen"
      }
    },
    {
      "type": "Feature",
      "geometry": {
        "type": "Point",
        "coordinates": [
          6.6296428,
          50.944172
        ]
      },
      "properties": {
        "id": 12120014372,
        "osm_type": "node",
        "vending": "ice_cream",
        "operator": "Cucco Elsdorf",
        "check_date": "2024-08-19"
      }
    },
    {
      "type": "Feature",
      "geometry": {
        "type": "Point",
        "coordinates": [
          7.1077951,
          50.7298344
        ]
      },
      "properties": {
        "id": 12120751538,
        "osm_type": "node",
        "vending": "food"
      }
    },
    {
      "type": "Feature",
      "geometry": {
        "type": "Point",
        "coordinates": [
          8.7404429,
          52.0817805
        ]
      },
      "properties": {
        "id": 12122859216,
        "osm_type": "node",
        "vending": "drinks;sweets"
      }
    },
    {
      "type": "Feature",
      "geometry": {
        "type": "Point",
        "coordinates": [
          7.539365,
          51.8219934
        ]
      },
      "properties": {
        "id": 12128190513,
        "osm_type": "node",
        "vending": "ice_cream",
        "brand": "Casa"
      }
    },
    {
      "type": "Feature",
      "geometry": {
        "type": "Point",
        "coordinates": [
          8.7803101,
          51.7083701
        ]
      },
      "properties": {
        "id": 12133555191,
        "osm_type": "node",
        "name": "Tante Schlemmer Laden",
        "opening_hours": "8:00-2:00",
        "vending": "ice_cream"
      }
    },
    {
      "type": "Feature",
      "geometry": {
        "type": "Point",
        "coordinates": [
          8.6433555,
          52.1966182
        ]
      },
      "properties": {
        "id": 12136492993,
        "osm_type": "node",
        "vending": "cigarettes;drinks;sweets"
      }
    },
    {
      "type": "Feature",
      "geometry": {
        "type": "Point",
        "coordinates": [
          6.6670818,
          51.8849367
        ]
      },
      "properties": {
        "id": 12137648654,
        "osm_type": "node",
        "name": "Automatenwelt",
        "vending": "coffee;cigarettes;sweets;food",
        "operator": "Richard Nagels"
      }
    },
    {
      "type": "Feature",
      "geometry": {
        "type": "Point",
        "coordinates": [
          8.4516776,
          51.9678868
        ]
      },
      "properties": {
        "id": 12138000355,
        "osm_type": "node",
        "name": "Regio-Box",
        "opening_hours": "24/7",
        "vending": "food",
        "operator": "Hof Weyand Hofladen"
      }
    },
    {
      "type": "Feature",
      "geometry": {
        "type": "Point",
        "coordinates": [
          8.5604954,
          52.2036444
        ]
      },
      "properties": {
        "id": 12146639227,
        "osm_type": "node",
        "vending": "drinks;sweets"
      }
    },
    {
      "type": "Feature",
      "geometry": {
        "type": "Point",
        "coordinates": [
          6.685034,
          50.7169441
        ]
      },
      "properties": {
        "id": 12149416519,
        "osm_type": "node",
        "vending": "food"
      }
    },
    {
      "type": "Feature",
      "geometry": {
        "type": "Point",
        "coordinates": [
          7.9996682,
          50.8641986
        ]
      },
      "properties": {
        "id": 12151693356,
        "osm_type": "node",
        "vending": "coffee"
      }
    },
    {
      "type": "Feature",
      "geometry": {
        "type": "Point",
        "coordinates": [
          8.7613351,
          51.7267466
        ]
      },
      "properties": {
        "id": 12168826430,
        "osm_type": "node",
        "vending": "snacks"
      }
    },
    {
      "type": "Feature",
      "geometry": {
        "type": "Point",
        "coordinates": [
          7.470628,
          51.6921705
        ]
      },
      "properties": {
        "id": 12172344861,
        "osm_type": "node",
        "opening_hours": "24/7",
        "vending": "snacks"
      }
    },
    {
      "type": "Feature",
      "geometry": {
        "type": "Point",
        "coordinates": [
          7.0111424,
          51.2211714
        ]
      },
      "properties": {
        "id": 12173599770,
        "osm_type": "node",
        "name": "Snacky",
        "vending": "sweets;drinks;food",
        "operator": "Snackomat"
      }
    },
    {
      "type": "Feature",
      "geometry": {
        "type": "Point",
        "coordinates": [
          7.7840031,
          51.9911823
        ]
      },
      "properties": {
        "id": 12175656775,
        "osm_type": "node",
        "opening_hours": "24/7",
        "vending": "drinks;sweets;cigarettes",
        "check_date": "2024-09-14"
      }
    },
    {
      "type": "Feature",
      "geometry": {
        "type": "Point",
        "coordinates": [
          7.3593553,
          51.6622285
        ]
      },
      "properties": {
        "id": 12184423235,
        "osm_type": "node",
        "opening_hours": "24/7",
        "vending": "snacks;drinks"
      }
    },
    {
      "type": "Feature",
      "geometry": {
        "type": "Point",
        "coordinates": [
          8.9093246,
          51.4950418
        ]
      },
      "properties": {
        "id": 12186724736,
        "osm_type": "node",
        "vending": "food"
      }
    },
    {
      "type": "Feature",
      "geometry": {
        "type": "Point",
        "coordinates": [
          6.9683562,
          50.7365994
        ]
      },
      "properties": {
        "id": 12190262208,
        "osm_type": "node",
        "vending": "drinks"
      }
    },
    {
      "type": "Feature",
      "geometry": {
        "type": "Point",
        "coordinates": [
          7.7806395,
          51.9809127
        ]
      },
      "properties": {
        "id": 12192930517,
        "osm_type": "node",
        "opening_hours": "24/7",
        "vending": "cigarettes;drinks;sweets",
        "check_date": "2024-09-22"
      }
    },
    {
      "type": "Feature",
      "geometry": {
        "type": "Point",
        "coordinates": [
          7.473504,
          51.6892371
        ]
      },
      "properties": {
        "id": 12202392422,
        "osm_type": "node",
        "opening_hours": "24/7",
        "vending": "snacks"
      }
    },
    {
      "type": "Feature",
      "geometry": {
        "type": "Point",
        "coordinates": [
          7.2033589,
          50.7946838
        ]
      },
      "properties": {
        "id": 12205567785,
        "osm_type": "node",
        "vending": "food"
      }
    },
    {
      "type": "Feature",
      "geometry": {
        "type": "Point",
        "coordinates": [
          6.9498693,
          51.1106966
        ]
      },
      "properties": {
        "id": 12216993117,
        "osm_type": "node",
        "name": "Hey SNACK",
        "opening_hours": "Mo-Fr 10:00-19:00; Sa 10:00-18:00",
        "vending": "drinks"
      }
    },
    {
      "type": "Feature",
      "geometry": {
        "type": "Point",
        "coordinates": [
          6.4817483,
          50.6899854
        ]
      },
      "properties": {
        "id": 12218877127,
        "osm_type": "node",
        "name": "Genuss aus der Backstube",
        "opening_hours": "24/7",
        "vending": "food",
        "operator": "Cafe Dohmen am Markt"
      }
    },
    {
      "type": "Feature",
      "geometry": {
        "type": "Point",
        "coordinates": [
          6.6658479,
          51.5793354
        ]
      },
      "properties": {
        "id": 12219182696,
        "osm_type": "node",
        "vending": "drinks;sweets;food;ice_cream"
      }
    },
    {
      "type": "Feature",
      "geometry": {
        "type": "Point",
        "coordinates": [
          7.1822365,
          51.2466934
        ]
      },
      "properties": {
        "id": 12228076353,
        "osm_type": "node",
        "vending": "food"
      }
    },
    {
      "type": "Feature",
      "geometry": {
        "type": "Point",
        "coordinates": [
          7.2793491,
          51.4384816
        ]
      },
      "properties": {
        "id": 12232465504,
        "osm_type": "node",
        "opening_hours": "24/7",
        "vending": "drinks;sweets",
        "operator": "Hensing GmbH",
        "check_date": "2024-10-07"
      }
    },
    {
      "type": "Feature",
      "geometry": {
        "type": "Point",
        "coordinates": [
          7.1347165,
          51.372915
        ]
      },
      "properties": {
        "id": 12234805478,
        "osm_type": "node",
        "vending": "sweets;drinks",
        "operator": "CLM-Snackautomaten",
        "check_date": "2024-10-08"
      }
    },
    {
      "type": "Feature",
      "geometry": {
        "type": "Point",
        "coordinates": [
          7.1935133,
          50.7844653
        ]
      },
      "properties": {
        "id": 12244420511,
        "osm_type": "node",
        "vending": "drinks;sweets"
      }
    },
    {
      "type": "Feature",
      "geometry": {
        "type": "Point",
        "coordinates": [
          6.4789286,
          50.5340433
        ]
      },
      "properties": {
        "id": 12246456077,
        "osm_type": "node",
        "vending": "drinks;condoms;sweets"
      }
    },
    {
      "type": "Feature",
      "geometry": {
        "type": "Point",
        "coordinates": [
          8.1663793,
          51.5851393
        ]
      },
      "properties": {
        "id": 12264644530,
        "osm_type": "node",
        "vending": "cigarettes;drinks;food;sweets;water"
      }
    },
    {
      "type": "Feature",
      "geometry": {
        "type": "Point",
        "coordinates": [
          8.6701497,
          51.9793084
        ]
      },
      "properties": {
        "id": 12269115393,
        "osm_type": "node",
        "vending": "sweets;drinks"
      }
    },
    {
      "type": "Feature",
      "geometry": {
        "type": "Point",
        "coordinates": [
          8.7358121,
          51.7157693
        ]
      },
      "properties": {
        "id": 12278044470,
        "osm_type": "node",
        "vending": "sweets;drinks"
      }
    },
    {
      "type": "Feature",
      "geometry": {
        "type": "Point",
        "coordinates": [
          8.7538748,
          52.0703348
        ]
      },
      "properties": {
        "id": 12279104883,
        "osm_type": "node",
        "name": "L.A. Snack",
        "vending": "drinks"
      }
    },
    {
      "type": "Feature",
      "geometry": {
        "type": "Point",
        "coordinates": [
          7.12927,
          50.7319463
        ]
      },
      "properties": {
        "id": 12304466416,
        "osm_type": "node",
        "vending": "food",
        "operator": "Regio-Box"
      }
    },
    {
      "type": "Feature",
      "geometry": {
        "type": "Point",
        "coordinates": [
          6.7448688,
          51.2738684
        ]
      },
      "properties": {
        "id": 12309237243,
        "osm_type": "node",
        "vending": "bread;eggs",
        "operator": "W. Behmer"
      }
    },
    {
      "type": "Feature",
      "geometry": {
        "type": "Point",
        "coordinates": [
          8.4392535,
          51.315869
        ]
      },
      "properties": {
        "id": 12311168256,
        "osm_type": "node",
        "vending": "food"
      }
    },
    {
      "type": "Feature",
      "geometry": {
        "type": "Point",
        "coordinates": [
          8.4396565,
          51.3114851
        ]
      },
      "properties": {
        "id": 12311168257,
        "osm_type": "node",
        "vending": "food"
      }
    },
    {
      "type": "Feature",
      "geometry": {
        "type": "Point",
        "coordinates": [
          7.6611212,
          51.5904488
        ]
      },
      "properties": {
        "id": 12311485294,
        "osm_type": "node",
        "vending": "snacks;drinks"
      }
    },
    {
      "type": "Feature",
      "geometry": {
        "type": "Point",
        "coordinates": [
          8.1942622,
          51.9029062
        ]
      },
      "properties": {
        "id": 12339332182,
        "osm_type": "node",
        "vending": "sweets;drinks;condoms;vapes"
      }
    },
    {
      "type": "Feature",
      "geometry": {
        "type": "Point",
        "coordinates": [
          7.6305375,
          51.6668157
        ]
      },
      "properties": {
        "id": 12339384325,
        "osm_type": "node",
        "opening_hours": "24/7",
        "vending": "snacks"
      }
    },
    {
      "type": "Feature",
      "geometry": {
        "type": "Point",
        "coordinates": [
          7.2297382,
          51.4708198
        ]
      },
      "properties": {
        "id": 12348564599,
        "osm_type": "node",
        "name": "Herr Anton",
        "vending": "drinks;eggs;sweets;food;condoms;e-cigarettes;snacks;milk;honey",
        "check_date": "2025-04-03"
      }
    },
    {
      "type": "Feature",
      "geometry": {
        "type": "Point",
        "coordinates": [
          6.8597453,
          51.1700825
        ]
      },
      "properties": {
        "id": 12369657026,
        "osm_type": "node",
        "vending": "drinks;snack",
        "operator": "Ebuyy24",
        "check_date": "2024-11-25"
      }
    },
    {
      "type": "Feature",
      "geometry": {
        "type": "Point",
        "coordinates": [
          7.8296457,
          51.593465
        ]
      },
      "properties": {
        "id": 12379412361,
        "osm_type": "node",
        "vending": "drinks;food"
      }
    },
    {
      "type": "Feature",
      "geometry": {
        "type": "Point",
        "coordinates": [
          6.7096739,
          50.9151187
        ]
      },
      "properties": {
        "id": 12386281118,
        "osm_type": "node",
        "opening_hours": "24/7",
        "vending": "food"
      }
    },
    {
      "type": "Feature",
      "geometry": {
        "type": "Point",
        "coordinates": [
          7.6924942,
          51.3731216
        ]
      },
      "properties": {
        "id": 12387655835,
        "osm_type": "node",
        "name": "Kaffeeautomat",
        "vending": "coffee",
        "brand": "Klix",
        "operator": "Mohamed Talbi"
      }
    },
    {
      "type": "Feature",
      "geometry": {
        "type": "Point",
        "coordinates": [
          7.6924101,
          51.3731466
        ]
      },
      "properties": {
        "id": 12387655836,
        "osm_type": "node",
        "name": "Snackautomat",
        "vending": "food",
        "operator": "Mohamed Talbi"
      }
    },
    {
      "type": "Feature",
      "geometry": {
        "type": "Point",
        "coordinates": [
          7.6924211,
          51.3731431
        ]
      },
      "properties": {
        "id": 12387655837,
        "osm_type": "node",
        "name": "Snackautomat",
        "vending": "drinks",
        "operator": "Mohamed Talbi"
      }
    },
    {
      "type": "Feature",
      "geometry": {
        "type": "Point",
        "coordinates": [
          7.6924512,
          51.3731445
        ]
      },
      "properties": {
        "id": 12387655839,
        "osm_type": "node",
        "name": "Snackautomat",
        "vending": "drinks",
        "operator": "Mohamed Talbi"
      }
    },
    {
      "type": "Feature",
      "geometry": {
        "type": "Point",
        "coordinates": [
          7.6924369,
          51.3731379
        ]
      },
      "properties": {
        "id": 12387655840,
        "osm_type": "node",
        "name": "Kaffeeautomat",
        "vending": "coffee",
        "brand": "Klix",
        "operator": "Mohamed Talbi"
      }
    },
    {
      "type": "Feature",
      "geometry": {
        "type": "Point",
        "coordinates": [
          7.6924571,
          51.3731514
        ]
      },
      "properties": {
        "id": 12387655841,
        "osm_type": "node",
        "name": "Snackautomat",
        "vending": "food",
        "operator": "Mohamed Talbi"
      }
    },
    {
      "type": "Feature",
      "geometry": {
        "type": "Point",
        "coordinates": [
          7.3387659,
          51.6467589
        ]
      },
      "properties": {
        "id": 12393655372,
        "osm_type": "node",
        "opening_hours": "24/7",
        "vending": "snacks"
      }
    },
    {
      "type": "Feature",
      "geometry": {
        "type": "Point",
        "coordinates": [
          7.3358912,
          51.6432519
        ]
      },
      "properties": {
        "id": 12393655381,
        "osm_type": "node",
        "opening_hours": "24/7",
        "vending": "snacks"
      }
    },
    {
      "type": "Feature",
      "geometry": {
        "type": "Point",
        "coordinates": [
          7.7360212,
          51.9165112
        ]
      },
      "properties": {
        "id": 12397390153,
        "osm_type": "node",
        "vending": "milk;eggs"
      }
    },
    {
      "type": "Feature",
      "geometry": {
        "type": "Point",
        "coordinates": [
          7.0148585,
          51.4517426
        ]
      },
      "properties": {
        "id": 12404982055,
        "osm_type": "node",
        "vending": "food"
      }
    },
    {
      "type": "Feature",
      "geometry": {
        "type": "Point",
        "coordinates": [
          7.0129747,
          51.4515736
        ]
      },
      "properties": {
        "id": 12404982074,
        "osm_type": "node",
        "vending": "food"
      }
    },
    {
      "type": "Feature",
      "geometry": {
        "type": "Point",
        "coordinates": [
          7.013124,
          51.4513573
        ]
      },
      "properties": {
        "id": 12404987503,
        "osm_type": "node",
        "vending": "food"
      }
    },
    {
      "type": "Feature",
      "geometry": {
        "type": "Point",
        "coordinates": [
          7.0147817,
          51.451308
        ]
      },
      "properties": {
        "id": 12404987509,
        "osm_type": "node",
        "vending": "food"
      }
    },
    {
      "type": "Feature",
      "geometry": {
        "type": "Point",
        "coordinates": [
          7.0147246,
          51.4514928
        ]
      },
      "properties": {
        "id": 12404987510,
        "osm_type": "node",
        "vending": "food"
      }
    },
    {
      "type": "Feature",
      "geometry": {
        "type": "Point",
        "coordinates": [
          6.7276937,
          50.8308948
        ]
      },
      "properties": {
        "id": 12407449967,
        "osm_type": "node",
        "vending": "food",
        "operator": "Milchhof Schäfer"
      }
    },
    {
      "type": "Feature",
      "geometry": {
        "type": "Point",
        "coordinates": [
          6.6263042,
          51.655793
        ]
      },
      "properties": {
        "id": 12417335834,
        "osm_type": "node",
        "vending": "drinks;food;sweets",
        "operator": "Geile Warenautomaten GmbH",
        "check_date": "2024-12-12"
      }
    },
    {
      "type": "Feature",
      "geometry": {
        "type": "Point",
        "coordinates": [
          7.608737,
          50.7856276
        ]
      },
      "properties": {
        "id": 12423292611,
        "osm_type": "node",
        "vending": "food"
      }
    },
    {
      "type": "Feature",
      "geometry": {
        "type": "Point",
        "coordinates": [
          8.700793,
          52.1263816
        ]
      },
      "properties": {
        "id": 12427204599,
        "osm_type": "node",
        "vending": "drinks"
      }
    },
    {
      "type": "Feature",
      "geometry": {
        "type": "Point",
        "coordinates": [
          8.700791,
          52.1263865
        ]
      },
      "properties": {
        "id": 12427204600,
        "osm_type": "node",
        "vending": "coffee"
      }
    },
    {
      "type": "Feature",
      "geometry": {
        "type": "Point",
        "coordinates": [
          6.8706715,
          51.0636073
        ]
      },
      "properties": {
        "id": 12427733111,
        "osm_type": "node",
        "vending": "condoms;drinks;sweets"
      }
    },
    {
      "type": "Feature",
      "geometry": {
        "type": "Point",
        "coordinates": [
          7.59085,
          50.8075971
        ]
      },
      "properties": {
        "id": 12437572613,
        "osm_type": "node",
        "vending": "ice_cream",
        "operator": "Eis & Cafe Thomas"
      }
    },
    {
      "type": "Feature",
      "geometry": {
        "type": "Point",
        "coordinates": [
          7.2936921,
          51.4689879
        ]
      },
      "properties": {
        "id": 12458492688,
        "osm_type": "node",
        "name": "Dampfbox",
        "opening_hours": "24/7",
        "vending": "e-cigarettes;drinks"
      }
    },
    {
      "type": "Feature",
      "geometry": {
        "type": "Point",
        "coordinates": [
          7.8395244,
          51.922829
        ]
      },
      "properties": {
        "id": 12460939817,
        "osm_type": "node",
        "vending": "ice_cream",
        "brand": "Casa"
      }
    },
    {
      "type": "Feature",
      "geometry": {
        "type": "Point",
        "coordinates": [
          6.5433031,
          51.2541855
        ]
      },
      "properties": {
        "id": 12473492825,
        "osm_type": "node",
        "vending": "food"
      }
    },
    {
      "type": "Feature",
      "geometry": {
        "type": "Point",
        "coordinates": [
          7.9629349,
          51.1538947
        ]
      },
      "properties": {
        "id": 12488405938,
        "osm_type": "node",
        "vending": "food"
      }
    },
    {
      "type": "Feature",
      "geometry": {
        "type": "Point",
        "coordinates": [
          8.5510869,
          51.9049719
        ]
      },
      "properties": {
        "id": 12496868896,
        "osm_type": "node",
        "vending": "bread",
        "operator": "Die Brotstube"
      }
    },
    {
      "type": "Feature",
      "geometry": {
        "type": "Point",
        "coordinates": [
          7.0803259,
          51.3907015
        ]
      },
      "properties": {
        "id": 12500329627,
        "osm_type": "node",
        "vending": "food;sweets",
        "operator": "Geile Warenautomaten GmbH"
      }
    },
    {
      "type": "Feature",
      "geometry": {
        "type": "Point",
        "coordinates": [
          7.0803487,
          51.3907076
        ]
      },
      "properties": {
        "id": 12500329628,
        "osm_type": "node",
        "vending": "drinks",
        "operator": "Geile Warenautomaten GmbH"
      }
    },
    {
      "type": "Feature",
      "geometry": {
        "type": "Point",
        "coordinates": [
          7.1879156,
          50.6976627
        ]
      },
      "properties": {
        "id": 12513809040,
        "osm_type": "node",
        "vending": "food;drinks"
      }
    },
    {
      "type": "Feature",
      "geometry": {
        "type": "Point",
        "coordinates": [
          6.2557,
          50.7189791
        ]
      },
      "properties": {
        "id": 12513911803,
        "osm_type": "node",
        "vending": "drinks;eggs;meat;"
      }
    },
    {
      "type": "Feature",
      "geometry": {
        "type": "Point",
        "coordinates": [
          8.2781803,
          51.8509811
        ]
      },
      "properties": {
        "id": 12518761384,
        "osm_type": "node",
        "vending": "food;drinks"
      }
    },
    {
      "type": "Feature",
      "geometry": {
        "type": "Point",
        "coordinates": [
          9.1168324,
          51.99142
        ]
      },
      "properties": {
        "id": 12533823174,
        "osm_type": "node",
        "vending": "food"
      }
    },
    {
      "type": "Feature",
      "geometry": {
        "type": "Point",
        "coordinates": [
          6.292735,
          51.5218872
        ]
      },
      "properties": {
        "id": 12539129555,
        "osm_type": "node",
        "vending": "food;wurst;fleisch;salat",
        "operator": "Metzgerei Borghs"
      }
    },
    {
      "type": "Feature",
      "geometry": {
        "type": "Point",
        "coordinates": [
          6.2935039,
          51.5232866
        ]
      },
      "properties": {
        "id": 12539155942,
        "osm_type": "node",
        "vending": "food;kartoffeln;eggs;zwiebeln",
        "operator": "Kartoffelhof Külkens"
      }
    },
    {
      "type": "Feature",
      "geometry": {
        "type": "Point",
        "coordinates": [
          7.0899867,
          51.1826352
        ]
      },
      "properties": {
        "id": 12547009454,
        "osm_type": "node",
        "vending": "food;drinks;cigarettes;sweets;water;feminine_hygiene"
      }
    },
    {
      "type": "Feature",
      "geometry": {
        "type": "Point",
        "coordinates": [
          7.2025253,
          50.7937463
        ]
      },
      "properties": {
        "id": 12551220668,
        "osm_type": "node",
        "vending": "drinks;sweets",
        "brand": "Selecta"
      }
    },
    {
      "type": "Feature",
      "geometry": {
        "type": "Point",
        "coordinates": [
          7.2025368,
          50.7937379
        ]
      },
      "properties": {
        "id": 12551226841,
        "osm_type": "node",
        "vending": "drinks;sweets",
        "brand": "Selecta"
      }
    },
    {
      "type": "Feature",
      "geometry": {
        "type": "Point",
        "coordinates": [
          6.8352394,
          51.3784647
        ]
      },
      "properties": {
        "id": 12557293808,
        "osm_type": "node",
        "vending": "food;pesto",
        "check_date": "2025-02-04"
      }
    },
    {
      "type": "Feature",
      "geometry": {
        "type": "Point",
        "coordinates": [
          7.1815361,
          51.3938688
        ]
      },
      "properties": {
        "id": 12571117158,
        "osm_type": "node",
        "vending": "cigarettes;drinks;sweets",
        "operator": "Candybros",
        "check_date": "2025-02-09"
      }
    },
    {
      "type": "Feature",
      "geometry": {
        "type": "Point",
        "coordinates": [
          7.24146,
          51.440191
        ]
      },
      "properties": {
        "id": 12574342360,
        "osm_type": "node",
        "opening_hours": "24/7",
        "vending": "ice_cream",
        "brand": "EisBerger",
        "check_date": "2025-04-20"
      }
    },
    {
      "type": "Feature",
      "geometry": {
        "type": "Point",
        "coordinates": [
          7.7345695,
          51.7986519
        ]
      },
      "properties": {
        "id": 12585424233,
        "osm_type": "node",
        "opening_hours": "24/7",
        "vending": "drinks",
        "operator": "DGA Vending"
      }
    },
    {
      "type": "Feature",
      "geometry": {
        "type": "Point",
        "coordinates": [
          6.8222535,
          50.7819528
        ]
      },
      "properties": {
        "id": 12591245049,
        "osm_type": "node",
        "name": "Snackautomat",
        "vending": "sweets;drinks;e-cigarettes"
      }
    },
    {
      "type": "Feature",
      "geometry": {
        "type": "Point",
        "coordinates": [
          8.398266,
          51.6721316
        ]
      },
      "properties": {
        "id": 12600071700,
        "osm_type": "node",
        "vending": "snacks;beverages"
      }
    },
    {
      "type": "Feature",
      "geometry": {
        "type": "Point",
        "coordinates": [
          6.3215601,
          51.151409
        ]
      },
      "properties": {
        "id": 12615363920,
        "osm_type": "node",
        "vending": "drinks",
        "operator": "Dorfgemeinschaft Bau"
      }
    },
    {
      "type": "Feature",
      "geometry": {
        "type": "Point",
        "coordinates": [
          6.1901575,
          51.081161
        ]
      },
      "properties": {
        "id": 12615410654,
        "osm_type": "node",
        "vending": "food;eggs;potatoes"
      }
    },
    {
      "type": "Feature",
      "geometry": {
        "type": "Point",
        "coordinates": [
          7.1956637,
          51.6124949
        ]
      },
      "properties": {
        "id": 12616627916,
        "osm_type": "node",
        "vending": "sweets;drinks;e-cigarettes"
      }
    },
    {
      "type": "Feature",
      "geometry": {
        "type": "Point",
        "coordinates": [
          6.1328438,
          50.8417767
        ]
      },
      "properties": {
        "id": 12618389457,
        "osm_type": "node",
        "vending": "food"
      }
    },
    {
      "type": "Feature",
      "geometry": {
        "type": "Point",
        "coordinates": [
          7.0150086,
          51.457505
        ]
      },
      "properties": {
        "id": 12623438594,
        "osm_type": "node",
        "vending": "drinks"
      }
    },
    {
      "type": "Feature",
      "geometry": {
        "type": "Point",
        "coordinates": [
          7.0151192,
          51.4572142
        ]
      },
      "properties": {
        "id": 12623438597,
        "osm_type": "node",
        "vending": "drinks"
      }
    },
    {
      "type": "Feature",
      "geometry": {
        "type": "Point",
        "coordinates": [
          6.2827063,
          51.1219457
        ]
      },
      "properties": {
        "id": 12642097621,
        "osm_type": "node",
        "vending": "drinks;food;ice_cream"
      }
    },
    {
      "type": "Feature",
      "geometry": {
        "type": "Point",
        "coordinates": [
          7.7393398,
          51.638615
        ]
      },
      "properties": {
        "id": 12645174440,
        "osm_type": "node",
        "vending": "drinks;food;milk"
      }
    },
    {
      "type": "Feature",
      "geometry": {
        "type": "Point",
        "coordinates": [
          7.278098,
          51.3056887
        ]
      },
      "properties": {
        "id": 12650241948,
        "osm_type": "node",
        "vending": "ice_cream",
        "operator": "Eismanufaktur Gelateria Conti"
      }
    },
    {
      "type": "Feature",
      "geometry": {
        "type": "Point",
        "coordinates": [
          7.2111002,
          51.4213269
        ]
      },
      "properties": {
        "id": 12650390469,
        "osm_type": "node",
        "vending": "food;drinks",
        "brand": "Regiomat",
        "operator": "Hof Schulte-Schüren"
      }
    },
    {
      "type": "Feature",
      "geometry": {
        "type": "Point",
        "coordinates": [
          7.6409734,
          51.6053526
        ]
      },
      "properties": {
        "id": 12651955841,
        "osm_type": "node",
        "vending": "ice_cream"
      }
    },
    {
      "type": "Feature",
      "geometry": {
        "type": "Point",
        "coordinates": [
          7.6409845,
          51.6053489
        ]
      },
      "properties": {
        "id": 12651955842,
        "osm_type": "node",
        "vending": "food"
      }
    },
    {
      "type": "Feature",
      "geometry": {
        "type": "Point",
        "coordinates": [
          7.3855608,
          51.9417781
        ]
      },
      "properties": {
        "id": 12663145062,
        "osm_type": "node",
        "vending": "drinks"
      }
    },
    {
      "type": "Feature",
      "geometry": {
        "type": "Point",
        "coordinates": [
          6.1172233,
          51.7721221
        ]
      },
      "properties": {
        "id": 12666219485,
        "osm_type": "node",
        "vending": "coffee"
      }
    },
    {
      "type": "Feature",
      "geometry": {
        "type": "Point",
        "coordinates": [
          6.9136763,
          50.9475694
        ]
      },
      "properties": {
        "id": 12666593588,
        "osm_type": "node",
        "vending": "drinks;sweets"
      }
    },
    {
      "type": "Feature",
      "geometry": {
        "type": "Point",
        "coordinates": [
          7.6457833,
          51.6418628
        ]
      },
      "properties": {
        "id": 12676764730,
        "osm_type": "node",
        "vending": "snacks"
      }
    },
    {
      "type": "Feature",
      "geometry": {
        "type": "Point",
        "coordinates": [
          6.6649361,
          51.4516919
        ]
      },
      "properties": {
        "id": 12682032451,
        "osm_type": "node",
        "vending": "food;sweets"
      }
    },
    {
      "type": "Feature",
      "geometry": {
        "type": "Point",
        "coordinates": [
          8.6283854,
          51.7142615
        ]
      },
      "properties": {
        "id": 12686398147,
        "osm_type": "node",
        "vending": "snacks"
      }
    },
    {
      "type": "Feature",
      "geometry": {
        "type": "Point",
        "coordinates": [
          8.3972176,
          51.6842655
        ]
      },
      "properties": {
        "id": 12696173706,
        "osm_type": "node",
        "vending": "ice_cream",
        "operator": "Kaltessüß"
      }
    },
    {
      "type": "Feature",
      "geometry": {
        "type": "Point",
        "coordinates": [
          8.6912732,
          52.1062951
        ]
      },
      "properties": {
        "id": 12706173162,
        "osm_type": "node",
        "vending": "cigarettes;drinks;sweets"
      }
    },
    {
      "type": "Feature",
      "geometry": {
        "type": "Point",
        "coordinates": [
          6.5746905,
          50.9886957
        ]
      },
      "properties": {
        "id": 12706666382,
        "osm_type": "node",
        "vending": "coffee"
      }
    },
    {
      "type": "Feature",
      "geometry": {
        "type": "Point",
        "coordinates": [
          7.2276776,
          51.485492
        ]
      },
      "properties": {
        "id": 12713762399,
        "osm_type": "node",
        "vending": "drinks;food"
      }
    },
    {
      "type": "Feature",
      "geometry": {
        "type": "Point",
        "coordinates": [
          7.1970073,
          51.3764234
        ]
      },
      "properties": {
        "id": 12714306970,
        "osm_type": "node",
        "opening_hours": "24/7",
        "vending": "drinks",
        "check_date": "2025-05-16"
      }
    },
    {
      "type": "Feature",
      "geometry": {
        "type": "Point",
        "coordinates": [
          7.7356362,
          52.1381432
        ]
      },
      "properties": {
        "id": 12715939661,
        "osm_type": "node",
        "vending": "sweets;drinks"
      }
    },
    {
      "type": "Feature",
      "geometry": {
        "type": "Point",
        "coordinates": [
          7.5089478,
          51.7414201
        ]
      },
      "properties": {
        "id": 12726569425,
        "osm_type": "node",
        "name": "US Candymat",
        "vending": "snacks"
      }
    },
    {
      "type": "Feature",
      "geometry": {
        "type": "Point",
        "coordinates": [
          7.3024481,
          50.6619808
        ]
      },
      "properties": {
        "id": 12728684746,
        "osm_type": "node",
        "vending": "ice_cream",
        "operator": "Ciao Ciao Gelato"
      }
    },
    {
      "type": "Feature",
      "geometry": {
        "type": "Point",
        "coordinates": [
          8.6520472,
          51.6058755
        ]
      },
      "properties": {
        "id": 12748878372,
        "osm_type": "node",
        "vending": "ice_cream"
      }
    },
    {
      "type": "Feature",
      "geometry": {
        "type": "Point",
        "coordinates": [
          8.7829822,
          51.7341238
        ]
      },
      "properties": {
        "id": 12750751212,
        "osm_type": "node",
        "vending": "ice_cream"
      }
    },
    {
      "type": "Feature",
      "geometry": {
        "type": "Point",
        "coordinates": [
          6.1256181,
          51.7560983
        ]
      },
      "properties": {
        "id": 12752768126,
        "osm_type": "node",
        "vending": "ice_cream"
      }
    },
    {
      "type": "Feature",
      "geometry": {
        "type": "Point",
        "coordinates": [
          7.7865487,
          51.9840151
        ]
      },
      "properties": {
        "id": 12753816518,
        "osm_type": "node",
        "name": "Leckermat",
        "opening_hours": "Mo-Su 07:00-22:00",
        "vending": "coffee;drinks;sweets"
      }
    },
    {
      "type": "Feature",
      "geometry": {
        "type": "Point",
        "coordinates": [
          8.6613277,
          52.1226863
        ]
      },
      "properties": {
        "id": 12755560742,
        "osm_type": "node",
        "vending": "sweets;drinks"
      }
    },
    {
      "type": "Feature",
      "geometry": {
        "type": "Point",
        "coordinates": [
          8.6012435,
          51.6634896
        ]
      },
      "properties": {
        "id": 12760519430,
        "osm_type": "node",
        "opening_hours": "Mo-Su, PH 7:00-22:00",
        "vending": "snacks;beverages;bbq",
        "operator": "Huck's Hof"
      }
    },
    {
      "type": "Feature",
      "geometry": {
        "type": "Point",
        "coordinates": [
          8.6012448,
          51.6632313
        ]
      },
      "properties": {
        "id": 12760519431,
        "osm_type": "node",
        "opening_hours": "Mo-Su, PH 7:00-22:00",
        "vending": "snacks;beverages",
        "operator": "Huck's Hof"
      }
    },
    {
      "type": "Feature",
      "geometry": {
        "type": "Point",
        "coordinates": [
          8.6012435,
          51.6632432
        ]
      },
      "properties": {
        "id": 12760519432,
        "osm_type": "node",
        "opening_hours": "Mo-Su, PH 7:00-22:00",
        "vending": "ice_cream",
        "operator": "Huck's Hof"
      }
    },
    {
      "type": "Feature",
      "geometry": {
        "type": "Point",
        "coordinates": [
          7.1970274,
          51.376437
        ]
      },
      "properties": {
        "id": 12765970276,
        "osm_type": "node",
        "name": "Contimat",
        "opening_hours": "24/7",
        "vending": "ice_cream",
        "operator": "Eismanufaktur Conti",
        "check_date": "2025-05-16"
      }
    },
    {
      "type": "Feature",
      "geometry": {
        "type": "Point",
        "coordinates": [
          6.2708223,
          50.8719666
        ]
      },
      "properties": {
        "id": 12769459361,
        "osm_type": "node",
        "vending": "ice_cream"
      }
    },
    {
      "type": "Feature",
      "geometry": {
        "type": "Point",
        "coordinates": [
          6.4456867,
          51.6596908
        ]
      },
      "properties": {
        "id": 12770221183,
        "osm_type": "node",
        "vending": "drinks;sweets",
        "operator": "Regio-Box",
        "check_date": "2025-04-20"
      }
    },
    {
      "type": "Feature",
      "geometry": {
        "type": "Point",
        "coordinates": [
          7.1969468,
          50.8740525
        ]
      },
      "properties": {
        "id": 12778205951,
        "osm_type": "node",
        "vending": "food",
        "operator": "Bauerngut Schiefelbusch"
      }
    },
    {
      "type": "Feature",
      "geometry": {
        "type": "Point",
        "coordinates": [
          6.890607,
          51.4288474
        ]
      },
      "properties": {
        "id": 12779770024,
        "osm_type": "node",
        "vending": "drinks;snacks",
        "check_date": "2025-04-23"
      }
    },
    {
      "type": "Feature",
      "geometry": {
        "type": "Point",
        "coordinates": [
          7.5241882,
          51.7388134
        ]
      },
      "properties": {
        "id": 12791158514,
        "osm_type": "node",
        "name": "Snack Piraten Kiosk",
        "opening_hours": "24/7",
        "vending": "snacks"
      }
    },
    {
      "type": "Feature",
      "geometry": {
        "type": "Point",
        "coordinates": [
          6.7925181,
          50.6578522
        ]
      },
      "properties": {
        "id": 12794924632,
        "osm_type": "node",
        "vending": "drinks",
        "operator": "Geile Warenautomaten GmbH, Im Gartenkamp 110-112, 49492 Westerkappeln",
        "check_date": "2025-08-03"
      }
    },
    {
      "type": "Feature",
      "geometry": {
        "type": "Point",
        "coordinates": [
          6.8523279,
          51.474852
        ]
      },
      "properties": {
        "id": 12800028575,
        "osm_type": "node",
        "vending": "food"
      }
    },
    {
      "type": "Feature",
      "geometry": {
        "type": "Point",
        "coordinates": [
          6.8523506,
          51.4748464
        ]
      },
      "properties": {
        "id": 12800028576,
        "osm_type": "node",
        "vending": "drinks"
      }
    },
    {
      "type": "Feature",
      "geometry": {
        "type": "Point",
        "coordinates": [
          8.5554068,
          52.0360101
        ]
      },
      "properties": {
        "id": 12806081396,
        "osm_type": "node",
        "vending": "drinks;sweets"
      }
    },
    {
      "type": "Feature",
      "geometry": {
        "type": "Point",
        "coordinates": [
          7.3907354,
          51.664355
        ]
      },
      "properties": {
        "id": 12806432035,
        "osm_type": "node",
        "name": "Regiomat",
        "vending": "snacks"
      }
    },
    {
      "type": "Feature",
      "geometry": {
        "type": "Point",
        "coordinates": [
          6.444954,
          51.7454061
        ]
      },
      "properties": {
        "id": 12810185329,
        "osm_type": "node",
        "vending": "drinks"
      }
    },
    {
      "type": "Feature",
      "geometry": {
        "type": "Point",
        "coordinates": [
          6.7865566,
          52.0614981
        ]
      },
      "properties": {
        "id": 12813792421,
        "osm_type": "node",
        "vending": "drinks;sweets;coffee;water;ice_cream",
        "operator": "Terhürne-Pörtner GbR"
      }
    },
    {
      "type": "Feature",
      "geometry": {
        "type": "Point",
        "coordinates": [
          7.523439,
          51.6138448
        ]
      },
      "properties": {
        "id": 12814156264,
        "osm_type": "node",
        "name": "24 Seven E-Kiosk",
        "vending": "cigarettes;drinks;sweets"
      }
    },
    {
      "type": "Feature",
      "geometry": {
        "type": "Point",
        "coordinates": [
          6.6851539,
          51.2041925
        ]
      },
      "properties": {
        "id": 12816638821,
        "osm_type": "node",
        "vending": "drinks"
      }
    },
    {
      "type": "Feature",
      "geometry": {
        "type": "Point",
        "coordinates": [
          6.6849673,
          51.2043062
        ]
      },
      "properties": {
        "id": 12816638853,
        "osm_type": "node",
        "vending": "drinks"
      }
    },
    {
      "type": "Feature",
      "geometry": {
        "type": "Point",
        "coordinates": [
          6.6842861,
          51.2047438
        ]
      },
      "properties": {
        "id": 12816638877,
        "osm_type": "node",
        "vending": "drinks"
      }
    },
    {
      "type": "Feature",
      "geometry": {
        "type": "Point",
        "coordinates": [
          7.4686139,
          51.5077133
        ]
      },
      "properties": {
        "id": 12817021531,
        "osm_type": "node",
        "vending": "snacks"
      }
    },
    {
      "type": "Feature",
      "geometry": {
        "type": "Point",
        "coordinates": [
          7.254037,
          51.1803434
        ]
      },
      "properties": {
        "id": 12821114969,
        "osm_type": "node",
        "vending": "snacks;beverages",
        "operator": "EBUYY|24"
      }
    },
    {
      "type": "Feature",
      "geometry": {
        "type": "Point",
        "coordinates": [
          6.2434148,
          50.8039124
        ]
      },
      "properties": {
        "id": 12822699731,
        "osm_type": "node",
        "vending": "ice_cream"
      }
    },
    {
      "type": "Feature",
      "geometry": {
        "type": "Point",
        "coordinates": [
          7.42624,
          51.7512294
        ]
      },
      "properties": {
        "id": 12828771771,
        "osm_type": "node",
        "opening_hours": "24/7",
        "vending": "ice_cream"
      }
    },
    {
      "type": "Feature",
      "geometry": {
        "type": "Point",
        "coordinates": [
          8.5865128,
          51.7780445
        ]
      },
      "properties": {
        "id": 12839281468,
        "osm_type": "node",
        "vending": "ice_cream"
      }
    },
    {
      "type": "Feature",
      "geometry": {
        "type": "Point",
        "coordinates": [
          6.6521597,
          50.5907318
        ]
      },
      "properties": {
        "id": 12839856465,
        "osm_type": "node",
        "vending": "drinks;sweets"
      }
    },
    {
      "type": "Feature",
      "geometry": {
        "type": "Point",
        "coordinates": [
          7.2483279,
          50.6821883
        ]
      },
      "properties": {
        "id": 12841210991,
        "osm_type": "node",
        "vending": "drinks;sweets"
      }
    },
    {
      "type": "Feature",
      "geometry": {
        "type": "Point",
        "coordinates": [
          6.2215489,
          50.5166228
        ]
      },
      "properties": {
        "id": 12865441708,
        "osm_type": "node",
        "vending": "ice_cream",
        "operator": "Zamatteo, Roetgen"
      }
    },
    {
      "type": "Feature",
      "geometry": {
        "type": "Point",
        "coordinates": [
          6.2215085,
          50.5166351
        ]
      },
      "properties": {
        "id": 12865441709,
        "osm_type": "node",
        "vending": "food;grillzubehör",
        "operator": "Frischmarkt Stolle, Kalterherberg"
      }
    },
    {
      "type": "Feature",
      "geometry": {
        "type": "Point",
        "coordinates": [
          6.2658337,
          50.8174396
        ]
      },
      "properties": {
        "id": 12871332361,
        "osm_type": "node",
        "vending": "drinks"
      }
    },
    {
      "type": "Feature",
      "geometry": {
        "type": "Point",
        "coordinates": [
          7.4171435,
          52.1207887
        ]
      },
      "properties": {
        "id": 12873135060,
        "osm_type": "node",
        "name": "Telti's Buedchen",
        "vending": "drinks;coffee;sweets"
      }
    },
    {
      "type": "Feature",
      "geometry": {
        "type": "Point",
        "coordinates": [
          8.7619818,
          51.7089194
        ]
      },
      "properties": {
        "id": 12873758082,
        "osm_type": "node",
        "vending": "ice_cream",
        "operator": "Huck's Hof",
        "check_date": "2025-05-29"
      }
    },
    {
      "type": "Feature",
      "geometry": {
        "type": "Point",
        "coordinates": [
          7.0755433,
          50.9450794
        ]
      },
      "properties": {
        "id": 12880183071,
        "osm_type": "node",
        "vending": "ice_cream",
        "operator": "Eis Panciera"
      }
    },
    {
      "type": "Feature",
      "geometry": {
        "type": "Point",
        "coordinates": [
          6.9748348,
          50.9407327
        ]
      },
      "properties": {
        "id": 12890274899,
        "osm_type": "node",
        "vending": "drinks"
      }
    },
    {
      "type": "Feature",
      "geometry": {
        "type": "Point",
        "coordinates": [
          6.3463916,
          51.2304231
        ]
      },
      "properties": {
        "id": 12905338203,
        "osm_type": "node",
        "vending": "food;fruit;strawberry",
        "operator": "Edelrot GmbH"
      }
    },
    {
      "type": "Feature",
      "geometry": {
        "type": "Point",
        "coordinates": [
          6.346344,
          51.2304687
        ]
      },
      "properties": {
        "id": 12905338204,
        "osm_type": "node",
        "vending": "food;fruit;strawberry",
        "operator": "Edelrot GmbH"
      }
    },
    {
      "type": "Feature",
      "geometry": {
        "type": "Point",
        "coordinates": [
          7.3116146,
          51.5216687
        ]
      },
      "properties": {
        "id": 12918094635,
        "osm_type": "node",
        "name": "Regiomat",
        "vending": "food",
        "brand": "Regiomat"
      }
    },
    {
      "type": "Feature",
      "geometry": {
        "type": "Point",
        "coordinates": [
          8.5078055,
          51.8827248
        ]
      },
      "properties": {
        "id": 12919828906,
        "osm_type": "node",
        "vending": "bread",
        "operator": "Die Brotstube"
      }
    },
    {
      "type": "Feature",
      "geometry": {
        "type": "Point",
        "coordinates": [
          6.5471147,
          51.1969756
        ]
      },
      "properties": {
        "id": 12925589150,
        "osm_type": "node",
        "name": "Grillfleischautomat Fleischwaren Sluyßer",
        "opening_hours": "24/7",
        "vending": "food",
        "operator": "Fleischwaren Sluyßer"
      }
    },
    {
      "type": "Feature",
      "geometry": {
        "type": "Point",
        "coordinates": [
          6.3764388,
          51.4091924
        ]
      },
      "properties": {
        "id": 12943761116,
        "osm_type": "node",
        "vending": "food",
        "check_date": "2025-06-21"
      }
    },
    {
      "type": "Feature",
      "geometry": {
        "type": "Point",
        "coordinates": [
          6.8343756,
          50.9426679
        ]
      },
      "properties": {
        "id": 12945327426,
        "osm_type": "node",
        "vending": "drinks"
      }
    },
    {
      "type": "Feature",
      "geometry": {
        "type": "Point",
        "coordinates": [
          6.6180935,
          51.2327962
        ]
      },
      "properties": {
        "id": 12959273460,
        "osm_type": "node",
        "vending": "drinks;snack",
        "operator": "Ebuyy24",
        "check_date": "2025-06-28"
      }
    },
    {
      "type": "Feature",
      "geometry": {
        "type": "Point",
        "coordinates": [
          7.2792665,
          52.1175101
        ]
      },
      "properties": {
        "id": 12961307855,
        "osm_type": "node",
        "vending": "food;drinks;sweets"
      }
    },
    {
      "type": "Feature",
      "geometry": {
        "type": "Point",
        "coordinates": [
          6.8006209,
          50.6556166
        ]
      },
      "properties": {
        "id": 12964463824,
        "osm_type": "node",
        "opening_hours": "24/7",
        "vending": "food"
      }
    },
    {
      "type": "Feature",
      "geometry": {
        "type": "Point",
        "coordinates": [
          6.9724541,
          51.4103503
        ]
      },
      "properties": {
        "id": 12969178206,
        "osm_type": "node",
        "vending": "food;drinks;sweets"
      }
    },
    {
      "type": "Feature",
      "geometry": {
        "type": "Point",
        "coordinates": [
          7.1312173,
          51.9394409
        ]
      },
      "properties": {
        "id": 12982332394,
        "osm_type": "node",
        "vending": "food;drinks;sweets"
      }
    },
    {
      "type": "Feature",
      "geometry": {
        "type": "Point",
        "coordinates": [
          8.6906355,
          52.1068194
        ]
      },
      "properties": {
        "id": 12986051979,
        "osm_type": "node",
        "vending": "cigarettes;drinks;sweets"
      }
    },
    {
      "type": "Feature",
      "geometry": {
        "type": "Point",
        "coordinates": [
          7.1493031,
          51.0968237
        ]
      },
      "properties": {
        "id": 12989099162,
        "osm_type": "node",
        "vending": "drinks;sweets"
      }
    },
    {
      "type": "Feature",
      "geometry": {
        "type": "Point",
        "coordinates": [
          6.6756032,
          50.9872493
        ]
      },
      "properties": {
        "id": 12997142401,
        "osm_type": "node",
        "opening_hours": "24/7",
        "vending": "snacks"
      }
    },
    {
      "type": "Feature",
      "geometry": {
        "type": "Point",
        "coordinates": [
          9.3721152,
          51.660235
        ]
      },
      "properties": {
        "id": 12997197510,
        "osm_type": "node",
        "vending": "ice_cream",
        "check_date": "2025-07-13"
      }
    },
    {
      "type": "Feature",
      "geometry": {
        "type": "Point",
        "coordinates": [
          7.8235776,
          52.2141825
        ]
      },
      "properties": {
        "id": 12999974684,
        "osm_type": "node",
        "opening_hours": "24/7",
        "vending": "milk"
      }
    },
    {
      "type": "Feature",
      "geometry": {
        "type": "Point",
        "coordinates": [
          6.1568234,
          51.1100179
        ]
      },
      "properties": {
        "id": 13027859867,
        "osm_type": "node",
        "vending": "ice_cream",
        "operator": "Dolomiti Erkelenz"
      }
    },
    {
      "type": "Feature",
      "geometry": {
        "type": "Point",
        "coordinates": [
          6.7646618,
          50.5588164
        ]
      },
      "properties": {
        "id": 13028335060,
        "osm_type": "node",
        "vending": "sweets;drinks;coffee;e-cigarettes;food",
        "check_date": "2025-07-26"
      }
    },
    {
      "type": "Feature",
      "geometry": {
        "type": "Point",
        "coordinates": [
          8.9088557,
          51.5383619
        ]
      },
      "properties": {
        "id": 13030091943,
        "osm_type": "node",
        "name": "KälteSüß",
        "vending": "ice_cream"
      }
    },
    {
      "type": "Feature",
      "geometry": {
        "type": "Point",
        "coordinates": [
          8.9088614,
          51.5383633
        ]
      },
      "properties": {
        "id": 13030091968,
        "osm_type": "node",
        "name": "Egge-Getränke",
        "vending": "drinks"
      }
    },
    {
      "type": "Feature",
      "geometry": {
        "type": "Point",
        "coordinates": [
          6.8826071,
          51.8741723
        ]
      },
      "properties": {
        "id": 13034375755,
        "osm_type": "node",
        "name": "Altenas Eistruhe",
        "vending": "drinks;ice_cream"
      }
    },
    {
      "type": "Feature",
      "geometry": {
        "type": "Point",
        "coordinates": [
          7.0039232,
          51.1610821
        ]
      },
      "properties": {
        "id": 13037650159,
        "osm_type": "node",
        "vending": "food"
      }
    },
    {
      "type": "Feature",
      "geometry": {
        "type": "Point",
        "coordinates": [
          8.5684854,
          51.40245
        ]
      },
      "properties": {
        "id": 13038313040,
        "osm_type": "node",
        "vending": "ice_cream",
        "operator": "KaltesSüß"
      }
    },
    {
      "type": "Feature",
      "geometry": {
        "type": "Point",
        "coordinates": [
          7.7977364,
          51.0799093
        ]
      },
      "properties": {
        "id": 13039780480,
        "osm_type": "node",
        "name": "Regio-Box der Fleischerei Hoffmann",
        "vending": "drinks;food;sweets;fleisch;bread",
        "operator": "Fleischerei Hoffmann"
      }
    },
    {
      "type": "Feature",
      "geometry": {
        "type": "Point",
        "coordinates": [
          8.8276997,
          51.740736
        ]
      },
      "properties": {
        "id": 13048934524,
        "osm_type": "node",
        "opening_hours": "24/7",
        "vending": "snacks;beverages"
      }
    },
    {
      "type": "Feature",
      "geometry": {
        "type": "Point",
        "coordinates": [
          7.341436,
          51.438503
        ]
      },
      "properties": {
        "id": 13050994851,
        "osm_type": "node",
        "vending": "sweets;drinks"
      }
    },
    {
      "type": "Feature",
      "geometry": {
        "type": "Point",
        "coordinates": [
          7.5699531,
          51.0244397
        ]
      },
      "properties": {
        "id": 13059438039,
        "osm_type": "node",
        "vending": "food"
      }
    },
    {
      "type": "Feature",
      "geometry": {
        "type": "Point",
        "coordinates": [
          7.8130651,
          51.6819979
        ]
      },
      "properties": {
        "id": 13069817393,
        "osm_type": "node",
        "name": "Diggi24",
        "vending": "snacks"
      }
    },
    {
      "type": "Feature",
      "geometry": {
        "type": "Point",
        "coordinates": [
          7.2655069,
          52.0259243
        ]
      },
      "properties": {
        "id": 13073869234,
        "osm_type": "node",
        "vending": "food;ice_cream",
        "operator": "Casa Eis"
      }
    },
    {
      "type": "Feature",
      "geometry": {
        "type": "Point",
        "coordinates": [
          7.445696,
          51.7675026
        ]
      },
      "properties": {
        "id": 13076318241,
        "osm_type": "node",
        "vending": "food"
      }
    },
    {
      "type": "Feature",
      "geometry": {
        "type": "Point",
        "coordinates": [
          7.4262251,
          51.7512404
        ]
      },
      "properties": {
        "id": 13076347930,
        "osm_type": "node",
        "opening_hours": "24/7",
        "vending": "food",
        "check_date": "2025-08-17"
      }
    },
    {
      "type": "Feature",
      "geometry": {
        "type": "Point",
        "coordinates": [
          8.6987776,
          51.2007389
        ]
      },
      "properties": {
        "id": 13081911054,
        "osm_type": "node",
        "vending": "food;milk",
        "operator": "Schreiber Bio Hof"
      }
    },
    {
      "type": "Feature",
      "geometry": {
        "type": "Point",
        "coordinates": [
          8.5320074,
          51.1955575
        ]
      },
      "properties": {
        "id": 13081911541,
        "osm_type": "node",
        "vending": "food;milk",
        "operator": "Schreiber Bio Hof"
      }
    },
    {
      "type": "Feature",
      "geometry": {
        "type": "Point",
        "coordinates": [
          7.2914829,
          51.5471353
        ]
      },
      "properties": {
        "id": 13087170146,
        "osm_type": "node",
        "vending": "drinks;eggs"
      }
    },
    {
      "type": "Feature",
      "geometry": {
        "type": "Point",
        "coordinates": [
          6.9279142,
          50.9533567
        ]
      },
      "properties": {
        "id": 13090094131,
        "osm_type": "node",
        "vending": "cigarettes;drinks;sweets",
        "operator": "Pm Xpress Shop"
      }
    },
    {
      "type": "Feature",
      "geometry": {
        "type": "Point",
        "coordinates": [
          8.1890986,
          51.2179783
        ]
      },
      "properties": {
        "id": 13092411058,
        "osm_type": "node",
        "name": "Brunnen der Ehrlichkeit",
        "vending": "drinks"
      }
    },
    {
      "type": "Feature",
      "geometry": {
        "type": "Point",
        "coordinates": [
          8.4602837,
          51.2862256
        ]
      },
      "properties": {
        "id": 13100035805,
        "osm_type": "node",
        "vending": "drinks"
      }
    },
    {
      "type": "Feature",
      "geometry": {
        "type": "Point",
        "coordinates": [
          8.4450128,
          51.2718213
        ]
      },
      "properties": {
        "id": 13100035806,
        "osm_type": "node",
        "vending": "drinks"
      }
    },
    {
      "type": "Feature",
      "geometry": {
        "type": "Point",
        "coordinates": [
          6.7020747,
          51.3933881
        ]
      },
      "properties": {
        "id": 13110801513,
        "osm_type": "node",
        "vending": "food"
      }
    },
    {
      "type": "Feature",
      "geometry": {
        "type": "Point",
        "coordinates": [
          6.8707437,
          51.4064503
        ]
      },
      "properties": {
        "id": 13120612484,
        "osm_type": "node",
        "vending": "ice_cream",
        "operator": "Eis Berger",
        "check_date": "2025-09-17"
      }
    },
    {
      "type": "Feature",
      "geometry": {
        "type": "Point",
        "coordinates": [
          8.385741,
          51.8773031
        ]
      },
      "properties": {
        "id": 13121407987,
        "osm_type": "node",
        "vending": "drinks"
      }
    },
    {
      "type": "Feature",
      "geometry": {
        "type": "Point",
        "coordinates": [
          7.2615523,
          51.322326
        ]
      },
      "properties": {
        "id": 13121675207,
        "osm_type": "node",
        "name": "Kuhlimat",
        "opening_hours": "24/7",
        "vending": "food",
        "operator": "Kuhlendahl"
      }
    },
    {
      "type": "Feature",
      "geometry": {
        "type": "Point",
        "coordinates": [
          7.4546178,
          51.4045305
        ]
      },
      "properties": {
        "id": 13124628918,
        "osm_type": "node",
        "vending": "ice_cream"
      }
    },
    {
      "type": "Feature",
      "geometry": {
        "type": "Point",
        "coordinates": [
          6.3453461,
          51.0760643
        ]
      },
      "properties": {
        "id": 13124694478,
        "osm_type": "node",
        "name": "Conny's Wieseneier",
        "vending": "food"
      }
    },
    {
      "type": "Feature",
      "geometry": {
        "type": "Point",
        "coordinates": [
          6.4462823,
          50.7170669
        ]
      },
      "properties": {
        "id": 13132852056,
        "osm_type": "node",
        "vending": "drinks;food",
        "operator": "Cafe Flink"
      }
    },
    {
      "type": "Feature",
      "geometry": {
        "type": "Point",
        "coordinates": [
          8.4840416,
          51.3601605
        ]
      },
      "properties": {
        "id": 13136967283,
        "osm_type": "node",
        "vending": "food;drinks",
        "brand": "Herr Anton",
        "operator": "Hensing GmbH"
      }
    },
    {
      "type": "Feature",
      "geometry": {
        "type": "Point",
        "coordinates": [
          7.6636539,
          52.0700001
        ]
      },
      "properties": {
        "id": 13137632957,
        "osm_type": "node",
        "vending": "drinks;ice;food;"
      }
    },
    {
      "type": "Feature",
      "geometry": {
        "type": "Point",
        "coordinates": [
          7.3954692,
          52.1474265
        ]
      },
      "properties": {
        "id": 13137791803,
        "osm_type": "node",
        "vending": "milk"
      }
    },
    {
      "type": "Feature",
      "geometry": {
        "type": "Point",
        "coordinates": [
          7.6332751,
          52.0992433
        ]
      },
      "properties": {
        "id": 13137861421,
        "osm_type": "node",
        "vending": "food;drinks"
      }
    },
    {
      "type": "Feature",
      "geometry": {
        "type": "Point",
        "coordinates": [
          8.5685126,
          51.4007902
        ]
      },
      "properties": {
        "id": 13138487599,
        "osm_type": "node",
        "name": "KaltesSüß",
        "vending": "ice_cream"
      }
    },
    {
      "type": "Feature",
      "geometry": {
        "type": "Point",
        "coordinates": [
          7.402999,
          51.8624831
        ]
      },
      "properties": {
        "id": 13140719354,
        "osm_type": "node",
        "vending": "food",
        "operator": "Hof Wahlkamp"
      }
    },
    {
      "type": "Feature",
      "geometry": {
        "type": "Point",
        "coordinates": [
          7.2123769,
          51.5036722
        ]
      },
      "properties": {
        "id": 13144598438,
        "osm_type": "node",
        "vending": "drinks;sweets;e-cigarettes;"
      }
    },
    {
      "type": "Feature",
      "geometry": {
        "type": "Point",
        "coordinates": [
          7.3293403,
          52.1485209
        ]
      },
      "properties": {
        "id": 13155012266,
        "osm_type": "node",
        "vending": "drinks;food;sweets"
      }
    },
    {
      "type": "Feature",
      "geometry": {
        "type": "Point",
        "coordinates": [
          8.7146439,
          51.7427326
        ]
      },
      "properties": {
        "id": 13158005077,
        "osm_type": "node",
        "name": "Knusperkiste",
        "opening_hours": "24/7",
        "vending": "snacks;beverages"
      }
    },
    {
      "type": "Feature",
      "geometry": {
        "type": "Point",
        "coordinates": [
          7.0445374,
          50.771606
        ]
      },
      "properties": {
        "id": 13158082716,
        "osm_type": "node",
        "vending": "food"
      }
    },
    {
      "type": "Feature",
      "geometry": {
        "type": "Point",
        "coordinates": [
          8.7122916,
          52.1975808
        ]
      },
      "properties": {
        "id": 13165942896,
        "osm_type": "node",
        "vending": "cigarettes;drinks;sweets",
        "operator": "SnacKraus GbR"
      }
    },
    {
      "type": "Feature",
      "geometry": {
        "type": "Point",
        "coordinates": [
          6.0898457,
          50.7229999
        ]
      },
      "properties": {
        "id": 13174745745,
        "osm_type": "node",
        "vending": "food;eggs"
      }
    },
    {
      "type": "Feature",
      "geometry": {
        "type": "Point",
        "coordinates": [
          7.0756616,
          51.1935561
        ]
      },
      "properties": {
        "id": 13194697208,
        "osm_type": "node",
        "vending": "food"
      }
    },
    {
      "type": "Feature",
      "geometry": {
        "type": "Point",
        "coordinates": [
          7.2420411,
          51.4732561
        ]
      },
      "properties": {
        "id": 13201870803,
        "osm_type": "node",
        "vending": "ice_cream",
        "operator": "Hof Dahlhoff",
        "check_date": "2025-10-07"
      }
    },
    {
      "type": "Feature",
      "geometry": {
        "type": "Point",
        "coordinates": [
          7.242032,
          51.4732486
        ]
      },
      "properties": {
        "id": 13201870804,
        "osm_type": "node",
        "opening_hours": "24/7",
        "vending": "drinks;food",
        "brand": "Regiomat",
        "operator": "Hof Dahlhoff",
        "check_date": "2025-10-07"
      }
    },
    {
      "type": "Feature",
      "geometry": {
        "type": "Point",
        "coordinates": [
          7.014495,
          50.7359711
        ]
      },
      "properties": {
        "id": 13208962933,
        "osm_type": "node",
        "opening_hours": "24/7",
        "vending": "drinks;sweets;e-cigarettes",
        "operator": "24 Alaner Store"
      }
    },
    {
      "type": "Feature",
      "geometry": {
        "type": "Point",
        "coordinates": [
          6.9575446,
          50.9434079
        ]
      },
      "properties": {
        "id": 13226769348,
        "osm_type": "node",
        "vending": "drinks;sweets",
        "operator": "Geile Warenautomaten",
        "check_date": "2025-10-11"
      }
    },
    {
      "type": "Feature",
      "geometry": {
        "type": "Point",
        "coordinates": [
          8.6638825,
          51.822611
        ]
      },
      "properties": {
        "id": 13237902581,
        "osm_type": "node",
        "vending": "snacks;beverages"
      }
    },
    {
      "type": "Feature",
      "geometry": {
        "type": "Point",
        "coordinates": [
          7.9959527,
          51.5473909
        ]
      },
      "properties": {
        "id": 13257391623,
        "osm_type": "node",
        "vending": "ice_cream"
      }
    },
    {
      "type": "Feature",
      "geometry": {
        "type": "Point",
        "coordinates": [
          8.6779895,
          51.7398456
        ]
      },
      "properties": {
        "id": 13260209006,
        "osm_type": "node",
        "vending": "snacks;beverags",
        "operator": "Tante Schlemmer"
      }
    },
    {
      "type": "Feature",
      "geometry": {
        "type": "Point",
        "coordinates": [
          8.8004665,
          51.993941
        ]
      },
      "properties": {
        "id": 13261269828,
        "osm_type": "node",
        "opening_hours": "24/7",
        "vending": "cigarettes;drinks;sweets;water"
      }
    },
    {
      "type": "Feature",
      "geometry": {
        "type": "Point",
        "coordinates": [
          8.563372,
          51.7287103
        ]
      },
      "properties": {
        "id": 13265077426,
        "osm_type": "node",
        "vending": "food"
      }
    },
    {
      "type": "Feature",
      "geometry": {
        "type": "Point",
        "coordinates": [
          8.5324998,
          51.5616287
        ]
      },
      "properties": {
        "id": 13296758551,
        "osm_type": "node",
        "vending": "drinks"
      }
    },
    {
      "type": "Feature",
      "geometry": {
        "type": "Point",
        "coordinates": [
          6.6852162,
          51.084968
        ]
      },
      "properties": {
        "id": 13300011915,
        "osm_type": "node",
        "vending": "food",
        "operator": "Milchhof Weßling"
      }
    },
    {
      "type": "Feature",
      "geometry": {
        "type": "Point",
        "coordinates": [
          6.9442609,
          51.2187788
        ]
      },
      "properties": {
        "id": 13305201733,
        "osm_type": "node",
        "vending": "food;sweets",
        "operator": "Geile Warenautomaten GmbH",
        "check_date": "2025-11-14"
      }
    },
    {
      "type": "Feature",
      "geometry": {
        "type": "Point",
        "coordinates": [
          9.0413015,
          51.5275877
        ]
      },
      "properties": {
        "id": 13305226546,
        "osm_type": "node",
        "vending": "vapes;beverages"
      }
    },
    {
      "type": "Feature",
      "geometry": {
        "type": "Point",
        "coordinates": [
          8.3748684,
          51.1304358
        ]
      },
      "properties": {
        "id": 13324068061,
        "osm_type": "node",
        "vending": "drinks"
      }
    },
    {
      "type": "Feature",
      "geometry": {
        "type": "Point",
        "coordinates": [
          7.6292541,
          51.9380514
        ]
      },
      "properties": {
        "id": 13324952408,
        "osm_type": "node",
        "vending": "drinks;sweets"
      }
    },
    {
      "type": "Feature",
      "geometry": {
        "type": "Point",
        "coordinates": [
          8.0481275,
          50.9005907
        ]
      },
      "properties": {
        "id": 13340073202,
        "osm_type": "node",
        "vending": "sweets;drinks",
        "check_date": "2025-11-17"
      }
    },
    {
      "type": "Feature",
      "geometry": {
        "type": "Point",
        "coordinates": [
          6.2301638,
          50.5547042
        ]
      },
      "properties": {
        "id": 13351115064,
        "osm_type": "node",
        "vending": "drinks;sweets"
      }
    },
    {
      "type": "Feature",
      "geometry": {
        "type": "Point",
        "coordinates": [
          6.3225749,
          51.2293044
        ]
      },
      "properties": {
        "id": 13353414241,
        "osm_type": "node",
        "vending": "e-cigarettes;drinks;food;sweets;surprise_box;pizza"
      }
    },
    {
      "type": "Feature",
      "geometry": {
        "type": "Point",
        "coordinates": [
          8.0423142,
          51.1509158
        ]
      },
      "properties": {
        "id": 13355678065,
        "osm_type": "node",
        "vending": "food;drinks;sweets;e-cigarettes;grillwaren",
        "operator": "Südwestfalen Automaten GbR"
      }
    },
    {
      "type": "Feature",
      "geometry": {
        "type": "Point",
        "coordinates": [
          7.607703,
          52.0915617
        ]
      },
      "properties": {
        "id": 13370115714,
        "osm_type": "node",
        "vending": "food"
      }
    },
    {
      "type": "Feature",
      "geometry": {
        "type": "Point",
        "coordinates": [
          7.3316763,
          51.4081906
        ]
      },
      "properties": {
        "id": 13370895741,
        "osm_type": "node",
        "vending": "milk"
      }
    },
    {
      "type": "Feature",
      "geometry": {
        "type": "Point",
        "coordinates": [
          7.3316974,
          51.4081695
        ]
      },
      "properties": {
        "id": 13370895742,
        "osm_type": "node",
        "vending": "food"
      }
    },
    {
      "type": "Feature",
      "geometry": {
        "type": "Point",
        "coordinates": [
          6.9729515,
          50.9276177
        ]
      },
      "properties": {
        "id": 13378222664,
        "osm_type": "node",
        "vending": "food",
        "check_date": "2025-12-25"
      }
    },
    {
      "type": "Feature",
      "geometry": {
        "type": "Point",
        "coordinates": [
          7.1815821,
          50.7800808
        ]
      },
      "properties": {
        "id": 13387658004,
        "osm_type": "node",
        "vending": "drinks"
      }
    },
    {
      "type": "Feature",
      "geometry": {
        "type": "Point",
        "coordinates": [
          8.7460037,
          51.7069218
        ]
      },
      "properties": {
        "id": 13389643469,
        "osm_type": "node",
        "vending": "snacks; beverages"
      }
    },
    {
      "type": "Feature",
      "geometry": {
        "type": "Point",
        "coordinates": [
          7.2893402,
          51.2900848
        ]
      },
      "properties": {
        "id": 13389673232,
        "osm_type": "node",
        "vending": "snacks; beverages"
      }
    },
    {
      "type": "Feature",
      "geometry": {
        "type": "Point",
        "coordinates": [
          7.2218477,
          51.5933277
        ]
      },
      "properties": {
        "id": 13390398934,
        "osm_type": "node",
        "vending": "drinks;food"
      }
    },
    {
      "type": "Feature",
      "geometry": {
        "type": "Point",
        "coordinates": [
          7.7365921,
          52.1367109
        ]
      },
      "properties": {
        "id": 13391109785,
        "osm_type": "node",
        "vending": "coffee"
      }
    },
    {
      "type": "Feature",
      "geometry": {
        "type": "Point",
        "coordinates": [
          7.4077309,
          51.1690969
        ]
      },
      "properties": {
        "id": 13394875815,
        "osm_type": "node",
        "name": "Kaffeeschrank",
        "vending": "coffee"
      }
    },
    {
      "type": "Feature",
      "geometry": {
        "type": "Point",
        "coordinates": [
          6.5188998,
          50.7774412
        ]
      },
      "properties": {
        "id": 13397230273,
        "osm_type": "node",
        "name": "Bio Bochröder",
        "opening_hours": "Mo-Su 07:00-21:00",
        "vending": "food"
      }
    },
    {
      "type": "Feature",
      "geometry": {
        "type": "Point",
        "coordinates": [
          7.4612723,
          51.7669047
        ]
      },
      "properties": {
        "id": 13416831791,
        "osm_type": "node",
        "vending": "food",
        "operator": "Automeat"
      }
    },
    {
      "type": "Feature",
      "geometry": {
        "type": "Point",
        "coordinates": [
          7.8126209,
          52.2197371
        ]
      },
      "properties": {
        "id": 13418421816,
        "osm_type": "node",
        "vending": "ice_cream"
      }
    },
    {
      "type": "Feature",
      "geometry": {
        "type": "Point",
        "coordinates": [
          6.6848953,
          51.1217978
        ]
      },
      "properties": {
        "id": 13418480455,
        "osm_type": "node",
        "vending": "drinks;food"
      }
    },
    {
      "type": "Feature",
      "geometry": {
        "type": "Point",
        "coordinates": [
          8.3108323,
          51.1908271
        ]
      },
      "properties": {
        "id": 13428525638,
        "osm_type": "node",
        "vending": "food;coffee;eggs;drinks;sweets"
      }
    },
    {
      "type": "Feature",
      "geometry": {
        "type": "Point",
        "coordinates": [
          6.9412193,
          50.930703
        ]
      },
      "properties": {
        "id": 13431009701,
        "osm_type": "node",
        "vending": "ice_cream"
      }
    },
    {
      "type": "Feature",
      "geometry": {
        "type": "Point",
        "coordinates": [
          7.2291858,
          51.4935298
        ]
      },
      "properties": {
        "id": 13438072166,
        "osm_type": "node",
        "vending": "coffee"
      }
    },
    {
      "type": "Feature",
      "geometry": {
        "type": "Point",
        "coordinates": [
          8.7821759,
          51.730992
        ]
      },
      "properties": {
        "id": 13438642814,
        "osm_type": "node",
        "vending": "snacks;vapes;beverages"
      }
    },
    {
      "type": "Feature",
      "geometry": {
        "type": "Point",
        "coordinates": [
          7.1535818,
          51.2518143
        ]
      },
      "properties": {
        "id": 13461220124,
        "osm_type": "node",
        "vending": "food"
      }
    },
    {
      "type": "Feature",
      "geometry": {
        "type": "Point",
        "coordinates": [
          6.898707,
          50.8445233
        ]
      },
      "properties": {
        "id": 13473080671,
        "osm_type": "node",
        "vending": "drinks;sweets"
      }
    },
    {
      "type": "Feature",
      "geometry": {
        "type": "Point",
        "coordinates": [
          7.3369382,
          51.445233
        ]
      },
      "properties": {
        "id": 13482093870,
        "osm_type": "node",
        "vending": "drinks;food"
      }
    },
    {
      "type": "Feature",
      "geometry": {
        "type": "Point",
        "coordinates": [
          6.2915724,
          51.1548988
        ]
      },
      "properties": {
        "id": 13516670169,
        "osm_type": "node",
        "vending": "drinks"
      }
    },
    {
      "type": "Feature",
      "geometry": {
        "type": "Point",
        "coordinates": [
          6.5814034,
          50.4767345
        ]
      },
      "properties": {
        "id": 13519048262,
        "osm_type": "node",
        "name": "Et Büdche",
        "opening_hours": "24/7",
        "vending": "food;sweets;water;drinks;condoms;milk;e-cigarettes;feminine_hygiene",
        "operator": "FBSP Energie KG i.G."
      }
    },
    {
      "type": "Feature",
      "geometry": {
        "type": "Point",
        "coordinates": [
          6.448579,
          50.8175624
        ]
      },
      "properties": {
        "id": 13524196231,
        "osm_type": "node",
        "opening_hours": "24/7",
        "vending": "food"
      }
    },
    {
      "type": "Feature",
      "geometry": {
        "type": "Point",
        "coordinates": [
          6.7422717,
          51.3051951
        ]
      },
      "properties": {
        "id": 13525733553,
        "osm_type": "node",
        "vending": "drinks;sweets",
        "operator": "Ebuyy24"
      }
    },
    {
      "type": "Feature",
      "geometry": {
        "type": "Point",
        "coordinates": [
          6.9007028,
          50.8281016
        ]
      },
      "properties": {
        "id": 13536324197,
        "osm_type": "node",
        "vending": "bread",
        "operator": "Brotbäckchen"
      }
    },
    {
      "type": "Feature",
      "geometry": {
        "type": "Point",
        "coordinates": [
          7.5480664,
          50.9488922
        ]
      },
      "properties": {
        "id": 13538872558,
        "osm_type": "node",
        "vending": "drinks;e-cigarettes;sweets"
      }
    },
    {
      "type": "Feature",
      "geometry": {
        "type": "Point",
        "coordinates": [
          8.6960509,
          52.1326027
        ]
      },
      "properties": {
        "id": 13539315431,
        "osm_type": "node",
        "vending": "drinks;e-cigarettes;sweets"
      }
    },
    {
      "type": "Feature",
      "geometry": {
        "type": "Point",
        "coordinates": [
          8.6006943,
          51.673208
        ]
      },
      "properties": {
        "id": 13570725696,
        "osm_type": "node",
        "name": "Snacks4you",
        "opening_hours": "24/7",
        "vending": "snacks"
      }
    },
    {
      "type": "Feature",
      "geometry": {
        "type": "Point",
        "coordinates": [
          6.0946821,
          50.870937
        ]
      },
      "properties": {
        "id": 13571023321,
        "osm_type": "node",
        "vending": "food"
      }
    },
    {
      "type": "Feature",
      "geometry": {
        "type": "Point",
        "coordinates": [
          6.949003,
          51.1080827
        ]
      },
      "properties": {
        "id": 13593015329,
        "osm_type": "node",
        "opening_hours": "24/7",
        "vending": "food;drinks;sweets",
        "operator": "Snack Jack",
        "check_date": "2026-02-23"
      }
    },
    {
      "type": "Feature",
      "geometry": {
        "type": "Point",
        "coordinates": [
          6.2138404,
          50.7314839
        ]
      },
      "properties": {
        "id": 13623670110,
        "osm_type": "node",
        "vending": "food"
      }
    },
    {
      "type": "Feature",
      "geometry": {
        "type": "Point",
        "coordinates": [
          7.25519,
          51.28284
        ]
      },
      "properties": {
        "id": 13625272294,
        "osm_type": "node",
        "name": "Contimat",
        "opening_hours": "24/7",
        "vending": "ice_cream",
        "operator": "Eismanufaktur Conti",
        "check_date": "2026-03-07"
      }
    },
    {
      "type": "Feature",
      "geometry": {
        "type": "Point",
        "coordinates": [
          7.2396277,
          51.291381
        ]
      },
      "properties": {
        "id": 13626937922,
        "osm_type": "node",
        "name": "Contimat",
        "opening_hours": "24/7",
        "vending": "ice_cream",
        "operator": "Eismanufaktur Conti",
        "check_date": "2026-03-08"
      }
    },
    {
      "type": "Feature",
      "geometry": {
        "type": "Point",
        "coordinates": [
          6.7898639,
          51.4296408
        ]
      },
      "properties": {
        "id": 13633370851,
        "osm_type": "node",
        "opening_hours": "24/7",
        "vending": "snacks;drinks",
        "check_date": "2026-02-01"
      }
    },
    {
      "type": "Feature",
      "geometry": {
        "type": "Point",
        "coordinates": [
          7.4676409,
          51.513012
        ]
      },
      "properties": {
        "id": 13633370858,
        "osm_type": "node",
        "opening_hours": "24/7",
        "vending": "ice_cream",
        "operator": "EisBerger",
        "check_date": "2026-02-01"
      }
    },
    {
      "type": "Feature",
      "geometry": {
        "type": "Point",
        "coordinates": [
          6.7615157,
          51.4168698
        ]
      },
      "properties": {
        "id": 13633534909,
        "osm_type": "node",
        "vending": "ice_cream",
        "operator": "Eismanufaktur Primavera",
        "check_date": "2026-02-01"
      }
    },
    {
      "type": "Feature",
      "geometry": {
        "type": "Point",
        "coordinates": [
          6.7609321,
          51.4167966
        ]
      },
      "properties": {
        "id": 13633534910,
        "osm_type": "node",
        "vending": "drinks",
        "operator": "tabaccoland Automatengesellschaft mbH & Co. KG",
        "check_date": "2026-02-01"
      }
    },
    {
      "type": "Feature",
      "geometry": {
        "type": "Point",
        "coordinates": [
          6.7616468,
          51.416767
        ]
      },
      "properties": {
        "id": 13633534911,
        "osm_type": "node",
        "vending": "food",
        "operator": "tabaccoland Automatengesellschaft mbH & Co. KG",
        "check_date": "2026-02-01"
      }
    },
    {
      "type": "Feature",
      "geometry": {
        "type": "Point",
        "coordinates": [
          6.7616129,
          51.4167846
        ]
      },
      "properties": {
        "id": 13633534912,
        "osm_type": "node",
        "vending": "drinks;food",
        "check_date": "2026-02-01"
      }
    },
    {
      "type": "Feature",
      "geometry": {
        "type": "Point",
        "coordinates": [
          6.7936448,
          51.4288499
        ]
      },
      "properties": {
        "id": 13633600477,
        "osm_type": "node",
        "opening_hours": "24/7",
        "vending": "drinks;snacks",
        "check_date": "2026-02-01"
      }
    },
    {
      "type": "Feature",
      "geometry": {
        "type": "Point",
        "coordinates": [
          6.7881575,
          51.4301329
        ]
      },
      "properties": {
        "id": 13633600478,
        "osm_type": "node",
        "opening_hours": "24/7",
        "vending": "drinks;coffee;snacks;water",
        "operator": "aesurge Germany GmbH",
        "check_date": "2026-02-01"
      }
    },
    {
      "type": "Feature",
      "geometry": {
        "type": "Point",
        "coordinates": [
          8.5355626,
          51.8754691
        ]
      },
      "properties": {
        "id": 13659701045,
        "osm_type": "node",
        "vending": "eggs;food",
        "operator": "Bürmann"
      }
    },
    {
      "type": "Feature",
      "geometry": {
        "type": "Point",
        "coordinates": [
          8.5043852,
          51.8815588
        ]
      },
      "properties": {
        "id": 13662958690,
        "osm_type": "node",
        "vending": "drinks;sweets",
        "operator": "Raresnacks"
      }
    },
    {
      "type": "Feature",
      "geometry": {
        "type": "Point",
        "coordinates": [
          6.6392944,
          51.3681144
        ]
      },
      "properties": {
        "id": 13677200410,
        "osm_type": "node",
        "name": "Kartoffelbox Topshof",
        "vending": "food"
      }
    },
    {
      "type": "Feature",
      "geometry": {
        "type": "Point",
        "coordinates": [
          6.5472739,
          50.3861299
        ]
      },
      "properties": {
        "id": 13689498799,
        "osm_type": "node",
        "vending": "drinks;food;sweets"
      }
    },
    {
      "type": "Feature",
      "geometry": {
        "type": "Point",
        "coordinates": [
          8.7439974,
          51.7094082
        ]
      },
      "properties": {
        "id": 13705629432,
        "osm_type": "node",
        "vending": "drinks;dairy_products;potatoes"
      }
    },
    {
      "type": "Feature",
      "geometry": {
        "type": "Point",
        "coordinates": [
          8.6290464,
          51.7352422
        ]
      },
      "properties": {
        "id": 13706737954,
        "osm_type": "node",
        "opening_hours": "24/7",
        "vending": "food;sweets;drinks;eggs;meat;honey",
        "check_date": "2026-04-04"
      }
    },
    {
      "type": "Feature",
      "geometry": {
        "type": "Point",
        "coordinates": [
          8.4032856,
          51.573752
        ]
      },
      "properties": {
        "id": 13709318255,
        "osm_type": "node",
        "vending": "food;sweets;drinks;eggs;honey",
        "check_date": "2026-04-05"
      }
    },
    {
      "type": "Feature",
      "geometry": {
        "type": "Point",
        "coordinates": [
          6.7349376,
          51.2106928
        ]
      },
      "properties": {
        "id": 13711766784,
        "osm_type": "node",
        "vending": "food",
        "check_date": "2026-04-06"
      }
    },
    {
      "type": "Feature",
      "geometry": {
        "type": "Point",
        "coordinates": [
          6.3440545,
          51.0585834
        ]
      },
      "properties": {
        "id": 13712036822,
        "osm_type": "node",
        "vending": "ice_cream"
      }
    },
    {
      "type": "Feature",
      "geometry": {
        "type": "Point",
        "coordinates": [
          6.274015,
          51.0571708
        ]
      },
      "properties": {
        "id": 13712036828,
        "osm_type": "node",
        "vending": "ice_cream"
      }
    },
    {
      "type": "Feature",
      "geometry": {
        "type": "Point",
        "coordinates": [
          8.6510856,
          51.8543137
        ]
      },
      "properties": {
        "id": 13712151249,
        "osm_type": "node",
        "opening_hours": "24/7",
        "vending": "drinks;eggs;ice_cream;honey;decorations",
        "check_date": "2026-04-06"
      }
    },
    {
      "type": "Feature",
      "geometry": {
        "type": "Point",
        "coordinates": [
          6.4230955,
          51.3664628
        ]
      },
      "properties": {
        "id": 13712463883,
        "osm_type": "node",
        "vending": "ice_cream"
      }
    },
    {
      "type": "Feature",
      "geometry": {
        "type": "Point",
        "coordinates": [
          8.6514751,
          51.6059533
        ]
      },
      "properties": {
        "id": 13714882031,
        "osm_type": "node",
        "vending": "snacks;beverages"
      }
    },
    {
      "type": "Feature",
      "geometry": {
        "type": "Point",
        "coordinates": [
          6.25929,
          51.1523
        ]
      },
      "properties": {
        "id": 13715596949,
        "osm_type": "node",
        "name": "Hofbox",
        "opening_hours": "07:00-22:00",
        "vending": "food",
        "operator": "Biohof Müller",
        "check_date": "2026-04-08"
      }
    },
    {
      "type": "Feature",
      "geometry": {
        "type": "Point",
        "coordinates": [
          7.6136416,
          51.9542507
        ]
      },
      "properties": {
        "id": 13719274003,
        "osm_type": "node",
        "vending": "drinks",
        "operator": "Jugendherberge. de / CocaCola",
        "check_date": "2026-04-09"
      }
    },
    {
      "type": "Feature",
      "geometry": {
        "type": "Point",
        "coordinates": [
          7.6138023,
          51.9541315
        ]
      },
      "properties": {
        "id": 13719274004,
        "osm_type": "node",
        "vending": "food",
        "operator": "Jugendherberge",
        "check_date": "2026-04-09"
      }
    },
    {
      "type": "Feature",
      "geometry": {
        "type": "Point",
        "coordinates": [
          7.6138116,
          51.9541191
        ]
      },
      "properties": {
        "id": 13719283501,
        "osm_type": "node",
        "vending": "food",
        "operator": "Jugendherberge",
        "check_date": "2026-04-09"
      }
    },
    {
      "type": "Feature",
      "geometry": {
        "type": "Point",
        "coordinates": [
          8.4269965,
          51.8078232
        ]
      },
      "properties": {
        "id": 13719619785,
        "osm_type": "node",
        "name": "BY-STORE 24/7",
        "vending": "food"
      }
    },
    {
      "type": "Feature",
      "geometry": {
        "type": "Point",
        "coordinates": [
          8.4279549,
          51.7978364
        ]
      },
      "properties": {
        "id": 13719619786,
        "osm_type": "node",
        "name": "Rietberger Wildhütte",
        "vending": "food"
      }
    },
    {
      "type": "Feature",
      "geometry": {
        "type": "Point",
        "coordinates": [
          7.9416586,
          51.8732428
        ]
      },
      "properties": {
        "id": 13731764336,
        "osm_type": "node",
        "name": "Regiomat",
        "vending": "food"
      }
    },
    {
      "type": "Feature",
      "geometry": {
        "type": "Point",
        "coordinates": [
          6.6881993,
          51.1991248
        ]
      },
      "properties": {
        "id": 13744295145,
        "osm_type": "node",
        "vending": "drinks;snacks",
        "check_date": "2026-04-20"
      }
    },
    {
      "type": "Feature",
      "geometry": {
        "type": "Point",
        "coordinates": [
          7.3692066,
          52.0416573
        ]
      },
      "properties": {
        "id": 13755526426,
        "osm_type": "node",
        "vending": "food;drinks"
      }
    },
    {
      "type": "Feature",
      "geometry": {
        "type": "Point",
        "coordinates": [
          7.3949637,
          52.0356662
        ]
      },
      "properties": {
        "id": 13755540410,
        "osm_type": "node",
        "vending": "drinks"
      }
    },
    {
      "type": "Feature",
      "geometry": {
        "type": "Point",
        "coordinates": [
          7.1345747,
          50.9844709
        ]
      },
      "properties": {
        "id": 13759071198,
        "osm_type": "node",
        "opening_hours": "24/7",
        "vending": "cigarettes;drinks;food;sweets;water"
      }
    },
    {
      "type": "Feature",
      "geometry": {
        "type": "Point",
        "coordinates": [
          7.1246324,
          50.9938533
        ]
      },
      "properties": {
        "id": 13759082680,
        "osm_type": "node",
        "opening_hours": "24/7",
        "vending": "cigarettes;coffee;condoms;drinks;food;sweets;water"
      }
    },
    {
      "type": "Feature",
      "geometry": {
        "type": "Point",
        "coordinates": [
          7.1237714,
          51.0170884
        ]
      },
      "properties": {
        "id": 13759087205,
        "osm_type": "node",
        "opening_hours": "24/7",
        "vending": "drinks;food;sweets;water"
      }
    },
    {
      "type": "Feature",
      "geometry": {
        "type": "Point",
        "coordinates": [
          7.2586461,
          51.4439539
        ]
      },
      "properties": {
        "id": 13759088401,
        "osm_type": "node",
        "vending": "ice_cream",
        "operator": "I am Love • Ice Cream",
        "check_date": "2026-04-24"
      }
    },
    {
      "type": "Feature",
      "geometry": {
        "type": "Point",
        "coordinates": [
          8.8348505,
          51.6686914
        ]
      },
      "properties": {
        "id": 13760316647,
        "osm_type": "node",
        "opening_hours": "24/7",
        "vending": "snacks;beverages"
      }
    },
    {
      "type": "Feature",
      "geometry": {
        "type": "Point",
        "coordinates": [
          6.4277053,
          50.6944281
        ]
      },
      "properties": {
        "id": 13781939685,
        "osm_type": "node",
        "vending": "food"
      }
    },
    {
      "type": "Feature",
      "geometry": {
        "type": "Point",
        "coordinates": [
          7.4993033,
          52.1850068
        ]
      },
      "properties": {
        "id": 259577447,
        "osm_type": "way",
        "name": "Hilbert-Theele Verkaufsautomaten Westum",
        "vending": "food",
        "operator": "Hilbert"
      }
    },
    {
      "type": "Feature",
      "geometry": {
        "type": "Point",
        "coordinates": [
          7.5142134,
          52.1858263
        ]
      },
      "properties": {
        "id": 262233609,
        "osm_type": "way",
        "name": "Verkaufsautomat",
        "vending": "food",
        "operator": "Dettener LandBox"
      }
    },
    {
      "type": "Feature",
      "geometry": {
        "type": "Point",
        "coordinates": [
          7.2729904,
          51.9914727
        ]
      },
      "properties": {
        "id": 296408344,
        "osm_type": "way",
        "name": "Reinerts Milchtankstelle",
        "opening_hours": "24/7",
        "vending": "milk"
      }
    },
    {
      "type": "Feature",
      "geometry": {
        "type": "Point",
        "coordinates": [
          7.1954316,
          51.9330674
        ]
      },
      "properties": {
        "id": 630517955,
        "osm_type": "way",
        "opening_hours": "24/7",
        "vending": "food",
        "operator": "Hof Rahmann"
      }
    },
    {
      "type": "Feature",
      "geometry": {
        "type": "Point",
        "coordinates": [
          8.0093771,
          51.5624113
        ]
      },
      "properties": {
        "id": 700723686,
        "osm_type": "way",
        "name": "Oevel's Milchtankstelle",
        "vending": "milk;meat"
      }
    },
    {
      "type": "Feature",
      "geometry": {
        "type": "Point",
        "coordinates": [
          7.4826624,
          51.7878448
        ]
      },
      "properties": {
        "id": 710690947,
        "osm_type": "way",
        "name": "Radler-Pause",
        "vending": "ice_cream;drinks;eggs"
      }
    },
    {
      "type": "Feature",
      "geometry": {
        "type": "Point",
        "coordinates": [
          7.5539384,
          51.9696118
        ]
      },
      "properties": {
        "id": 815959304,
        "osm_type": "way",
        "name": "Milchtankstelle Dieckmann",
        "vending": "milk;eggs"
      }
    },
    {
      "type": "Feature",
      "geometry": {
        "type": "Point",
        "coordinates": [
          7.2820122,
          51.7814549
        ]
      },
      "properties": {
        "id": 1256467405,
        "osm_type": "way",
        "opening_hours": "24/7",
        "vending": "drinks;food;sweets",
        "brand": "Herr Anton",
        "operator": "Hensing GmbH"
      }
    },
    {
      "type": "Feature",
      "geometry": {
        "type": "Point",
        "coordinates": [
          6.6591172,
          51.1327858
        ]
      },
      "properties": {
        "id": 1337772078,
        "osm_type": "way",
        "opening_hours": "06:00-23:00",
        "vending": "food",
        "operator": "Reuter"
      }
    }
  ]
}