{
  "type": "FeatureCollection",
  "features": [
    {
      "type": "Feature",
      "geometry": {
        "type": "Point",
        "coordinates": [
          -0.6402433,
          44.8991876
        ]
      },
      "properties": {
        "id": 330952677,
        "osm_type": "node"
      }
    },
    {
      "type": "Feature",
      "geometry": {
        "type": "Point",
        "coordinates": [
          -0.6436901,
          44.9012856
        ]
      },
      "properties": {
        "id": 330953009,
        "osm_type": "node"
      }
    },
    {
      "type": "Feature",
      "geometry": {
        "type": "Point",
        "coordinates": [
          -0.6467272,
          44.9004983
        ]
      },
      "properties": {
        "id": 330953116,
        "osm_type": "node"
      }
    },
    {
      "type": "Feature",
      "geometry": {
        "type": "Point",
        "coordinates": [
          -0.6739582,
          44.7942441
        ]
      },
      "properties": {
        "id": 391503260,
        "osm_type": "node",
        "access": "yes",
        "fee": "no"
      }
    },
    {
      "type": "Feature",
      "geometry": {
        "type": "Point",
        "coordinates": [
          -0.5679485,
          44.8397139
        ]
      },
      "properties": {
        "id": 433725640,
        "osm_type": "node"
      }
    },
    {
      "type": "Feature",
      "geometry": {
        "type": "Point",
        "coordinates": [
          -0.5684926,
          44.8408232
        ]
      },
      "properties": {
        "id": 433725641,
        "osm_type": "node"
      }
    },
    {
      "type": "Feature",
      "geometry": {
        "type": "Point",
        "coordinates": [
          -0.5693115,
          44.8427113
        ]
      },
      "properties": {
        "id": 433725642,
        "osm_type": "node"
      }
    },
    {
      "type": "Feature",
      "geometry": {
        "type": "Point",
        "coordinates": [
          -0.5701393,
          44.8452004
        ]
      },
      "properties": {
        "id": 433725643,
        "osm_type": "node"
      }
    },
    {
      "type": "Feature",
      "geometry": {
        "type": "Point",
        "coordinates": [
          -0.5702246,
          44.8468561
        ]
      },
      "properties": {
        "id": 433725644,
        "osm_type": "node"
      }
    },
    {
      "type": "Feature",
      "geometry": {
        "type": "Point",
        "coordinates": [
          -1.5762522,
          43.462866
        ]
      },
      "properties": {
        "id": 448424709,
        "osm_type": "node"
      }
    },
    {
      "type": "Feature",
      "geometry": {
        "type": "Point",
        "coordinates": [
          -1.5757322,
          43.4632496
        ]
      },
      "properties": {
        "id": 448424712,
        "osm_type": "node"
      }
    },
    {
      "type": "Feature",
      "geometry": {
        "type": "Point",
        "coordinates": [
          -1.5744677,
          43.4644186
        ]
      },
      "properties": {
        "id": 448424714,
        "osm_type": "node"
      }
    },
    {
      "type": "Feature",
      "geometry": {
        "type": "Point",
        "coordinates": [
          -0.0897284,
          43.4014461
        ]
      },
      "properties": {
        "id": 469114598,
        "osm_type": "node"
      }
    },
    {
      "type": "Feature",
      "geometry": {
        "type": "Point",
        "coordinates": [
          -0.5800821,
          44.8381124
        ]
      },
      "properties": {
        "id": 476340173,
        "osm_type": "node",
        "name": "Fontaine Wallace"
      }
    },
    {
      "type": "Feature",
      "geometry": {
        "type": "Point",
        "coordinates": [
          -0.2258562,
          44.5635945
        ]
      },
      "properties": {
        "id": 479481167,
        "osm_type": "node"
      }
    },
    {
      "type": "Feature",
      "geometry": {
        "type": "Point",
        "coordinates": [
          -0.6150069,
          44.8521584
        ]
      },
      "properties": {
        "id": 510722561,
        "osm_type": "node"
      }
    },
    {
      "type": "Feature",
      "geometry": {
        "type": "Point",
        "coordinates": [
          -0.5979174,
          44.792474
        ]
      },
      "properties": {
        "id": 520300001,
        "osm_type": "node"
      }
    },
    {
      "type": "Feature",
      "geometry": {
        "type": "Point",
        "coordinates": [
          1.2214321,
          45.8047931
        ]
      },
      "properties": {
        "id": 600903726,
        "osm_type": "node"
      }
    },
    {
      "type": "Feature",
      "geometry": {
        "type": "Point",
        "coordinates": [
          -0.6026006,
          44.8505031
        ]
      },
      "properties": {
        "id": 603131545,
        "osm_type": "node",
        "fee": "no"
      }
    },
    {
      "type": "Feature",
      "geometry": {
        "type": "Point",
        "coordinates": [
          -0.6029003,
          44.8555431
        ]
      },
      "properties": {
        "id": 603131558,
        "osm_type": "node"
      }
    },
    {
      "type": "Feature",
      "geometry": {
        "type": "Point",
        "coordinates": [
          -0.5772267,
          44.8229151
        ]
      },
      "properties": {
        "id": 610300015,
        "osm_type": "node"
      }
    },
    {
      "type": "Feature",
      "geometry": {
        "type": "Point",
        "coordinates": [
          -1.1956039,
          44.653126
        ]
      },
      "properties": {
        "id": 658840351,
        "osm_type": "node"
      }
    },
    {
      "type": "Feature",
      "geometry": {
        "type": "Point",
        "coordinates": [
          -1.1729214,
          44.6595649
        ]
      },
      "properties": {
        "id": 687324614,
        "osm_type": "node"
      }
    },
    {
      "type": "Feature",
      "geometry": {
        "type": "Point",
        "coordinates": [
          -1.1809012,
          44.6632961
        ]
      },
      "properties": {
        "id": 687330794,
        "osm_type": "node"
      }
    },
    {
      "type": "Feature",
      "geometry": {
        "type": "Point",
        "coordinates": [
          -1.1722581,
          44.6635715
        ]
      },
      "properties": {
        "id": 687330795,
        "osm_type": "node"
      }
    },
    {
      "type": "Feature",
      "geometry": {
        "type": "Point",
        "coordinates": [
          -1.1698375,
          44.66319
        ]
      },
      "properties": {
        "id": 687432871,
        "osm_type": "node",
        "fee": "no"
      }
    },
    {
      "type": "Feature",
      "geometry": {
        "type": "Point",
        "coordinates": [
          -0.5889136,
          42.9357799
        ]
      },
      "properties": {
        "id": 694542831,
        "osm_type": "node"
      }
    },
    {
      "type": "Feature",
      "geometry": {
        "type": "Point",
        "coordinates": [
          -1.1405321,
          44.6532067
        ]
      },
      "properties": {
        "id": 720976910,
        "osm_type": "node"
      }
    },
    {
      "type": "Feature",
      "geometry": {
        "type": "Point",
        "coordinates": [
          -0.5329203,
          44.8703366
        ]
      },
      "properties": {
        "id": 823477842,
        "osm_type": "node"
      }
    },
    {
      "type": "Feature",
      "geometry": {
        "type": "Point",
        "coordinates": [
          -0.6846409,
          43.3939253
        ]
      },
      "properties": {
        "id": 834863015,
        "osm_type": "node"
      }
    },
    {
      "type": "Feature",
      "geometry": {
        "type": "Point",
        "coordinates": [
          -1.0432384,
          43.2840461
        ]
      },
      "properties": {
        "id": 837625483,
        "osm_type": "node"
      }
    },
    {
      "type": "Feature",
      "geometry": {
        "type": "Point",
        "coordinates": [
          1.1844623,
          45.8115569
        ]
      },
      "properties": {
        "id": 847820214,
        "osm_type": "node"
      }
    },
    {
      "type": "Feature",
      "geometry": {
        "type": "Point",
        "coordinates": [
          -0.3270792,
          45.7004448
        ]
      },
      "properties": {
        "id": 926921990,
        "osm_type": "node"
      }
    },
    {
      "type": "Feature",
      "geometry": {
        "type": "Point",
        "coordinates": [
          -0.3261523,
          45.7012781
        ]
      },
      "properties": {
        "id": 926921997,
        "osm_type": "node"
      }
    },
    {
      "type": "Feature",
      "geometry": {
        "type": "Point",
        "coordinates": [
          0.928339,
          44.9164137
        ]
      },
      "properties": {
        "id": 970861210,
        "osm_type": "node"
      }
    },
    {
      "type": "Feature",
      "geometry": {
        "type": "Point",
        "coordinates": [
          -0.3167369,
          45.6940084
        ]
      },
      "properties": {
        "id": 985021008,
        "osm_type": "node"
      }
    },
    {
      "type": "Feature",
      "geometry": {
        "type": "Point",
        "coordinates": [
          -0.316819,
          45.6939104
        ]
      },
      "properties": {
        "id": 985021223,
        "osm_type": "node"
      }
    },
    {
      "type": "Feature",
      "geometry": {
        "type": "Point",
        "coordinates": [
          -1.1332696,
          44.7567513
        ]
      },
      "properties": {
        "id": 1147629201,
        "osm_type": "node",
        "access": "yes",
        "fee": "no"
      }
    },
    {
      "type": "Feature",
      "geometry": {
        "type": "Point",
        "coordinates": [
          0.2204429,
          44.8387535
        ]
      },
      "properties": {
        "id": 1251052175,
        "osm_type": "node"
      }
    },
    {
      "type": "Feature",
      "geometry": {
        "type": "Point",
        "coordinates": [
          -0.5697186,
          44.8437612
        ]
      },
      "properties": {
        "id": 1253006861,
        "osm_type": "node"
      }
    },
    {
      "type": "Feature",
      "geometry": {
        "type": "Point",
        "coordinates": [
          -0.5598705,
          44.8448111
        ]
      },
      "properties": {
        "id": 1253006884,
        "osm_type": "node"
      }
    },
    {
      "type": "Feature",
      "geometry": {
        "type": "Point",
        "coordinates": [
          -0.9297552,
          42.9706233
        ]
      },
      "properties": {
        "id": 1258834228,
        "osm_type": "node"
      }
    },
    {
      "type": "Feature",
      "geometry": {
        "type": "Point",
        "coordinates": [
          -0.9559924,
          43.0180987
        ]
      },
      "properties": {
        "id": 1305926272,
        "osm_type": "node"
      }
    },
    {
      "type": "Feature",
      "geometry": {
        "type": "Point",
        "coordinates": [
          -0.5768798,
          44.8483056
        ]
      },
      "properties": {
        "id": 1308844791,
        "osm_type": "node"
      }
    },
    {
      "type": "Feature",
      "geometry": {
        "type": "Point",
        "coordinates": [
          -0.9525622,
          43.0177873
        ]
      },
      "properties": {
        "id": 1323300337,
        "osm_type": "node"
      }
    },
    {
      "type": "Feature",
      "geometry": {
        "type": "Point",
        "coordinates": [
          -0.5771106,
          44.8492802
        ]
      },
      "properties": {
        "id": 1323320472,
        "osm_type": "node"
      }
    },
    {
      "type": "Feature",
      "geometry": {
        "type": "Point",
        "coordinates": [
          0.716075,
          46.4019429
        ]
      },
      "properties": {
        "id": 1331615467,
        "osm_type": "node"
      }
    },
    {
      "type": "Feature",
      "geometry": {
        "type": "Point",
        "coordinates": [
          -0.5901914,
          44.8083127
        ]
      },
      "properties": {
        "id": 1338095729,
        "osm_type": "node"
      }
    },
    {
      "type": "Feature",
      "geometry": {
        "type": "Point",
        "coordinates": [
          -0.5850819,
          46.321707
        ]
      },
      "properties": {
        "id": 1359943605,
        "osm_type": "node"
      }
    },
    {
      "type": "Feature",
      "geometry": {
        "type": "Point",
        "coordinates": [
          0.3373063,
          46.5485379
        ]
      },
      "properties": {
        "id": 1361878191,
        "osm_type": "node"
      }
    },
    {
      "type": "Feature",
      "geometry": {
        "type": "Point",
        "coordinates": [
          -1.1052362,
          44.7426693
        ]
      },
      "properties": {
        "id": 1380104711,
        "osm_type": "node",
        "name": "Puits artésien",
        "access": "yes",
        "fee": "no"
      }
    },
    {
      "type": "Feature",
      "geometry": {
        "type": "Point",
        "coordinates": [
          0.2356473,
          46.607777
        ]
      },
      "properties": {
        "id": 1380931759,
        "osm_type": "node"
      }
    },
    {
      "type": "Feature",
      "geometry": {
        "type": "Point",
        "coordinates": [
          -1.1685483,
          45.2208673
        ]
      },
      "properties": {
        "id": 1386448519,
        "osm_type": "node"
      }
    },
    {
      "type": "Feature",
      "geometry": {
        "type": "Point",
        "coordinates": [
          -1.1954031,
          45.0116996
        ]
      },
      "properties": {
        "id": 1387615188,
        "osm_type": "node"
      }
    },
    {
      "type": "Feature",
      "geometry": {
        "type": "Point",
        "coordinates": [
          -1.1919167,
          45.0121272
        ]
      },
      "properties": {
        "id": 1387615218,
        "osm_type": "node"
      }
    },
    {
      "type": "Feature",
      "geometry": {
        "type": "Point",
        "coordinates": [
          -1.1911909,
          45.0128661
        ]
      },
      "properties": {
        "id": 1387615260,
        "osm_type": "node"
      }
    },
    {
      "type": "Feature",
      "geometry": {
        "type": "Point",
        "coordinates": [
          -1.1904312,
          45.0130456
        ]
      },
      "properties": {
        "id": 1387615274,
        "osm_type": "node"
      }
    },
    {
      "type": "Feature",
      "geometry": {
        "type": "Point",
        "coordinates": [
          -1.1953111,
          45.0132389
        ]
      },
      "properties": {
        "id": 1387615282,
        "osm_type": "node"
      }
    },
    {
      "type": "Feature",
      "geometry": {
        "type": "Point",
        "coordinates": [
          -1.1926217,
          45.0133322
        ]
      },
      "properties": {
        "id": 1387615286,
        "osm_type": "node"
      }
    },
    {
      "type": "Feature",
      "geometry": {
        "type": "Point",
        "coordinates": [
          -1.1951563,
          45.0134185
        ]
      },
      "properties": {
        "id": 1387615291,
        "osm_type": "node"
      }
    },
    {
      "type": "Feature",
      "geometry": {
        "type": "Point",
        "coordinates": [
          0.5943818,
          46.4118619
        ]
      },
      "properties": {
        "id": 1394777133,
        "osm_type": "node"
      }
    },
    {
      "type": "Feature",
      "geometry": {
        "type": "Point",
        "coordinates": [
          0.3350926,
          46.5470455
        ]
      },
      "properties": {
        "id": 1395167449,
        "osm_type": "node"
      }
    },
    {
      "type": "Feature",
      "geometry": {
        "type": "Point",
        "coordinates": [
          0.3419584,
          46.5495951
        ]
      },
      "properties": {
        "id": 1395184569,
        "osm_type": "node"
      }
    },
    {
      "type": "Feature",
      "geometry": {
        "type": "Point",
        "coordinates": [
          -1.0827139,
          45.1806392
        ]
      },
      "properties": {
        "id": 1408929379,
        "osm_type": "node"
      }
    },
    {
      "type": "Feature",
      "geometry": {
        "type": "Point",
        "coordinates": [
          0.7698071,
          44.5319341
        ]
      },
      "properties": {
        "id": 1421171328,
        "osm_type": "node"
      }
    },
    {
      "type": "Feature",
      "geometry": {
        "type": "Point",
        "coordinates": [
          -0.4582071,
          46.3360949
        ]
      },
      "properties": {
        "id": 1447448754,
        "osm_type": "node"
      }
    },
    {
      "type": "Feature",
      "geometry": {
        "type": "Point",
        "coordinates": [
          -1.172635,
          44.6605316
        ]
      },
      "properties": {
        "id": 1450407294,
        "osm_type": "node"
      }
    },
    {
      "type": "Feature",
      "geometry": {
        "type": "Point",
        "coordinates": [
          -0.2407742,
          44.9172226
        ]
      },
      "properties": {
        "id": 1468389424,
        "osm_type": "node"
      }
    },
    {
      "type": "Feature",
      "geometry": {
        "type": "Point",
        "coordinates": [
          0.335154,
          46.5752308
        ]
      },
      "properties": {
        "id": 1491688696,
        "osm_type": "node"
      }
    },
    {
      "type": "Feature",
      "geometry": {
        "type": "Point",
        "coordinates": [
          0.3438041,
          46.5832338
        ]
      },
      "properties": {
        "id": 1491788643,
        "osm_type": "node"
      }
    },
    {
      "type": "Feature",
      "geometry": {
        "type": "Point",
        "coordinates": [
          -1.5615643,
          43.477392
        ]
      },
      "properties": {
        "id": 1509729965,
        "osm_type": "node"
      }
    },
    {
      "type": "Feature",
      "geometry": {
        "type": "Point",
        "coordinates": [
          -1.4009142,
          43.7859325
        ]
      },
      "properties": {
        "id": 1616418638,
        "osm_type": "node"
      }
    },
    {
      "type": "Feature",
      "geometry": {
        "type": "Point",
        "coordinates": [
          -1.3410266,
          43.3491681
        ]
      },
      "properties": {
        "id": 1622168121,
        "osm_type": "node",
        "access": "yes"
      }
    },
    {
      "type": "Feature",
      "geometry": {
        "type": "Point",
        "coordinates": [
          -0.674803,
          44.7799346
        ]
      },
      "properties": {
        "id": 1624041324,
        "osm_type": "node"
      }
    },
    {
      "type": "Feature",
      "geometry": {
        "type": "Point",
        "coordinates": [
          -0.6203585,
          44.7951305
        ]
      },
      "properties": {
        "id": 1637908123,
        "osm_type": "node"
      }
    },
    {
      "type": "Feature",
      "geometry": {
        "type": "Point",
        "coordinates": [
          -0.6196075,
          44.7965466
        ]
      },
      "properties": {
        "id": 1637908128,
        "osm_type": "node"
      }
    },
    {
      "type": "Feature",
      "geometry": {
        "type": "Point",
        "coordinates": [
          -0.6247788,
          44.7962497
        ]
      },
      "properties": {
        "id": 1637931877,
        "osm_type": "node"
      }
    },
    {
      "type": "Feature",
      "geometry": {
        "type": "Point",
        "coordinates": [
          0.1618507,
          44.4969131
        ]
      },
      "properties": {
        "id": 1659070555,
        "osm_type": "node"
      }
    },
    {
      "type": "Feature",
      "geometry": {
        "type": "Point",
        "coordinates": [
          -0.4012658,
          45.5591071
        ]
      },
      "properties": {
        "id": 1660844574,
        "osm_type": "node"
      }
    },
    {
      "type": "Feature",
      "geometry": {
        "type": "Point",
        "coordinates": [
          0.325927,
          46.5937494
        ]
      },
      "properties": {
        "id": 1670331704,
        "osm_type": "node"
      }
    },
    {
      "type": "Feature",
      "geometry": {
        "type": "Point",
        "coordinates": [
          0.4835174,
          44.8521821
        ]
      },
      "properties": {
        "id": 1682410525,
        "osm_type": "node"
      }
    },
    {
      "type": "Feature",
      "geometry": {
        "type": "Point",
        "coordinates": [
          0.4837507,
          44.8498071
        ]
      },
      "properties": {
        "id": 1682410528,
        "osm_type": "node"
      }
    },
    {
      "type": "Feature",
      "geometry": {
        "type": "Point",
        "coordinates": [
          -0.6172846,
          44.7964758
        ]
      },
      "properties": {
        "id": 1684374661,
        "osm_type": "node"
      }
    },
    {
      "type": "Feature",
      "geometry": {
        "type": "Point",
        "coordinates": [
          -1.2103274,
          44.6019965
        ]
      },
      "properties": {
        "id": 1711829192,
        "osm_type": "node"
      }
    },
    {
      "type": "Feature",
      "geometry": {
        "type": "Point",
        "coordinates": [
          -0.0227131,
          44.5610114
        ]
      },
      "properties": {
        "id": 1734562556,
        "osm_type": "node"
      }
    },
    {
      "type": "Feature",
      "geometry": {
        "type": "Point",
        "coordinates": [
          -0.652882,
          44.8458102
        ]
      },
      "properties": {
        "id": 1737169681,
        "osm_type": "node"
      }
    },
    {
      "type": "Feature",
      "geometry": {
        "type": "Point",
        "coordinates": [
          -0.6228551,
          44.8576161
        ]
      },
      "properties": {
        "id": 1737169684,
        "osm_type": "node"
      }
    },
    {
      "type": "Feature",
      "geometry": {
        "type": "Point",
        "coordinates": [
          -1.2438154,
          43.3079731
        ]
      },
      "properties": {
        "id": 1738364072,
        "osm_type": "node"
      }
    },
    {
      "type": "Feature",
      "geometry": {
        "type": "Point",
        "coordinates": [
          -0.3282728,
          43.2548827
        ]
      },
      "properties": {
        "id": 1746268870,
        "osm_type": "node"
      }
    },
    {
      "type": "Feature",
      "geometry": {
        "type": "Point",
        "coordinates": [
          -0.8894011,
          43.2202726
        ]
      },
      "properties": {
        "id": 1758872555,
        "osm_type": "node"
      }
    },
    {
      "type": "Feature",
      "geometry": {
        "type": "Point",
        "coordinates": [
          -0.9869771,
          44.9194435
        ]
      },
      "properties": {
        "id": 1768067108,
        "osm_type": "node"
      }
    },
    {
      "type": "Feature",
      "geometry": {
        "type": "Point",
        "coordinates": [
          -0.8292474,
          44.9345929
        ]
      },
      "properties": {
        "id": 1768067112,
        "osm_type": "node"
      }
    },
    {
      "type": "Feature",
      "geometry": {
        "type": "Point",
        "coordinates": [
          -0.0392863,
          44.5826471
        ]
      },
      "properties": {
        "id": 1779526181,
        "osm_type": "node"
      }
    },
    {
      "type": "Feature",
      "geometry": {
        "type": "Point",
        "coordinates": [
          -1.4781651,
          43.4744948
        ]
      },
      "properties": {
        "id": 1806216357,
        "osm_type": "node"
      }
    },
    {
      "type": "Feature",
      "geometry": {
        "type": "Point",
        "coordinates": [
          -0.2278842,
          45.1808499
        ]
      },
      "properties": {
        "id": 1833117146,
        "osm_type": "node"
      }
    },
    {
      "type": "Feature",
      "geometry": {
        "type": "Point",
        "coordinates": [
          0.286778,
          46.535654
        ]
      },
      "properties": {
        "id": 1845376845,
        "osm_type": "node"
      }
    },
    {
      "type": "Feature",
      "geometry": {
        "type": "Point",
        "coordinates": [
          0.4057966,
          46.3727976
        ]
      },
      "properties": {
        "id": 1857105873,
        "osm_type": "node"
      }
    },
    {
      "type": "Feature",
      "geometry": {
        "type": "Point",
        "coordinates": [
          -0.3634078,
          46.6865075
        ]
      },
      "properties": {
        "id": 1867199006,
        "osm_type": "node"
      }
    },
    {
      "type": "Feature",
      "geometry": {
        "type": "Point",
        "coordinates": [
          -0.4680689,
          46.7506159
        ]
      },
      "properties": {
        "id": 1867199008,
        "osm_type": "node"
      }
    },
    {
      "type": "Feature",
      "geometry": {
        "type": "Point",
        "coordinates": [
          0.7673794,
          44.7673196
        ]
      },
      "properties": {
        "id": 1871658670,
        "osm_type": "node"
      }
    },
    {
      "type": "Feature",
      "geometry": {
        "type": "Point",
        "coordinates": [
          0.7672394,
          44.7673951
        ]
      },
      "properties": {
        "id": 1871658673,
        "osm_type": "node"
      }
    },
    {
      "type": "Feature",
      "geometry": {
        "type": "Point",
        "coordinates": [
          0.7671619,
          44.768994
        ]
      },
      "properties": {
        "id": 1871658692,
        "osm_type": "node"
      }
    },
    {
      "type": "Feature",
      "geometry": {
        "type": "Point",
        "coordinates": [
          0.3447123,
          44.1370978
        ]
      },
      "properties": {
        "id": 1875055816,
        "osm_type": "node"
      }
    },
    {
      "type": "Feature",
      "geometry": {
        "type": "Point",
        "coordinates": [
          -0.5368536,
          44.802343
        ]
      },
      "properties": {
        "id": 1875144765,
        "osm_type": "node"
      }
    },
    {
      "type": "Feature",
      "geometry": {
        "type": "Point",
        "coordinates": [
          1.9358533,
          45.9312622
        ]
      },
      "properties": {
        "id": 1881114825,
        "osm_type": "node"
      }
    },
    {
      "type": "Feature",
      "geometry": {
        "type": "Point",
        "coordinates": [
          0.2933863,
          44.7311394
        ]
      },
      "properties": {
        "id": 1886792948,
        "osm_type": "node"
      }
    },
    {
      "type": "Feature",
      "geometry": {
        "type": "Point",
        "coordinates": [
          -1.149109,
          46.154922
        ]
      },
      "properties": {
        "id": 1962232208,
        "osm_type": "node",
        "name": "Parking Saint-Nicolas",
        "access": "yes",
        "fee": "no",
        "indoor": "no"
      }
    },
    {
      "type": "Feature",
      "geometry": {
        "type": "Point",
        "coordinates": [
          0.7672018,
          44.7683542
        ]
      },
      "properties": {
        "id": 1964122503,
        "osm_type": "node"
      }
    },
    {
      "type": "Feature",
      "geometry": {
        "type": "Point",
        "coordinates": [
          0.3971389,
          46.569025
        ]
      },
      "properties": {
        "id": 1986780747,
        "osm_type": "node",
        "access": "yes",
        "operator": "Mairie"
      }
    },
    {
      "type": "Feature",
      "geometry": {
        "type": "Point",
        "coordinates": [
          -0.2857677,
          45.6872417
        ]
      },
      "properties": {
        "id": 1987214214,
        "osm_type": "node"
      }
    },
    {
      "type": "Feature",
      "geometry": {
        "type": "Point",
        "coordinates": [
          0.3845774,
          46.5730482
        ]
      },
      "properties": {
        "id": 1987482346,
        "osm_type": "node"
      }
    },
    {
      "type": "Feature",
      "geometry": {
        "type": "Point",
        "coordinates": [
          0.3740295,
          46.5738773
        ]
      },
      "properties": {
        "id": 1998943647,
        "osm_type": "node"
      }
    },
    {
      "type": "Feature",
      "geometry": {
        "type": "Point",
        "coordinates": [
          -0.6272281,
          44.7979671
        ]
      },
      "properties": {
        "id": 2004991581,
        "osm_type": "node"
      }
    },
    {
      "type": "Feature",
      "geometry": {
        "type": "Point",
        "coordinates": [
          -0.6305581,
          44.8023452
        ]
      },
      "properties": {
        "id": 2040487654,
        "osm_type": "node"
      }
    },
    {
      "type": "Feature",
      "geometry": {
        "type": "Point",
        "coordinates": [
          1.9381873,
          45.7506677
        ]
      },
      "properties": {
        "id": 2071185203,
        "osm_type": "node"
      }
    },
    {
      "type": "Feature",
      "geometry": {
        "type": "Point",
        "coordinates": [
          0.0304659,
          44.8741877
        ]
      },
      "properties": {
        "id": 2101902013,
        "osm_type": "node"
      }
    },
    {
      "type": "Feature",
      "geometry": {
        "type": "Point",
        "coordinates": [
          -1.2346187,
          43.1636509
        ]
      },
      "properties": {
        "id": 2131448815,
        "osm_type": "node",
        "opening_hours": "24/7",
        "fee": "no"
      }
    },
    {
      "type": "Feature",
      "geometry": {
        "type": "Point",
        "coordinates": [
          -1.2174959,
          44.1465598
        ]
      },
      "properties": {
        "id": 2135101273,
        "osm_type": "node"
      }
    },
    {
      "type": "Feature",
      "geometry": {
        "type": "Point",
        "coordinates": [
          -0.2073578,
          46.2531233
        ]
      },
      "properties": {
        "id": 2135745970,
        "osm_type": "node"
      }
    },
    {
      "type": "Feature",
      "geometry": {
        "type": "Point",
        "coordinates": [
          0.004817,
          43.9919301
        ]
      },
      "properties": {
        "id": 2139835225,
        "osm_type": "node",
        "access": "yes",
        "fee": "no"
      }
    },
    {
      "type": "Feature",
      "geometry": {
        "type": "Point",
        "coordinates": [
          -1.4453702,
          43.6481344
        ]
      },
      "properties": {
        "id": 2139891315,
        "osm_type": "node"
      }
    },
    {
      "type": "Feature",
      "geometry": {
        "type": "Point",
        "coordinates": [
          1.58016,
          46.1057878
        ]
      },
      "properties": {
        "id": 2163958498,
        "osm_type": "node"
      }
    },
    {
      "type": "Feature",
      "geometry": {
        "type": "Point",
        "coordinates": [
          -1.6228509,
          43.3444069
        ]
      },
      "properties": {
        "id": 2167674596,
        "osm_type": "node"
      }
    },
    {
      "type": "Feature",
      "geometry": {
        "type": "Point",
        "coordinates": [
          -0.2443027,
          44.9016357
        ]
      },
      "properties": {
        "id": 2187459504,
        "osm_type": "node"
      }
    },
    {
      "type": "Feature",
      "geometry": {
        "type": "Point",
        "coordinates": [
          -0.2419869,
          44.9109508
        ]
      },
      "properties": {
        "id": 2187459703,
        "osm_type": "node"
      }
    },
    {
      "type": "Feature",
      "geometry": {
        "type": "Point",
        "coordinates": [
          -1.3087114,
          43.6588027
        ]
      },
      "properties": {
        "id": 2192417839,
        "osm_type": "node",
        "access": "yes"
      }
    },
    {
      "type": "Feature",
      "geometry": {
        "type": "Point",
        "coordinates": [
          -0.3834325,
          44.698308
        ]
      },
      "properties": {
        "id": 2193169458,
        "osm_type": "node"
      }
    },
    {
      "type": "Feature",
      "geometry": {
        "type": "Point",
        "coordinates": [
          -0.3827298,
          44.6991507
        ]
      },
      "properties": {
        "id": 2193169943,
        "osm_type": "node",
        "name": "lavoir"
      }
    },
    {
      "type": "Feature",
      "geometry": {
        "type": "Point",
        "coordinates": [
          -1.7432006,
          43.3330539
        ]
      },
      "properties": {
        "id": 2206632043,
        "osm_type": "node",
        "indoor": "no"
      }
    },
    {
      "type": "Feature",
      "geometry": {
        "type": "Point",
        "coordinates": [
          -0.5775022,
          44.8385771
        ]
      },
      "properties": {
        "id": 2238375769,
        "osm_type": "node"
      }
    },
    {
      "type": "Feature",
      "geometry": {
        "type": "Point",
        "coordinates": [
          -0.5590885,
          44.8326647
        ]
      },
      "properties": {
        "id": 2239809968,
        "osm_type": "node"
      }
    },
    {
      "type": "Feature",
      "geometry": {
        "type": "Point",
        "coordinates": [
          -0.5369658,
          44.0453002
        ]
      },
      "properties": {
        "id": 2254792435,
        "osm_type": "node"
      }
    },
    {
      "type": "Feature",
      "geometry": {
        "type": "Point",
        "coordinates": [
          -0.2110639,
          44.5852717
        ]
      },
      "properties": {
        "id": 2268298808,
        "osm_type": "node"
      }
    },
    {
      "type": "Feature",
      "geometry": {
        "type": "Point",
        "coordinates": [
          -0.2398904,
          44.91682
        ]
      },
      "properties": {
        "id": 2272874265,
        "osm_type": "node"
      }
    },
    {
      "type": "Feature",
      "geometry": {
        "type": "Point",
        "coordinates": [
          0.5365136,
          46.8167325
        ]
      },
      "properties": {
        "id": 2282533585,
        "osm_type": "node"
      }
    },
    {
      "type": "Feature",
      "geometry": {
        "type": "Point",
        "coordinates": [
          0.761221,
          46.63768
        ]
      },
      "properties": {
        "id": 2283939486,
        "osm_type": "node"
      }
    },
    {
      "type": "Feature",
      "geometry": {
        "type": "Point",
        "coordinates": [
          1.605834,
          45.7131736
        ]
      },
      "properties": {
        "id": 2292685558,
        "osm_type": "node"
      }
    },
    {
      "type": "Feature",
      "geometry": {
        "type": "Point",
        "coordinates": [
          -0.5250101,
          44.8611291
        ]
      },
      "properties": {
        "id": 2294085491,
        "osm_type": "node"
      }
    },
    {
      "type": "Feature",
      "geometry": {
        "type": "Point",
        "coordinates": [
          0.4267829,
          46.6211891
        ]
      },
      "properties": {
        "id": 2296297273,
        "osm_type": "node",
        "access": "yes",
        "fee": "no"
      }
    },
    {
      "type": "Feature",
      "geometry": {
        "type": "Point",
        "coordinates": [
          0.4267463,
          46.6212201
        ]
      },
      "properties": {
        "id": 2296297279,
        "osm_type": "node",
        "access": "yes",
        "fee": "no"
      }
    },
    {
      "type": "Feature",
      "geometry": {
        "type": "Point",
        "coordinates": [
          0.7220069,
          45.183017
        ]
      },
      "properties": {
        "id": 2304205404,
        "osm_type": "node"
      }
    },
    {
      "type": "Feature",
      "geometry": {
        "type": "Point",
        "coordinates": [
          -1.495093,
          43.5158278
        ]
      },
      "properties": {
        "id": 2311694715,
        "osm_type": "node",
        "access": "yes"
      }
    },
    {
      "type": "Feature",
      "geometry": {
        "type": "Point",
        "coordinates": [
          -1.1455346,
          44.6329151
        ]
      },
      "properties": {
        "id": 2314747975,
        "osm_type": "node"
      }
    },
    {
      "type": "Feature",
      "geometry": {
        "type": "Point",
        "coordinates": [
          -1.3351725,
          43.1448077
        ]
      },
      "properties": {
        "id": 2351129553,
        "osm_type": "node"
      }
    },
    {
      "type": "Feature",
      "geometry": {
        "type": "Point",
        "coordinates": [
          -1.2370943,
          43.1625261
        ]
      },
      "properties": {
        "id": 2351129596,
        "osm_type": "node",
        "opening_hours": "24/7",
        "fee": "no"
      }
    },
    {
      "type": "Feature",
      "geometry": {
        "type": "Point",
        "coordinates": [
          0.370319,
          46.5083632
        ]
      },
      "properties": {
        "id": 2358610393,
        "osm_type": "node"
      }
    },
    {
      "type": "Feature",
      "geometry": {
        "type": "Point",
        "coordinates": [
          0.3722468,
          46.5087727
        ]
      },
      "properties": {
        "id": 2358610407,
        "osm_type": "node"
      }
    },
    {
      "type": "Feature",
      "geometry": {
        "type": "Point",
        "coordinates": [
          0.3746743,
          46.5098088
        ]
      },
      "properties": {
        "id": 2358610430,
        "osm_type": "node"
      }
    },
    {
      "type": "Feature",
      "geometry": {
        "type": "Point",
        "coordinates": [
          0.3732018,
          46.5125178
        ]
      },
      "properties": {
        "id": 2358610449,
        "osm_type": "node"
      }
    },
    {
      "type": "Feature",
      "geometry": {
        "type": "Point",
        "coordinates": [
          -1.4319963,
          43.6428791
        ]
      },
      "properties": {
        "id": 2363307370,
        "osm_type": "node"
      }
    },
    {
      "type": "Feature",
      "geometry": {
        "type": "Point",
        "coordinates": [
          -1.0891129,
          46.0716356
        ]
      },
      "properties": {
        "id": 2389228296,
        "osm_type": "node"
      }
    },
    {
      "type": "Feature",
      "geometry": {
        "type": "Point",
        "coordinates": [
          -0.6389217,
          44.8442758
        ]
      },
      "properties": {
        "id": 2390044483,
        "osm_type": "node"
      }
    },
    {
      "type": "Feature",
      "geometry": {
        "type": "Point",
        "coordinates": [
          -0.2451891,
          44.9472531
        ]
      },
      "properties": {
        "id": 2397408269,
        "osm_type": "node"
      }
    },
    {
      "type": "Feature",
      "geometry": {
        "type": "Point",
        "coordinates": [
          -0.2497552,
          44.9513671
        ]
      },
      "properties": {
        "id": 2400284430,
        "osm_type": "node"
      }
    },
    {
      "type": "Feature",
      "geometry": {
        "type": "Point",
        "coordinates": [
          1.2199859,
          44.7260018
        ]
      },
      "properties": {
        "id": 2400422488,
        "osm_type": "node"
      }
    },
    {
      "type": "Feature",
      "geometry": {
        "type": "Point",
        "coordinates": [
          -0.2427946,
          44.915466
        ]
      },
      "properties": {
        "id": 2400940530,
        "osm_type": "node"
      }
    },
    {
      "type": "Feature",
      "geometry": {
        "type": "Point",
        "coordinates": [
          -0.241726,
          44.916
        ]
      },
      "properties": {
        "id": 2400940531,
        "osm_type": "node"
      }
    },
    {
      "type": "Feature",
      "geometry": {
        "type": "Point",
        "coordinates": [
          -0.2448264,
          44.9148484
        ]
      },
      "properties": {
        "id": 2402293035,
        "osm_type": "node"
      }
    },
    {
      "type": "Feature",
      "geometry": {
        "type": "Point",
        "coordinates": [
          -0.2448568,
          44.9148536
        ]
      },
      "properties": {
        "id": 2402293044,
        "osm_type": "node"
      }
    },
    {
      "type": "Feature",
      "geometry": {
        "type": "Point",
        "coordinates": [
          -0.2448095,
          44.9148672
        ]
      },
      "properties": {
        "id": 2402293059,
        "osm_type": "node"
      }
    },
    {
      "type": "Feature",
      "geometry": {
        "type": "Point",
        "coordinates": [
          -0.2448573,
          44.9148762
        ]
      },
      "properties": {
        "id": 2402293069,
        "osm_type": "node"
      }
    },
    {
      "type": "Feature",
      "geometry": {
        "type": "Point",
        "coordinates": [
          -1.2396791,
          44.6749226
        ]
      },
      "properties": {
        "id": 2412502520,
        "osm_type": "node",
        "indoor": "no"
      }
    },
    {
      "type": "Feature",
      "geometry": {
        "type": "Point",
        "coordinates": [
          -1.5599029,
          43.4821236
        ]
      },
      "properties": {
        "id": 2425309940,
        "osm_type": "node"
      }
    },
    {
      "type": "Feature",
      "geometry": {
        "type": "Point",
        "coordinates": [
          0.1549934,
          44.82473
        ]
      },
      "properties": {
        "id": 2425393106,
        "osm_type": "node"
      }
    },
    {
      "type": "Feature",
      "geometry": {
        "type": "Point",
        "coordinates": [
          -1.5404321,
          43.502117
        ]
      },
      "properties": {
        "id": 2429827519,
        "osm_type": "node",
        "access": "yes",
        "fee": "no"
      }
    },
    {
      "type": "Feature",
      "geometry": {
        "type": "Point",
        "coordinates": [
          -1.6707193,
          43.3879017
        ]
      },
      "properties": {
        "id": 2429827523,
        "osm_type": "node",
        "access": "yes",
        "fee": "no"
      }
    },
    {
      "type": "Feature",
      "geometry": {
        "type": "Point",
        "coordinates": [
          1.7946836,
          45.5376424
        ]
      },
      "properties": {
        "id": 2430890751,
        "osm_type": "node"
      }
    },
    {
      "type": "Feature",
      "geometry": {
        "type": "Point",
        "coordinates": [
          -1.4839674,
          43.4725112
        ]
      },
      "properties": {
        "id": 2437908682,
        "osm_type": "node",
        "access": "yes",
        "fee": "no",
        "indoor": "no"
      }
    },
    {
      "type": "Feature",
      "geometry": {
        "type": "Point",
        "coordinates": [
          -1.4611816,
          43.4245033
        ]
      },
      "properties": {
        "id": 2444300082,
        "osm_type": "node",
        "name": "Luxurietako Gisu Labea",
        "indoor": "no"
      }
    },
    {
      "type": "Feature",
      "geometry": {
        "type": "Point",
        "coordinates": [
          -0.5278794,
          44.8450257
        ]
      },
      "properties": {
        "id": 2448095666,
        "osm_type": "node"
      }
    },
    {
      "type": "Feature",
      "geometry": {
        "type": "Point",
        "coordinates": [
          -1.0047386,
          43.1857026
        ]
      },
      "properties": {
        "id": 2464372610,
        "osm_type": "node"
      }
    },
    {
      "type": "Feature",
      "geometry": {
        "type": "Point",
        "coordinates": [
          1.2133583,
          45.8320051
        ]
      },
      "properties": {
        "id": 2483322878,
        "osm_type": "node"
      }
    },
    {
      "type": "Feature",
      "geometry": {
        "type": "Point",
        "coordinates": [
          -0.2479158,
          44.9158049
        ]
      },
      "properties": {
        "id": 2509237031,
        "osm_type": "node"
      }
    },
    {
      "type": "Feature",
      "geometry": {
        "type": "Point",
        "coordinates": [
          0.0917067,
          45.8342854
        ]
      },
      "properties": {
        "id": 2606137309,
        "osm_type": "node"
      }
    },
    {
      "type": "Feature",
      "geometry": {
        "type": "Point",
        "coordinates": [
          -0.4580677,
          46.323027
        ]
      },
      "properties": {
        "id": 2612043833,
        "osm_type": "node"
      }
    },
    {
      "type": "Feature",
      "geometry": {
        "type": "Point",
        "coordinates": [
          -0.4660047,
          46.3276151
        ]
      },
      "properties": {
        "id": 2612049776,
        "osm_type": "node",
        "name": "Fontaine d'eau potable"
      }
    },
    {
      "type": "Feature",
      "geometry": {
        "type": "Point",
        "coordinates": [
          -0.4613794,
          46.3234309
        ]
      },
      "properties": {
        "id": 2612049780,
        "osm_type": "node",
        "name": "Fontaine d'eau potable"
      }
    },
    {
      "type": "Feature",
      "geometry": {
        "type": "Point",
        "coordinates": [
          0.2385179,
          44.7116137
        ]
      },
      "properties": {
        "id": 2614876944,
        "osm_type": "node",
        "fee": "no"
      }
    },
    {
      "type": "Feature",
      "geometry": {
        "type": "Point",
        "coordinates": [
          0.1851964,
          44.6701643
        ]
      },
      "properties": {
        "id": 2659167882,
        "osm_type": "node"
      }
    },
    {
      "type": "Feature",
      "geometry": {
        "type": "Point",
        "coordinates": [
          0.1797625,
          44.6765865
        ]
      },
      "properties": {
        "id": 2661411621,
        "osm_type": "node"
      }
    },
    {
      "type": "Feature",
      "geometry": {
        "type": "Point",
        "coordinates": [
          -0.4666624,
          43.8854292
        ]
      },
      "properties": {
        "id": 2700035360,
        "osm_type": "node",
        "access": "yes",
        "fee": "no"
      }
    },
    {
      "type": "Feature",
      "geometry": {
        "type": "Point",
        "coordinates": [
          -0.4944761,
          46.3303231
        ]
      },
      "properties": {
        "id": 2733427195,
        "osm_type": "node"
      }
    },
    {
      "type": "Feature",
      "geometry": {
        "type": "Point",
        "coordinates": [
          -0.5318555,
          44.837277
        ]
      },
      "properties": {
        "id": 2747045089,
        "osm_type": "node"
      }
    },
    {
      "type": "Feature",
      "geometry": {
        "type": "Point",
        "coordinates": [
          -0.5371161,
          44.8387735
        ]
      },
      "properties": {
        "id": 2747231513,
        "osm_type": "node"
      }
    },
    {
      "type": "Feature",
      "geometry": {
        "type": "Point",
        "coordinates": [
          -0.5277327,
          43.0484807
        ]
      },
      "properties": {
        "id": 2784245670,
        "osm_type": "node",
        "name": "Abreuvoir de Tousset"
      }
    },
    {
      "type": "Feature",
      "geometry": {
        "type": "Point",
        "coordinates": [
          -0.5332341,
          43.0809459
        ]
      },
      "properties": {
        "id": 2792080620,
        "osm_type": "node",
        "name": "Abreuvoir de Guiche"
      }
    },
    {
      "type": "Feature",
      "geometry": {
        "type": "Point",
        "coordinates": [
          -0.4058614,
          44.7808579
        ]
      },
      "properties": {
        "id": 2799531930,
        "osm_type": "node"
      }
    },
    {
      "type": "Feature",
      "geometry": {
        "type": "Point",
        "coordinates": [
          -0.3450091,
          44.774141
        ]
      },
      "properties": {
        "id": 2803111787,
        "osm_type": "node"
      }
    },
    {
      "type": "Feature",
      "geometry": {
        "type": "Point",
        "coordinates": [
          -1.4532924,
          43.4358272
        ]
      },
      "properties": {
        "id": 2840540997,
        "osm_type": "node"
      }
    },
    {
      "type": "Feature",
      "geometry": {
        "type": "Point",
        "coordinates": [
          1.234274,
          45.8061849
        ]
      },
      "properties": {
        "id": 2888084650,
        "osm_type": "node"
      }
    },
    {
      "type": "Feature",
      "geometry": {
        "type": "Point",
        "coordinates": [
          2.1543517,
          45.864819
        ]
      },
      "properties": {
        "id": 2895110572,
        "osm_type": "node"
      }
    },
    {
      "type": "Feature",
      "geometry": {
        "type": "Point",
        "coordinates": [
          1.6413264,
          45.7418437
        ]
      },
      "properties": {
        "id": 2895840402,
        "osm_type": "node"
      }
    },
    {
      "type": "Feature",
      "geometry": {
        "type": "Point",
        "coordinates": [
          0.2370188,
          44.8220988
        ]
      },
      "properties": {
        "id": 2901081295,
        "osm_type": "node"
      }
    },
    {
      "type": "Feature",
      "geometry": {
        "type": "Point",
        "coordinates": [
          0.2367781,
          44.8222998
        ]
      },
      "properties": {
        "id": 2901083301,
        "osm_type": "node"
      }
    },
    {
      "type": "Feature",
      "geometry": {
        "type": "Point",
        "coordinates": [
          1.7794062,
          45.8127402
        ]
      },
      "properties": {
        "id": 2905610583,
        "osm_type": "node"
      }
    },
    {
      "type": "Feature",
      "geometry": {
        "type": "Point",
        "coordinates": [
          2.178094,
          45.2226897
        ]
      },
      "properties": {
        "id": 2908313801,
        "osm_type": "node"
      }
    },
    {
      "type": "Feature",
      "geometry": {
        "type": "Point",
        "coordinates": [
          1.4386721,
          45.2911376
        ]
      },
      "properties": {
        "id": 2911742139,
        "osm_type": "node"
      }
    },
    {
      "type": "Feature",
      "geometry": {
        "type": "Point",
        "coordinates": [
          1.2904431,
          44.8230035
        ]
      },
      "properties": {
        "id": 2915292216,
        "osm_type": "node"
      }
    },
    {
      "type": "Feature",
      "geometry": {
        "type": "Point",
        "coordinates": [
          1.0987775,
          45.8167648
        ]
      },
      "properties": {
        "id": 2984202956,
        "osm_type": "node"
      }
    },
    {
      "type": "Feature",
      "geometry": {
        "type": "Point",
        "coordinates": [
          -0.5187787,
          44.2636434
        ]
      },
      "properties": {
        "id": 2985975830,
        "osm_type": "node"
      }
    },
    {
      "type": "Feature",
      "geometry": {
        "type": "Point",
        "coordinates": [
          -0.4025469,
          44.7102432
        ]
      },
      "properties": {
        "id": 2989107672,
        "osm_type": "node"
      }
    },
    {
      "type": "Feature",
      "geometry": {
        "type": "Point",
        "coordinates": [
          -1.136426,
          45.0660855
        ]
      },
      "properties": {
        "id": 2990500609,
        "osm_type": "node",
        "access": "yes"
      }
    },
    {
      "type": "Feature",
      "geometry": {
        "type": "Point",
        "coordinates": [
          -1.7427506,
          43.3332046
        ]
      },
      "properties": {
        "id": 2993044547,
        "osm_type": "node"
      }
    },
    {
      "type": "Feature",
      "geometry": {
        "type": "Point",
        "coordinates": [
          -0.8210629,
          43.4613305
        ]
      },
      "properties": {
        "id": 3007431030,
        "osm_type": "node"
      }
    },
    {
      "type": "Feature",
      "geometry": {
        "type": "Point",
        "coordinates": [
          -0.0884665,
          43.2888708
        ]
      },
      "properties": {
        "id": 3029978198,
        "osm_type": "node"
      }
    },
    {
      "type": "Feature",
      "geometry": {
        "type": "Point",
        "coordinates": [
          -0.4290419,
          42.9883682
        ]
      },
      "properties": {
        "id": 3034475192,
        "osm_type": "node"
      }
    },
    {
      "type": "Feature",
      "geometry": {
        "type": "Point",
        "coordinates": [
          -1.7730219,
          43.3617221
        ]
      },
      "properties": {
        "id": 3036715930,
        "osm_type": "node"
      }
    },
    {
      "type": "Feature",
      "geometry": {
        "type": "Point",
        "coordinates": [
          0.083497,
          45.8336438
        ]
      },
      "properties": {
        "id": 3043023576,
        "osm_type": "node"
      }
    },
    {
      "type": "Feature",
      "geometry": {
        "type": "Point",
        "coordinates": [
          0.7235172,
          45.1855597
        ]
      },
      "properties": {
        "id": 3057676970,
        "osm_type": "node"
      }
    },
    {
      "type": "Feature",
      "geometry": {
        "type": "Point",
        "coordinates": [
          0.7249092,
          45.184539
        ]
      },
      "properties": {
        "id": 3057809282,
        "osm_type": "node"
      }
    },
    {
      "type": "Feature",
      "geometry": {
        "type": "Point",
        "coordinates": [
          -1.4320155,
          43.6679038
        ]
      },
      "properties": {
        "id": 3058625773,
        "osm_type": "node",
        "indoor": "no"
      }
    },
    {
      "type": "Feature",
      "geometry": {
        "type": "Point",
        "coordinates": [
          -0.5773442,
          44.8246631
        ]
      },
      "properties": {
        "id": 3063471840,
        "osm_type": "node"
      }
    },
    {
      "type": "Feature",
      "geometry": {
        "type": "Point",
        "coordinates": [
          -1.1499565,
          46.1582448
        ]
      },
      "properties": {
        "id": 3077957474,
        "osm_type": "node"
      }
    },
    {
      "type": "Feature",
      "geometry": {
        "type": "Point",
        "coordinates": [
          -0.5762563,
          44.8411044
        ]
      },
      "properties": {
        "id": 3113359735,
        "osm_type": "node"
      }
    },
    {
      "type": "Feature",
      "geometry": {
        "type": "Point",
        "coordinates": [
          -0.36717,
          45.7216353
        ]
      },
      "properties": {
        "id": 3124138869,
        "osm_type": "node"
      }
    },
    {
      "type": "Feature",
      "geometry": {
        "type": "Point",
        "coordinates": [
          -0.3780001,
          43.299684
        ]
      },
      "properties": {
        "id": 3150740567,
        "osm_type": "node",
        "access": "yes",
        "fee": "no",
        "operator": "Pau"
      }
    },
    {
      "type": "Feature",
      "geometry": {
        "type": "Point",
        "coordinates": [
          -0.3204836,
          44.6368972
        ]
      },
      "properties": {
        "id": 3160827434,
        "osm_type": "node",
        "access": "yes",
        "fee": "no"
      }
    },
    {
      "type": "Feature",
      "geometry": {
        "type": "Point",
        "coordinates": [
          -1.3739557,
          43.2261408
        ]
      },
      "properties": {
        "id": 3163357012,
        "osm_type": "node"
      }
    },
    {
      "type": "Feature",
      "geometry": {
        "type": "Point",
        "coordinates": [
          0.807054,
          46.7787575
        ]
      },
      "properties": {
        "id": 3218862003,
        "osm_type": "node"
      }
    },
    {
      "type": "Feature",
      "geometry": {
        "type": "Point",
        "coordinates": [
          -0.0897567,
          44.5833827
        ]
      },
      "properties": {
        "id": 3235286969,
        "osm_type": "node"
      }
    },
    {
      "type": "Feature",
      "geometry": {
        "type": "Point",
        "coordinates": [
          -0.1716077,
          44.7386761
        ]
      },
      "properties": {
        "id": 3235327061,
        "osm_type": "node"
      }
    },
    {
      "type": "Feature",
      "geometry": {
        "type": "Point",
        "coordinates": [
          -0.5321445,
          44.8366715
        ]
      },
      "properties": {
        "id": 3240816300,
        "osm_type": "node"
      }
    },
    {
      "type": "Feature",
      "geometry": {
        "type": "Point",
        "coordinates": [
          -1.4333439,
          43.3861362
        ]
      },
      "properties": {
        "id": 3248237881,
        "osm_type": "node"
      }
    },
    {
      "type": "Feature",
      "geometry": {
        "type": "Point",
        "coordinates": [
          1.2701093,
          45.8232671
        ]
      },
      "properties": {
        "id": 3282901159,
        "osm_type": "node"
      }
    },
    {
      "type": "Feature",
      "geometry": {
        "type": "Point",
        "coordinates": [
          1.0496156,
          44.8048367
        ]
      },
      "properties": {
        "id": 3285946379,
        "osm_type": "node"
      }
    },
    {
      "type": "Feature",
      "geometry": {
        "type": "Point",
        "coordinates": [
          -0.9934585,
          46.3089405
        ]
      },
      "properties": {
        "id": 3340723421,
        "osm_type": "node"
      }
    },
    {
      "type": "Feature",
      "geometry": {
        "type": "Point",
        "coordinates": [
          -0.5920839,
          44.8206317
        ]
      },
      "properties": {
        "id": 3372484588,
        "osm_type": "node",
        "access": "yes",
        "fee": "no"
      }
    },
    {
      "type": "Feature",
      "geometry": {
        "type": "Point",
        "coordinates": [
          -0.5952705,
          44.8205114
        ]
      },
      "properties": {
        "id": 3376988313,
        "osm_type": "node"
      }
    },
    {
      "type": "Feature",
      "geometry": {
        "type": "Point",
        "coordinates": [
          -0.3687965,
          43.3175434
        ]
      },
      "properties": {
        "id": 3385884305,
        "osm_type": "node",
        "operator": "Pau"
      }
    },
    {
      "type": "Feature",
      "geometry": {
        "type": "Point",
        "coordinates": [
          -0.5605318,
          44.8335631
        ]
      },
      "properties": {
        "id": 3393836601,
        "osm_type": "node"
      }
    },
    {
      "type": "Feature",
      "geometry": {
        "type": "Point",
        "coordinates": [
          -0.5596943,
          44.832986
        ]
      },
      "properties": {
        "id": 3393836609,
        "osm_type": "node"
      }
    },
    {
      "type": "Feature",
      "geometry": {
        "type": "Point",
        "coordinates": [
          -0.6281818,
          44.7645221
        ]
      },
      "properties": {
        "id": 3465359066,
        "osm_type": "node"
      }
    },
    {
      "type": "Feature",
      "geometry": {
        "type": "Point",
        "coordinates": [
          -0.5906351,
          44.8131747
        ]
      },
      "properties": {
        "id": 3465407196,
        "osm_type": "node"
      }
    },
    {
      "type": "Feature",
      "geometry": {
        "type": "Point",
        "coordinates": [
          -0.5996947,
          44.826673
        ]
      },
      "properties": {
        "id": 3465453462,
        "osm_type": "node"
      }
    },
    {
      "type": "Feature",
      "geometry": {
        "type": "Point",
        "coordinates": [
          -1.170709,
          46.1410344
        ]
      },
      "properties": {
        "id": 3467901086,
        "osm_type": "node",
        "name": "Fontaine à eau"
      }
    },
    {
      "type": "Feature",
      "geometry": {
        "type": "Point",
        "coordinates": [
          -0.5049223,
          44.8320993
        ]
      },
      "properties": {
        "id": 3499063842,
        "osm_type": "node"
      }
    },
    {
      "type": "Feature",
      "geometry": {
        "type": "Point",
        "coordinates": [
          0.3184191,
          45.1462261
        ]
      },
      "properties": {
        "id": 3511057413,
        "osm_type": "node"
      }
    },
    {
      "type": "Feature",
      "geometry": {
        "type": "Point",
        "coordinates": [
          0.6738782,
          45.5903023
        ]
      },
      "properties": {
        "id": 3526542151,
        "osm_type": "node"
      }
    },
    {
      "type": "Feature",
      "geometry": {
        "type": "Point",
        "coordinates": [
          -1.2109834,
          43.4814099
        ]
      },
      "properties": {
        "id": 3534152096,
        "osm_type": "node"
      }
    },
    {
      "type": "Feature",
      "geometry": {
        "type": "Point",
        "coordinates": [
          0.3418451,
          44.1359445
        ]
      },
      "properties": {
        "id": 3538830799,
        "osm_type": "node"
      }
    },
    {
      "type": "Feature",
      "geometry": {
        "type": "Point",
        "coordinates": [
          -0.6682454,
          44.7979187
        ]
      },
      "properties": {
        "id": 3558024095,
        "osm_type": "node"
      }
    },
    {
      "type": "Feature",
      "geometry": {
        "type": "Point",
        "coordinates": [
          -0.7842388,
          45.4840266
        ]
      },
      "properties": {
        "id": 3561724451,
        "osm_type": "node"
      }
    },
    {
      "type": "Feature",
      "geometry": {
        "type": "Point",
        "coordinates": [
          -0.7079125,
          44.7855488
        ]
      },
      "properties": {
        "id": 3569352101,
        "osm_type": "node"
      }
    },
    {
      "type": "Feature",
      "geometry": {
        "type": "Point",
        "coordinates": [
          0.2441441,
          44.8754023
        ]
      },
      "properties": {
        "id": 3574149093,
        "osm_type": "node"
      }
    },
    {
      "type": "Feature",
      "geometry": {
        "type": "Point",
        "coordinates": [
          0.1824766,
          44.9088496
        ]
      },
      "properties": {
        "id": 3574149094,
        "osm_type": "node"
      }
    },
    {
      "type": "Feature",
      "geometry": {
        "type": "Point",
        "coordinates": [
          0.3496203,
          44.9197123
        ]
      },
      "properties": {
        "id": 3574149095,
        "osm_type": "node"
      }
    },
    {
      "type": "Feature",
      "geometry": {
        "type": "Point",
        "coordinates": [
          0.3539789,
          44.9513318
        ]
      },
      "properties": {
        "id": 3574149096,
        "osm_type": "node"
      }
    },
    {
      "type": "Feature",
      "geometry": {
        "type": "Point",
        "coordinates": [
          -0.4910816,
          42.8482849
        ]
      },
      "properties": {
        "id": 3589500587,
        "osm_type": "node"
      }
    },
    {
      "type": "Feature",
      "geometry": {
        "type": "Point",
        "coordinates": [
          2.2124915,
          46.2845059
        ]
      },
      "properties": {
        "id": 3593413223,
        "osm_type": "node"
      }
    },
    {
      "type": "Feature",
      "geometry": {
        "type": "Point",
        "coordinates": [
          2.2965293,
          46.2606001
        ]
      },
      "properties": {
        "id": 3593471214,
        "osm_type": "node"
      }
    },
    {
      "type": "Feature",
      "geometry": {
        "type": "Point",
        "coordinates": [
          1.629125,
          46.119013
        ]
      },
      "properties": {
        "id": 3599320316,
        "osm_type": "node"
      }
    },
    {
      "type": "Feature",
      "geometry": {
        "type": "Point",
        "coordinates": [
          -0.544014,
          44.0432395
        ]
      },
      "properties": {
        "id": 3613115797,
        "osm_type": "node"
      }
    },
    {
      "type": "Feature",
      "geometry": {
        "type": "Point",
        "coordinates": [
          -0.5449907,
          44.0436605
        ]
      },
      "properties": {
        "id": 3613115800,
        "osm_type": "node"
      }
    },
    {
      "type": "Feature",
      "geometry": {
        "type": "Point",
        "coordinates": [
          -0.5428044,
          44.0431532
        ]
      },
      "properties": {
        "id": 3613116093,
        "osm_type": "node"
      }
    },
    {
      "type": "Feature",
      "geometry": {
        "type": "Point",
        "coordinates": [
          -1.084319,
          45.1844821
        ]
      },
      "properties": {
        "id": 3631679945,
        "osm_type": "node"
      }
    },
    {
      "type": "Feature",
      "geometry": {
        "type": "Point",
        "coordinates": [
          -0.6754749,
          44.7981059
        ]
      },
      "properties": {
        "id": 3636558530,
        "osm_type": "node"
      }
    },
    {
      "type": "Feature",
      "geometry": {
        "type": "Point",
        "coordinates": [
          -1.5341289,
          43.5071867
        ]
      },
      "properties": {
        "id": 3640514202,
        "osm_type": "node"
      }
    },
    {
      "type": "Feature",
      "geometry": {
        "type": "Point",
        "coordinates": [
          1.5359849,
          45.1647047
        ]
      },
      "properties": {
        "id": 3656285925,
        "osm_type": "node",
        "indoor": "no"
      }
    },
    {
      "type": "Feature",
      "geometry": {
        "type": "Point",
        "coordinates": [
          -1.4765936,
          43.4904715
        ]
      },
      "properties": {
        "id": 3660026016,
        "osm_type": "node",
        "name": "Eau de Chauron"
      }
    },
    {
      "type": "Feature",
      "geometry": {
        "type": "Point",
        "coordinates": [
          1.8513415,
          45.2989306
        ]
      },
      "properties": {
        "id": 3675581227,
        "osm_type": "node"
      }
    },
    {
      "type": "Feature",
      "geometry": {
        "type": "Point",
        "coordinates": [
          1.8507964,
          45.2994555
        ]
      },
      "properties": {
        "id": 3675584625,
        "osm_type": "node"
      }
    },
    {
      "type": "Feature",
      "geometry": {
        "type": "Point",
        "coordinates": [
          -0.6859017,
          44.8035167
        ]
      },
      "properties": {
        "id": 3676456360,
        "osm_type": "node"
      }
    },
    {
      "type": "Feature",
      "geometry": {
        "type": "Point",
        "coordinates": [
          -0.6273675,
          44.8353368
        ]
      },
      "properties": {
        "id": 3677993473,
        "osm_type": "node",
        "access": "yes",
        "fee": "no"
      }
    },
    {
      "type": "Feature",
      "geometry": {
        "type": "Point",
        "coordinates": [
          -0.5936602,
          44.8331455
        ]
      },
      "properties": {
        "id": 3683625932,
        "osm_type": "node"
      }
    },
    {
      "type": "Feature",
      "geometry": {
        "type": "Point",
        "coordinates": [
          -0.6312803,
          44.8357208
        ]
      },
      "properties": {
        "id": 3684360730,
        "osm_type": "node"
      }
    },
    {
      "type": "Feature",
      "geometry": {
        "type": "Point",
        "coordinates": [
          1.1241404,
          45.035486
        ]
      },
      "properties": {
        "id": 3691190268,
        "osm_type": "node"
      }
    },
    {
      "type": "Feature",
      "geometry": {
        "type": "Point",
        "coordinates": [
          1.0787678,
          44.9912192
        ]
      },
      "properties": {
        "id": 3700211436,
        "osm_type": "node"
      }
    },
    {
      "type": "Feature",
      "geometry": {
        "type": "Point",
        "coordinates": [
          -0.5186704,
          44.2640575
        ]
      },
      "properties": {
        "id": 3700407094,
        "osm_type": "node",
        "access": "yes"
      }
    },
    {
      "type": "Feature",
      "geometry": {
        "type": "Point",
        "coordinates": [
          -0.5340036,
          46.1178727
        ]
      },
      "properties": {
        "id": 3704464964,
        "osm_type": "node"
      }
    },
    {
      "type": "Feature",
      "geometry": {
        "type": "Point",
        "coordinates": [
          1.5807642,
          45.0535673
        ]
      },
      "properties": {
        "id": 3715918193,
        "osm_type": "node"
      }
    },
    {
      "type": "Feature",
      "geometry": {
        "type": "Point",
        "coordinates": [
          1.7427841,
          45.0005061
        ]
      },
      "properties": {
        "id": 3717405632,
        "osm_type": "node"
      }
    },
    {
      "type": "Feature",
      "geometry": {
        "type": "Point",
        "coordinates": [
          -0.8472368,
          43.4372711
        ]
      },
      "properties": {
        "id": 3734811834,
        "osm_type": "node"
      }
    },
    {
      "type": "Feature",
      "geometry": {
        "type": "Point",
        "coordinates": [
          -1.5341427,
          43.5106578
        ]
      },
      "properties": {
        "id": 3739322676,
        "osm_type": "node",
        "access": "yes",
        "fee": "no"
      }
    },
    {
      "type": "Feature",
      "geometry": {
        "type": "Point",
        "coordinates": [
          -0.2613837,
          43.7029739
        ]
      },
      "properties": {
        "id": 3739550099,
        "osm_type": "node"
      }
    },
    {
      "type": "Feature",
      "geometry": {
        "type": "Point",
        "coordinates": [
          -1.4921548,
          43.3061082
        ]
      },
      "properties": {
        "id": 3740137378,
        "osm_type": "node"
      }
    },
    {
      "type": "Feature",
      "geometry": {
        "type": "Point",
        "coordinates": [
          -1.0586471,
          43.3404418
        ]
      },
      "properties": {
        "id": 3741660546,
        "osm_type": "node"
      }
    },
    {
      "type": "Feature",
      "geometry": {
        "type": "Point",
        "coordinates": [
          -0.4482968,
          43.4853053
        ]
      },
      "properties": {
        "id": 3741660674,
        "osm_type": "node"
      }
    },
    {
      "type": "Feature",
      "geometry": {
        "type": "Point",
        "coordinates": [
          -0.4137903,
          43.5364645
        ]
      },
      "properties": {
        "id": 3741660678,
        "osm_type": "node"
      }
    },
    {
      "type": "Feature",
      "geometry": {
        "type": "Point",
        "coordinates": [
          -0.3491578,
          43.5829071
        ]
      },
      "properties": {
        "id": 3744635058,
        "osm_type": "node"
      }
    },
    {
      "type": "Feature",
      "geometry": {
        "type": "Point",
        "coordinates": [
          -0.2982924,
          43.6072311
        ]
      },
      "properties": {
        "id": 3744644401,
        "osm_type": "node"
      }
    },
    {
      "type": "Feature",
      "geometry": {
        "type": "Point",
        "coordinates": [
          -0.5902173,
          44.773384
        ]
      },
      "properties": {
        "id": 3783757485,
        "osm_type": "node"
      }
    },
    {
      "type": "Feature",
      "geometry": {
        "type": "Point",
        "coordinates": [
          1.3413903,
          44.9093032
        ]
      },
      "properties": {
        "id": 3797765375,
        "osm_type": "node"
      }
    },
    {
      "type": "Feature",
      "geometry": {
        "type": "Point",
        "coordinates": [
          1.3387675,
          44.9061072
        ]
      },
      "properties": {
        "id": 3797807326,
        "osm_type": "node"
      }
    },
    {
      "type": "Feature",
      "geometry": {
        "type": "Point",
        "coordinates": [
          -0.6041379,
          44.7703141
        ]
      },
      "properties": {
        "id": 3800869850,
        "osm_type": "node",
        "access": "yes",
        "fee": "no"
      }
    },
    {
      "type": "Feature",
      "geometry": {
        "type": "Point",
        "coordinates": [
          -0.5593864,
          44.7939846
        ]
      },
      "properties": {
        "id": 3806783606,
        "osm_type": "node"
      }
    },
    {
      "type": "Feature",
      "geometry": {
        "type": "Point",
        "coordinates": [
          0.1844911,
          45.8799874
        ]
      },
      "properties": {
        "id": 3847133750,
        "osm_type": "node"
      }
    },
    {
      "type": "Feature",
      "geometry": {
        "type": "Point",
        "coordinates": [
          0.1821217,
          46.3002294
        ]
      },
      "properties": {
        "id": 3863997619,
        "osm_type": "node"
      }
    },
    {
      "type": "Feature",
      "geometry": {
        "type": "Point",
        "coordinates": [
          0.4830422,
          44.8497174
        ]
      },
      "properties": {
        "id": 3876086593,
        "osm_type": "node"
      }
    },
    {
      "type": "Feature",
      "geometry": {
        "type": "Point",
        "coordinates": [
          0.4838984,
          44.8512918
        ]
      },
      "properties": {
        "id": 3876086614,
        "osm_type": "node"
      }
    },
    {
      "type": "Feature",
      "geometry": {
        "type": "Point",
        "coordinates": [
          0.4830956,
          44.851441
        ]
      },
      "properties": {
        "id": 3876086615,
        "osm_type": "node"
      }
    },
    {
      "type": "Feature",
      "geometry": {
        "type": "Point",
        "coordinates": [
          -1.1860167,
          44.6617961
        ]
      },
      "properties": {
        "id": 3878594996,
        "osm_type": "node"
      }
    },
    {
      "type": "Feature",
      "geometry": {
        "type": "Point",
        "coordinates": [
          -0.9608106,
          45.9170964
        ]
      },
      "properties": {
        "id": 3878813609,
        "osm_type": "node"
      }
    },
    {
      "type": "Feature",
      "geometry": {
        "type": "Point",
        "coordinates": [
          -1.1550583,
          44.6569812
        ]
      },
      "properties": {
        "id": 3883794219,
        "osm_type": "node",
        "indoor": "no"
      }
    },
    {
      "type": "Feature",
      "geometry": {
        "type": "Point",
        "coordinates": [
          -1.1519176,
          44.6593544
        ]
      },
      "properties": {
        "id": 3883794274,
        "osm_type": "node",
        "indoor": "no"
      }
    },
    {
      "type": "Feature",
      "geometry": {
        "type": "Point",
        "coordinates": [
          -1.4258071,
          43.6907912
        ]
      },
      "properties": {
        "id": 3886659966,
        "osm_type": "node"
      }
    },
    {
      "type": "Feature",
      "geometry": {
        "type": "Point",
        "coordinates": [
          -1.2389572,
          43.1180516
        ]
      },
      "properties": {
        "id": 3891482999,
        "osm_type": "node"
      }
    },
    {
      "type": "Feature",
      "geometry": {
        "type": "Point",
        "coordinates": [
          -0.8919635,
          43.2153438
        ]
      },
      "properties": {
        "id": 3902218919,
        "osm_type": "node"
      }
    },
    {
      "type": "Feature",
      "geometry": {
        "type": "Point",
        "coordinates": [
          -1.1481382,
          44.6312097
        ]
      },
      "properties": {
        "id": 3914315838,
        "osm_type": "node"
      }
    },
    {
      "type": "Feature",
      "geometry": {
        "type": "Point",
        "coordinates": [
          0.7564324,
          45.055875
        ]
      },
      "properties": {
        "id": 3933439910,
        "osm_type": "node"
      }
    },
    {
      "type": "Feature",
      "geometry": {
        "type": "Point",
        "coordinates": [
          0.454412,
          44.8159896
        ]
      },
      "properties": {
        "id": 3937303711,
        "osm_type": "node"
      }
    },
    {
      "type": "Feature",
      "geometry": {
        "type": "Point",
        "coordinates": [
          0.4544093,
          44.816015
        ]
      },
      "properties": {
        "id": 3937303714,
        "osm_type": "node"
      }
    },
    {
      "type": "Feature",
      "geometry": {
        "type": "Point",
        "coordinates": [
          -1.6027912,
          43.2545009
        ]
      },
      "properties": {
        "id": 3954188652,
        "osm_type": "node",
        "name": "Usoen iturria"
      }
    },
    {
      "type": "Feature",
      "geometry": {
        "type": "Point",
        "coordinates": [
          0.6769767,
          45.0920916
        ]
      },
      "properties": {
        "id": 3959606039,
        "osm_type": "node"
      }
    },
    {
      "type": "Feature",
      "geometry": {
        "type": "Point",
        "coordinates": [
          -0.5830779,
          44.7895913
        ]
      },
      "properties": {
        "id": 4014434123,
        "osm_type": "node",
        "operator": "Villenave-d'Ornon"
      }
    },
    {
      "type": "Feature",
      "geometry": {
        "type": "Point",
        "coordinates": [
          -0.5838955,
          44.7910079
        ]
      },
      "properties": {
        "id": 4014436158,
        "osm_type": "node",
        "operator": "Villenave-d'Ornon"
      }
    },
    {
      "type": "Feature",
      "geometry": {
        "type": "Point",
        "coordinates": [
          -0.5709868,
          44.8792547
        ]
      },
      "properties": {
        "id": 4019501085,
        "osm_type": "node"
      }
    },
    {
      "type": "Feature",
      "geometry": {
        "type": "Point",
        "coordinates": [
          -1.1335559,
          44.584765
        ]
      },
      "properties": {
        "id": 4068932679,
        "osm_type": "node"
      }
    },
    {
      "type": "Feature",
      "geometry": {
        "type": "Point",
        "coordinates": [
          -1.1356122,
          44.5861291
        ]
      },
      "properties": {
        "id": 4069000516,
        "osm_type": "node"
      }
    },
    {
      "type": "Feature",
      "geometry": {
        "type": "Point",
        "coordinates": [
          0.4527982,
          44.954743
        ]
      },
      "properties": {
        "id": 4175967711,
        "osm_type": "node"
      }
    },
    {
      "type": "Feature",
      "geometry": {
        "type": "Point",
        "coordinates": [
          -0.9448378,
          45.5543303
        ]
      },
      "properties": {
        "id": 4191406860,
        "osm_type": "node"
      }
    },
    {
      "type": "Feature",
      "geometry": {
        "type": "Point",
        "coordinates": [
          -1.5773069,
          43.4612244
        ]
      },
      "properties": {
        "id": 4192042510,
        "osm_type": "node",
        "access": "yes",
        "operator": "Siazim"
      }
    },
    {
      "type": "Feature",
      "geometry": {
        "type": "Point",
        "coordinates": [
          -1.5752717,
          43.4638837
        ]
      },
      "properties": {
        "id": 4192042511,
        "osm_type": "node"
      }
    },
    {
      "type": "Feature",
      "geometry": {
        "type": "Point",
        "coordinates": [
          -1.5747668,
          43.4647374
        ]
      },
      "properties": {
        "id": 4192042512,
        "osm_type": "node"
      }
    },
    {
      "type": "Feature",
      "geometry": {
        "type": "Point",
        "coordinates": [
          -0.5592843,
          44.7940782
        ]
      },
      "properties": {
        "id": 4214934673,
        "osm_type": "node"
      }
    },
    {
      "type": "Feature",
      "geometry": {
        "type": "Point",
        "coordinates": [
          -0.576611,
          44.8377225
        ]
      },
      "properties": {
        "id": 4217495180,
        "osm_type": "node",
        "access": "yes",
        "fee": "no"
      }
    },
    {
      "type": "Feature",
      "geometry": {
        "type": "Point",
        "coordinates": [
          -0.5650049,
          44.8462717
        ]
      },
      "properties": {
        "id": 4217503489,
        "osm_type": "node"
      }
    },
    {
      "type": "Feature",
      "geometry": {
        "type": "Point",
        "coordinates": [
          -0.427628,
          44.7965143
        ]
      },
      "properties": {
        "id": 4219993936,
        "osm_type": "node"
      }
    },
    {
      "type": "Feature",
      "geometry": {
        "type": "Point",
        "coordinates": [
          0.6113646,
          44.2023806
        ]
      },
      "properties": {
        "id": 4222330976,
        "osm_type": "node"
      }
    },
    {
      "type": "Feature",
      "geometry": {
        "type": "Point",
        "coordinates": [
          0.6182517,
          44.2047849
        ]
      },
      "properties": {
        "id": 4222359341,
        "osm_type": "node"
      }
    },
    {
      "type": "Feature",
      "geometry": {
        "type": "Point",
        "coordinates": [
          -0.6581337,
          44.7590316
        ]
      },
      "properties": {
        "id": 4226864317,
        "osm_type": "node"
      }
    },
    {
      "type": "Feature",
      "geometry": {
        "type": "Point",
        "coordinates": [
          -0.3513061,
          44.775723
        ]
      },
      "properties": {
        "id": 4238873676,
        "osm_type": "node"
      }
    },
    {
      "type": "Feature",
      "geometry": {
        "type": "Point",
        "coordinates": [
          -0.3713267,
          44.4575035
        ]
      },
      "properties": {
        "id": 4239871957,
        "osm_type": "node"
      }
    },
    {
      "type": "Feature",
      "geometry": {
        "type": "Point",
        "coordinates": [
          -0.348306,
          44.7744797
        ]
      },
      "properties": {
        "id": 4258789699,
        "osm_type": "node"
      }
    },
    {
      "type": "Feature",
      "geometry": {
        "type": "Point",
        "coordinates": [
          0.2581011,
          44.2064045
        ]
      },
      "properties": {
        "id": 4260224635,
        "osm_type": "node"
      }
    },
    {
      "type": "Feature",
      "geometry": {
        "type": "Point",
        "coordinates": [
          -0.6406691,
          44.8178662
        ]
      },
      "properties": {
        "id": 4260782570,
        "osm_type": "node"
      }
    },
    {
      "type": "Feature",
      "geometry": {
        "type": "Point",
        "coordinates": [
          -0.349771,
          44.7762755
        ]
      },
      "properties": {
        "id": 4285868634,
        "osm_type": "node"
      }
    },
    {
      "type": "Feature",
      "geometry": {
        "type": "Point",
        "coordinates": [
          0.5290146,
          45.1469585
        ]
      },
      "properties": {
        "id": 4288354274,
        "osm_type": "node"
      }
    },
    {
      "type": "Feature",
      "geometry": {
        "type": "Point",
        "coordinates": [
          0.5289723,
          45.146015
        ]
      },
      "properties": {
        "id": 4288393153,
        "osm_type": "node"
      }
    },
    {
      "type": "Feature",
      "geometry": {
        "type": "Point",
        "coordinates": [
          0.2553463,
          44.1782342
        ]
      },
      "properties": {
        "id": 4292768935,
        "osm_type": "node"
      }
    },
    {
      "type": "Feature",
      "geometry": {
        "type": "Point",
        "coordinates": [
          -0.1499768,
          44.5624085
        ]
      },
      "properties": {
        "id": 4293168393,
        "osm_type": "node"
      }
    },
    {
      "type": "Feature",
      "geometry": {
        "type": "Point",
        "coordinates": [
          0.7497899,
          44.4838564
        ]
      },
      "properties": {
        "id": 4293178696,
        "osm_type": "node"
      }
    },
    {
      "type": "Feature",
      "geometry": {
        "type": "Point",
        "coordinates": [
          0.7690488,
          44.5330976
        ]
      },
      "properties": {
        "id": 4294169891,
        "osm_type": "node"
      }
    },
    {
      "type": "Feature",
      "geometry": {
        "type": "Point",
        "coordinates": [
          -1.4319929,
          43.7083667
        ]
      },
      "properties": {
        "id": 4294182791,
        "osm_type": "node"
      }
    },
    {
      "type": "Feature",
      "geometry": {
        "type": "Point",
        "coordinates": [
          1.1521899,
          44.8136829
        ]
      },
      "properties": {
        "id": 4294773390,
        "osm_type": "node"
      }
    },
    {
      "type": "Feature",
      "geometry": {
        "type": "Point",
        "coordinates": [
          0.9856876,
          44.7686915
        ]
      },
      "properties": {
        "id": 4294824290,
        "osm_type": "node"
      }
    },
    {
      "type": "Feature",
      "geometry": {
        "type": "Point",
        "coordinates": [
          1.0451527,
          44.8686741
        ]
      },
      "properties": {
        "id": 4295560308,
        "osm_type": "node"
      }
    },
    {
      "type": "Feature",
      "geometry": {
        "type": "Point",
        "coordinates": [
          1.1616505,
          45.8587066
        ]
      },
      "properties": {
        "id": 4307300534,
        "osm_type": "node"
      }
    },
    {
      "type": "Feature",
      "geometry": {
        "type": "Point",
        "coordinates": [
          0.6836505,
          46.2378214
        ]
      },
      "properties": {
        "id": 4307385891,
        "osm_type": "node"
      }
    },
    {
      "type": "Feature",
      "geometry": {
        "type": "Point",
        "coordinates": [
          -1.4754601,
          43.4422094
        ]
      },
      "properties": {
        "id": 4308413989,
        "osm_type": "node",
        "access": "yes"
      }
    },
    {
      "type": "Feature",
      "geometry": {
        "type": "Point",
        "coordinates": [
          0.5387696,
          46.7181593
        ]
      },
      "properties": {
        "id": 4308790292,
        "osm_type": "node"
      }
    },
    {
      "type": "Feature",
      "geometry": {
        "type": "Point",
        "coordinates": [
          -0.5669502,
          44.8358741
        ]
      },
      "properties": {
        "id": 4312364598,
        "osm_type": "node"
      }
    },
    {
      "type": "Feature",
      "geometry": {
        "type": "Point",
        "coordinates": [
          -1.1624117,
          46.2090153
        ]
      },
      "properties": {
        "id": 4318269012,
        "osm_type": "node"
      }
    },
    {
      "type": "Feature",
      "geometry": {
        "type": "Point",
        "coordinates": [
          -0.6020215,
          44.85431
        ]
      },
      "properties": {
        "id": 4318313903,
        "osm_type": "node"
      }
    },
    {
      "type": "Feature",
      "geometry": {
        "type": "Point",
        "coordinates": [
          -0.6042627,
          44.855276
        ]
      },
      "properties": {
        "id": 4318315358,
        "osm_type": "node"
      }
    },
    {
      "type": "Feature",
      "geometry": {
        "type": "Point",
        "coordinates": [
          0.7057741,
          44.4068446
        ]
      },
      "properties": {
        "id": 4327625727,
        "osm_type": "node",
        "access": "yes",
        "fee": "no"
      }
    },
    {
      "type": "Feature",
      "geometry": {
        "type": "Point",
        "coordinates": [
          -0.6009595,
          44.8538849
        ]
      },
      "properties": {
        "id": 4329549532,
        "osm_type": "node"
      }
    },
    {
      "type": "Feature",
      "geometry": {
        "type": "Point",
        "coordinates": [
          -1.6598108,
          43.3857332
        ]
      },
      "properties": {
        "id": 4330716190,
        "osm_type": "node",
        "access": "yes",
        "fee": "no"
      }
    },
    {
      "type": "Feature",
      "geometry": {
        "type": "Point",
        "coordinates": [
          -0.1610981,
          46.8006906
        ]
      },
      "properties": {
        "id": 4336119526,
        "osm_type": "node"
      }
    },
    {
      "type": "Feature",
      "geometry": {
        "type": "Point",
        "coordinates": [
          -0.1896359,
          46.7712594
        ]
      },
      "properties": {
        "id": 4336139828,
        "osm_type": "node"
      }
    },
    {
      "type": "Feature",
      "geometry": {
        "type": "Point",
        "coordinates": [
          -1.6500776,
          43.4040532
        ]
      },
      "properties": {
        "id": 4340146789,
        "osm_type": "node"
      }
    },
    {
      "type": "Feature",
      "geometry": {
        "type": "Point",
        "coordinates": [
          0.7690942,
          44.5330154
        ]
      },
      "properties": {
        "id": 4343144689,
        "osm_type": "node"
      }
    },
    {
      "type": "Feature",
      "geometry": {
        "type": "Point",
        "coordinates": [
          -0.8632869,
          43.1165545
        ]
      },
      "properties": {
        "id": 4349390890,
        "osm_type": "node"
      }
    },
    {
      "type": "Feature",
      "geometry": {
        "type": "Point",
        "coordinates": [
          -1.5993055,
          43.4234546
        ]
      },
      "properties": {
        "id": 4351691393,
        "osm_type": "node",
        "access": "yes",
        "operator": "Total"
      }
    },
    {
      "type": "Feature",
      "geometry": {
        "type": "Point",
        "coordinates": [
          2.3356982,
          45.3616301
        ]
      },
      "properties": {
        "id": 4353538115,
        "osm_type": "node"
      }
    },
    {
      "type": "Feature",
      "geometry": {
        "type": "Point",
        "coordinates": [
          -0.3502902,
          44.4021038
        ]
      },
      "properties": {
        "id": 4358273216,
        "osm_type": "node"
      }
    },
    {
      "type": "Feature",
      "geometry": {
        "type": "Point",
        "coordinates": [
          2.4824274,
          45.3961975
        ]
      },
      "properties": {
        "id": 4359147848,
        "osm_type": "node"
      }
    },
    {
      "type": "Feature",
      "geometry": {
        "type": "Point",
        "coordinates": [
          -1.4021224,
          43.4928725
        ]
      },
      "properties": {
        "id": 4361276020,
        "osm_type": "node"
      }
    },
    {
      "type": "Feature",
      "geometry": {
        "type": "Point",
        "coordinates": [
          1.5320564,
          45.1456898
        ]
      },
      "properties": {
        "id": 4366992155,
        "osm_type": "node"
      }
    },
    {
      "type": "Feature",
      "geometry": {
        "type": "Point",
        "coordinates": [
          1.5290261,
          45.1518643
        ]
      },
      "properties": {
        "id": 4368137255,
        "osm_type": "node"
      }
    },
    {
      "type": "Feature",
      "geometry": {
        "type": "Point",
        "coordinates": [
          1.529122,
          45.1519778
        ]
      },
      "properties": {
        "id": 4368137256,
        "osm_type": "node"
      }
    },
    {
      "type": "Feature",
      "geometry": {
        "type": "Point",
        "coordinates": [
          1.5293346,
          45.1521551
        ]
      },
      "properties": {
        "id": 4368137257,
        "osm_type": "node"
      }
    },
    {
      "type": "Feature",
      "geometry": {
        "type": "Point",
        "coordinates": [
          1.5274483,
          45.1525987
        ]
      },
      "properties": {
        "id": 4368137258,
        "osm_type": "node"
      }
    },
    {
      "type": "Feature",
      "geometry": {
        "type": "Point",
        "coordinates": [
          1.5275462,
          45.1527046
        ]
      },
      "properties": {
        "id": 4368137259,
        "osm_type": "node"
      }
    },
    {
      "type": "Feature",
      "geometry": {
        "type": "Point",
        "coordinates": [
          1.5276401,
          45.1528181
        ]
      },
      "properties": {
        "id": 4368137260,
        "osm_type": "node"
      }
    },
    {
      "type": "Feature",
      "geometry": {
        "type": "Point",
        "coordinates": [
          1.5346919,
          45.162963
        ]
      },
      "properties": {
        "id": 4368137283,
        "osm_type": "node"
      }
    },
    {
      "type": "Feature",
      "geometry": {
        "type": "Point",
        "coordinates": [
          1.5345484,
          45.1630226
        ]
      },
      "properties": {
        "id": 4368137284,
        "osm_type": "node"
      }
    },
    {
      "type": "Feature",
      "geometry": {
        "type": "Point",
        "coordinates": [
          1.4635882,
          45.0977357
        ]
      },
      "properties": {
        "id": 4374329395,
        "osm_type": "node",
        "access": "yes",
        "indoor": "no"
      }
    },
    {
      "type": "Feature",
      "geometry": {
        "type": "Point",
        "coordinates": [
          1.4640151,
          45.0970621
        ]
      },
      "properties": {
        "id": 4374356792,
        "osm_type": "node",
        "access": "yes",
        "indoor": "no"
      }
    },
    {
      "type": "Feature",
      "geometry": {
        "type": "Point",
        "coordinates": [
          1.8367863,
          44.9788879
        ]
      },
      "properties": {
        "id": 4375446190,
        "osm_type": "node",
        "access": "yes",
        "fee": "no",
        "indoor": "no"
      }
    },
    {
      "type": "Feature",
      "geometry": {
        "type": "Point",
        "coordinates": [
          -0.086498,
          44.6928136
        ]
      },
      "properties": {
        "id": 4379151294,
        "osm_type": "node"
      }
    },
    {
      "type": "Feature",
      "geometry": {
        "type": "Point",
        "coordinates": [
          -1.7682179,
          43.3426754
        ]
      },
      "properties": {
        "id": 4379811457,
        "osm_type": "node"
      }
    },
    {
      "type": "Feature",
      "geometry": {
        "type": "Point",
        "coordinates": [
          -1.3545369,
          43.9538378
        ]
      },
      "properties": {
        "id": 4381916067,
        "osm_type": "node",
        "access": "customers"
      }
    },
    {
      "type": "Feature",
      "geometry": {
        "type": "Point",
        "coordinates": [
          -1.3544685,
          43.9546285
        ]
      },
      "properties": {
        "id": 4381916068,
        "osm_type": "node",
        "access": "customers"
      }
    },
    {
      "type": "Feature",
      "geometry": {
        "type": "Point",
        "coordinates": [
          -1.3545288,
          43.9543437
        ]
      },
      "properties": {
        "id": 4381916069,
        "osm_type": "node",
        "access": "customers"
      }
    },
    {
      "type": "Feature",
      "geometry": {
        "type": "Point",
        "coordinates": [
          -1.35462,
          43.9541207
        ]
      },
      "properties": {
        "id": 4381916070,
        "osm_type": "node",
        "access": "customers"
      }
    },
    {
      "type": "Feature",
      "geometry": {
        "type": "Point",
        "coordinates": [
          -1.358852,
          43.9559108
        ]
      },
      "properties": {
        "id": 4381916071,
        "osm_type": "node",
        "access": "customers"
      }
    },
    {
      "type": "Feature",
      "geometry": {
        "type": "Point",
        "coordinates": [
          0.2138611,
          45.1289345
        ]
      },
      "properties": {
        "id": 4382375365,
        "osm_type": "node"
      }
    },
    {
      "type": "Feature",
      "geometry": {
        "type": "Point",
        "coordinates": [
          -0.4393048,
          44.8507264
        ]
      },
      "properties": {
        "id": 4383039692,
        "osm_type": "node"
      }
    },
    {
      "type": "Feature",
      "geometry": {
        "type": "Point",
        "coordinates": [
          -1.2016046,
          44.5983438
        ]
      },
      "properties": {
        "id": 4394604405,
        "osm_type": "node"
      }
    },
    {
      "type": "Feature",
      "geometry": {
        "type": "Point",
        "coordinates": [
          1.1058337,
          46.0693721
        ]
      },
      "properties": {
        "id": 4399676342,
        "osm_type": "node"
      }
    },
    {
      "type": "Feature",
      "geometry": {
        "type": "Point",
        "coordinates": [
          -0.6664813,
          42.8826054
        ]
      },
      "properties": {
        "id": 4401220277,
        "osm_type": "node"
      }
    },
    {
      "type": "Feature",
      "geometry": {
        "type": "Point",
        "coordinates": [
          -0.8301103,
          44.9363138
        ]
      },
      "properties": {
        "id": 4422284422,
        "osm_type": "node"
      }
    },
    {
      "type": "Feature",
      "geometry": {
        "type": "Point",
        "coordinates": [
          -0.7253813,
          44.8924234
        ]
      },
      "properties": {
        "id": 4425278989,
        "osm_type": "node",
        "access": "yes",
        "fee": "no"
      }
    },
    {
      "type": "Feature",
      "geometry": {
        "type": "Point",
        "coordinates": [
          0.4960695,
          44.3988333
        ]
      },
      "properties": {
        "id": 4432216220,
        "osm_type": "node"
      }
    },
    {
      "type": "Feature",
      "geometry": {
        "type": "Point",
        "coordinates": [
          0.4975813,
          44.4007959
        ]
      },
      "properties": {
        "id": 4432216221,
        "osm_type": "node"
      }
    },
    {
      "type": "Feature",
      "geometry": {
        "type": "Point",
        "coordinates": [
          0.5316661,
          46.9425863
        ]
      },
      "properties": {
        "id": 4441965511,
        "osm_type": "node"
      }
    },
    {
      "type": "Feature",
      "geometry": {
        "type": "Point",
        "coordinates": [
          -0.562815,
          44.8223692
        ]
      },
      "properties": {
        "id": 4465920254,
        "osm_type": "node"
      }
    },
    {
      "type": "Feature",
      "geometry": {
        "type": "Point",
        "coordinates": [
          -0.6083437,
          44.8365072
        ]
      },
      "properties": {
        "id": 4471161293,
        "osm_type": "node"
      }
    },
    {
      "type": "Feature",
      "geometry": {
        "type": "Point",
        "coordinates": [
          -0.5569746,
          44.8434145
        ]
      },
      "properties": {
        "id": 4484387117,
        "osm_type": "node"
      }
    },
    {
      "type": "Feature",
      "geometry": {
        "type": "Point",
        "coordinates": [
          0.6511029,
          46.5679866
        ]
      },
      "properties": {
        "id": 4510768792,
        "osm_type": "node"
      }
    },
    {
      "type": "Feature",
      "geometry": {
        "type": "Point",
        "coordinates": [
          0.6882832,
          44.3854841
        ]
      },
      "properties": {
        "id": 4525000989,
        "osm_type": "node"
      }
    },
    {
      "type": "Feature",
      "geometry": {
        "type": "Point",
        "coordinates": [
          -1.2382759,
          43.1603249
        ]
      },
      "properties": {
        "id": 4530847127,
        "osm_type": "node",
        "access": "yes",
        "fee": "no"
      }
    },
    {
      "type": "Feature",
      "geometry": {
        "type": "Point",
        "coordinates": [
          -0.2107434,
          44.4316317
        ]
      },
      "properties": {
        "id": 4536598163,
        "osm_type": "node",
        "name": "Borne fontaine Bayard"
      }
    },
    {
      "type": "Feature",
      "geometry": {
        "type": "Point",
        "coordinates": [
          -0.2966628,
          44.5356254
        ]
      },
      "properties": {
        "id": 4557629479,
        "osm_type": "node"
      }
    },
    {
      "type": "Feature",
      "geometry": {
        "type": "Point",
        "coordinates": [
          -1.6599472,
          43.3929898
        ]
      },
      "properties": {
        "id": 4579680992,
        "osm_type": "node",
        "access": "yes",
        "fee": "no"
      }
    },
    {
      "type": "Feature",
      "geometry": {
        "type": "Point",
        "coordinates": [
          0.7211721,
          45.1841357
        ]
      },
      "properties": {
        "id": 4599568247,
        "osm_type": "node"
      }
    },
    {
      "type": "Feature",
      "geometry": {
        "type": "Point",
        "coordinates": [
          -1.2498863,
          43.3533235
        ]
      },
      "properties": {
        "id": 4606193957,
        "osm_type": "node"
      }
    },
    {
      "type": "Feature",
      "geometry": {
        "type": "Point",
        "coordinates": [
          0.4940806,
          44.8706891
        ]
      },
      "properties": {
        "id": 4641777507,
        "osm_type": "node",
        "fee": "no"
      }
    },
    {
      "type": "Feature",
      "geometry": {
        "type": "Point",
        "coordinates": [
          0.5089128,
          44.2879887
        ]
      },
      "properties": {
        "id": 4692419449,
        "osm_type": "node"
      }
    },
    {
      "type": "Feature",
      "geometry": {
        "type": "Point",
        "coordinates": [
          -1.2267162,
          44.2155891
        ]
      },
      "properties": {
        "id": 4698784135,
        "osm_type": "node"
      }
    },
    {
      "type": "Feature",
      "geometry": {
        "type": "Point",
        "coordinates": [
          -1.2270722,
          44.2150308
        ]
      },
      "properties": {
        "id": 4698784136,
        "osm_type": "node"
      }
    },
    {
      "type": "Feature",
      "geometry": {
        "type": "Point",
        "coordinates": [
          0.306813,
          44.2563022
        ]
      },
      "properties": {
        "id": 4699567178,
        "osm_type": "node",
        "fee": "yes"
      }
    },
    {
      "type": "Feature",
      "geometry": {
        "type": "Point",
        "coordinates": [
          -0.6476004,
          44.816025
        ]
      },
      "properties": {
        "id": 4729229224,
        "osm_type": "node"
      }
    },
    {
      "type": "Feature",
      "geometry": {
        "type": "Point",
        "coordinates": [
          -0.5671834,
          44.8524446
        ]
      },
      "properties": {
        "id": 4729366267,
        "osm_type": "node"
      }
    },
    {
      "type": "Feature",
      "geometry": {
        "type": "Point",
        "coordinates": [
          -0.6083311,
          44.7668185
        ]
      },
      "properties": {
        "id": 4729438218,
        "osm_type": "node"
      }
    },
    {
      "type": "Feature",
      "geometry": {
        "type": "Point",
        "coordinates": [
          -0.5599155,
          44.8517298
        ]
      },
      "properties": {
        "id": 4729521187,
        "osm_type": "node"
      }
    },
    {
      "type": "Feature",
      "geometry": {
        "type": "Point",
        "coordinates": [
          -0.6196431,
          44.8711339
        ]
      },
      "properties": {
        "id": 4735120759,
        "osm_type": "node",
        "access": "yes"
      }
    },
    {
      "type": "Feature",
      "geometry": {
        "type": "Point",
        "coordinates": [
          -0.2139292,
          44.4315579
        ]
      },
      "properties": {
        "id": 4742097536,
        "osm_type": "node"
      }
    },
    {
      "type": "Feature",
      "geometry": {
        "type": "Point",
        "coordinates": [
          0.0256923,
          44.8542056
        ]
      },
      "properties": {
        "id": 4771224167,
        "osm_type": "node"
      }
    },
    {
      "type": "Feature",
      "geometry": {
        "type": "Point",
        "coordinates": [
          0.5317158,
          45.5979206
        ]
      },
      "properties": {
        "id": 4781285222,
        "osm_type": "node"
      }
    },
    {
      "type": "Feature",
      "geometry": {
        "type": "Point",
        "coordinates": [
          -0.6310363,
          44.8058988
        ]
      },
      "properties": {
        "id": 4804749122,
        "osm_type": "node"
      }
    },
    {
      "type": "Feature",
      "geometry": {
        "type": "Point",
        "coordinates": [
          -0.6475217,
          44.8424551
        ]
      },
      "properties": {
        "id": 4804760821,
        "osm_type": "node"
      }
    },
    {
      "type": "Feature",
      "geometry": {
        "type": "Point",
        "coordinates": [
          -1.4676592,
          43.4931947
        ]
      },
      "properties": {
        "id": 4807230550,
        "osm_type": "node",
        "access": "yes",
        "fee": "no"
      }
    },
    {
      "type": "Feature",
      "geometry": {
        "type": "Point",
        "coordinates": [
          -0.6402167,
          44.4924788
        ]
      },
      "properties": {
        "id": 4819186151,
        "osm_type": "node",
        "name": "Fontaine d'Hostens"
      }
    },
    {
      "type": "Feature",
      "geometry": {
        "type": "Point",
        "coordinates": [
          1.0251694,
          45.9352988
        ]
      },
      "properties": {
        "id": 4851841322,
        "osm_type": "node"
      }
    },
    {
      "type": "Feature",
      "geometry": {
        "type": "Point",
        "coordinates": [
          0.6221949,
          44.1905064
        ]
      },
      "properties": {
        "id": 4875869126,
        "osm_type": "node",
        "access": "permissive",
        "indoor": "no"
      }
    },
    {
      "type": "Feature",
      "geometry": {
        "type": "Point",
        "coordinates": [
          0.3476847,
          46.5878619
        ]
      },
      "properties": {
        "id": 4880218922,
        "osm_type": "node"
      }
    },
    {
      "type": "Feature",
      "geometry": {
        "type": "Point",
        "coordinates": [
          -0.3465967,
          46.0198183
        ]
      },
      "properties": {
        "id": 4899574363,
        "osm_type": "node"
      }
    },
    {
      "type": "Feature",
      "geometry": {
        "type": "Point",
        "coordinates": [
          -1.5663472,
          43.4751021
        ]
      },
      "properties": {
        "id": 4908697721,
        "osm_type": "node"
      }
    },
    {
      "type": "Feature",
      "geometry": {
        "type": "Point",
        "coordinates": [
          0.6015075,
          44.2072123
        ]
      },
      "properties": {
        "id": 4912729042,
        "osm_type": "node",
        "access": "yes",
        "fee": "no"
      }
    },
    {
      "type": "Feature",
      "geometry": {
        "type": "Point",
        "coordinates": [
          -0.0876947,
          44.6903877
        ]
      },
      "properties": {
        "id": 4922020420,
        "osm_type": "node",
        "access": "yes",
        "fee": "no"
      }
    },
    {
      "type": "Feature",
      "geometry": {
        "type": "Point",
        "coordinates": [
          0.3469262,
          44.3248035
        ]
      },
      "properties": {
        "id": 4923959292,
        "osm_type": "node"
      }
    },
    {
      "type": "Feature",
      "geometry": {
        "type": "Point",
        "coordinates": [
          -1.4530976,
          43.3941158
        ]
      },
      "properties": {
        "id": 4933376890,
        "osm_type": "node"
      }
    },
    {
      "type": "Feature",
      "geometry": {
        "type": "Point",
        "coordinates": [
          -0.1371393,
          46.8238437
        ]
      },
      "properties": {
        "id": 4934093060,
        "osm_type": "node"
      }
    },
    {
      "type": "Feature",
      "geometry": {
        "type": "Point",
        "coordinates": [
          0.5242359,
          44.2710639
        ]
      },
      "properties": {
        "id": 4935144505,
        "osm_type": "node"
      }
    },
    {
      "type": "Feature",
      "geometry": {
        "type": "Point",
        "coordinates": [
          0.7954238,
          44.1868169
        ]
      },
      "properties": {
        "id": 4935148631,
        "osm_type": "node"
      }
    },
    {
      "type": "Feature",
      "geometry": {
        "type": "Point",
        "coordinates": [
          -1.2323482,
          43.1610804
        ]
      },
      "properties": {
        "id": 4947440777,
        "osm_type": "node"
      }
    },
    {
      "type": "Feature",
      "geometry": {
        "type": "Point",
        "coordinates": [
          -0.6497349,
          44.4972599
        ]
      },
      "properties": {
        "id": 4952237846,
        "osm_type": "node"
      }
    },
    {
      "type": "Feature",
      "geometry": {
        "type": "Point",
        "coordinates": [
          0.6263104,
          44.2099167
        ]
      },
      "properties": {
        "id": 4960042121,
        "osm_type": "node"
      }
    },
    {
      "type": "Feature",
      "geometry": {
        "type": "Point",
        "coordinates": [
          0.621851,
          44.2002227
        ]
      },
      "properties": {
        "id": 4960439523,
        "osm_type": "node"
      }
    },
    {
      "type": "Feature",
      "geometry": {
        "type": "Point",
        "coordinates": [
          -0.6427058,
          44.7976089
        ]
      },
      "properties": {
        "id": 4971066468,
        "osm_type": "node"
      }
    },
    {
      "type": "Feature",
      "geometry": {
        "type": "Point",
        "coordinates": [
          -0.6101061,
          42.9914171
        ]
      },
      "properties": {
        "id": 4973648135,
        "osm_type": "node"
      }
    },
    {
      "type": "Feature",
      "geometry": {
        "type": "Point",
        "coordinates": [
          -0.4271804,
          42.8353981
        ]
      },
      "properties": {
        "id": 4976995769,
        "osm_type": "node",
        "access": "yes",
        "fee": "no"
      }
    },
    {
      "type": "Feature",
      "geometry": {
        "type": "Point",
        "coordinates": [
          -1.0845399,
          43.1808481
        ]
      },
      "properties": {
        "id": 4984725627,
        "osm_type": "node"
      }
    },
    {
      "type": "Feature",
      "geometry": {
        "type": "Point",
        "coordinates": [
          -0.6292848,
          44.7495505
        ]
      },
      "properties": {
        "id": 4988404931,
        "osm_type": "node"
      }
    },
    {
      "type": "Feature",
      "geometry": {
        "type": "Point",
        "coordinates": [
          -0.6290792,
          44.7494286
        ]
      },
      "properties": {
        "id": 4988404932,
        "osm_type": "node"
      }
    },
    {
      "type": "Feature",
      "geometry": {
        "type": "Point",
        "coordinates": [
          -0.6287979,
          44.7494237
        ]
      },
      "properties": {
        "id": 4988404933,
        "osm_type": "node"
      }
    },
    {
      "type": "Feature",
      "geometry": {
        "type": "Point",
        "coordinates": [
          -0.6285455,
          44.7495167
        ]
      },
      "properties": {
        "id": 4988404934,
        "osm_type": "node"
      }
    },
    {
      "type": "Feature",
      "geometry": {
        "type": "Point",
        "coordinates": [
          -0.6283587,
          44.7495208
        ]
      },
      "properties": {
        "id": 4988404935,
        "osm_type": "node"
      }
    },
    {
      "type": "Feature",
      "geometry": {
        "type": "Point",
        "coordinates": [
          -0.6281662,
          44.7494808
        ]
      },
      "properties": {
        "id": 4988404936,
        "osm_type": "node"
      }
    },
    {
      "type": "Feature",
      "geometry": {
        "type": "Point",
        "coordinates": [
          -0.627946,
          44.7493286
        ]
      },
      "properties": {
        "id": 4988404937,
        "osm_type": "node"
      }
    },
    {
      "type": "Feature",
      "geometry": {
        "type": "Point",
        "coordinates": [
          -0.6276958,
          44.7492796
        ]
      },
      "properties": {
        "id": 4988404938,
        "osm_type": "node"
      }
    },
    {
      "type": "Feature",
      "geometry": {
        "type": "Point",
        "coordinates": [
          -0.627397,
          44.7493475
        ]
      },
      "properties": {
        "id": 4988404939,
        "osm_type": "node"
      }
    },
    {
      "type": "Feature",
      "geometry": {
        "type": "Point",
        "coordinates": [
          0.7941833,
          44.2464706
        ]
      },
      "properties": {
        "id": 4990184390,
        "osm_type": "node"
      }
    },
    {
      "type": "Feature",
      "geometry": {
        "type": "Point",
        "coordinates": [
          0.7710725,
          44.5345777
        ]
      },
      "properties": {
        "id": 4992949271,
        "osm_type": "node"
      }
    },
    {
      "type": "Feature",
      "geometry": {
        "type": "Point",
        "coordinates": [
          0.9517073,
          44.5474661
        ]
      },
      "properties": {
        "id": 4995233804,
        "osm_type": "node"
      }
    },
    {
      "type": "Feature",
      "geometry": {
        "type": "Point",
        "coordinates": [
          0.9523143,
          44.5483716
        ]
      },
      "properties": {
        "id": 4995235456,
        "osm_type": "node"
      }
    },
    {
      "type": "Feature",
      "geometry": {
        "type": "Point",
        "coordinates": [
          0.8942176,
          44.6802576
        ]
      },
      "properties": {
        "id": 5003334909,
        "osm_type": "node"
      }
    },
    {
      "type": "Feature",
      "geometry": {
        "type": "Point",
        "coordinates": [
          0.7201476,
          45.1845414
        ]
      },
      "properties": {
        "id": 5005057522,
        "osm_type": "node"
      }
    },
    {
      "type": "Feature",
      "geometry": {
        "type": "Point",
        "coordinates": [
          0.7491587,
          45.1855068
        ]
      },
      "properties": {
        "id": 5005057525,
        "osm_type": "node"
      }
    },
    {
      "type": "Feature",
      "geometry": {
        "type": "Point",
        "coordinates": [
          0.7212137,
          45.184379
        ]
      },
      "properties": {
        "id": 5005068421,
        "osm_type": "node"
      }
    },
    {
      "type": "Feature",
      "geometry": {
        "type": "Point",
        "coordinates": [
          -0.3414291,
          43.4158441
        ]
      },
      "properties": {
        "id": 5005282727,
        "osm_type": "node"
      }
    },
    {
      "type": "Feature",
      "geometry": {
        "type": "Point",
        "coordinates": [
          -0.2635753,
          43.3426114
        ]
      },
      "properties": {
        "id": 5007586121,
        "osm_type": "node"
      }
    },
    {
      "type": "Feature",
      "geometry": {
        "type": "Point",
        "coordinates": [
          0.8154598,
          44.3894019
        ]
      },
      "properties": {
        "id": 5014919424,
        "osm_type": "node"
      }
    },
    {
      "type": "Feature",
      "geometry": {
        "type": "Point",
        "coordinates": [
          0.8155526,
          44.3894579
        ]
      },
      "properties": {
        "id": 5014920722,
        "osm_type": "node"
      }
    },
    {
      "type": "Feature",
      "geometry": {
        "type": "Point",
        "coordinates": [
          -0.5951652,
          42.9851281
        ]
      },
      "properties": {
        "id": 5016328108,
        "osm_type": "node"
      }
    },
    {
      "type": "Feature",
      "geometry": {
        "type": "Point",
        "coordinates": [
          -0.5937238,
          42.9807998
        ]
      },
      "properties": {
        "id": 5016341331,
        "osm_type": "node"
      }
    },
    {
      "type": "Feature",
      "geometry": {
        "type": "Point",
        "coordinates": [
          2.2560508,
          45.573282
        ]
      },
      "properties": {
        "id": 5017808720,
        "osm_type": "node",
        "name": "Four communal"
      }
    },
    {
      "type": "Feature",
      "geometry": {
        "type": "Point",
        "coordinates": [
          0.7206716,
          45.1800514
        ]
      },
      "properties": {
        "id": 5025713349,
        "osm_type": "node"
      }
    },
    {
      "type": "Feature",
      "geometry": {
        "type": "Point",
        "coordinates": [
          0.1456967,
          46.0203407
        ]
      },
      "properties": {
        "id": 5026708924,
        "osm_type": "node"
      }
    },
    {
      "type": "Feature",
      "geometry": {
        "type": "Point",
        "coordinates": [
          1.0398144,
          45.035505
        ]
      },
      "properties": {
        "id": 5032508175,
        "osm_type": "node"
      }
    },
    {
      "type": "Feature",
      "geometry": {
        "type": "Point",
        "coordinates": [
          -0.6183434,
          42.9849246
        ]
      },
      "properties": {
        "id": 5033202250,
        "osm_type": "node"
      }
    },
    {
      "type": "Feature",
      "geometry": {
        "type": "Point",
        "coordinates": [
          -0.0886341,
          44.5550088
        ]
      },
      "properties": {
        "id": 5038715817,
        "osm_type": "node"
      }
    },
    {
      "type": "Feature",
      "geometry": {
        "type": "Point",
        "coordinates": [
          0.5885377,
          44.2614121
        ]
      },
      "properties": {
        "id": 5039772933,
        "osm_type": "node"
      }
    },
    {
      "type": "Feature",
      "geometry": {
        "type": "Point",
        "coordinates": [
          -1.3403293,
          43.1789234
        ]
      },
      "properties": {
        "id": 5041203935,
        "osm_type": "node"
      }
    },
    {
      "type": "Feature",
      "geometry": {
        "type": "Point",
        "coordinates": [
          -0.7166155,
          42.8978338
        ]
      },
      "properties": {
        "id": 5042532293,
        "osm_type": "node"
      }
    },
    {
      "type": "Feature",
      "geometry": {
        "type": "Point",
        "coordinates": [
          1.3125338,
          45.7326234
        ]
      },
      "properties": {
        "id": 5043069671,
        "osm_type": "node",
        "access": "yes",
        "fee": "no"
      }
    },
    {
      "type": "Feature",
      "geometry": {
        "type": "Point",
        "coordinates": [
          -1.1289404,
          43.0184202
        ]
      },
      "properties": {
        "id": 5044763296,
        "osm_type": "node"
      }
    },
    {
      "type": "Feature",
      "geometry": {
        "type": "Point",
        "coordinates": [
          -1.2446928,
          45.9375515
        ]
      },
      "properties": {
        "id": 5044874408,
        "osm_type": "node"
      }
    },
    {
      "type": "Feature",
      "geometry": {
        "type": "Point",
        "coordinates": [
          -1.2446558,
          45.9375648
        ]
      },
      "properties": {
        "id": 5045302922,
        "osm_type": "node"
      }
    },
    {
      "type": "Feature",
      "geometry": {
        "type": "Point",
        "coordinates": [
          -0.5905131,
          44.8075133
        ]
      },
      "properties": {
        "id": 5046260569,
        "osm_type": "node"
      }
    },
    {
      "type": "Feature",
      "geometry": {
        "type": "Point",
        "coordinates": [
          -0.5754876,
          44.4524274
        ]
      },
      "properties": {
        "id": 5046814174,
        "osm_type": "node"
      }
    },
    {
      "type": "Feature",
      "geometry": {
        "type": "Point",
        "coordinates": [
          -1.3362517,
          45.9746639
        ]
      },
      "properties": {
        "id": 5047646323,
        "osm_type": "node"
      }
    },
    {
      "type": "Feature",
      "geometry": {
        "type": "Point",
        "coordinates": [
          0.9984818,
          44.4035109
        ]
      },
      "properties": {
        "id": 5049684803,
        "osm_type": "node"
      }
    },
    {
      "type": "Feature",
      "geometry": {
        "type": "Point",
        "coordinates": [
          -1.1811174,
          46.1537238
        ]
      },
      "properties": {
        "id": 5066005133,
        "osm_type": "node",
        "name": "Promenade du Littoral",
        "access": "yes",
        "fee": "no",
        "indoor": "no"
      }
    },
    {
      "type": "Feature",
      "geometry": {
        "type": "Point",
        "coordinates": [
          -0.2430838,
          44.5556639
        ]
      },
      "properties": {
        "id": 5066904447,
        "osm_type": "node"
      }
    },
    {
      "type": "Feature",
      "geometry": {
        "type": "Point",
        "coordinates": [
          -0.243214,
          44.5562383
        ]
      },
      "properties": {
        "id": 5066904448,
        "osm_type": "node"
      }
    },
    {
      "type": "Feature",
      "geometry": {
        "type": "Point",
        "coordinates": [
          -0.3200572,
          44.6372487
        ]
      },
      "properties": {
        "id": 5069077526,
        "osm_type": "node"
      }
    },
    {
      "type": "Feature",
      "geometry": {
        "type": "Point",
        "coordinates": [
          -1.4161732,
          43.0696288
        ]
      },
      "properties": {
        "id": 5070856710,
        "osm_type": "node"
      }
    },
    {
      "type": "Feature",
      "geometry": {
        "type": "Point",
        "coordinates": [
          -0.5830922,
          44.8154339
        ]
      },
      "properties": {
        "id": 5071479302,
        "osm_type": "node"
      }
    },
    {
      "type": "Feature",
      "geometry": {
        "type": "Point",
        "coordinates": [
          -0.5819963,
          44.8133251
        ]
      },
      "properties": {
        "id": 5071479307,
        "osm_type": "node"
      }
    },
    {
      "type": "Feature",
      "geometry": {
        "type": "Point",
        "coordinates": [
          -0.5820109,
          44.8120886
        ]
      },
      "properties": {
        "id": 5071479311,
        "osm_type": "node"
      }
    },
    {
      "type": "Feature",
      "geometry": {
        "type": "Point",
        "coordinates": [
          -1.1480829,
          44.8735612
        ]
      },
      "properties": {
        "id": 5077154664,
        "osm_type": "node"
      }
    },
    {
      "type": "Feature",
      "geometry": {
        "type": "Point",
        "coordinates": [
          -0.1566976,
          44.8944362
        ]
      },
      "properties": {
        "id": 5088533921,
        "osm_type": "node"
      }
    },
    {
      "type": "Feature",
      "geometry": {
        "type": "Point",
        "coordinates": [
          -0.3491385,
          44.7763677
        ]
      },
      "properties": {
        "id": 5088944521,
        "osm_type": "node"
      }
    },
    {
      "type": "Feature",
      "geometry": {
        "type": "Point",
        "coordinates": [
          0.5797086,
          44.7379634
        ]
      },
      "properties": {
        "id": 5092290954,
        "osm_type": "node"
      }
    },
    {
      "type": "Feature",
      "geometry": {
        "type": "Point",
        "coordinates": [
          -1.1738204,
          44.6581033
        ]
      },
      "properties": {
        "id": 5099240846,
        "osm_type": "node"
      }
    },
    {
      "type": "Feature",
      "geometry": {
        "type": "Point",
        "coordinates": [
          -1.1465095,
          44.6552195
        ]
      },
      "properties": {
        "id": 5099240850,
        "osm_type": "node"
      }
    },
    {
      "type": "Feature",
      "geometry": {
        "type": "Point",
        "coordinates": [
          0.4264132,
          44.0638839
        ]
      },
      "properties": {
        "id": 5100483885,
        "osm_type": "node"
      }
    },
    {
      "type": "Feature",
      "geometry": {
        "type": "Point",
        "coordinates": [
          -0.4288678,
          43.1041838
        ]
      },
      "properties": {
        "id": 5101444865,
        "osm_type": "node"
      }
    },
    {
      "type": "Feature",
      "geometry": {
        "type": "Point",
        "coordinates": [
          -1.4465958,
          43.5610515
        ]
      },
      "properties": {
        "id": 5117564021,
        "osm_type": "node",
        "access": "yes",
        "fee": "no",
        "operator": "mairie de Ondres"
      }
    },
    {
      "type": "Feature",
      "geometry": {
        "type": "Point",
        "coordinates": [
          0.0637078,
          44.8552666
        ]
      },
      "properties": {
        "id": 5120023355,
        "osm_type": "node"
      }
    },
    {
      "type": "Feature",
      "geometry": {
        "type": "Point",
        "coordinates": [
          -0.5739924,
          44.852203
        ]
      },
      "properties": {
        "id": 5126734002,
        "osm_type": "node"
      }
    },
    {
      "type": "Feature",
      "geometry": {
        "type": "Point",
        "coordinates": [
          -0.642221,
          44.7993189
        ]
      },
      "properties": {
        "id": 5126978349,
        "osm_type": "node"
      }
    },
    {
      "type": "Feature",
      "geometry": {
        "type": "Point",
        "coordinates": [
          -1.6635241,
          43.3895497
        ]
      },
      "properties": {
        "id": 5128791009,
        "osm_type": "node"
      }
    },
    {
      "type": "Feature",
      "geometry": {
        "type": "Point",
        "coordinates": [
          -1.6638245,
          43.3893967
        ]
      },
      "properties": {
        "id": 5128791011,
        "osm_type": "node",
        "access": "yes",
        "fee": "no"
      }
    },
    {
      "type": "Feature",
      "geometry": {
        "type": "Point",
        "coordinates": [
          -1.6645192,
          43.3890381
        ]
      },
      "properties": {
        "id": 5128791013,
        "osm_type": "node",
        "access": "yes",
        "fee": "no"
      }
    },
    {
      "type": "Feature",
      "geometry": {
        "type": "Point",
        "coordinates": [
          -1.6655425,
          43.3885128
        ]
      },
      "properties": {
        "id": 5128791015,
        "osm_type": "node",
        "access": "yes",
        "fee": "no"
      }
    },
    {
      "type": "Feature",
      "geometry": {
        "type": "Point",
        "coordinates": [
          -1.6685835,
          43.3875762
        ]
      },
      "properties": {
        "id": 5128791018,
        "osm_type": "node",
        "access": "yes",
        "fee": "no"
      }
    },
    {
      "type": "Feature",
      "geometry": {
        "type": "Point",
        "coordinates": [
          -0.8025997,
          44.6729965
        ]
      },
      "properties": {
        "id": 5128867848,
        "osm_type": "node"
      }
    },
    {
      "type": "Feature",
      "geometry": {
        "type": "Point",
        "coordinates": [
          1.1834389,
          44.8246265
        ]
      },
      "properties": {
        "id": 5138175631,
        "osm_type": "node",
        "fee": "no"
      }
    },
    {
      "type": "Feature",
      "geometry": {
        "type": "Point",
        "coordinates": [
          -0.6261681,
          44.8126163
        ]
      },
      "properties": {
        "id": 5141784331,
        "osm_type": "node"
      }
    },
    {
      "type": "Feature",
      "geometry": {
        "type": "Point",
        "coordinates": [
          -0.6255924,
          44.812912
        ]
      },
      "properties": {
        "id": 5141784332,
        "osm_type": "node"
      }
    },
    {
      "type": "Feature",
      "geometry": {
        "type": "Point",
        "coordinates": [
          -0.6254987,
          44.8132422
        ]
      },
      "properties": {
        "id": 5141784333,
        "osm_type": "node"
      }
    },
    {
      "type": "Feature",
      "geometry": {
        "type": "Point",
        "coordinates": [
          -0.6259848,
          44.8132351
        ]
      },
      "properties": {
        "id": 5141784334,
        "osm_type": "node"
      }
    },
    {
      "type": "Feature",
      "geometry": {
        "type": "Point",
        "coordinates": [
          -0.6264388,
          44.8133469
        ]
      },
      "properties": {
        "id": 5141784335,
        "osm_type": "node"
      }
    },
    {
      "type": "Feature",
      "geometry": {
        "type": "Point",
        "coordinates": [
          -0.6271264,
          44.813311
        ]
      },
      "properties": {
        "id": 5141784336,
        "osm_type": "node"
      }
    },
    {
      "type": "Feature",
      "geometry": {
        "type": "Point",
        "coordinates": [
          -0.6274949,
          44.8127722
        ]
      },
      "properties": {
        "id": 5141784337,
        "osm_type": "node"
      }
    },
    {
      "type": "Feature",
      "geometry": {
        "type": "Point",
        "coordinates": [
          -0.626942,
          44.8122915
        ]
      },
      "properties": {
        "id": 5141784338,
        "osm_type": "node"
      }
    },
    {
      "type": "Feature",
      "geometry": {
        "type": "Point",
        "coordinates": [
          -0.6267085,
          44.8118359
        ]
      },
      "properties": {
        "id": 5141784339,
        "osm_type": "node"
      }
    },
    {
      "type": "Feature",
      "geometry": {
        "type": "Point",
        "coordinates": [
          -0.6258978,
          44.8120957
        ]
      },
      "properties": {
        "id": 5141784342,
        "osm_type": "node"
      }
    },
    {
      "type": "Feature",
      "geometry": {
        "type": "Point",
        "coordinates": [
          -0.6264799,
          44.8112775
        ]
      },
      "properties": {
        "id": 5141784345,
        "osm_type": "node"
      }
    },
    {
      "type": "Feature",
      "geometry": {
        "type": "Point",
        "coordinates": [
          -0.6272389,
          44.8111933
        ]
      },
      "properties": {
        "id": 5141784347,
        "osm_type": "node"
      }
    },
    {
      "type": "Feature",
      "geometry": {
        "type": "Point",
        "coordinates": [
          -0.6254797,
          44.8110346
        ]
      },
      "properties": {
        "id": 5141784349,
        "osm_type": "node"
      }
    },
    {
      "type": "Feature",
      "geometry": {
        "type": "Point",
        "coordinates": [
          -0.6259096,
          44.8109514
        ]
      },
      "properties": {
        "id": 5141784350,
        "osm_type": "node"
      }
    },
    {
      "type": "Feature",
      "geometry": {
        "type": "Point",
        "coordinates": [
          -0.6264178,
          44.8108355
        ]
      },
      "properties": {
        "id": 5141784351,
        "osm_type": "node"
      }
    },
    {
      "type": "Feature",
      "geometry": {
        "type": "Point",
        "coordinates": [
          -0.6313164,
          44.8124184
        ]
      },
      "properties": {
        "id": 5141796120,
        "osm_type": "node"
      }
    },
    {
      "type": "Feature",
      "geometry": {
        "type": "Point",
        "coordinates": [
          -0.3059417,
          43.6449704
        ]
      },
      "properties": {
        "id": 5144599018,
        "osm_type": "node"
      }
    },
    {
      "type": "Feature",
      "geometry": {
        "type": "Point",
        "coordinates": [
          0.4549633,
          44.8178125
        ]
      },
      "properties": {
        "id": 5152046220,
        "osm_type": "node"
      }
    },
    {
      "type": "Feature",
      "geometry": {
        "type": "Point",
        "coordinates": [
          -0.4439165,
          43.511774
        ]
      },
      "properties": {
        "id": 5156780789,
        "osm_type": "node"
      }
    },
    {
      "type": "Feature",
      "geometry": {
        "type": "Point",
        "coordinates": [
          -0.7078352,
          43.3949452
        ]
      },
      "properties": {
        "id": 5156785396,
        "osm_type": "node"
      }
    },
    {
      "type": "Feature",
      "geometry": {
        "type": "Point",
        "coordinates": [
          -1.0123536,
          43.2923804
        ]
      },
      "properties": {
        "id": 5156786184,
        "osm_type": "node"
      }
    },
    {
      "type": "Feature",
      "geometry": {
        "type": "Point",
        "coordinates": [
          -0.6818024,
          43.4556763
        ]
      },
      "properties": {
        "id": 5156786862,
        "osm_type": "node"
      }
    },
    {
      "type": "Feature",
      "geometry": {
        "type": "Point",
        "coordinates": [
          -0.5620115,
          44.8302373
        ]
      },
      "properties": {
        "id": 5178274680,
        "osm_type": "node",
        "access": "restricted"
      }
    },
    {
      "type": "Feature",
      "geometry": {
        "type": "Point",
        "coordinates": [
          -0.6557534,
          44.7609828
        ]
      },
      "properties": {
        "id": 5196671821,
        "osm_type": "node"
      }
    },
    {
      "type": "Feature",
      "geometry": {
        "type": "Point",
        "coordinates": [
          0.6597906,
          44.3594824
        ]
      },
      "properties": {
        "id": 5211049032,
        "osm_type": "node"
      }
    },
    {
      "type": "Feature",
      "geometry": {
        "type": "Point",
        "coordinates": [
          -0.8866858,
          43.2232347
        ]
      },
      "properties": {
        "id": 5211692390,
        "osm_type": "node"
      }
    },
    {
      "type": "Feature",
      "geometry": {
        "type": "Point",
        "coordinates": [
          -0.6448938,
          44.8715386
        ]
      },
      "properties": {
        "id": 5232469220,
        "osm_type": "node"
      }
    },
    {
      "type": "Feature",
      "geometry": {
        "type": "Point",
        "coordinates": [
          -0.6451995,
          44.871884
        ]
      },
      "properties": {
        "id": 5232469221,
        "osm_type": "node"
      }
    },
    {
      "type": "Feature",
      "geometry": {
        "type": "Point",
        "coordinates": [
          -0.6450808,
          44.8717094
        ]
      },
      "properties": {
        "id": 5232469222,
        "osm_type": "node"
      }
    },
    {
      "type": "Feature",
      "geometry": {
        "type": "Point",
        "coordinates": [
          -0.2162596,
          44.4325797
        ]
      },
      "properties": {
        "id": 5236715916,
        "osm_type": "node",
        "name": "Borne fontaine Bayard"
      }
    },
    {
      "type": "Feature",
      "geometry": {
        "type": "Point",
        "coordinates": [
          1.2144603,
          44.8030862
        ]
      },
      "properties": {
        "id": 5312421729,
        "osm_type": "node"
      }
    },
    {
      "type": "Feature",
      "geometry": {
        "type": "Point",
        "coordinates": [
          0.8818124,
          44.58995
        ]
      },
      "properties": {
        "id": 5318510562,
        "osm_type": "node"
      }
    },
    {
      "type": "Feature",
      "geometry": {
        "type": "Point",
        "coordinates": [
          0.8885501,
          44.5598868
        ]
      },
      "properties": {
        "id": 5318510565,
        "osm_type": "node"
      }
    },
    {
      "type": "Feature",
      "geometry": {
        "type": "Point",
        "coordinates": [
          1.3047153,
          45.1270216
        ]
      },
      "properties": {
        "id": 5320014224,
        "osm_type": "node",
        "access": "yes",
        "fee": "no"
      }
    },
    {
      "type": "Feature",
      "geometry": {
        "type": "Point",
        "coordinates": [
          -1.0606186,
          43.3395801
        ]
      },
      "properties": {
        "id": 5322391527,
        "osm_type": "node"
      }
    },
    {
      "type": "Feature",
      "geometry": {
        "type": "Point",
        "coordinates": [
          0.7221969,
          45.8771297
        ]
      },
      "properties": {
        "id": 5331895333,
        "osm_type": "node"
      }
    },
    {
      "type": "Feature",
      "geometry": {
        "type": "Point",
        "coordinates": [
          -0.6147757,
          44.7737344
        ]
      },
      "properties": {
        "id": 5372135400,
        "osm_type": "node",
        "fee": "no",
        "indoor": "no"
      }
    },
    {
      "type": "Feature",
      "geometry": {
        "type": "Point",
        "coordinates": [
          1.1467823,
          44.8154261
        ]
      },
      "properties": {
        "id": 5411082117,
        "osm_type": "node"
      }
    },
    {
      "type": "Feature",
      "geometry": {
        "type": "Point",
        "coordinates": [
          -1.2881151,
          43.1165464
        ]
      },
      "properties": {
        "id": 5448936607,
        "osm_type": "node"
      }
    },
    {
      "type": "Feature",
      "geometry": {
        "type": "Point",
        "coordinates": [
          -1.4606497,
          43.5761998
        ]
      },
      "properties": {
        "id": 5464861012,
        "osm_type": "node",
        "access": "yes",
        "fee": "no"
      }
    },
    {
      "type": "Feature",
      "geometry": {
        "type": "Point",
        "coordinates": [
          -0.5733691,
          44.842344
        ]
      },
      "properties": {
        "id": 5468803561,
        "osm_type": "node"
      }
    },
    {
      "type": "Feature",
      "geometry": {
        "type": "Point",
        "coordinates": [
          -0.5788527,
          44.8349064
        ]
      },
      "properties": {
        "id": 5468844873,
        "osm_type": "node"
      }
    },
    {
      "type": "Feature",
      "geometry": {
        "type": "Point",
        "coordinates": [
          -1.4823185,
          43.496892
        ]
      },
      "properties": {
        "id": 5476217782,
        "osm_type": "node",
        "access": "yes",
        "fee": "no"
      }
    },
    {
      "type": "Feature",
      "geometry": {
        "type": "Point",
        "coordinates": [
          -0.370825,
          43.296972
        ]
      },
      "properties": {
        "id": 5478838842,
        "osm_type": "node",
        "access": "yes",
        "fee": "no",
        "operator": "Pau"
      }
    },
    {
      "type": "Feature",
      "geometry": {
        "type": "Point",
        "coordinates": [
          -1.6858391,
          43.3885599
        ]
      },
      "properties": {
        "id": 5530012721,
        "osm_type": "node",
        "access": "yes",
        "fee": "no"
      }
    },
    {
      "type": "Feature",
      "geometry": {
        "type": "Point",
        "coordinates": [
          -1.6628619,
          43.3899703
        ]
      },
      "properties": {
        "id": 5530098421,
        "osm_type": "node",
        "access": "yes",
        "fee": "no"
      }
    },
    {
      "type": "Feature",
      "geometry": {
        "type": "Point",
        "coordinates": [
          -0.8387777,
          43.7108231
        ]
      },
      "properties": {
        "id": 5533375421,
        "osm_type": "node",
        "access": "yes",
        "fee": "no"
      }
    },
    {
      "type": "Feature",
      "geometry": {
        "type": "Point",
        "coordinates": [
          -0.6537774,
          43.7911427
        ]
      },
      "properties": {
        "id": 5533751826,
        "osm_type": "node",
        "access": "yes",
        "fee": "no",
        "operator": "Mairie de Lamothe"
      }
    },
    {
      "type": "Feature",
      "geometry": {
        "type": "Point",
        "coordinates": [
          -0.4595987,
          43.8472685
        ]
      },
      "properties": {
        "id": 5534106233,
        "osm_type": "node"
      }
    },
    {
      "type": "Feature",
      "geometry": {
        "type": "Point",
        "coordinates": [
          -0.4025482,
          43.8855645
        ]
      },
      "properties": {
        "id": 5535374021,
        "osm_type": "node",
        "access": "yes",
        "fee": "no"
      }
    },
    {
      "type": "Feature",
      "geometry": {
        "type": "Point",
        "coordinates": [
          0.2899016,
          44.1697899
        ]
      },
      "properties": {
        "id": 5536096442,
        "osm_type": "node"
      }
    },
    {
      "type": "Feature",
      "geometry": {
        "type": "Point",
        "coordinates": [
          0.9703123,
          44.4974416
        ]
      },
      "properties": {
        "id": 5537914722,
        "osm_type": "node"
      }
    },
    {
      "type": "Feature",
      "geometry": {
        "type": "Point",
        "coordinates": [
          1.83338,
          44.9836876
        ]
      },
      "properties": {
        "id": 5543273626,
        "osm_type": "node"
      }
    },
    {
      "type": "Feature",
      "geometry": {
        "type": "Point",
        "coordinates": [
          0.6483562,
          44.3178165
        ]
      },
      "properties": {
        "id": 5573154644,
        "osm_type": "node"
      }
    },
    {
      "type": "Feature",
      "geometry": {
        "type": "Point",
        "coordinates": [
          -0.9315894,
          45.6751735
        ]
      },
      "properties": {
        "id": 5574102121,
        "osm_type": "node"
      }
    },
    {
      "type": "Feature",
      "geometry": {
        "type": "Point",
        "coordinates": [
          -0.4035295,
          43.102286
        ]
      },
      "properties": {
        "id": 5598548561,
        "osm_type": "node"
      }
    },
    {
      "type": "Feature",
      "geometry": {
        "type": "Point",
        "coordinates": [
          -0.9092231,
          43.1130299
        ]
      },
      "properties": {
        "id": 5612090271,
        "osm_type": "node"
      }
    },
    {
      "type": "Feature",
      "geometry": {
        "type": "Point",
        "coordinates": [
          -0.4395392,
          44.6957148
        ]
      },
      "properties": {
        "id": 5612148265,
        "osm_type": "node"
      }
    },
    {
      "type": "Feature",
      "geometry": {
        "type": "Point",
        "coordinates": [
          -1.2238993,
          44.5768012
        ]
      },
      "properties": {
        "id": 5619875223,
        "osm_type": "node"
      }
    },
    {
      "type": "Feature",
      "geometry": {
        "type": "Point",
        "coordinates": [
          -1.2566495,
          44.4428371
        ]
      },
      "properties": {
        "id": 5619883221,
        "osm_type": "node"
      }
    },
    {
      "type": "Feature",
      "geometry": {
        "type": "Point",
        "coordinates": [
          0.6255503,
          44.1680739
        ]
      },
      "properties": {
        "id": 5622110352,
        "osm_type": "node"
      }
    },
    {
      "type": "Feature",
      "geometry": {
        "type": "Point",
        "coordinates": [
          0.6269932,
          44.2044989
        ]
      },
      "properties": {
        "id": 5623231023,
        "osm_type": "node"
      }
    },
    {
      "type": "Feature",
      "geometry": {
        "type": "Point",
        "coordinates": [
          0.627758,
          44.2059871
        ]
      },
      "properties": {
        "id": 5623231024,
        "osm_type": "node"
      }
    },
    {
      "type": "Feature",
      "geometry": {
        "type": "Point",
        "coordinates": [
          0.6269542,
          44.2056005
        ]
      },
      "properties": {
        "id": 5623231025,
        "osm_type": "node",
        "access": "yes",
        "fee": "no"
      }
    },
    {
      "type": "Feature",
      "geometry": {
        "type": "Point",
        "coordinates": [
          0.6273087,
          44.2058154
        ]
      },
      "properties": {
        "id": 5623231026,
        "osm_type": "node",
        "access": "yes"
      }
    },
    {
      "type": "Feature",
      "geometry": {
        "type": "Point",
        "coordinates": [
          -1.0201421,
          45.6215582
        ]
      },
      "properties": {
        "id": 5628316018,
        "osm_type": "node"
      }
    },
    {
      "type": "Feature",
      "geometry": {
        "type": "Point",
        "coordinates": [
          -1.0116873,
          45.614416
        ]
      },
      "properties": {
        "id": 5628337254,
        "osm_type": "node"
      }
    },
    {
      "type": "Feature",
      "geometry": {
        "type": "Point",
        "coordinates": [
          -1.0102751,
          45.612846
        ]
      },
      "properties": {
        "id": 5628342371,
        "osm_type": "node"
      }
    },
    {
      "type": "Feature",
      "geometry": {
        "type": "Point",
        "coordinates": [
          0.5346586,
          44.549155
        ]
      },
      "properties": {
        "id": 5628926173,
        "osm_type": "node"
      }
    },
    {
      "type": "Feature",
      "geometry": {
        "type": "Point",
        "coordinates": [
          0.0639428,
          44.85825
        ]
      },
      "properties": {
        "id": 5646257724,
        "osm_type": "node"
      }
    },
    {
      "type": "Feature",
      "geometry": {
        "type": "Point",
        "coordinates": [
          -0.61921,
          44.8062328
        ]
      },
      "properties": {
        "id": 5653325200,
        "osm_type": "node"
      }
    },
    {
      "type": "Feature",
      "geometry": {
        "type": "Point",
        "coordinates": [
          0.5398455,
          45.3483527
        ]
      },
      "properties": {
        "id": 5653765344,
        "osm_type": "node"
      }
    },
    {
      "type": "Feature",
      "geometry": {
        "type": "Point",
        "coordinates": [
          -0.5719803,
          44.8372051
        ]
      },
      "properties": {
        "id": 5653853303,
        "osm_type": "node"
      }
    },
    {
      "type": "Feature",
      "geometry": {
        "type": "Point",
        "coordinates": [
          -0.654306,
          44.8446686
        ]
      },
      "properties": {
        "id": 5656982918,
        "osm_type": "node"
      }
    },
    {
      "type": "Feature",
      "geometry": {
        "type": "Point",
        "coordinates": [
          -0.557065,
          44.8260939
        ]
      },
      "properties": {
        "id": 5658793324,
        "osm_type": "node"
      }
    },
    {
      "type": "Feature",
      "geometry": {
        "type": "Point",
        "coordinates": [
          -1.4475343,
          43.6364441
        ]
      },
      "properties": {
        "id": 5660873248,
        "osm_type": "node"
      }
    },
    {
      "type": "Feature",
      "geometry": {
        "type": "Point",
        "coordinates": [
          -0.5576843,
          45.3137227
        ]
      },
      "properties": {
        "id": 5663231893,
        "osm_type": "node"
      }
    },
    {
      "type": "Feature",
      "geometry": {
        "type": "Point",
        "coordinates": [
          -0.8178206,
          43.0977267
        ]
      },
      "properties": {
        "id": 5682361347,
        "osm_type": "node",
        "access": "yes",
        "fee": "no"
      }
    },
    {
      "type": "Feature",
      "geometry": {
        "type": "Point",
        "coordinates": [
          0.4576646,
          44.6280922
        ]
      },
      "properties": {
        "id": 5687980462,
        "osm_type": "node"
      }
    },
    {
      "type": "Feature",
      "geometry": {
        "type": "Point",
        "coordinates": [
          -1.5213252,
          43.4363331
        ]
      },
      "properties": {
        "id": 5710823123,
        "osm_type": "node"
      }
    },
    {
      "type": "Feature",
      "geometry": {
        "type": "Point",
        "coordinates": [
          -0.5713099,
          44.8395732
        ]
      },
      "properties": {
        "id": 5730609024,
        "osm_type": "node"
      }
    },
    {
      "type": "Feature",
      "geometry": {
        "type": "Point",
        "coordinates": [
          -0.5598488,
          44.8400244
        ]
      },
      "properties": {
        "id": 5732653352,
        "osm_type": "node"
      }
    },
    {
      "type": "Feature",
      "geometry": {
        "type": "Point",
        "coordinates": [
          -0.5742237,
          44.8438903
        ]
      },
      "properties": {
        "id": 5732653370,
        "osm_type": "node",
        "fee": "no"
      }
    },
    {
      "type": "Feature",
      "geometry": {
        "type": "Point",
        "coordinates": [
          0.9779503,
          45.6585099
        ]
      },
      "properties": {
        "id": 5732986789,
        "osm_type": "node"
      }
    },
    {
      "type": "Feature",
      "geometry": {
        "type": "Point",
        "coordinates": [
          0.9210093,
          45.4144895
        ]
      },
      "properties": {
        "id": 5732993365,
        "osm_type": "node",
        "access": "yes",
        "indoor": "no"
      }
    },
    {
      "type": "Feature",
      "geometry": {
        "type": "Point",
        "coordinates": [
          0.9805935,
          45.5454925
        ]
      },
      "properties": {
        "id": 5732993368,
        "osm_type": "node"
      }
    },
    {
      "type": "Feature",
      "geometry": {
        "type": "Point",
        "coordinates": [
          0.7853058,
          45.2517829
        ]
      },
      "properties": {
        "id": 5732993369,
        "osm_type": "node"
      }
    },
    {
      "type": "Feature",
      "geometry": {
        "type": "Point",
        "coordinates": [
          0.6585009,
          45.2056447
        ]
      },
      "properties": {
        "id": 5732993370,
        "osm_type": "node"
      }
    },
    {
      "type": "Feature",
      "geometry": {
        "type": "Point",
        "coordinates": [
          0.9210569,
          45.4144184
        ]
      },
      "properties": {
        "id": 5732993670,
        "osm_type": "node",
        "access": "yes",
        "indoor": "no"
      }
    },
    {
      "type": "Feature",
      "geometry": {
        "type": "Point",
        "coordinates": [
          1.1187817,
          45.7458579
        ]
      },
      "properties": {
        "id": 5732993672,
        "osm_type": "node"
      }
    },
    {
      "type": "Feature",
      "geometry": {
        "type": "Point",
        "coordinates": [
          0.8679592,
          45.3479
        ]
      },
      "properties": {
        "id": 5732993673,
        "osm_type": "node"
      }
    },
    {
      "type": "Feature",
      "geometry": {
        "type": "Point",
        "coordinates": [
          0.6656822,
          45.2066555
        ]
      },
      "properties": {
        "id": 5732993674,
        "osm_type": "node",
        "access": "yes",
        "fee": "no"
      }
    },
    {
      "type": "Feature",
      "geometry": {
        "type": "Point",
        "coordinates": [
          0.395881,
          45.0539811
        ]
      },
      "properties": {
        "id": 5732993675,
        "osm_type": "node"
      }
    },
    {
      "type": "Feature",
      "geometry": {
        "type": "Point",
        "coordinates": [
          -0.7523167,
          46.1045925
        ]
      },
      "properties": {
        "id": 5735767309,
        "osm_type": "node"
      }
    },
    {
      "type": "Feature",
      "geometry": {
        "type": "Point",
        "coordinates": [
          0.7652171,
          44.3996884
        ]
      },
      "properties": {
        "id": 5743947861,
        "osm_type": "node"
      }
    },
    {
      "type": "Feature",
      "geometry": {
        "type": "Point",
        "coordinates": [
          -0.5668649,
          44.8322614
        ]
      },
      "properties": {
        "id": 5745763223,
        "osm_type": "node",
        "access": "yes",
        "fee": "no"
      }
    },
    {
      "type": "Feature",
      "geometry": {
        "type": "Point",
        "coordinates": [
          -0.3604,
          43.295877
        ]
      },
      "properties": {
        "id": 5751576666,
        "osm_type": "node",
        "access": "yes",
        "fee": "no",
        "operator": "Pau"
      }
    },
    {
      "type": "Feature",
      "geometry": {
        "type": "Point",
        "coordinates": [
          -1.0879563,
          43.7375963
        ]
      },
      "properties": {
        "id": 5759986987,
        "osm_type": "node",
        "access": "yes"
      }
    },
    {
      "type": "Feature",
      "geometry": {
        "type": "Point",
        "coordinates": [
          1.2105382,
          44.8028244
        ]
      },
      "properties": {
        "id": 5773816163,
        "osm_type": "node"
      }
    },
    {
      "type": "Feature",
      "geometry": {
        "type": "Point",
        "coordinates": [
          0.6885553,
          44.8512632
        ]
      },
      "properties": {
        "id": 5777438553,
        "osm_type": "node"
      }
    },
    {
      "type": "Feature",
      "geometry": {
        "type": "Point",
        "coordinates": [
          -0.3819704,
          46.346133
        ]
      },
      "properties": {
        "id": 5800513386,
        "osm_type": "node"
      }
    },
    {
      "type": "Feature",
      "geometry": {
        "type": "Point",
        "coordinates": [
          -0.9585963,
          45.9148222
        ]
      },
      "properties": {
        "id": 5800551028,
        "osm_type": "node"
      }
    },
    {
      "type": "Feature",
      "geometry": {
        "type": "Point",
        "coordinates": [
          -1.3031178,
          43.6610685
        ]
      },
      "properties": {
        "id": 5800978161,
        "osm_type": "node"
      }
    },
    {
      "type": "Feature",
      "geometry": {
        "type": "Point",
        "coordinates": [
          -1.3997564,
          43.3616416
        ]
      },
      "properties": {
        "id": 5801413038,
        "osm_type": "node",
        "access": "yes",
        "fee": "no"
      }
    },
    {
      "type": "Feature",
      "geometry": {
        "type": "Point",
        "coordinates": [
          0.6900379,
          44.8529865
        ]
      },
      "properties": {
        "id": 5802396714,
        "osm_type": "node"
      }
    },
    {
      "type": "Feature",
      "geometry": {
        "type": "Point",
        "coordinates": [
          -0.4594677,
          46.3232235
        ]
      },
      "properties": {
        "id": 5807151577,
        "osm_type": "node",
        "fee": "no"
      }
    },
    {
      "type": "Feature",
      "geometry": {
        "type": "Point",
        "coordinates": [
          -1.1737938,
          44.6588998
        ]
      },
      "properties": {
        "id": 5811818053,
        "osm_type": "node",
        "name": "Parc canin"
      }
    },
    {
      "type": "Feature",
      "geometry": {
        "type": "Point",
        "coordinates": [
          -1.0740225,
          44.6443198
        ]
      },
      "properties": {
        "id": 5811818055,
        "osm_type": "node",
        "indoor": "no"
      }
    },
    {
      "type": "Feature",
      "geometry": {
        "type": "Point",
        "coordinates": [
          -0.5736006,
          42.90991
        ]
      },
      "properties": {
        "id": 5812196038,
        "osm_type": "node"
      }
    },
    {
      "type": "Feature",
      "geometry": {
        "type": "Point",
        "coordinates": [
          -0.5729676,
          42.9095387
        ]
      },
      "properties": {
        "id": 5812198457,
        "osm_type": "node",
        "access": "yes"
      }
    },
    {
      "type": "Feature",
      "geometry": {
        "type": "Point",
        "coordinates": [
          -0.871521,
          42.9773449
        ]
      },
      "properties": {
        "id": 5812213677,
        "osm_type": "node"
      }
    },
    {
      "type": "Feature",
      "geometry": {
        "type": "Point",
        "coordinates": [
          -0.9514635,
          43.0316465
        ]
      },
      "properties": {
        "id": 5812217220,
        "osm_type": "node"
      }
    },
    {
      "type": "Feature",
      "geometry": {
        "type": "Point",
        "coordinates": [
          -1.3133235,
          43.8870449
        ]
      },
      "properties": {
        "id": 5812839339,
        "osm_type": "node"
      }
    },
    {
      "type": "Feature",
      "geometry": {
        "type": "Point",
        "coordinates": [
          -1.1210337,
          44.241548
        ]
      },
      "properties": {
        "id": 5817645953,
        "osm_type": "node",
        "fee": "no"
      }
    },
    {
      "type": "Feature",
      "geometry": {
        "type": "Point",
        "coordinates": [
          0.7217223,
          45.1832576
        ]
      },
      "properties": {
        "id": 5818001559,
        "osm_type": "node",
        "access": "yes",
        "indoor": "no"
      }
    },
    {
      "type": "Feature",
      "geometry": {
        "type": "Point",
        "coordinates": [
          -0.8807821,
          44.5487702
        ]
      },
      "properties": {
        "id": 5822891922,
        "osm_type": "node"
      }
    },
    {
      "type": "Feature",
      "geometry": {
        "type": "Point",
        "coordinates": [
          -1.3713153,
          43.0470121
        ]
      },
      "properties": {
        "id": 5825017909,
        "osm_type": "node",
        "name": "Robinet du col d'Hauzay"
      }
    },
    {
      "type": "Feature",
      "geometry": {
        "type": "Point",
        "coordinates": [
          -0.6650103,
          44.7919459
        ]
      },
      "properties": {
        "id": 5838291559,
        "osm_type": "node"
      }
    },
    {
      "type": "Feature",
      "geometry": {
        "type": "Point",
        "coordinates": [
          1.2577063,
          45.8285969
        ]
      },
      "properties": {
        "id": 5839883085,
        "osm_type": "node",
        "access": "yes",
        "indoor": "no"
      }
    },
    {
      "type": "Feature",
      "geometry": {
        "type": "Point",
        "coordinates": [
          1.305459,
          45.1272902
        ]
      },
      "properties": {
        "id": 5841653197,
        "osm_type": "node",
        "access": "yes",
        "fee": "no",
        "indoor": "no"
      }
    },
    {
      "type": "Feature",
      "geometry": {
        "type": "Point",
        "coordinates": [
          1.3044979,
          45.127549
        ]
      },
      "properties": {
        "id": 5841721485,
        "osm_type": "node",
        "access": "yes",
        "fee": "no",
        "indoor": "no"
      }
    },
    {
      "type": "Feature",
      "geometry": {
        "type": "Point",
        "coordinates": [
          1.2134939,
          44.801061
        ]
      },
      "properties": {
        "id": 5845780806,
        "osm_type": "node",
        "access": "yes",
        "indoor": "no"
      }
    },
    {
      "type": "Feature",
      "geometry": {
        "type": "Point",
        "coordinates": [
          1.1810758,
          44.8265223
        ]
      },
      "properties": {
        "id": 5846064585,
        "osm_type": "node",
        "access": "yes",
        "indoor": "no"
      }
    },
    {
      "type": "Feature",
      "geometry": {
        "type": "Point",
        "coordinates": [
          0.1552527,
          44.2386515
        ]
      },
      "properties": {
        "id": 5846372922,
        "osm_type": "node"
      }
    },
    {
      "type": "Feature",
      "geometry": {
        "type": "Point",
        "coordinates": [
          -1.524745,
          43.5238643
        ]
      },
      "properties": {
        "id": 5846737926,
        "osm_type": "node",
        "access": "yes",
        "fee": "no",
        "operator": "commune d'anglet"
      }
    },
    {
      "type": "Feature",
      "geometry": {
        "type": "Point",
        "coordinates": [
          -1.5261332,
          43.5208276
        ]
      },
      "properties": {
        "id": 5846738793,
        "osm_type": "node"
      }
    },
    {
      "type": "Feature",
      "geometry": {
        "type": "Point",
        "coordinates": [
          0.5666882,
          44.9404252
        ]
      },
      "properties": {
        "id": 5848030159,
        "osm_type": "node",
        "name": "Source de l'Auvergnat"
      }
    },
    {
      "type": "Feature",
      "geometry": {
        "type": "Point",
        "coordinates": [
          -1.1469771,
          45.0909703
        ]
      },
      "properties": {
        "id": 5852160748,
        "osm_type": "node"
      }
    },
    {
      "type": "Feature",
      "geometry": {
        "type": "Point",
        "coordinates": [
          -1.0462654,
          45.0781967
        ]
      },
      "properties": {
        "id": 5863032451,
        "osm_type": "node",
        "fee": "no"
      }
    },
    {
      "type": "Feature",
      "geometry": {
        "type": "Point",
        "coordinates": [
          -0.5753837,
          44.8738984
        ]
      },
      "properties": {
        "id": 5864951664,
        "osm_type": "node",
        "indoor": "no"
      }
    },
    {
      "type": "Feature",
      "geometry": {
        "type": "Point",
        "coordinates": [
          -1.1348874,
          44.9866712
        ]
      },
      "properties": {
        "id": 5865383629,
        "osm_type": "node"
      }
    },
    {
      "type": "Feature",
      "geometry": {
        "type": "Point",
        "coordinates": [
          -1.1346498,
          44.9856215
        ]
      },
      "properties": {
        "id": 5865385603,
        "osm_type": "node"
      }
    },
    {
      "type": "Feature",
      "geometry": {
        "type": "Point",
        "coordinates": [
          -1.135285,
          44.9842542
        ]
      },
      "properties": {
        "id": 5865419898,
        "osm_type": "node"
      }
    },
    {
      "type": "Feature",
      "geometry": {
        "type": "Point",
        "coordinates": [
          -1.1335168,
          44.986031
        ]
      },
      "properties": {
        "id": 5865420000,
        "osm_type": "node"
      }
    },
    {
      "type": "Feature",
      "geometry": {
        "type": "Point",
        "coordinates": [
          -1.5948022,
          43.3069851
        ]
      },
      "properties": {
        "id": 5865557436,
        "osm_type": "node",
        "name": "Source"
      }
    },
    {
      "type": "Feature",
      "geometry": {
        "type": "Point",
        "coordinates": [
          0.5262649,
          44.3800892
        ]
      },
      "properties": {
        "id": 5865639886,
        "osm_type": "node"
      }
    },
    {
      "type": "Feature",
      "geometry": {
        "type": "Point",
        "coordinates": [
          -1.130963,
          44.985865
        ]
      },
      "properties": {
        "id": 5866043606,
        "osm_type": "node"
      }
    },
    {
      "type": "Feature",
      "geometry": {
        "type": "Point",
        "coordinates": [
          -0.3730691,
          44.4580387
        ]
      },
      "properties": {
        "id": 5866522561,
        "osm_type": "node"
      }
    },
    {
      "type": "Feature",
      "geometry": {
        "type": "Point",
        "coordinates": [
          -1.1319284,
          44.9861741
        ]
      },
      "properties": {
        "id": 5868758413,
        "osm_type": "node"
      }
    },
    {
      "type": "Feature",
      "geometry": {
        "type": "Point",
        "coordinates": [
          -1.1332397,
          44.9827511
        ]
      },
      "properties": {
        "id": 5868807854,
        "osm_type": "node"
      }
    },
    {
      "type": "Feature",
      "geometry": {
        "type": "Point",
        "coordinates": [
          -1.1338374,
          44.9827356
        ]
      },
      "properties": {
        "id": 5868809375,
        "osm_type": "node"
      }
    },
    {
      "type": "Feature",
      "geometry": {
        "type": "Point",
        "coordinates": [
          -1.1346558,
          44.9822139
        ]
      },
      "properties": {
        "id": 5868809725,
        "osm_type": "node"
      }
    },
    {
      "type": "Feature",
      "geometry": {
        "type": "Point",
        "coordinates": [
          -1.1341517,
          44.982826
        ]
      },
      "properties": {
        "id": 5868810314,
        "osm_type": "node"
      }
    },
    {
      "type": "Feature",
      "geometry": {
        "type": "Point",
        "coordinates": [
          -1.1315569,
          44.9860377
        ]
      },
      "properties": {
        "id": 5875311479,
        "osm_type": "node"
      }
    },
    {
      "type": "Feature",
      "geometry": {
        "type": "Point",
        "coordinates": [
          0.7129795,
          45.1826909
        ]
      },
      "properties": {
        "id": 5878425249,
        "osm_type": "node",
        "access": "yes",
        "fee": "no",
        "indoor": "no"
      }
    },
    {
      "type": "Feature",
      "geometry": {
        "type": "Point",
        "coordinates": [
          1.5090806,
          46.2760444
        ]
      },
      "properties": {
        "id": 5891527440,
        "osm_type": "node"
      }
    },
    {
      "type": "Feature",
      "geometry": {
        "type": "Point",
        "coordinates": [
          1.5765183,
          46.3588435
        ]
      },
      "properties": {
        "id": 5891544374,
        "osm_type": "node"
      }
    },
    {
      "type": "Feature",
      "geometry": {
        "type": "Point",
        "coordinates": [
          -0.6112624,
          44.8331174
        ]
      },
      "properties": {
        "id": 5896663425,
        "osm_type": "node"
      }
    },
    {
      "type": "Feature",
      "geometry": {
        "type": "Point",
        "coordinates": [
          0.5883025,
          44.4025028
        ]
      },
      "properties": {
        "id": 5901662590,
        "osm_type": "node"
      }
    },
    {
      "type": "Feature",
      "geometry": {
        "type": "Point",
        "coordinates": [
          -1.3307622,
          45.916822
        ]
      },
      "properties": {
        "id": 5911527480,
        "osm_type": "node"
      }
    },
    {
      "type": "Feature",
      "geometry": {
        "type": "Point",
        "coordinates": [
          1.0174118,
          46.0449835
        ]
      },
      "properties": {
        "id": 5918933098,
        "osm_type": "node"
      }
    },
    {
      "type": "Feature",
      "geometry": {
        "type": "Point",
        "coordinates": [
          1.0149571,
          46.0427828
        ]
      },
      "properties": {
        "id": 5918934903,
        "osm_type": "node"
      }
    },
    {
      "type": "Feature",
      "geometry": {
        "type": "Point",
        "coordinates": [
          -0.5883352,
          44.8308954
        ]
      },
      "properties": {
        "id": 5959757868,
        "osm_type": "node"
      }
    },
    {
      "type": "Feature",
      "geometry": {
        "type": "Point",
        "coordinates": [
          -0.5497566,
          44.8706004
        ]
      },
      "properties": {
        "id": 5959758963,
        "osm_type": "node"
      }
    },
    {
      "type": "Feature",
      "geometry": {
        "type": "Point",
        "coordinates": [
          -0.6027239,
          44.8555853
        ]
      },
      "properties": {
        "id": 5959759127,
        "osm_type": "node"
      }
    },
    {
      "type": "Feature",
      "geometry": {
        "type": "Point",
        "coordinates": [
          -0.6046008,
          44.8513876
        ]
      },
      "properties": {
        "id": 5959759129,
        "osm_type": "node"
      }
    },
    {
      "type": "Feature",
      "geometry": {
        "type": "Point",
        "coordinates": [
          -0.6030089,
          44.8503393
        ]
      },
      "properties": {
        "id": 5959759130,
        "osm_type": "node"
      }
    },
    {
      "type": "Feature",
      "geometry": {
        "type": "Point",
        "coordinates": [
          -0.6031168,
          44.8504425
        ]
      },
      "properties": {
        "id": 5959759131,
        "osm_type": "node"
      }
    },
    {
      "type": "Feature",
      "geometry": {
        "type": "Point",
        "coordinates": [
          -1.0005699,
          43.7414653
        ]
      },
      "properties": {
        "id": 5974707497,
        "osm_type": "node",
        "fee": "no"
      }
    },
    {
      "type": "Feature",
      "geometry": {
        "type": "Point",
        "coordinates": [
          -0.3621822,
          43.3375307
        ]
      },
      "properties": {
        "id": 5983130729,
        "osm_type": "node",
        "access": "yes",
        "fee": "no"
      }
    },
    {
      "type": "Feature",
      "geometry": {
        "type": "Point",
        "coordinates": [
          -1.7801773,
          43.372455
        ]
      },
      "properties": {
        "id": 5998126111,
        "osm_type": "node",
        "indoor": "no"
      }
    },
    {
      "type": "Feature",
      "geometry": {
        "type": "Point",
        "coordinates": [
          -1.7718633,
          43.3639119
        ]
      },
      "properties": {
        "id": 6000834315,
        "osm_type": "node"
      }
    },
    {
      "type": "Feature",
      "geometry": {
        "type": "Point",
        "coordinates": [
          -1.7769179,
          43.3728339
        ]
      },
      "properties": {
        "id": 6000917806,
        "osm_type": "node"
      }
    },
    {
      "type": "Feature",
      "geometry": {
        "type": "Point",
        "coordinates": [
          -1.769527,
          43.3446673
        ]
      },
      "properties": {
        "id": 6002223263,
        "osm_type": "node"
      }
    },
    {
      "type": "Feature",
      "geometry": {
        "type": "Point",
        "coordinates": [
          -0.6571164,
          44.8038518
        ]
      },
      "properties": {
        "id": 6012192119,
        "osm_type": "node"
      }
    },
    {
      "type": "Feature",
      "geometry": {
        "type": "Point",
        "coordinates": [
          -0.6525855,
          44.8074152
        ]
      },
      "properties": {
        "id": 6012192124,
        "osm_type": "node"
      }
    },
    {
      "type": "Feature",
      "geometry": {
        "type": "Point",
        "coordinates": [
          -0.6310869,
          44.7988993
        ]
      },
      "properties": {
        "id": 6012192146,
        "osm_type": "node"
      }
    },
    {
      "type": "Feature",
      "geometry": {
        "type": "Point",
        "coordinates": [
          -0.6303077,
          44.79068
        ]
      },
      "properties": {
        "id": 6012192175,
        "osm_type": "node"
      }
    },
    {
      "type": "Feature",
      "geometry": {
        "type": "Point",
        "coordinates": [
          -1.7861113,
          43.3713959
        ]
      },
      "properties": {
        "id": 6015871114,
        "osm_type": "node",
        "indoor": "no"
      }
    },
    {
      "type": "Feature",
      "geometry": {
        "type": "Point",
        "coordinates": [
          -1.0554089,
          43.7248874
        ]
      },
      "properties": {
        "id": 6027526436,
        "osm_type": "node",
        "access": "yes"
      }
    },
    {
      "type": "Feature",
      "geometry": {
        "type": "Point",
        "coordinates": [
          -0.9032917,
          43.2013504
        ]
      },
      "properties": {
        "id": 6030057062,
        "osm_type": "node"
      }
    },
    {
      "type": "Feature",
      "geometry": {
        "type": "Point",
        "coordinates": [
          -1.0648182,
          43.7279456
        ]
      },
      "properties": {
        "id": 6030297249,
        "osm_type": "node",
        "access": "yes"
      }
    },
    {
      "type": "Feature",
      "geometry": {
        "type": "Point",
        "coordinates": [
          0.9276544,
          44.9178774
        ]
      },
      "properties": {
        "id": 6041507594,
        "osm_type": "node"
      }
    },
    {
      "type": "Feature",
      "geometry": {
        "type": "Point",
        "coordinates": [
          0.9277531,
          44.9179694
        ]
      },
      "properties": {
        "id": 6041507595,
        "osm_type": "node"
      }
    },
    {
      "type": "Feature",
      "geometry": {
        "type": "Point",
        "coordinates": [
          0.9275914,
          44.9180588
        ]
      },
      "properties": {
        "id": 6041525807,
        "osm_type": "node"
      }
    },
    {
      "type": "Feature",
      "geometry": {
        "type": "Point",
        "coordinates": [
          0.9275949,
          44.9179137
        ]
      },
      "properties": {
        "id": 6041525808,
        "osm_type": "node"
      }
    },
    {
      "type": "Feature",
      "geometry": {
        "type": "Point",
        "coordinates": [
          -1.5572917,
          43.4858931
        ]
      },
      "properties": {
        "id": 6042036448,
        "osm_type": "node"
      }
    },
    {
      "type": "Feature",
      "geometry": {
        "type": "Point",
        "coordinates": [
          -1.2420093,
          44.6527848
        ]
      },
      "properties": {
        "id": 6067363947,
        "osm_type": "node"
      }
    },
    {
      "type": "Feature",
      "geometry": {
        "type": "Point",
        "coordinates": [
          -0.4735816,
          44.7116816
        ]
      },
      "properties": {
        "id": 6069094972,
        "osm_type": "node"
      }
    },
    {
      "type": "Feature",
      "geometry": {
        "type": "Point",
        "coordinates": [
          0.0457812,
          44.7615037
        ]
      },
      "properties": {
        "id": 6071571678,
        "osm_type": "node"
      }
    },
    {
      "type": "Feature",
      "geometry": {
        "type": "Point",
        "coordinates": [
          -0.5644741,
          44.8457408
        ]
      },
      "properties": {
        "id": 6118467507,
        "osm_type": "node"
      }
    },
    {
      "type": "Feature",
      "geometry": {
        "type": "Point",
        "coordinates": [
          -1.5802165,
          43.3127973
        ]
      },
      "properties": {
        "id": 6124655085,
        "osm_type": "node",
        "access": "yes",
        "fee": "no"
      }
    },
    {
      "type": "Feature",
      "geometry": {
        "type": "Point",
        "coordinates": [
          -0.6002509,
          42.9996294
        ]
      },
      "properties": {
        "id": 6124776180,
        "osm_type": "node"
      }
    },
    {
      "type": "Feature",
      "geometry": {
        "type": "Point",
        "coordinates": [
          1.7805171,
          45.2761735
        ]
      },
      "properties": {
        "id": 6131296984,
        "osm_type": "node"
      }
    },
    {
      "type": "Feature",
      "geometry": {
        "type": "Point",
        "coordinates": [
          -0.8834826,
          43.2793072
        ]
      },
      "properties": {
        "id": 6186717889,
        "osm_type": "node"
      }
    },
    {
      "type": "Feature",
      "geometry": {
        "type": "Point",
        "coordinates": [
          -1.4777855,
          43.4923318
        ]
      },
      "properties": {
        "id": 6193066097,
        "osm_type": "node",
        "access": "yes",
        "fee": "no"
      }
    },
    {
      "type": "Feature",
      "geometry": {
        "type": "Point",
        "coordinates": [
          -1.4730216,
          43.4782184
        ]
      },
      "properties": {
        "id": 6255931020,
        "osm_type": "node"
      }
    },
    {
      "type": "Feature",
      "geometry": {
        "type": "Point",
        "coordinates": [
          -1.1448684,
          43.8061966
        ]
      },
      "properties": {
        "id": 6280934540,
        "osm_type": "node"
      }
    },
    {
      "type": "Feature",
      "geometry": {
        "type": "Point",
        "coordinates": [
          -0.3553218,
          43.3152791
        ]
      },
      "properties": {
        "id": 6281642301,
        "osm_type": "node",
        "operator": "Pau"
      }
    },
    {
      "type": "Feature",
      "geometry": {
        "type": "Point",
        "coordinates": [
          -0.3431796,
          44.5345427
        ]
      },
      "properties": {
        "id": 6285014043,
        "osm_type": "node"
      }
    },
    {
      "type": "Feature",
      "geometry": {
        "type": "Point",
        "coordinates": [
          -0.4274217,
          42.98554
        ]
      },
      "properties": {
        "id": 6299501826,
        "osm_type": "node"
      }
    },
    {
      "type": "Feature",
      "geometry": {
        "type": "Point",
        "coordinates": [
          -1.0661556,
          43.5934059
        ]
      },
      "properties": {
        "id": 6303088168,
        "osm_type": "node"
      }
    },
    {
      "type": "Feature",
      "geometry": {
        "type": "Point",
        "coordinates": [
          -0.9889043,
          43.7658169
        ]
      },
      "properties": {
        "id": 6315726625,
        "osm_type": "node",
        "fee": "no"
      }
    },
    {
      "type": "Feature",
      "geometry": {
        "type": "Point",
        "coordinates": [
          -0.413435,
          42.9988806
        ]
      },
      "properties": {
        "id": 6342995888,
        "osm_type": "node",
        "name": "Fontaine et Croix de Courbès"
      }
    },
    {
      "type": "Feature",
      "geometry": {
        "type": "Point",
        "coordinates": [
          -0.3146164,
          43.2248877
        ]
      },
      "properties": {
        "id": 6343412081,
        "osm_type": "node",
        "name": "Fontaine de Brouca"
      }
    },
    {
      "type": "Feature",
      "geometry": {
        "type": "Point",
        "coordinates": [
          0.6722542,
          46.0131907
        ]
      },
      "properties": {
        "id": 6347050635,
        "osm_type": "node",
        "access": "yes",
        "fee": "no"
      }
    },
    {
      "type": "Feature",
      "geometry": {
        "type": "Point",
        "coordinates": [
          -0.8051006,
          44.4713821
        ]
      },
      "properties": {
        "id": 6356680301,
        "osm_type": "node"
      }
    },
    {
      "type": "Feature",
      "geometry": {
        "type": "Point",
        "coordinates": [
          -0.5948884,
          44.5703628
        ]
      },
      "properties": {
        "id": 6367670586,
        "osm_type": "node"
      }
    },
    {
      "type": "Feature",
      "geometry": {
        "type": "Point",
        "coordinates": [
          -1.1885296,
          43.7088148
        ]
      },
      "properties": {
        "id": 6380351515,
        "osm_type": "node"
      }
    },
    {
      "type": "Feature",
      "geometry": {
        "type": "Point",
        "coordinates": [
          -0.394743,
          42.9491896
        ]
      },
      "properties": {
        "id": 6380394465,
        "osm_type": "node",
        "name": "Ravitaillement 1"
      }
    },
    {
      "type": "Feature",
      "geometry": {
        "type": "Point",
        "coordinates": [
          -0.4148821,
          42.9441018
        ]
      },
      "properties": {
        "id": 6380394469,
        "osm_type": "node",
        "name": "Ravitaillement 2"
      }
    },
    {
      "type": "Feature",
      "geometry": {
        "type": "Point",
        "coordinates": [
          -0.3954901,
          42.9723362
        ]
      },
      "properties": {
        "id": 6380394476,
        "osm_type": "node",
        "name": "Ravitaillement 3"
      }
    },
    {
      "type": "Feature",
      "geometry": {
        "type": "Point",
        "coordinates": [
          0.9672072,
          44.9069142
        ]
      },
      "properties": {
        "id": 6387487908,
        "osm_type": "node"
      }
    },
    {
      "type": "Feature",
      "geometry": {
        "type": "Point",
        "coordinates": [
          -0.5812514,
          44.3227498
        ]
      },
      "properties": {
        "id": 6393098679,
        "osm_type": "node",
        "access": "yes"
      }
    },
    {
      "type": "Feature",
      "geometry": {
        "type": "Point",
        "coordinates": [
          2.2390225,
          46.1963638
        ]
      },
      "properties": {
        "id": 6398308915,
        "osm_type": "node",
        "access": "yes",
        "fee": "no"
      }
    },
    {
      "type": "Feature",
      "geometry": {
        "type": "Point",
        "coordinates": [
          -0.6526508,
          44.4977357
        ]
      },
      "properties": {
        "id": 6403000477,
        "osm_type": "node"
      }
    },
    {
      "type": "Feature",
      "geometry": {
        "type": "Point",
        "coordinates": [
          -0.6571402,
          44.5258629
        ]
      },
      "properties": {
        "id": 6403000478,
        "osm_type": "node"
      }
    },
    {
      "type": "Feature",
      "geometry": {
        "type": "Point",
        "coordinates": [
          -1.015377,
          45.6178009
        ]
      },
      "properties": {
        "id": 6409497972,
        "osm_type": "node"
      }
    },
    {
      "type": "Feature",
      "geometry": {
        "type": "Point",
        "coordinates": [
          -0.56302,
          44.8496369
        ]
      },
      "properties": {
        "id": 6418097721,
        "osm_type": "node"
      }
    },
    {
      "type": "Feature",
      "geometry": {
        "type": "Point",
        "coordinates": [
          -0.5639879,
          44.848341
        ]
      },
      "properties": {
        "id": 6418097722,
        "osm_type": "node"
      }
    },
    {
      "type": "Feature",
      "geometry": {
        "type": "Point",
        "coordinates": [
          -0.6406456,
          43.0677513
        ]
      },
      "properties": {
        "id": 6419635800,
        "osm_type": "node"
      }
    },
    {
      "type": "Feature",
      "geometry": {
        "type": "Point",
        "coordinates": [
          -0.5156426,
          43.0793998
        ]
      },
      "properties": {
        "id": 6428857693,
        "osm_type": "node",
        "name": "Fontaine des Cloutets"
      }
    },
    {
      "type": "Feature",
      "geometry": {
        "type": "Point",
        "coordinates": [
          -0.4949725,
          43.0519992
        ]
      },
      "properties": {
        "id": 6431610110,
        "osm_type": "node",
        "name": "Fontaine de Laste"
      }
    },
    {
      "type": "Feature",
      "geometry": {
        "type": "Point",
        "coordinates": [
          -0.3342746,
          43.9385567
        ]
      },
      "properties": {
        "id": 6433746800,
        "osm_type": "node"
      }
    },
    {
      "type": "Feature",
      "geometry": {
        "type": "Point",
        "coordinates": [
          -1.4023758,
          43.7878451
        ]
      },
      "properties": {
        "id": 6434219806,
        "osm_type": "node"
      }
    },
    {
      "type": "Feature",
      "geometry": {
        "type": "Point",
        "coordinates": [
          -1.4065355,
          43.7738863
        ]
      },
      "properties": {
        "id": 6436864286,
        "osm_type": "node"
      }
    },
    {
      "type": "Feature",
      "geometry": {
        "type": "Point",
        "coordinates": [
          -1.4868603,
          43.5771307
        ]
      },
      "properties": {
        "id": 6438610843,
        "osm_type": "node",
        "access": "yes",
        "fee": "no"
      }
    },
    {
      "type": "Feature",
      "geometry": {
        "type": "Point",
        "coordinates": [
          -0.7825402,
          44.4037052
        ]
      },
      "properties": {
        "id": 6441088110,
        "osm_type": "node"
      }
    },
    {
      "type": "Feature",
      "geometry": {
        "type": "Point",
        "coordinates": [
          -0.882602,
          44.4831599
        ]
      },
      "properties": {
        "id": 6441088447,
        "osm_type": "node"
      }
    },
    {
      "type": "Feature",
      "geometry": {
        "type": "Point",
        "coordinates": [
          -1.4981923,
          43.5581403
        ]
      },
      "properties": {
        "id": 6448564871,
        "osm_type": "node",
        "access": "yes",
        "fee": "no",
        "operator": "Mairie Tarnos"
      }
    },
    {
      "type": "Feature",
      "geometry": {
        "type": "Point",
        "coordinates": [
          -1.1967276,
          43.3444642
        ]
      },
      "properties": {
        "id": 6449678744,
        "osm_type": "node"
      }
    },
    {
      "type": "Feature",
      "geometry": {
        "type": "Point",
        "coordinates": [
          -1.1343508,
          43.3940268
        ]
      },
      "properties": {
        "id": 6449698555,
        "osm_type": "node"
      }
    },
    {
      "type": "Feature",
      "geometry": {
        "type": "Point",
        "coordinates": [
          -0.8520317,
          44.6520583
        ]
      },
      "properties": {
        "id": 6449822915,
        "osm_type": "node"
      }
    },
    {
      "type": "Feature",
      "geometry": {
        "type": "Point",
        "coordinates": [
          0.3474904,
          46.5893838
        ]
      },
      "properties": {
        "id": 6456053591,
        "osm_type": "node",
        "access": "yes",
        "fee": "no"
      }
    },
    {
      "type": "Feature",
      "geometry": {
        "type": "Point",
        "coordinates": [
          1.2650242,
          45.8354356
        ]
      },
      "properties": {
        "id": 6456053592,
        "osm_type": "node",
        "access": "yes",
        "fee": "no"
      }
    },
    {
      "type": "Feature",
      "geometry": {
        "type": "Point",
        "coordinates": [
          -1.2981387,
          43.3398189
        ]
      },
      "properties": {
        "id": 6468191685,
        "osm_type": "node"
      }
    },
    {
      "type": "Feature",
      "geometry": {
        "type": "Point",
        "coordinates": [
          -1.1609653,
          44.5313396
        ]
      },
      "properties": {
        "id": 6468456590,
        "osm_type": "node"
      }
    },
    {
      "type": "Feature",
      "geometry": {
        "type": "Point",
        "coordinates": [
          -1.4543431,
          43.5268312
        ]
      },
      "properties": {
        "id": 6480796004,
        "osm_type": "node",
        "access": "yes",
        "fee": "no",
        "operator": "Mairie de Tarnos"
      }
    },
    {
      "type": "Feature",
      "geometry": {
        "type": "Point",
        "coordinates": [
          -0.590513,
          44.5689158
        ]
      },
      "properties": {
        "id": 6491983613,
        "osm_type": "node"
      }
    },
    {
      "type": "Feature",
      "geometry": {
        "type": "Point",
        "coordinates": [
          -0.5685371,
          44.5138478
        ]
      },
      "properties": {
        "id": 6491983782,
        "osm_type": "node"
      }
    },
    {
      "type": "Feature",
      "geometry": {
        "type": "Point",
        "coordinates": [
          -0.4997931,
          44.5481627
        ]
      },
      "properties": {
        "id": 6491985388,
        "osm_type": "node"
      }
    },
    {
      "type": "Feature",
      "geometry": {
        "type": "Point",
        "coordinates": [
          -0.5852191,
          43.0591329
        ]
      },
      "properties": {
        "id": 6499479478,
        "osm_type": "node",
        "name": "Abreuvoir de Garbaste"
      }
    },
    {
      "type": "Feature",
      "geometry": {
        "type": "Point",
        "coordinates": [
          -1.5157123,
          43.4471357
        ]
      },
      "properties": {
        "id": 6501893316,
        "osm_type": "node"
      }
    },
    {
      "type": "Feature",
      "geometry": {
        "type": "Point",
        "coordinates": [
          -1.1673297,
          44.3953775
        ]
      },
      "properties": {
        "id": 6503541596,
        "osm_type": "node"
      }
    },
    {
      "type": "Feature",
      "geometry": {
        "type": "Point",
        "coordinates": [
          -0.2315854,
          43.2191562
        ]
      },
      "properties": {
        "id": 6504377752,
        "osm_type": "node"
      }
    },
    {
      "type": "Feature",
      "geometry": {
        "type": "Point",
        "coordinates": [
          -1.150854,
          44.3286119
        ]
      },
      "properties": {
        "id": 6504644779,
        "osm_type": "node"
      }
    },
    {
      "type": "Feature",
      "geometry": {
        "type": "Point",
        "coordinates": [
          -1.1811395,
          44.3093603
        ]
      },
      "properties": {
        "id": 6504644780,
        "osm_type": "node"
      }
    },
    {
      "type": "Feature",
      "geometry": {
        "type": "Point",
        "coordinates": [
          -1.3013529,
          43.8748767
        ]
      },
      "properties": {
        "id": 6506170769,
        "osm_type": "node"
      }
    },
    {
      "type": "Feature",
      "geometry": {
        "type": "Point",
        "coordinates": [
          -1.3074571,
          43.903971
        ]
      },
      "properties": {
        "id": 6506504085,
        "osm_type": "node"
      }
    },
    {
      "type": "Feature",
      "geometry": {
        "type": "Point",
        "coordinates": [
          -0.634426,
          44.8384567
        ]
      },
      "properties": {
        "id": 6509963329,
        "osm_type": "node"
      }
    },
    {
      "type": "Feature",
      "geometry": {
        "type": "Point",
        "coordinates": [
          -1.6382149,
          43.4082754
        ]
      },
      "properties": {
        "id": 6510997724,
        "osm_type": "node",
        "access": "yes",
        "fee": "no"
      }
    },
    {
      "type": "Feature",
      "geometry": {
        "type": "Point",
        "coordinates": [
          -0.597794,
          44.6507907
        ]
      },
      "properties": {
        "id": 6511516426,
        "osm_type": "node"
      }
    },
    {
      "type": "Feature",
      "geometry": {
        "type": "Point",
        "coordinates": [
          -0.5977906,
          44.6510183
        ]
      },
      "properties": {
        "id": 6511516429,
        "osm_type": "node"
      }
    },
    {
      "type": "Feature",
      "geometry": {
        "type": "Point",
        "coordinates": [
          -0.6481209,
          44.499816
        ]
      },
      "properties": {
        "id": 6515063254,
        "osm_type": "node"
      }
    },
    {
      "type": "Feature",
      "geometry": {
        "type": "Point",
        "coordinates": [
          -0.6470856,
          44.500036
        ]
      },
      "properties": {
        "id": 6515063255,
        "osm_type": "node"
      }
    },
    {
      "type": "Feature",
      "geometry": {
        "type": "Point",
        "coordinates": [
          -0.6950502,
          44.4612009
        ]
      },
      "properties": {
        "id": 6516355031,
        "osm_type": "node"
      }
    },
    {
      "type": "Feature",
      "geometry": {
        "type": "Point",
        "coordinates": [
          -0.6733404,
          44.4193193
        ]
      },
      "properties": {
        "id": 6516355032,
        "osm_type": "node"
      }
    },
    {
      "type": "Feature",
      "geometry": {
        "type": "Point",
        "coordinates": [
          -0.6725358,
          44.4179864
        ]
      },
      "properties": {
        "id": 6516355038,
        "osm_type": "node"
      }
    },
    {
      "type": "Feature",
      "geometry": {
        "type": "Point",
        "coordinates": [
          -0.7882154,
          44.4928491
        ]
      },
      "properties": {
        "id": 6516355040,
        "osm_type": "node"
      }
    },
    {
      "type": "Feature",
      "geometry": {
        "type": "Point",
        "coordinates": [
          -0.7910545,
          44.5087026
        ]
      },
      "properties": {
        "id": 6516355047,
        "osm_type": "node"
      }
    },
    {
      "type": "Feature",
      "geometry": {
        "type": "Point",
        "coordinates": [
          1.2482416,
          44.8355493
        ]
      },
      "properties": {
        "id": 6516935917,
        "osm_type": "node"
      }
    },
    {
      "type": "Feature",
      "geometry": {
        "type": "Point",
        "coordinates": [
          -1.4632716,
          43.540013
        ]
      },
      "properties": {
        "id": 6518259994,
        "osm_type": "node",
        "access": "yes",
        "fee": "no",
        "operator": "Mairie de Tarnos"
      }
    },
    {
      "type": "Feature",
      "geometry": {
        "type": "Point",
        "coordinates": [
          -1.4977741,
          43.534899
        ]
      },
      "properties": {
        "id": 6518275472,
        "osm_type": "node",
        "access": "yes",
        "fee": "no",
        "operator": "Mairie de Tarnos"
      }
    },
    {
      "type": "Feature",
      "geometry": {
        "type": "Point",
        "coordinates": [
          -1.4908511,
          43.5511242
        ]
      },
      "properties": {
        "id": 6518292851,
        "osm_type": "node",
        "access": "yes",
        "fee": "no",
        "operator": "Mairie de Tarnos"
      }
    },
    {
      "type": "Feature",
      "geometry": {
        "type": "Point",
        "coordinates": [
          -1.4626272,
          43.5406013
        ]
      },
      "properties": {
        "id": 6531617458,
        "osm_type": "node",
        "access": "yes",
        "fee": "no",
        "operator": "Mairie de Tarnos"
      }
    },
    {
      "type": "Feature",
      "geometry": {
        "type": "Point",
        "coordinates": [
          -0.3708945,
          44.4565976
        ]
      },
      "properties": {
        "id": 6535796520,
        "osm_type": "node"
      }
    },
    {
      "type": "Feature",
      "geometry": {
        "type": "Point",
        "coordinates": [
          -0.4908966,
          44.4317659
        ]
      },
      "properties": {
        "id": 6535796583,
        "osm_type": "node"
      }
    },
    {
      "type": "Feature",
      "geometry": {
        "type": "Point",
        "coordinates": [
          -0.3706639,
          44.4543097
        ]
      },
      "properties": {
        "id": 6535802988,
        "osm_type": "node"
      }
    },
    {
      "type": "Feature",
      "geometry": {
        "type": "Point",
        "coordinates": [
          -0.3226853,
          44.4451635
        ]
      },
      "properties": {
        "id": 6535802994,
        "osm_type": "node"
      }
    },
    {
      "type": "Feature",
      "geometry": {
        "type": "Point",
        "coordinates": [
          -0.3222755,
          44.4445101
        ]
      },
      "properties": {
        "id": 6535802995,
        "osm_type": "node"
      }
    },
    {
      "type": "Feature",
      "geometry": {
        "type": "Point",
        "coordinates": [
          -0.6397814,
          44.8258053
        ]
      },
      "properties": {
        "id": 6538091057,
        "osm_type": "node"
      }
    },
    {
      "type": "Feature",
      "geometry": {
        "type": "Point",
        "coordinates": [
          -0.6871524,
          44.8025525
        ]
      },
      "properties": {
        "id": 6551225231,
        "osm_type": "node",
        "fee": "no"
      }
    },
    {
      "type": "Feature",
      "geometry": {
        "type": "Point",
        "coordinates": [
          -1.4673847,
          43.4945799
        ]
      },
      "properties": {
        "id": 6553532280,
        "osm_type": "node",
        "access": "yes"
      }
    },
    {
      "type": "Feature",
      "geometry": {
        "type": "Point",
        "coordinates": [
          -1.4673263,
          43.4952606
        ]
      },
      "properties": {
        "id": 6553532281,
        "osm_type": "node",
        "access": "yes"
      }
    },
    {
      "type": "Feature",
      "geometry": {
        "type": "Point",
        "coordinates": [
          -1.1358366,
          44.9826586
        ]
      },
      "properties": {
        "id": 6557965533,
        "osm_type": "node"
      }
    },
    {
      "type": "Feature",
      "geometry": {
        "type": "Point",
        "coordinates": [
          -1.1356056,
          44.9825089
        ]
      },
      "properties": {
        "id": 6557965547,
        "osm_type": "node"
      }
    },
    {
      "type": "Feature",
      "geometry": {
        "type": "Point",
        "coordinates": [
          -1.1348157,
          44.9817775
        ]
      },
      "properties": {
        "id": 6557965556,
        "osm_type": "node"
      }
    },
    {
      "type": "Feature",
      "geometry": {
        "type": "Point",
        "coordinates": [
          -1.1352397,
          44.9819487
        ]
      },
      "properties": {
        "id": 6557965558,
        "osm_type": "node"
      }
    },
    {
      "type": "Feature",
      "geometry": {
        "type": "Point",
        "coordinates": [
          -1.135166,
          44.981504
        ]
      },
      "properties": {
        "id": 6557965559,
        "osm_type": "node"
      }
    },
    {
      "type": "Feature",
      "geometry": {
        "type": "Point",
        "coordinates": [
          -1.1360049,
          44.9829165
        ]
      },
      "properties": {
        "id": 6558088572,
        "osm_type": "node"
      }
    },
    {
      "type": "Feature",
      "geometry": {
        "type": "Point",
        "coordinates": [
          -1.135572,
          44.9832619
        ]
      },
      "properties": {
        "id": 6558088573,
        "osm_type": "node"
      }
    },
    {
      "type": "Feature",
      "geometry": {
        "type": "Point",
        "coordinates": [
          -1.1343564,
          44.9873602
        ]
      },
      "properties": {
        "id": 6558123501,
        "osm_type": "node"
      }
    },
    {
      "type": "Feature",
      "geometry": {
        "type": "Point",
        "coordinates": [
          -1.1348897,
          44.9874684
        ]
      },
      "properties": {
        "id": 6558123503,
        "osm_type": "node"
      }
    },
    {
      "type": "Feature",
      "geometry": {
        "type": "Point",
        "coordinates": [
          -1.1346719,
          44.9862248
        ]
      },
      "properties": {
        "id": 6558123505,
        "osm_type": "node"
      }
    },
    {
      "type": "Feature",
      "geometry": {
        "type": "Point",
        "coordinates": [
          -1.1310609,
          44.9864629
        ]
      },
      "properties": {
        "id": 6558123506,
        "osm_type": "node"
      }
    },
    {
      "type": "Feature",
      "geometry": {
        "type": "Point",
        "coordinates": [
          -0.9640503,
          44.3277432
        ]
      },
      "properties": {
        "id": 6565187609,
        "osm_type": "node"
      }
    },
    {
      "type": "Feature",
      "geometry": {
        "type": "Point",
        "coordinates": [
          -1.0673529,
          44.3461218
        ]
      },
      "properties": {
        "id": 6565187635,
        "osm_type": "node"
      }
    },
    {
      "type": "Feature",
      "geometry": {
        "type": "Point",
        "coordinates": [
          -0.606162,
          44.8400631
        ]
      },
      "properties": {
        "id": 6566240800,
        "osm_type": "node"
      }
    },
    {
      "type": "Feature",
      "geometry": {
        "type": "Point",
        "coordinates": [
          -0.4397545,
          42.9533672
        ]
      },
      "properties": {
        "id": 6566346631,
        "osm_type": "node"
      }
    },
    {
      "type": "Feature",
      "geometry": {
        "type": "Point",
        "coordinates": [
          -0.4393297,
          42.9537107
        ]
      },
      "properties": {
        "id": 6566354386,
        "osm_type": "node"
      }
    },
    {
      "type": "Feature",
      "geometry": {
        "type": "Point",
        "coordinates": [
          -0.5668366,
          44.8112572
        ]
      },
      "properties": {
        "id": 6569714151,
        "osm_type": "node"
      }
    },
    {
      "type": "Feature",
      "geometry": {
        "type": "Point",
        "coordinates": [
          -0.346642,
          43.3192189
        ]
      },
      "properties": {
        "id": 6570578085,
        "osm_type": "node",
        "access": "yes",
        "fee": "no",
        "operator": "Pau"
      }
    },
    {
      "type": "Feature",
      "geometry": {
        "type": "Point",
        "coordinates": [
          -0.5875155,
          44.7553067
        ]
      },
      "properties": {
        "id": 6572513556,
        "osm_type": "node",
        "operator": "Mairie de Villenave-d'Ornon"
      }
    },
    {
      "type": "Feature",
      "geometry": {
        "type": "Point",
        "coordinates": [
          2.0951585,
          45.6426645
        ]
      },
      "properties": {
        "id": 6574978280,
        "osm_type": "node",
        "fee": "no"
      }
    },
    {
      "type": "Feature",
      "geometry": {
        "type": "Point",
        "coordinates": [
          -1.0759306,
          44.480858
        ]
      },
      "properties": {
        "id": 6575003722,
        "osm_type": "node"
      }
    },
    {
      "type": "Feature",
      "geometry": {
        "type": "Point",
        "coordinates": [
          -1.1727583,
          44.3990119
        ]
      },
      "properties": {
        "id": 6575003723,
        "osm_type": "node"
      }
    },
    {
      "type": "Feature",
      "geometry": {
        "type": "Point",
        "coordinates": [
          -0.685352,
          44.3764026
        ]
      },
      "properties": {
        "id": 6580229092,
        "osm_type": "node"
      }
    },
    {
      "type": "Feature",
      "geometry": {
        "type": "Point",
        "coordinates": [
          -0.6468315,
          44.365752
        ]
      },
      "properties": {
        "id": 6580229102,
        "osm_type": "node"
      }
    },
    {
      "type": "Feature",
      "geometry": {
        "type": "Point",
        "coordinates": [
          -0.584509,
          44.326078
        ]
      },
      "properties": {
        "id": 6580229107,
        "osm_type": "node"
      }
    },
    {
      "type": "Feature",
      "geometry": {
        "type": "Point",
        "coordinates": [
          -0.5821359,
          44.3206137
        ]
      },
      "properties": {
        "id": 6580229136,
        "osm_type": "node"
      }
    },
    {
      "type": "Feature",
      "geometry": {
        "type": "Point",
        "coordinates": [
          -0.7746837,
          44.3097514
        ]
      },
      "properties": {
        "id": 6580229143,
        "osm_type": "node"
      }
    },
    {
      "type": "Feature",
      "geometry": {
        "type": "Point",
        "coordinates": [
          -0.7747749,
          44.3103378
        ]
      },
      "properties": {
        "id": 6580229144,
        "osm_type": "node"
      }
    },
    {
      "type": "Feature",
      "geometry": {
        "type": "Point",
        "coordinates": [
          -0.9053984,
          43.2013823
        ]
      },
      "properties": {
        "id": 6584389354,
        "osm_type": "node"
      }
    },
    {
      "type": "Feature",
      "geometry": {
        "type": "Point",
        "coordinates": [
          -0.5628244,
          44.8296154
        ]
      },
      "properties": {
        "id": 6586501648,
        "osm_type": "node",
        "access": "yes",
        "fee": "no"
      }
    },
    {
      "type": "Feature",
      "geometry": {
        "type": "Point",
        "coordinates": [
          -0.6891116,
          44.9974879
        ]
      },
      "properties": {
        "id": 6586992432,
        "osm_type": "node",
        "access": "yes"
      }
    },
    {
      "type": "Feature",
      "geometry": {
        "type": "Point",
        "coordinates": [
          -1.1507691,
          46.1573284
        ]
      },
      "properties": {
        "id": 6587693160,
        "osm_type": "node"
      }
    },
    {
      "type": "Feature",
      "geometry": {
        "type": "Point",
        "coordinates": [
          -0.3579321,
          43.3419861
        ]
      },
      "properties": {
        "id": 6589818411,
        "osm_type": "node",
        "access": "yes",
        "fee": "no"
      }
    },
    {
      "type": "Feature",
      "geometry": {
        "type": "Point",
        "coordinates": [
          0.9490491,
          45.0052533
        ]
      },
      "properties": {
        "id": 6591099285,
        "osm_type": "node",
        "name": "Source d eau potable"
      }
    },
    {
      "type": "Feature",
      "geometry": {
        "type": "Point",
        "coordinates": [
          -1.7716831,
          43.3637377
        ]
      },
      "properties": {
        "id": 6592784491,
        "osm_type": "node"
      }
    },
    {
      "type": "Feature",
      "geometry": {
        "type": "Point",
        "coordinates": [
          -0.4415818,
          43.3061015
        ]
      },
      "properties": {
        "id": 6593152601,
        "osm_type": "node"
      }
    },
    {
      "type": "Feature",
      "geometry": {
        "type": "Point",
        "coordinates": [
          -0.404394,
          43.2939289
        ]
      },
      "properties": {
        "id": 6593181269,
        "osm_type": "node"
      }
    },
    {
      "type": "Feature",
      "geometry": {
        "type": "Point",
        "coordinates": [
          -0.741867,
          43.8686721
        ]
      },
      "properties": {
        "id": 6600660938,
        "osm_type": "node",
        "name": "Point d'eau de l'église de Sainte Croix",
        "access": "yes",
        "fee": "no"
      }
    },
    {
      "type": "Feature",
      "geometry": {
        "type": "Point",
        "coordinates": [
          -1.074665,
          43.0414663
        ]
      },
      "properties": {
        "id": 6602092926,
        "osm_type": "node"
      }
    },
    {
      "type": "Feature",
      "geometry": {
        "type": "Point",
        "coordinates": [
          -0.3267642,
          43.5949032
        ]
      },
      "properties": {
        "id": 6611977904,
        "osm_type": "node"
      }
    },
    {
      "type": "Feature",
      "geometry": {
        "type": "Point",
        "coordinates": [
          -0.472081,
          43.4787312
        ]
      },
      "properties": {
        "id": 6611978943,
        "osm_type": "node"
      }
    },
    {
      "type": "Feature",
      "geometry": {
        "type": "Point",
        "coordinates": [
          -0.3545091,
          46.0232845
        ]
      },
      "properties": {
        "id": 6612199361,
        "osm_type": "node",
        "fee": "no"
      }
    },
    {
      "type": "Feature",
      "geometry": {
        "type": "Point",
        "coordinates": [
          -0.7374669,
          43.339484
        ]
      },
      "properties": {
        "id": 6616505145,
        "osm_type": "node"
      }
    },
    {
      "type": "Feature",
      "geometry": {
        "type": "Point",
        "coordinates": [
          -0.7581424,
          43.3371551
        ]
      },
      "properties": {
        "id": 6616506794,
        "osm_type": "node"
      }
    },
    {
      "type": "Feature",
      "geometry": {
        "type": "Point",
        "coordinates": [
          -0.5213413,
          43.4822347
        ]
      },
      "properties": {
        "id": 6616522011,
        "osm_type": "node"
      }
    },
    {
      "type": "Feature",
      "geometry": {
        "type": "Point",
        "coordinates": [
          -0.6817538,
          43.3992767
        ]
      },
      "properties": {
        "id": 6616523126,
        "osm_type": "node"
      }
    },
    {
      "type": "Feature",
      "geometry": {
        "type": "Point",
        "coordinates": [
          -0.7376055,
          43.3663166
        ]
      },
      "properties": {
        "id": 6616523338,
        "osm_type": "node"
      }
    },
    {
      "type": "Feature",
      "geometry": {
        "type": "Point",
        "coordinates": [
          -0.5743467,
          43.466729
        ]
      },
      "properties": {
        "id": 6616525319,
        "osm_type": "node"
      }
    },
    {
      "type": "Feature",
      "geometry": {
        "type": "Point",
        "coordinates": [
          -0.2491892,
          44.1271597
        ]
      },
      "properties": {
        "id": 6618916698,
        "osm_type": "node"
      }
    },
    {
      "type": "Feature",
      "geometry": {
        "type": "Point",
        "coordinates": [
          -0.1617179,
          43.9551464
        ]
      },
      "properties": {
        "id": 6620485883,
        "osm_type": "node"
      }
    },
    {
      "type": "Feature",
      "geometry": {
        "type": "Point",
        "coordinates": [
          -0.2379523,
          43.9271609
        ]
      },
      "properties": {
        "id": 6620572428,
        "osm_type": "node",
        "access": "yes",
        "fee": "no"
      }
    },
    {
      "type": "Feature",
      "geometry": {
        "type": "Point",
        "coordinates": [
          -0.8854415,
          44.9608201
        ]
      },
      "properties": {
        "id": 6620850909,
        "osm_type": "node"
      }
    },
    {
      "type": "Feature",
      "geometry": {
        "type": "Point",
        "coordinates": [
          -0.639292,
          43.8656754
        ]
      },
      "properties": {
        "id": 6627249733,
        "osm_type": "node",
        "access": "yes",
        "fee": "no"
      }
    },
    {
      "type": "Feature",
      "geometry": {
        "type": "Point",
        "coordinates": [
          -0.8099981,
          43.8313529
        ]
      },
      "properties": {
        "id": 6627454701,
        "osm_type": "node",
        "name": "Point d'eau des allées marines"
      }
    },
    {
      "type": "Feature",
      "geometry": {
        "type": "Point",
        "coordinates": [
          -0.9006727,
          43.8530929
        ]
      },
      "properties": {
        "id": 6627608955,
        "osm_type": "node",
        "access": "yes",
        "fee": "no",
        "operator": "Mairie de Lesgor"
      }
    },
    {
      "type": "Feature",
      "geometry": {
        "type": "Point",
        "coordinates": [
          0.8157571,
          44.7747141
        ]
      },
      "properties": {
        "id": 6631001463,
        "osm_type": "node"
      }
    },
    {
      "type": "Feature",
      "geometry": {
        "type": "Point",
        "coordinates": [
          -0.368565,
          43.2860959
        ]
      },
      "properties": {
        "id": 6635131686,
        "osm_type": "node",
        "access": "yes",
        "fee": "no"
      }
    },
    {
      "type": "Feature",
      "geometry": {
        "type": "Point",
        "coordinates": [
          -0.3930721,
          42.9726742
        ]
      },
      "properties": {
        "id": 6635263522,
        "osm_type": "node",
        "name": "Fontaine"
      }
    },
    {
      "type": "Feature",
      "geometry": {
        "type": "Point",
        "coordinates": [
          -0.4578534,
          46.3229491
        ]
      },
      "properties": {
        "id": 6637612370,
        "osm_type": "node",
        "access": "yes",
        "fee": "no"
      }
    },
    {
      "type": "Feature",
      "geometry": {
        "type": "Point",
        "coordinates": [
          -1.0555852,
          43.7089101
        ]
      },
      "properties": {
        "id": 6638403106,
        "osm_type": "node",
        "access": "yes"
      }
    },
    {
      "type": "Feature",
      "geometry": {
        "type": "Point",
        "coordinates": [
          -1.0579799,
          43.7113178
        ]
      },
      "properties": {
        "id": 6638429785,
        "osm_type": "node",
        "access": "yes",
        "fee": "no"
      }
    },
    {
      "type": "Feature",
      "geometry": {
        "type": "Point",
        "coordinates": [
          -0.7819846,
          44.1693768
        ]
      },
      "properties": {
        "id": 6646345735,
        "osm_type": "node"
      }
    },
    {
      "type": "Feature",
      "geometry": {
        "type": "Point",
        "coordinates": [
          -0.781762,
          44.1688592
        ]
      },
      "properties": {
        "id": 6646345736,
        "osm_type": "node"
      }
    },
    {
      "type": "Feature",
      "geometry": {
        "type": "Point",
        "coordinates": [
          -0.7814616,
          44.1681474
        ]
      },
      "properties": {
        "id": 6646345737,
        "osm_type": "node"
      }
    },
    {
      "type": "Feature",
      "geometry": {
        "type": "Point",
        "coordinates": [
          -0.7808393,
          44.1682878
        ]
      },
      "properties": {
        "id": 6646345738,
        "osm_type": "node"
      }
    },
    {
      "type": "Feature",
      "geometry": {
        "type": "Point",
        "coordinates": [
          -0.7773283,
          44.1691382
        ]
      },
      "properties": {
        "id": 6646345739,
        "osm_type": "node"
      }
    },
    {
      "type": "Feature",
      "geometry": {
        "type": "Point",
        "coordinates": [
          -0.7765934,
          44.1693922
        ]
      },
      "properties": {
        "id": 6646345740,
        "osm_type": "node"
      }
    },
    {
      "type": "Feature",
      "geometry": {
        "type": "Point",
        "coordinates": [
          -0.7812846,
          44.1671892
        ]
      },
      "properties": {
        "id": 6646345742,
        "osm_type": "node"
      }
    },
    {
      "type": "Feature",
      "geometry": {
        "type": "Point",
        "coordinates": [
          0.6206184,
          44.1719125
        ]
      },
      "properties": {
        "id": 6665127628,
        "osm_type": "node"
      }
    },
    {
      "type": "Feature",
      "geometry": {
        "type": "Point",
        "coordinates": [
          0.6182816,
          44.1719455
        ]
      },
      "properties": {
        "id": 6665127629,
        "osm_type": "node"
      }
    },
    {
      "type": "Feature",
      "geometry": {
        "type": "Point",
        "coordinates": [
          -0.5630022,
          44.8350262
        ]
      },
      "properties": {
        "id": 6665433274,
        "osm_type": "node"
      }
    },
    {
      "type": "Feature",
      "geometry": {
        "type": "Point",
        "coordinates": [
          0.5302244,
          46.2174719
        ]
      },
      "properties": {
        "id": 6665447146,
        "osm_type": "node",
        "fee": "no"
      }
    },
    {
      "type": "Feature",
      "geometry": {
        "type": "Point",
        "coordinates": [
          -0.35232,
          43.314216
        ]
      },
      "properties": {
        "id": 6668091958,
        "osm_type": "node",
        "access": "yes",
        "fee": "no",
        "operator": "Pau"
      }
    },
    {
      "type": "Feature",
      "geometry": {
        "type": "Point",
        "coordinates": [
          -0.1887187,
          43.2659897
        ]
      },
      "properties": {
        "id": 6668111409,
        "osm_type": "node"
      }
    },
    {
      "type": "Feature",
      "geometry": {
        "type": "Point",
        "coordinates": [
          0.5885255,
          44.4026759
        ]
      },
      "properties": {
        "id": 6670707591,
        "osm_type": "node",
        "access": "yes",
        "fee": "no"
      }
    },
    {
      "type": "Feature",
      "geometry": {
        "type": "Point",
        "coordinates": [
          -0.2485898,
          44.9145572
        ]
      },
      "properties": {
        "id": 6674276586,
        "osm_type": "node",
        "access": "yes",
        "indoor": "no"
      }
    },
    {
      "type": "Feature",
      "geometry": {
        "type": "Point",
        "coordinates": [
          -1.4167999,
          43.7753657
        ]
      },
      "properties": {
        "id": 6679899385,
        "osm_type": "node",
        "seasonal": "summer"
      }
    },
    {
      "type": "Feature",
      "geometry": {
        "type": "Point",
        "coordinates": [
          -0.9981466,
          45.6024576
        ]
      },
      "properties": {
        "id": 6687291886,
        "osm_type": "node"
      }
    },
    {
      "type": "Feature",
      "geometry": {
        "type": "Point",
        "coordinates": [
          -0.3324625,
          42.9581971
        ]
      },
      "properties": {
        "id": 6689427055,
        "osm_type": "node"
      }
    },
    {
      "type": "Feature",
      "geometry": {
        "type": "Point",
        "coordinates": [
          -1.5754957,
          43.2587079
        ]
      },
      "properties": {
        "id": 6691818581,
        "osm_type": "node"
      }
    },
    {
      "type": "Feature",
      "geometry": {
        "type": "Point",
        "coordinates": [
          -0.5511818,
          44.8239981
        ]
      },
      "properties": {
        "id": 6696606246,
        "osm_type": "node"
      }
    },
    {
      "type": "Feature",
      "geometry": {
        "type": "Point",
        "coordinates": [
          -0.8775187,
          44.3192019
        ]
      },
      "properties": {
        "id": 6696694844,
        "osm_type": "node",
        "access": "yes"
      }
    },
    {
      "type": "Feature",
      "geometry": {
        "type": "Point",
        "coordinates": [
          -0.5223497,
          44.6823093
        ]
      },
      "properties": {
        "id": 6696701399,
        "osm_type": "node"
      }
    },
    {
      "type": "Feature",
      "geometry": {
        "type": "Point",
        "coordinates": [
          -0.7545225,
          44.4124521
        ]
      },
      "properties": {
        "id": 6696708800,
        "osm_type": "node"
      }
    },
    {
      "type": "Feature",
      "geometry": {
        "type": "Point",
        "coordinates": [
          -0.2077025,
          44.4717796
        ]
      },
      "properties": {
        "id": 6696716132,
        "osm_type": "node"
      }
    },
    {
      "type": "Feature",
      "geometry": {
        "type": "Point",
        "coordinates": [
          0.5916674,
          44.3958189
        ]
      },
      "properties": {
        "id": 6696734039,
        "osm_type": "node"
      }
    },
    {
      "type": "Feature",
      "geometry": {
        "type": "Point",
        "coordinates": [
          0.9385266,
          44.4728784
        ]
      },
      "properties": {
        "id": 6696813290,
        "osm_type": "node"
      }
    },
    {
      "type": "Feature",
      "geometry": {
        "type": "Point",
        "coordinates": [
          -1.662237,
          43.390421
        ]
      },
      "properties": {
        "id": 6702839624,
        "osm_type": "node",
        "access": "yes",
        "fee": "no"
      }
    },
    {
      "type": "Feature",
      "geometry": {
        "type": "Point",
        "coordinates": [
          -0.5429915,
          44.7619676
        ]
      },
      "properties": {
        "id": 6703023083,
        "osm_type": "node",
        "operator": "Villenave-d'Ornon"
      }
    },
    {
      "type": "Feature",
      "geometry": {
        "type": "Point",
        "coordinates": [
          -0.5432768,
          44.7744224
        ]
      },
      "properties": {
        "id": 6703023084,
        "osm_type": "node",
        "operator": "Villenave-d'Ornon"
      }
    },
    {
      "type": "Feature",
      "geometry": {
        "type": "Point",
        "coordinates": [
          -0.5717163,
          44.7903809
        ]
      },
      "properties": {
        "id": 6703060885,
        "osm_type": "node",
        "operator": "Villenave-d'Ornon"
      }
    },
    {
      "type": "Feature",
      "geometry": {
        "type": "Point",
        "coordinates": [
          -0.5455547,
          44.7714464
        ]
      },
      "properties": {
        "id": 6703062342,
        "osm_type": "node",
        "operator": "Villenave-d'Ornon"
      }
    },
    {
      "type": "Feature",
      "geometry": {
        "type": "Point",
        "coordinates": [
          -1.5422569,
          43.4985969
        ]
      },
      "properties": {
        "id": 6703727007,
        "osm_type": "node"
      }
    },
    {
      "type": "Feature",
      "geometry": {
        "type": "Point",
        "coordinates": [
          -1.0102457,
          44.6569809
        ]
      },
      "properties": {
        "id": 6707514532,
        "osm_type": "node"
      }
    },
    {
      "type": "Feature",
      "geometry": {
        "type": "Point",
        "coordinates": [
          -1.0939922,
          44.7353811
        ]
      },
      "properties": {
        "id": 6707702220,
        "osm_type": "node"
      }
    },
    {
      "type": "Feature",
      "geometry": {
        "type": "Point",
        "coordinates": [
          -0.417795,
          44.5664177
        ]
      },
      "properties": {
        "id": 6718520860,
        "osm_type": "node"
      }
    },
    {
      "type": "Feature",
      "geometry": {
        "type": "Point",
        "coordinates": [
          -0.2972491,
          44.5354661
        ]
      },
      "properties": {
        "id": 6718520876,
        "osm_type": "node"
      }
    },
    {
      "type": "Feature",
      "geometry": {
        "type": "Point",
        "coordinates": [
          -0.3872788,
          44.5309629
        ]
      },
      "properties": {
        "id": 6718620495,
        "osm_type": "node"
      }
    },
    {
      "type": "Feature",
      "geometry": {
        "type": "Point",
        "coordinates": [
          -0.3684762,
          44.5124624
        ]
      },
      "properties": {
        "id": 6718620519,
        "osm_type": "node"
      }
    },
    {
      "type": "Feature",
      "geometry": {
        "type": "Point",
        "coordinates": [
          -0.3671126,
          44.4809671
        ]
      },
      "properties": {
        "id": 6718620542,
        "osm_type": "node"
      }
    },
    {
      "type": "Feature",
      "geometry": {
        "type": "Point",
        "coordinates": [
          -0.5020733,
          44.4919718
        ]
      },
      "properties": {
        "id": 6718620561,
        "osm_type": "node"
      }
    },
    {
      "type": "Feature",
      "geometry": {
        "type": "Point",
        "coordinates": [
          -0.6349705,
          42.9341143
        ]
      },
      "properties": {
        "id": 6718726588,
        "osm_type": "node",
        "name": "Fontaine"
      }
    },
    {
      "type": "Feature",
      "geometry": {
        "type": "Point",
        "coordinates": [
          -0.3877227,
          44.5310982
        ]
      },
      "properties": {
        "id": 6726189169,
        "osm_type": "node"
      }
    },
    {
      "type": "Feature",
      "geometry": {
        "type": "Point",
        "coordinates": [
          -1.321242,
          44.0924463
        ]
      },
      "properties": {
        "id": 6731808634,
        "osm_type": "node",
        "fee": "no",
        "seasonal": "no"
      }
    },
    {
      "type": "Feature",
      "geometry": {
        "type": "Point",
        "coordinates": [
          0.6882139,
          45.8273311
        ]
      },
      "properties": {
        "id": 6734948825,
        "osm_type": "node"
      }
    },
    {
      "type": "Feature",
      "geometry": {
        "type": "Point",
        "coordinates": [
          -0.3848901,
          43.298356
        ]
      },
      "properties": {
        "id": 6740194216,
        "osm_type": "node",
        "access": "yes",
        "fee": "no",
        "operator": "Pau"
      }
    },
    {
      "type": "Feature",
      "geometry": {
        "type": "Point",
        "coordinates": [
          -0.3809931,
          43.2978
        ]
      },
      "properties": {
        "id": 6740194217,
        "osm_type": "node",
        "access": "yes",
        "fee": "no",
        "operator": "Pau"
      }
    },
    {
      "type": "Feature",
      "geometry": {
        "type": "Point",
        "coordinates": [
          -0.3800641,
          43.297374
        ]
      },
      "properties": {
        "id": 6740194218,
        "osm_type": "node",
        "access": "yes",
        "fee": "no",
        "operator": "Pau"
      }
    },
    {
      "type": "Feature",
      "geometry": {
        "type": "Point",
        "coordinates": [
          -0.3819161,
          43.2983921
        ]
      },
      "properties": {
        "id": 6740194219,
        "osm_type": "node",
        "access": "yes",
        "fee": "no",
        "operator": "Pau"
      }
    },
    {
      "type": "Feature",
      "geometry": {
        "type": "Point",
        "coordinates": [
          -0.3793261,
          43.297102
        ]
      },
      "properties": {
        "id": 6740198975,
        "osm_type": "node",
        "access": "yes",
        "fee": "no",
        "operator": "Pau"
      }
    },
    {
      "type": "Feature",
      "geometry": {
        "type": "Point",
        "coordinates": [
          -0.3825731,
          43.299547
        ]
      },
      "properties": {
        "id": 6740198976,
        "osm_type": "node",
        "access": "yes",
        "fee": "no",
        "operator": "Pau"
      }
    },
    {
      "type": "Feature",
      "geometry": {
        "type": "Point",
        "coordinates": [
          -0.3840401,
          43.299894
        ]
      },
      "properties": {
        "id": 6740198977,
        "osm_type": "node",
        "access": "yes",
        "fee": "no",
        "operator": "Pau"
      }
    },
    {
      "type": "Feature",
      "geometry": {
        "type": "Point",
        "coordinates": [
          -0.3849511,
          43.29983
        ]
      },
      "properties": {
        "id": 6740198978,
        "osm_type": "node",
        "access": "yes",
        "fee": "no",
        "operator": "Pau"
      }
    },
    {
      "type": "Feature",
      "geometry": {
        "type": "Point",
        "coordinates": [
          -0.3849251,
          43.299288
        ]
      },
      "properties": {
        "id": 6740198979,
        "osm_type": "node",
        "access": "yes",
        "fee": "no",
        "operator": "Pau"
      }
    },
    {
      "type": "Feature",
      "geometry": {
        "type": "Point",
        "coordinates": [
          -0.3841111,
          43.29929
        ]
      },
      "properties": {
        "id": 6740198980,
        "osm_type": "node",
        "access": "yes",
        "fee": "no",
        "operator": "Pau"
      }
    },
    {
      "type": "Feature",
      "geometry": {
        "type": "Point",
        "coordinates": [
          -0.3833601,
          43.2993991
        ]
      },
      "properties": {
        "id": 6740215888,
        "osm_type": "node",
        "fee": "no",
        "operator": "Pau"
      }
    },
    {
      "type": "Feature",
      "geometry": {
        "type": "Point",
        "coordinates": [
          -0.3838125,
          43.2986547
        ]
      },
      "properties": {
        "id": 6740215889,
        "osm_type": "node",
        "access": "yes",
        "fee": "no",
        "operator": "Pau"
      }
    },
    {
      "type": "Feature",
      "geometry": {
        "type": "Point",
        "coordinates": [
          -0.3826691,
          43.298657
        ]
      },
      "properties": {
        "id": 6740215890,
        "osm_type": "node",
        "access": "yes",
        "fee": "no",
        "operator": "Pau"
      }
    },
    {
      "type": "Feature",
      "geometry": {
        "type": "Point",
        "coordinates": [
          -0.3556801,
          43.319167
        ]
      },
      "properties": {
        "id": 6740216014,
        "osm_type": "node",
        "access": "yes",
        "fee": "no",
        "operator": "Pau"
      }
    },
    {
      "type": "Feature",
      "geometry": {
        "type": "Point",
        "coordinates": [
          -0.3549231,
          43.319158
        ]
      },
      "properties": {
        "id": 6740216015,
        "osm_type": "node",
        "access": "yes",
        "fee": "no",
        "operator": "Pau"
      }
    },
    {
      "type": "Feature",
      "geometry": {
        "type": "Point",
        "coordinates": [
          -0.3563371,
          43.319259
        ]
      },
      "properties": {
        "id": 6740216016,
        "osm_type": "node",
        "access": "yes",
        "fee": "no",
        "operator": "Pau"
      }
    },
    {
      "type": "Feature",
      "geometry": {
        "type": "Point",
        "coordinates": [
          -0.3639341,
          43.31913
        ]
      },
      "properties": {
        "id": 6740216017,
        "osm_type": "node",
        "access": "yes",
        "fee": "no",
        "operator": "Pau"
      }
    },
    {
      "type": "Feature",
      "geometry": {
        "type": "Point",
        "coordinates": [
          -0.3849681,
          43.298865
        ]
      },
      "properties": {
        "id": 6740222118,
        "osm_type": "node",
        "access": "yes",
        "fee": "no",
        "operator": "Pau"
      }
    },
    {
      "type": "Feature",
      "geometry": {
        "type": "Point",
        "coordinates": [
          -0.3860521,
          43.298041
        ]
      },
      "properties": {
        "id": 6740222119,
        "osm_type": "node",
        "access": "yes",
        "fee": "no",
        "operator": "Pau"
      }
    },
    {
      "type": "Feature",
      "geometry": {
        "type": "Point",
        "coordinates": [
          -0.3748111,
          43.304943
        ]
      },
      "properties": {
        "id": 6740232874,
        "osm_type": "node",
        "fee": "no",
        "operator": "Pau"
      }
    },
    {
      "type": "Feature",
      "geometry": {
        "type": "Point",
        "coordinates": [
          -0.3809771,
          43.303946
        ]
      },
      "properties": {
        "id": 6740232875,
        "osm_type": "node",
        "access": "yes",
        "fee": "no"
      }
    },
    {
      "type": "Feature",
      "geometry": {
        "type": "Point",
        "coordinates": [
          -0.3835221,
          43.2977321
        ]
      },
      "properties": {
        "id": 6740238937,
        "osm_type": "node",
        "access": "yes",
        "fee": "no",
        "operator": "Pau"
      }
    },
    {
      "type": "Feature",
      "geometry": {
        "type": "Point",
        "coordinates": [
          -0.3826791,
          43.2979821
        ]
      },
      "properties": {
        "id": 6740238938,
        "osm_type": "node",
        "access": "yes",
        "fee": "no",
        "operator": "Pau"
      }
    },
    {
      "type": "Feature",
      "geometry": {
        "type": "Point",
        "coordinates": [
          -0.3841221,
          43.296126
        ]
      },
      "properties": {
        "id": 6740238939,
        "osm_type": "node",
        "access": "yes",
        "fee": "no",
        "operator": "Pau"
      }
    },
    {
      "type": "Feature",
      "geometry": {
        "type": "Point",
        "coordinates": [
          -0.3615901,
          43.334365
        ]
      },
      "properties": {
        "id": 6740242387,
        "osm_type": "node",
        "fee": "no",
        "operator": "Pau"
      }
    },
    {
      "type": "Feature",
      "geometry": {
        "type": "Point",
        "coordinates": [
          -0.3702661,
          43.326662
        ]
      },
      "properties": {
        "id": 6740242388,
        "osm_type": "node",
        "access": "yes",
        "fee": "no",
        "operator": "Pau"
      }
    },
    {
      "type": "Feature",
      "geometry": {
        "type": "Point",
        "coordinates": [
          -0.3706921,
          43.2932351
        ]
      },
      "properties": {
        "id": 6740247044,
        "osm_type": "node",
        "access": "yes",
        "fee": "no",
        "operator": "Pau"
      }
    },
    {
      "type": "Feature",
      "geometry": {
        "type": "Point",
        "coordinates": [
          -0.3811294,
          43.2916225
        ]
      },
      "properties": {
        "id": 6740247045,
        "osm_type": "node",
        "access": "yes",
        "fee": "no",
        "operator": "Pau"
      }
    },
    {
      "type": "Feature",
      "geometry": {
        "type": "Point",
        "coordinates": [
          -0.3816308,
          43.2953595
        ]
      },
      "properties": {
        "id": 6740251785,
        "osm_type": "node",
        "access": "yes",
        "fee": "no",
        "operator": "Pau"
      }
    },
    {
      "type": "Feature",
      "geometry": {
        "type": "Point",
        "coordinates": [
          -0.3776991,
          43.2957261
        ]
      },
      "properties": {
        "id": 6740251786,
        "osm_type": "node",
        "access": "yes",
        "fee": "no",
        "operator": "Pau",
        "indoor": "no"
      }
    },
    {
      "type": "Feature",
      "geometry": {
        "type": "Point",
        "coordinates": [
          -0.3749331,
          43.295792
        ]
      },
      "properties": {
        "id": 6740251787,
        "osm_type": "node",
        "access": "yes",
        "fee": "no",
        "operator": "Pau"
      }
    },
    {
      "type": "Feature",
      "geometry": {
        "type": "Point",
        "coordinates": [
          -0.3731598,
          43.2959999
        ]
      },
      "properties": {
        "id": 6740251788,
        "osm_type": "node",
        "access": "yes",
        "fee": "no",
        "operator": "Pau"
      }
    },
    {
      "type": "Feature",
      "geometry": {
        "type": "Point",
        "coordinates": [
          -0.3673411,
          43.298475
        ]
      },
      "properties": {
        "id": 6740251789,
        "osm_type": "node",
        "access": "yes",
        "fee": "no",
        "operator": "Pau"
      }
    },
    {
      "type": "Feature",
      "geometry": {
        "type": "Point",
        "coordinates": [
          -0.3665751,
          43.3060061
        ]
      },
      "properties": {
        "id": 6740252191,
        "osm_type": "node",
        "access": "yes",
        "fee": "no",
        "operator": "Pau"
      }
    },
    {
      "type": "Feature",
      "geometry": {
        "type": "Point",
        "coordinates": [
          -0.3656508,
          43.3061614
        ]
      },
      "properties": {
        "id": 6740252192,
        "osm_type": "node",
        "access": "yes",
        "fee": "no",
        "operator": "Pau"
      }
    },
    {
      "type": "Feature",
      "geometry": {
        "type": "Point",
        "coordinates": [
          -0.3669101,
          43.292047
        ]
      },
      "properties": {
        "id": 6740268798,
        "osm_type": "node",
        "access": "yes",
        "fee": "no",
        "operator": "Pau"
      }
    },
    {
      "type": "Feature",
      "geometry": {
        "type": "Point",
        "coordinates": [
          -0.3696231,
          43.2925249
        ]
      },
      "properties": {
        "id": 6740268799,
        "osm_type": "node",
        "access": "yes",
        "fee": "no",
        "operator": "Pau"
      }
    },
    {
      "type": "Feature",
      "geometry": {
        "type": "Point",
        "coordinates": [
          -0.3982031,
          43.2933061
        ]
      },
      "properties": {
        "id": 6742055996,
        "osm_type": "node",
        "access": "yes",
        "fee": "no"
      }
    },
    {
      "type": "Feature",
      "geometry": {
        "type": "Point",
        "coordinates": [
          -0.3979691,
          43.293797
        ]
      },
      "properties": {
        "id": 6742055997,
        "osm_type": "node",
        "access": "yes",
        "fee": "no"
      }
    },
    {
      "type": "Feature",
      "geometry": {
        "type": "Point",
        "coordinates": [
          -0.3899741,
          43.287728
        ]
      },
      "properties": {
        "id": 6742055998,
        "osm_type": "node",
        "access": "yes",
        "fee": "no"
      }
    },
    {
      "type": "Feature",
      "geometry": {
        "type": "Point",
        "coordinates": [
          -0.3820501,
          43.288881
        ]
      },
      "properties": {
        "id": 6742055999,
        "osm_type": "node",
        "access": "yes",
        "fee": "no",
        "operator": "Pau"
      }
    },
    {
      "type": "Feature",
      "geometry": {
        "type": "Point",
        "coordinates": [
          -0.3687971,
          43.286987
        ]
      },
      "properties": {
        "id": 6742056000,
        "osm_type": "node",
        "access": "yes",
        "fee": "no"
      }
    },
    {
      "type": "Feature",
      "geometry": {
        "type": "Point",
        "coordinates": [
          -0.3443041,
          43.306096
        ]
      },
      "properties": {
        "id": 6742056001,
        "osm_type": "node",
        "access": "yes",
        "fee": "no",
        "operator": "Pau"
      }
    },
    {
      "type": "Feature",
      "geometry": {
        "type": "Point",
        "coordinates": [
          -0.3436041,
          43.3198601
        ]
      },
      "properties": {
        "id": 6742056003,
        "osm_type": "node",
        "access": "yes",
        "fee": "no",
        "operator": "Pau"
      }
    },
    {
      "type": "Feature",
      "geometry": {
        "type": "Point",
        "coordinates": [
          -0.3453551,
          43.316263
        ]
      },
      "properties": {
        "id": 6742056004,
        "osm_type": "node",
        "access": "yes",
        "fee": "no",
        "operator": "Pau"
      }
    },
    {
      "type": "Feature",
      "geometry": {
        "type": "Point",
        "coordinates": [
          -1.5203256,
          43.512474
        ]
      },
      "properties": {
        "id": 6742215214,
        "osm_type": "node",
        "operator": "Ville d'Anglet"
      }
    },
    {
      "type": "Feature",
      "geometry": {
        "type": "Point",
        "coordinates": [
          -0.7643142,
          44.603972
        ]
      },
      "properties": {
        "id": 6742258966,
        "osm_type": "node"
      }
    },
    {
      "type": "Feature",
      "geometry": {
        "type": "Point",
        "coordinates": [
          0.2200102,
          46.3836944
        ]
      },
      "properties": {
        "id": 6742522978,
        "osm_type": "node"
      }
    },
    {
      "type": "Feature",
      "geometry": {
        "type": "Point",
        "coordinates": [
          -0.3961851,
          43.297742
        ]
      },
      "properties": {
        "id": 6742868051,
        "osm_type": "node",
        "access": "yes",
        "fee": "no"
      }
    },
    {
      "type": "Feature",
      "geometry": {
        "type": "Point",
        "coordinates": [
          -0.3907561,
          43.300129
        ]
      },
      "properties": {
        "id": 6742868052,
        "osm_type": "node",
        "access": "yes",
        "fee": "no"
      }
    },
    {
      "type": "Feature",
      "geometry": {
        "type": "Point",
        "coordinates": [
          -0.3910471,
          43.3004181
        ]
      },
      "properties": {
        "id": 6742868053,
        "osm_type": "node",
        "access": "yes",
        "fee": "no"
      }
    },
    {
      "type": "Feature",
      "geometry": {
        "type": "Point",
        "coordinates": [
          -0.3950041,
          43.302472
        ]
      },
      "properties": {
        "id": 6742868054,
        "osm_type": "node",
        "access": "yes",
        "fee": "no"
      }
    },
    {
      "type": "Feature",
      "geometry": {
        "type": "Point",
        "coordinates": [
          -0.3942221,
          43.306418
        ]
      },
      "properties": {
        "id": 6742868055,
        "osm_type": "node",
        "access": "yes",
        "fee": "no"
      }
    },
    {
      "type": "Feature",
      "geometry": {
        "type": "Point",
        "coordinates": [
          -0.3900411,
          43.3110187
        ]
      },
      "properties": {
        "id": 6742868056,
        "osm_type": "node",
        "access": "yes",
        "fee": "no"
      }
    },
    {
      "type": "Feature",
      "geometry": {
        "type": "Point",
        "coordinates": [
          -0.3926371,
          43.3104271
        ]
      },
      "properties": {
        "id": 6742868057,
        "osm_type": "node",
        "access": "yes",
        "fee": "no"
      }
    },
    {
      "type": "Feature",
      "geometry": {
        "type": "Point",
        "coordinates": [
          -0.3923031,
          43.310703
        ]
      },
      "properties": {
        "id": 6742868058,
        "osm_type": "node",
        "access": "yes",
        "fee": "no"
      }
    },
    {
      "type": "Feature",
      "geometry": {
        "type": "Point",
        "coordinates": [
          -0.3930081,
          43.311194
        ]
      },
      "properties": {
        "id": 6742868059,
        "osm_type": "node",
        "access": "yes",
        "fee": "no"
      }
    },
    {
      "type": "Feature",
      "geometry": {
        "type": "Point",
        "coordinates": [
          -0.3919581,
          43.311339
        ]
      },
      "properties": {
        "id": 6742868060,
        "osm_type": "node",
        "access": "yes",
        "fee": "no"
      }
    },
    {
      "type": "Feature",
      "geometry": {
        "type": "Point",
        "coordinates": [
          -0.3846731,
          43.314906
        ]
      },
      "properties": {
        "id": 6742908010,
        "osm_type": "node",
        "access": "yes",
        "fee": "no",
        "operator": "Billère"
      }
    },
    {
      "type": "Feature",
      "geometry": {
        "type": "Point",
        "coordinates": [
          -0.3830921,
          43.323444
        ]
      },
      "properties": {
        "id": 6742908011,
        "osm_type": "node",
        "access": "yes",
        "fee": "no"
      }
    },
    {
      "type": "Feature",
      "geometry": {
        "type": "Point",
        "coordinates": [
          -0.3826651,
          43.3229971
        ]
      },
      "properties": {
        "id": 6742908012,
        "osm_type": "node",
        "access": "yes",
        "fee": "no"
      }
    },
    {
      "type": "Feature",
      "geometry": {
        "type": "Point",
        "coordinates": [
          -0.3824491,
          43.323473
        ]
      },
      "properties": {
        "id": 6742908013,
        "osm_type": "node",
        "access": "yes",
        "fee": "no"
      }
    },
    {
      "type": "Feature",
      "geometry": {
        "type": "Point",
        "coordinates": [
          -0.3817991,
          43.323118
        ]
      },
      "properties": {
        "id": 6742908014,
        "osm_type": "node",
        "access": "yes",
        "fee": "no"
      }
    },
    {
      "type": "Feature",
      "geometry": {
        "type": "Point",
        "coordinates": [
          -1.590987,
          43.439599
        ]
      },
      "properties": {
        "id": 6743762898,
        "osm_type": "node",
        "access": "yes",
        "fee": "no",
        "operator": "Mairie de Bidart"
      }
    },
    {
      "type": "Feature",
      "geometry": {
        "type": "Point",
        "coordinates": [
          -1.6589859,
          43.382884
        ]
      },
      "properties": {
        "id": 6745961204,
        "osm_type": "node",
        "access": "yes",
        "fee": "no"
      }
    },
    {
      "type": "Feature",
      "geometry": {
        "type": "Point",
        "coordinates": [
          -1.2391232,
          43.1617694
        ]
      },
      "properties": {
        "id": 6749392170,
        "osm_type": "node"
      }
    },
    {
      "type": "Feature",
      "geometry": {
        "type": "Point",
        "coordinates": [
          -1.4012585,
          43.4929477
        ]
      },
      "properties": {
        "id": 6750132186,
        "osm_type": "node"
      }
    },
    {
      "type": "Feature",
      "geometry": {
        "type": "Point",
        "coordinates": [
          -1.4019514,
          43.4929078
        ]
      },
      "properties": {
        "id": 6750132187,
        "osm_type": "node"
      }
    },
    {
      "type": "Feature",
      "geometry": {
        "type": "Point",
        "coordinates": [
          -1.2086776,
          46.1476332
        ]
      },
      "properties": {
        "id": 6753471484,
        "osm_type": "node",
        "name": "Plage Chef de Baie",
        "access": "yes",
        "fee": "no",
        "indoor": "no"
      }
    },
    {
      "type": "Feature",
      "geometry": {
        "type": "Point",
        "coordinates": [
          0.6840981,
          46.0535137
        ]
      },
      "properties": {
        "id": 6753967579,
        "osm_type": "node",
        "access": "yes",
        "fee": "no",
        "indoor": "no"
      }
    },
    {
      "type": "Feature",
      "geometry": {
        "type": "Point",
        "coordinates": [
          -0.5229583,
          44.6822607
        ]
      },
      "properties": {
        "id": 6761811707,
        "osm_type": "node"
      }
    },
    {
      "type": "Feature",
      "geometry": {
        "type": "Point",
        "coordinates": [
          -0.6920543,
          43.1451034
        ]
      },
      "properties": {
        "id": 6766438441,
        "osm_type": "node"
      }
    },
    {
      "type": "Feature",
      "geometry": {
        "type": "Point",
        "coordinates": [
          -0.9848255,
          44.2311157
        ]
      },
      "properties": {
        "id": 6772184585,
        "osm_type": "node"
      }
    },
    {
      "type": "Feature",
      "geometry": {
        "type": "Point",
        "coordinates": [
          -1.3544432,
          46.2042562
        ]
      },
      "properties": {
        "id": 6782585690,
        "osm_type": "node"
      }
    },
    {
      "type": "Feature",
      "geometry": {
        "type": "Point",
        "coordinates": [
          -1.4719729,
          43.4956261
        ]
      },
      "properties": {
        "id": 6788157814,
        "osm_type": "node",
        "access": "yes",
        "fee": "no"
      }
    },
    {
      "type": "Feature",
      "geometry": {
        "type": "Point",
        "coordinates": [
          -0.4059117,
          44.7808844
        ]
      },
      "properties": {
        "id": 6794805693,
        "osm_type": "node"
      }
    },
    {
      "type": "Feature",
      "geometry": {
        "type": "Point",
        "coordinates": [
          0.2544434,
          44.7283479
        ]
      },
      "properties": {
        "id": 6807262513,
        "osm_type": "node"
      }
    },
    {
      "type": "Feature",
      "geometry": {
        "type": "Point",
        "coordinates": [
          0.1098509,
          44.6738076
        ]
      },
      "properties": {
        "id": 6808369173,
        "osm_type": "node",
        "fee": "no"
      }
    },
    {
      "type": "Feature",
      "geometry": {
        "type": "Point",
        "coordinates": [
          -0.5614634,
          44.8336088
        ]
      },
      "properties": {
        "id": 6811669063,
        "osm_type": "node"
      }
    },
    {
      "type": "Feature",
      "geometry": {
        "type": "Point",
        "coordinates": [
          -1.5582701,
          43.4848759
        ]
      },
      "properties": {
        "id": 6814023150,
        "osm_type": "node"
      }
    },
    {
      "type": "Feature",
      "geometry": {
        "type": "Point",
        "coordinates": [
          1.2685411,
          45.8213541
        ]
      },
      "properties": {
        "id": 6814131342,
        "osm_type": "node",
        "name": "Point d'eau potable"
      }
    },
    {
      "type": "Feature",
      "geometry": {
        "type": "Point",
        "coordinates": [
          -0.3358113,
          43.2098476
        ]
      },
      "properties": {
        "id": 6814591166,
        "osm_type": "node"
      }
    },
    {
      "type": "Feature",
      "geometry": {
        "type": "Point",
        "coordinates": [
          -0.3317199,
          43.1713623
        ]
      },
      "properties": {
        "id": 6814599525,
        "osm_type": "node",
        "name": "Fontaine",
        "access": "yes",
        "fee": "no",
        "operator": "Commune de Haut-de-Bosdarros"
      }
    },
    {
      "type": "Feature",
      "geometry": {
        "type": "Point",
        "coordinates": [
          -0.9443942,
          43.1859224
        ]
      },
      "properties": {
        "id": 6821926331,
        "osm_type": "node"
      }
    },
    {
      "type": "Feature",
      "geometry": {
        "type": "Point",
        "coordinates": [
          -1.4934647,
          43.4781347
        ]
      },
      "properties": {
        "id": 6827053586,
        "osm_type": "node",
        "access": "yes",
        "fee": "no"
      }
    },
    {
      "type": "Feature",
      "geometry": {
        "type": "Point",
        "coordinates": [
          -1.4929455,
          43.4811916
        ]
      },
      "properties": {
        "id": 6827053587,
        "osm_type": "node",
        "access": "yes",
        "fee": "no"
      }
    },
    {
      "type": "Feature",
      "geometry": {
        "type": "Point",
        "coordinates": [
          -1.4986494,
          43.4793871
        ]
      },
      "properties": {
        "id": 6827053588,
        "osm_type": "node",
        "access": "yes",
        "fee": "no"
      }
    },
    {
      "type": "Feature",
      "geometry": {
        "type": "Point",
        "coordinates": [
          -1.5003982,
          43.4784325
        ]
      },
      "properties": {
        "id": 6827053589,
        "osm_type": "node",
        "access": "yes",
        "fee": "no"
      }
    },
    {
      "type": "Feature",
      "geometry": {
        "type": "Point",
        "coordinates": [
          -1.4871857,
          43.4952335
        ]
      },
      "properties": {
        "id": 6827053590,
        "osm_type": "node",
        "access": "yes",
        "fee": "no"
      }
    },
    {
      "type": "Feature",
      "geometry": {
        "type": "Point",
        "coordinates": [
          -1.4867659,
          43.4951392
        ]
      },
      "properties": {
        "id": 6827053591,
        "osm_type": "node",
        "access": "yes",
        "fee": "no"
      }
    },
    {
      "type": "Feature",
      "geometry": {
        "type": "Point",
        "coordinates": [
          -1.4873506,
          43.4963294
        ]
      },
      "properties": {
        "id": 6827053592,
        "osm_type": "node",
        "access": "yes",
        "fee": "no"
      }
    },
    {
      "type": "Feature",
      "geometry": {
        "type": "Point",
        "coordinates": [
          -1.4340296,
          43.5082697
        ]
      },
      "properties": {
        "id": 6827053593,
        "osm_type": "node",
        "access": "yes",
        "fee": "no"
      }
    },
    {
      "type": "Feature",
      "geometry": {
        "type": "Point",
        "coordinates": [
          -1.4341376,
          43.5083859
        ]
      },
      "properties": {
        "id": 6827053594,
        "osm_type": "node",
        "access": "yes",
        "fee": "no"
      }
    },
    {
      "type": "Feature",
      "geometry": {
        "type": "Point",
        "coordinates": [
          -1.4580703,
          43.5057193
        ]
      },
      "properties": {
        "id": 6827053595,
        "osm_type": "node",
        "access": "yes",
        "fee": "no"
      }
    },
    {
      "type": "Feature",
      "geometry": {
        "type": "Point",
        "coordinates": [
          -1.4610797,
          43.4999265
        ]
      },
      "properties": {
        "id": 6827053597,
        "osm_type": "node",
        "access": "yes",
        "fee": "no"
      }
    },
    {
      "type": "Feature",
      "geometry": {
        "type": "Point",
        "coordinates": [
          -1.4519696,
          43.5009013
        ]
      },
      "properties": {
        "id": 6827053598,
        "osm_type": "node",
        "access": "yes",
        "fee": "no"
      }
    },
    {
      "type": "Feature",
      "geometry": {
        "type": "Point",
        "coordinates": [
          -1.4550193,
          43.4995082
        ]
      },
      "properties": {
        "id": 6827053599,
        "osm_type": "node",
        "access": "yes",
        "fee": "no"
      }
    },
    {
      "type": "Feature",
      "geometry": {
        "type": "Point",
        "coordinates": [
          -1.4565629,
          43.4991366
        ]
      },
      "properties": {
        "id": 6827053600,
        "osm_type": "node",
        "access": "yes",
        "fee": "no"
      }
    },
    {
      "type": "Feature",
      "geometry": {
        "type": "Point",
        "coordinates": [
          -1.4530009,
          43.4964856
        ]
      },
      "properties": {
        "id": 6827053601,
        "osm_type": "node",
        "access": "yes",
        "fee": "no"
      }
    },
    {
      "type": "Feature",
      "geometry": {
        "type": "Point",
        "coordinates": [
          -1.4560479,
          43.4956256
        ]
      },
      "properties": {
        "id": 6827053602,
        "osm_type": "node",
        "access": "yes",
        "fee": "no"
      }
    },
    {
      "type": "Feature",
      "geometry": {
        "type": "Point",
        "coordinates": [
          -1.462398,
          43.4911804
        ]
      },
      "properties": {
        "id": 6827053603,
        "osm_type": "node",
        "access": "yes",
        "fee": "no"
      }
    },
    {
      "type": "Feature",
      "geometry": {
        "type": "Point",
        "coordinates": [
          -1.4720741,
          43.4900882
        ]
      },
      "properties": {
        "id": 6827053605,
        "osm_type": "node",
        "access": "yes",
        "fee": "no"
      }
    },
    {
      "type": "Feature",
      "geometry": {
        "type": "Point",
        "coordinates": [
          -1.4804177,
          43.4905013
        ]
      },
      "properties": {
        "id": 6827053606,
        "osm_type": "node",
        "access": "yes",
        "fee": "no"
      }
    },
    {
      "type": "Feature",
      "geometry": {
        "type": "Point",
        "coordinates": [
          -1.4793478,
          43.4920499
        ]
      },
      "properties": {
        "id": 6827053608,
        "osm_type": "node",
        "access": "yes",
        "fee": "no"
      }
    },
    {
      "type": "Feature",
      "geometry": {
        "type": "Point",
        "coordinates": [
          -1.4788307,
          43.4938771
        ]
      },
      "properties": {
        "id": 6827053610,
        "osm_type": "node",
        "access": "yes",
        "fee": "no"
      }
    },
    {
      "type": "Feature",
      "geometry": {
        "type": "Point",
        "coordinates": [
          -0.3798323,
          45.0668427
        ]
      },
      "properties": {
        "id": 6832913938,
        "osm_type": "node"
      }
    },
    {
      "type": "Feature",
      "geometry": {
        "type": "Point",
        "coordinates": [
          -1.5730626,
          43.4656121
        ]
      },
      "properties": {
        "id": 6835400336,
        "osm_type": "node"
      }
    },
    {
      "type": "Feature",
      "geometry": {
        "type": "Point",
        "coordinates": [
          -0.4824561,
          46.3141942
        ]
      },
      "properties": {
        "id": 6850881578,
        "osm_type": "node",
        "access": "yes",
        "fee": "no"
      }
    },
    {
      "type": "Feature",
      "geometry": {
        "type": "Point",
        "coordinates": [
          -0.6487321,
          44.8847561
        ]
      },
      "properties": {
        "id": 6873475852,
        "osm_type": "node"
      }
    },
    {
      "type": "Feature",
      "geometry": {
        "type": "Point",
        "coordinates": [
          -0.6488261,
          44.8853392
        ]
      },
      "properties": {
        "id": 6873485289,
        "osm_type": "node"
      }
    },
    {
      "type": "Feature",
      "geometry": {
        "type": "Point",
        "coordinates": [
          -1.1162187,
          44.6440336
        ]
      },
      "properties": {
        "id": 6873498017,
        "osm_type": "node"
      }
    },
    {
      "type": "Feature",
      "geometry": {
        "type": "Point",
        "coordinates": [
          0.4099445,
          44.7582892
        ]
      },
      "properties": {
        "id": 6874877418,
        "osm_type": "node",
        "access": "yes",
        "fee": "no"
      }
    },
    {
      "type": "Feature",
      "geometry": {
        "type": "Point",
        "coordinates": [
          -0.6116401,
          43.1925909
        ]
      },
      "properties": {
        "id": 6875929745,
        "osm_type": "node",
        "name": "Fontaine"
      }
    },
    {
      "type": "Feature",
      "geometry": {
        "type": "Point",
        "coordinates": [
          -0.6046527,
          43.1883779
        ]
      },
      "properties": {
        "id": 6875944676,
        "osm_type": "node",
        "name": "Fontaine"
      }
    },
    {
      "type": "Feature",
      "geometry": {
        "type": "Point",
        "coordinates": [
          -0.3465644,
          43.3210947
        ]
      },
      "properties": {
        "id": 6882472676,
        "osm_type": "node",
        "access": "yes",
        "fee": "no",
        "operator": "Pau"
      }
    },
    {
      "type": "Feature",
      "geometry": {
        "type": "Point",
        "coordinates": [
          -0.2314948,
          44.9176007
        ]
      },
      "properties": {
        "id": 6896217437,
        "osm_type": "node"
      }
    },
    {
      "type": "Feature",
      "geometry": {
        "type": "Point",
        "coordinates": [
          -0.3461203,
          43.3209966
        ]
      },
      "properties": {
        "id": 6911270606,
        "osm_type": "node",
        "access": "yes",
        "fee": "no",
        "operator": "Pau"
      }
    },
    {
      "type": "Feature",
      "geometry": {
        "type": "Point",
        "coordinates": [
          0.357204,
          44.6820367
        ]
      },
      "properties": {
        "id": 6918048045,
        "osm_type": "node"
      }
    },
    {
      "type": "Feature",
      "geometry": {
        "type": "Point",
        "coordinates": [
          -0.9866754,
          44.2339331
        ]
      },
      "properties": {
        "id": 6919009270,
        "osm_type": "node"
      }
    },
    {
      "type": "Feature",
      "geometry": {
        "type": "Point",
        "coordinates": [
          -0.9207775,
          44.2172712
        ]
      },
      "properties": {
        "id": 6919021126,
        "osm_type": "node"
      }
    },
    {
      "type": "Feature",
      "geometry": {
        "type": "Point",
        "coordinates": [
          -0.9208533,
          44.2178589
        ]
      },
      "properties": {
        "id": 6919021128,
        "osm_type": "node"
      }
    },
    {
      "type": "Feature",
      "geometry": {
        "type": "Point",
        "coordinates": [
          -0.921322,
          44.2183856
        ]
      },
      "properties": {
        "id": 6919021131,
        "osm_type": "node"
      }
    },
    {
      "type": "Feature",
      "geometry": {
        "type": "Point",
        "coordinates": [
          -0.8720153,
          44.3187859
        ]
      },
      "properties": {
        "id": 6919021140,
        "osm_type": "node"
      }
    },
    {
      "type": "Feature",
      "geometry": {
        "type": "Point",
        "coordinates": [
          -1.0714955,
          44.3500927
        ]
      },
      "properties": {
        "id": 6920025305,
        "osm_type": "node",
        "access": "yes",
        "fee": "no"
      }
    },
    {
      "type": "Feature",
      "geometry": {
        "type": "Point",
        "coordinates": [
          0.3408168,
          44.7508164
        ]
      },
      "properties": {
        "id": 6930256213,
        "osm_type": "node"
      }
    },
    {
      "type": "Feature",
      "geometry": {
        "type": "Point",
        "coordinates": [
          0.3410468,
          44.7501629
        ]
      },
      "properties": {
        "id": 6930392985,
        "osm_type": "node"
      }
    },
    {
      "type": "Feature",
      "geometry": {
        "type": "Point",
        "coordinates": [
          0.6834,
          45.3541728
        ]
      },
      "properties": {
        "id": 6934406864,
        "osm_type": "node",
        "access": "yes",
        "operator": "Fontaine d'Amour"
      }
    },
    {
      "type": "Feature",
      "geometry": {
        "type": "Point",
        "coordinates": [
          -1.6408954,
          43.407119
        ]
      },
      "properties": {
        "id": 6934697907,
        "osm_type": "node"
      }
    },
    {
      "type": "Feature",
      "geometry": {
        "type": "Point",
        "coordinates": [
          -1.6260117,
          43.4137333
        ]
      },
      "properties": {
        "id": 6934697909,
        "osm_type": "node",
        "access": "yes",
        "fee": "no"
      }
    },
    {
      "type": "Feature",
      "geometry": {
        "type": "Point",
        "coordinates": [
          -1.1817322,
          44.3870516
        ]
      },
      "properties": {
        "id": 6934697910,
        "osm_type": "node"
      }
    },
    {
      "type": "Feature",
      "geometry": {
        "type": "Point",
        "coordinates": [
          -1.1156826,
          45.8209541
        ]
      },
      "properties": {
        "id": 6934697911,
        "osm_type": "node"
      }
    },
    {
      "type": "Feature",
      "geometry": {
        "type": "Point",
        "coordinates": [
          1.4925651,
          46.2392447
        ]
      },
      "properties": {
        "id": 6942902116,
        "osm_type": "node"
      }
    },
    {
      "type": "Feature",
      "geometry": {
        "type": "Point",
        "coordinates": [
          -0.5991754,
          44.879506
        ]
      },
      "properties": {
        "id": 6944941290,
        "osm_type": "node"
      }
    },
    {
      "type": "Feature",
      "geometry": {
        "type": "Point",
        "coordinates": [
          -1.0290992,
          44.6422293
        ]
      },
      "properties": {
        "id": 6951037700,
        "osm_type": "node",
        "indoor": "yes"
      }
    },
    {
      "type": "Feature",
      "geometry": {
        "type": "Point",
        "coordinates": [
          -0.8026628,
          44.6729012
        ]
      },
      "properties": {
        "id": 6988033843,
        "osm_type": "node"
      }
    },
    {
      "type": "Feature",
      "geometry": {
        "type": "Point",
        "coordinates": [
          -0.4198717,
          43.82193
        ]
      },
      "properties": {
        "id": 6993592656,
        "osm_type": "node"
      }
    },
    {
      "type": "Feature",
      "geometry": {
        "type": "Point",
        "coordinates": [
          -0.6441744,
          44.871768
        ]
      },
      "properties": {
        "id": 7003811000,
        "osm_type": "node"
      }
    },
    {
      "type": "Feature",
      "geometry": {
        "type": "Point",
        "coordinates": [
          -0.8586757,
          44.6978024
        ]
      },
      "properties": {
        "id": 7006644924,
        "osm_type": "node"
      }
    },
    {
      "type": "Feature",
      "geometry": {
        "type": "Point",
        "coordinates": [
          -0.8594857,
          44.6978176
        ]
      },
      "properties": {
        "id": 7006644925,
        "osm_type": "node"
      }
    },
    {
      "type": "Feature",
      "geometry": {
        "type": "Point",
        "coordinates": [
          -0.8598357,
          44.6976775
        ]
      },
      "properties": {
        "id": 7006644926,
        "osm_type": "node"
      }
    },
    {
      "type": "Feature",
      "geometry": {
        "type": "Point",
        "coordinates": [
          -0.8595233,
          44.6975402
        ]
      },
      "properties": {
        "id": 7006644927,
        "osm_type": "node"
      }
    },
    {
      "type": "Feature",
      "geometry": {
        "type": "Point",
        "coordinates": [
          -0.8590432,
          44.6976079
        ]
      },
      "properties": {
        "id": 7006644928,
        "osm_type": "node"
      }
    },
    {
      "type": "Feature",
      "geometry": {
        "type": "Point",
        "coordinates": [
          -0.8590472,
          44.6980331
        ]
      },
      "properties": {
        "id": 7006644929,
        "osm_type": "node"
      }
    },
    {
      "type": "Feature",
      "geometry": {
        "type": "Point",
        "coordinates": [
          -0.6819937,
          44.7885779
        ]
      },
      "properties": {
        "id": 7017311234,
        "osm_type": "node"
      }
    },
    {
      "type": "Feature",
      "geometry": {
        "type": "Point",
        "coordinates": [
          -1.6087581,
          43.4243107
        ]
      },
      "properties": {
        "id": 7019231112,
        "osm_type": "node"
      }
    },
    {
      "type": "Feature",
      "geometry": {
        "type": "Point",
        "coordinates": [
          -0.96388,
          44.3305167
        ]
      },
      "properties": {
        "id": 7021724378,
        "osm_type": "node"
      }
    },
    {
      "type": "Feature",
      "geometry": {
        "type": "Point",
        "coordinates": [
          -0.9647383,
          44.3310481
        ]
      },
      "properties": {
        "id": 7021724380,
        "osm_type": "node"
      }
    },
    {
      "type": "Feature",
      "geometry": {
        "type": "Point",
        "coordinates": [
          -0.9650011,
          44.3314002
        ]
      },
      "properties": {
        "id": 7021724382,
        "osm_type": "node"
      }
    },
    {
      "type": "Feature",
      "geometry": {
        "type": "Point",
        "coordinates": [
          -1.3412332,
          43.1500711
        ]
      },
      "properties": {
        "id": 7029953185,
        "osm_type": "node"
      }
    },
    {
      "type": "Feature",
      "geometry": {
        "type": "Point",
        "coordinates": [
          -1.3366544,
          43.1638061
        ]
      },
      "properties": {
        "id": 7029953285,
        "osm_type": "node",
        "name": "A.C.C.A. de Baigorri"
      }
    },
    {
      "type": "Feature",
      "geometry": {
        "type": "Point",
        "coordinates": [
          -0.5853144,
          44.8201111
        ]
      },
      "properties": {
        "id": 7043827942,
        "osm_type": "node",
        "access": "yes",
        "fee": "no",
        "operator": "Mairie de Talence"
      }
    },
    {
      "type": "Feature",
      "geometry": {
        "type": "Point",
        "coordinates": [
          -0.3527363,
          46.8297969
        ]
      },
      "properties": {
        "id": 7057899107,
        "osm_type": "node"
      }
    },
    {
      "type": "Feature",
      "geometry": {
        "type": "Point",
        "coordinates": [
          -0.9014848,
          44.2528666
        ]
      },
      "properties": {
        "id": 7058702169,
        "osm_type": "node"
      }
    },
    {
      "type": "Feature",
      "geometry": {
        "type": "Point",
        "coordinates": [
          -0.9045503,
          44.2535903
        ]
      },
      "properties": {
        "id": 7058702172,
        "osm_type": "node"
      }
    },
    {
      "type": "Feature",
      "geometry": {
        "type": "Point",
        "coordinates": [
          0.1357198,
          45.2033117
        ]
      },
      "properties": {
        "id": 7071675872,
        "osm_type": "node"
      }
    },
    {
      "type": "Feature",
      "geometry": {
        "type": "Point",
        "coordinates": [
          0.6684615,
          44.4171975
        ]
      },
      "properties": {
        "id": 7077070679,
        "osm_type": "node",
        "name": "Point d'eau cimetière"
      }
    },
    {
      "type": "Feature",
      "geometry": {
        "type": "Point",
        "coordinates": [
          0.9625918,
          45.3633485
        ]
      },
      "properties": {
        "id": 7099529217,
        "osm_type": "node"
      }
    },
    {
      "type": "Feature",
      "geometry": {
        "type": "Point",
        "coordinates": [
          -1.0613287,
          43.7122767
        ]
      },
      "properties": {
        "id": 7108041745,
        "osm_type": "node",
        "access": "yes",
        "fee": "no"
      }
    },
    {
      "type": "Feature",
      "geometry": {
        "type": "Point",
        "coordinates": [
          -1.4989596,
          43.3070249
        ]
      },
      "properties": {
        "id": 7114748077,
        "osm_type": "node"
      }
    },
    {
      "type": "Feature",
      "geometry": {
        "type": "Point",
        "coordinates": [
          -0.9788266,
          44.6466957
        ]
      },
      "properties": {
        "id": 7159188411,
        "osm_type": "node"
      }
    },
    {
      "type": "Feature",
      "geometry": {
        "type": "Point",
        "coordinates": [
          -0.9792316,
          44.6470621
        ]
      },
      "properties": {
        "id": 7159188412,
        "osm_type": "node"
      }
    },
    {
      "type": "Feature",
      "geometry": {
        "type": "Point",
        "coordinates": [
          -0.9784859,
          44.6470593
        ]
      },
      "properties": {
        "id": 7159188413,
        "osm_type": "node"
      }
    },
    {
      "type": "Feature",
      "geometry": {
        "type": "Point",
        "coordinates": [
          -0.8031246,
          43.8326123
        ]
      },
      "properties": {
        "id": 7160717188,
        "osm_type": "node"
      }
    },
    {
      "type": "Feature",
      "geometry": {
        "type": "Point",
        "coordinates": [
          -0.8033709,
          43.8330492
        ]
      },
      "properties": {
        "id": 7160717189,
        "osm_type": "node"
      }
    },
    {
      "type": "Feature",
      "geometry": {
        "type": "Point",
        "coordinates": [
          1.2162997,
          44.8873223
        ]
      },
      "properties": {
        "id": 7168633776,
        "osm_type": "node",
        "access": "yes",
        "fee": "no"
      }
    },
    {
      "type": "Feature",
      "geometry": {
        "type": "Point",
        "coordinates": [
          -0.6491528,
          44.917161
        ]
      },
      "properties": {
        "id": 7201402086,
        "osm_type": "node"
      }
    },
    {
      "type": "Feature",
      "geometry": {
        "type": "Point",
        "coordinates": [
          -1.0190053,
          44.6362269
        ]
      },
      "properties": {
        "id": 7208919172,
        "osm_type": "node"
      }
    },
    {
      "type": "Feature",
      "geometry": {
        "type": "Point",
        "coordinates": [
          -1.0191888,
          44.635947
        ]
      },
      "properties": {
        "id": 7208919173,
        "osm_type": "node"
      }
    },
    {
      "type": "Feature",
      "geometry": {
        "type": "Point",
        "coordinates": [
          -0.5502922,
          44.8431294
        ]
      },
      "properties": {
        "id": 7218398702,
        "osm_type": "node"
      }
    },
    {
      "type": "Feature",
      "geometry": {
        "type": "Point",
        "coordinates": [
          -1.1916872,
          43.5676514
        ]
      },
      "properties": {
        "id": 7220668435,
        "osm_type": "node",
        "access": "yes",
        "fee": "no"
      }
    },
    {
      "type": "Feature",
      "geometry": {
        "type": "Point",
        "coordinates": [
          -0.6878999,
          43.1552551
        ]
      },
      "properties": {
        "id": 7233636587,
        "osm_type": "node"
      }
    },
    {
      "type": "Feature",
      "geometry": {
        "type": "Point",
        "coordinates": [
          -1.2625868,
          45.9120611
        ]
      },
      "properties": {
        "id": 7235082715,
        "osm_type": "node"
      }
    },
    {
      "type": "Feature",
      "geometry": {
        "type": "Point",
        "coordinates": [
          -1.5151581,
          43.5167707
        ]
      },
      "properties": {
        "id": 7253139891,
        "osm_type": "node"
      }
    },
    {
      "type": "Feature",
      "geometry": {
        "type": "Point",
        "coordinates": [
          -0.4302163,
          43.1268295
        ]
      },
      "properties": {
        "id": 7255926727,
        "osm_type": "node"
      }
    },
    {
      "type": "Feature",
      "geometry": {
        "type": "Point",
        "coordinates": [
          0.3279469,
          44.7221718
        ]
      },
      "properties": {
        "id": 7276641592,
        "osm_type": "node"
      }
    },
    {
      "type": "Feature",
      "geometry": {
        "type": "Point",
        "coordinates": [
          -0.3461188,
          43.2864796
        ]
      },
      "properties": {
        "id": 7296734354,
        "osm_type": "node"
      }
    },
    {
      "type": "Feature",
      "geometry": {
        "type": "Point",
        "coordinates": [
          -0.5018872,
          43.8917136
        ]
      },
      "properties": {
        "id": 7434947295,
        "osm_type": "node",
        "access": "yes",
        "fee": "no"
      }
    },
    {
      "type": "Feature",
      "geometry": {
        "type": "Point",
        "coordinates": [
          -0.4995913,
          43.8893321
        ]
      },
      "properties": {
        "id": 7434986389,
        "osm_type": "node"
      }
    },
    {
      "type": "Feature",
      "geometry": {
        "type": "Point",
        "coordinates": [
          -1.2226486,
          44.2237409
        ]
      },
      "properties": {
        "id": 7458420444,
        "osm_type": "node"
      }
    },
    {
      "type": "Feature",
      "geometry": {
        "type": "Point",
        "coordinates": [
          -1.2061452,
          44.2216911
        ]
      },
      "properties": {
        "id": 7458420453,
        "osm_type": "node"
      }
    },
    {
      "type": "Feature",
      "geometry": {
        "type": "Point",
        "coordinates": [
          -0.5454788,
          44.8508094
        ]
      },
      "properties": {
        "id": 7472454091,
        "osm_type": "node"
      }
    },
    {
      "type": "Feature",
      "geometry": {
        "type": "Point",
        "coordinates": [
          -0.364539,
          43.3102307
        ]
      },
      "properties": {
        "id": 7480406337,
        "osm_type": "node",
        "access": "yes",
        "fee": "no",
        "operator": "Pau"
      }
    },
    {
      "type": "Feature",
      "geometry": {
        "type": "Point",
        "coordinates": [
          -0.9300174,
          44.5983253
        ]
      },
      "properties": {
        "id": 7532208318,
        "osm_type": "node"
      }
    },
    {
      "type": "Feature",
      "geometry": {
        "type": "Point",
        "coordinates": [
          -0.9298783,
          44.5976908
        ]
      },
      "properties": {
        "id": 7532208319,
        "osm_type": "node"
      }
    },
    {
      "type": "Feature",
      "geometry": {
        "type": "Point",
        "coordinates": [
          -1.6629808,
          43.3993505
        ]
      },
      "properties": {
        "id": 7538022067,
        "osm_type": "node",
        "access": "yes",
        "fee": "yes"
      }
    },
    {
      "type": "Feature",
      "geometry": {
        "type": "Point",
        "coordinates": [
          -1.6665324,
          43.3880769
        ]
      },
      "properties": {
        "id": 7541521189,
        "osm_type": "node",
        "access": "yes",
        "fee": "no"
      }
    },
    {
      "type": "Feature",
      "geometry": {
        "type": "Point",
        "coordinates": [
          -1.6631999,
          43.3897221
        ]
      },
      "properties": {
        "id": 7541553946,
        "osm_type": "node",
        "access": "yes",
        "fee": "no"
      }
    },
    {
      "type": "Feature",
      "geometry": {
        "type": "Point",
        "coordinates": [
          -1.6630024,
          43.3900355
        ]
      },
      "properties": {
        "id": 7541553947,
        "osm_type": "node",
        "access": "yes",
        "fee": "no"
      }
    },
    {
      "type": "Feature",
      "geometry": {
        "type": "Point",
        "coordinates": [
          -1.6618344,
          43.3908308
        ]
      },
      "properties": {
        "id": 7541553951,
        "osm_type": "node",
        "access": "yes"
      }
    },
    {
      "type": "Feature",
      "geometry": {
        "type": "Point",
        "coordinates": [
          -1.6618,
          43.3911267
        ]
      },
      "properties": {
        "id": 7541613870,
        "osm_type": "node",
        "access": "yes",
        "fee": "no"
      }
    },
    {
      "type": "Feature",
      "geometry": {
        "type": "Point",
        "coordinates": [
          -1.6601693,
          43.3929515
        ]
      },
      "properties": {
        "id": 7541613871,
        "osm_type": "node",
        "access": "yes",
        "fee": "no"
      }
    },
    {
      "type": "Feature",
      "geometry": {
        "type": "Point",
        "coordinates": [
          -1.6601021,
          43.3932402
        ]
      },
      "properties": {
        "id": 7541613873,
        "osm_type": "node",
        "access": "yes",
        "fee": "no"
      }
    },
    {
      "type": "Feature",
      "geometry": {
        "type": "Point",
        "coordinates": [
          -1.6603019,
          43.3924917
        ]
      },
      "properties": {
        "id": 7541613875,
        "osm_type": "node",
        "access": "yes",
        "fee": "no"
      }
    },
    {
      "type": "Feature",
      "geometry": {
        "type": "Point",
        "coordinates": [
          -1.6590304,
          43.389892
        ]
      },
      "properties": {
        "id": 7541647384,
        "osm_type": "node",
        "access": "yes",
        "fee": "no"
      }
    },
    {
      "type": "Feature",
      "geometry": {
        "type": "Point",
        "coordinates": [
          -0.4073404,
          43.1025359
        ]
      },
      "properties": {
        "id": 7552007324,
        "osm_type": "node"
      }
    },
    {
      "type": "Feature",
      "geometry": {
        "type": "Point",
        "coordinates": [
          0.2375536,
          46.606904
        ]
      },
      "properties": {
        "id": 7556386863,
        "osm_type": "node",
        "access": "permissive",
        "fee": "no",
        "operator": "Commune de Quinçay"
      }
    },
    {
      "type": "Feature",
      "geometry": {
        "type": "Point",
        "coordinates": [
          -0.5740873,
          44.8176666
        ]
      },
      "properties": {
        "id": 7567213607,
        "osm_type": "node",
        "access": "permissive",
        "operator": "Ville de Bordeaux"
      }
    },
    {
      "type": "Feature",
      "geometry": {
        "type": "Point",
        "coordinates": [
          -0.3647818,
          43.3073798
        ]
      },
      "properties": {
        "id": 7574830025,
        "osm_type": "node",
        "access": "yes",
        "fee": "no",
        "operator": "Pau"
      }
    },
    {
      "type": "Feature",
      "geometry": {
        "type": "Point",
        "coordinates": [
          1.1629338,
          45.3259929
        ]
      },
      "properties": {
        "id": 7577041442,
        "osm_type": "node"
      }
    },
    {
      "type": "Feature",
      "geometry": {
        "type": "Point",
        "coordinates": [
          1.2658865,
          45.3627655
        ]
      },
      "properties": {
        "id": 7577728527,
        "osm_type": "node"
      }
    },
    {
      "type": "Feature",
      "geometry": {
        "type": "Point",
        "coordinates": [
          -0.7147658,
          44.8951026
        ]
      },
      "properties": {
        "id": 7577974285,
        "osm_type": "node"
      }
    },
    {
      "type": "Feature",
      "geometry": {
        "type": "Point",
        "coordinates": [
          0.8901257,
          44.8827697
        ]
      },
      "properties": {
        "id": 7596244784,
        "osm_type": "node"
      }
    },
    {
      "type": "Feature",
      "geometry": {
        "type": "Point",
        "coordinates": [
          -1.0439244,
          44.6150152
        ]
      },
      "properties": {
        "id": 7597982452,
        "osm_type": "node"
      }
    },
    {
      "type": "Feature",
      "geometry": {
        "type": "Point",
        "coordinates": [
          -1.0502203,
          43.7126555
        ]
      },
      "properties": {
        "id": 7618208036,
        "osm_type": "node",
        "access": "yes",
        "fee": "no",
        "operator": "Ville de Dax"
      }
    },
    {
      "type": "Feature",
      "geometry": {
        "type": "Point",
        "coordinates": [
          -1.0504399,
          43.7130367
        ]
      },
      "properties": {
        "id": 7618208037,
        "osm_type": "node",
        "access": "yes",
        "fee": "no"
      }
    },
    {
      "type": "Feature",
      "geometry": {
        "type": "Point",
        "coordinates": [
          -1.6555048,
          43.3902794
        ]
      },
      "properties": {
        "id": 7631616489,
        "osm_type": "node",
        "access": "yes",
        "fee": "no"
      }
    },
    {
      "type": "Feature",
      "geometry": {
        "type": "Point",
        "coordinates": [
          -0.6550546,
          44.5264492
        ]
      },
      "properties": {
        "id": 7635769853,
        "osm_type": "node"
      }
    },
    {
      "type": "Feature",
      "geometry": {
        "type": "Point",
        "coordinates": [
          -0.9398353,
          44.6049622
        ]
      },
      "properties": {
        "id": 7640645536,
        "osm_type": "node"
      }
    },
    {
      "type": "Feature",
      "geometry": {
        "type": "Point",
        "coordinates": [
          -1.146172,
          45.7764087
        ]
      },
      "properties": {
        "id": 7649523885,
        "osm_type": "node",
        "name": "Fontaine eau potable"
      }
    },
    {
      "type": "Feature",
      "geometry": {
        "type": "Point",
        "coordinates": [
          -1.6638139,
          43.3878021
        ]
      },
      "properties": {
        "id": 7649530626,
        "osm_type": "node",
        "access": "yes",
        "fee": "no",
        "operator": "Ville de Saint-Jean-de-Luz"
      }
    },
    {
      "type": "Feature",
      "geometry": {
        "type": "Point",
        "coordinates": [
          -0.2482411,
          43.2754728
        ]
      },
      "properties": {
        "id": 7670914002,
        "osm_type": "node",
        "access": "yes",
        "fee": "no"
      }
    },
    {
      "type": "Feature",
      "geometry": {
        "type": "Point",
        "coordinates": [
          -1.1842402,
          44.2724335
        ]
      },
      "properties": {
        "id": 7698955087,
        "osm_type": "node"
      }
    },
    {
      "type": "Feature",
      "geometry": {
        "type": "Point",
        "coordinates": [
          1.0458737,
          45.9915226
        ]
      },
      "properties": {
        "id": 7702929485,
        "osm_type": "node",
        "access": "yes",
        "fee": "no"
      }
    },
    {
      "type": "Feature",
      "geometry": {
        "type": "Point",
        "coordinates": [
          -1.2534653,
          44.4585235
        ]
      },
      "properties": {
        "id": 7707279830,
        "osm_type": "node"
      }
    },
    {
      "type": "Feature",
      "geometry": {
        "type": "Point",
        "coordinates": [
          -0.1801192,
          46.2019952
        ]
      },
      "properties": {
        "id": 7715750286,
        "osm_type": "node"
      }
    },
    {
      "type": "Feature",
      "geometry": {
        "type": "Point",
        "coordinates": [
          2.0933011,
          45.6449113
        ]
      },
      "properties": {
        "id": 7716216425,
        "osm_type": "node"
      }
    },
    {
      "type": "Feature",
      "geometry": {
        "type": "Point",
        "coordinates": [
          -1.4823332,
          43.3032023
        ]
      },
      "properties": {
        "id": 7717145986,
        "osm_type": "node",
        "access": "yes",
        "fee": "no"
      }
    },
    {
      "type": "Feature",
      "geometry": {
        "type": "Point",
        "coordinates": [
          -1.5155768,
          43.52261
        ]
      },
      "properties": {
        "id": 7721203951,
        "osm_type": "node",
        "access": "yes"
      }
    },
    {
      "type": "Feature",
      "geometry": {
        "type": "Point",
        "coordinates": [
          -0.5965025,
          45.8897641
        ]
      },
      "properties": {
        "id": 7723519885,
        "osm_type": "node"
      }
    },
    {
      "type": "Feature",
      "geometry": {
        "type": "Point",
        "coordinates": [
          -0.5689424,
          45.8186452
        ]
      },
      "properties": {
        "id": 7724270285,
        "osm_type": "node"
      }
    },
    {
      "type": "Feature",
      "geometry": {
        "type": "Point",
        "coordinates": [
          -1.239154,
          43.1088804
        ]
      },
      "properties": {
        "id": 7725247379,
        "osm_type": "node"
      }
    },
    {
      "type": "Feature",
      "geometry": {
        "type": "Point",
        "coordinates": [
          -1.0444545,
          44.6146153
        ]
      },
      "properties": {
        "id": 7728586554,
        "osm_type": "node"
      }
    },
    {
      "type": "Feature",
      "geometry": {
        "type": "Point",
        "coordinates": [
          -1.2160056,
          43.7774764
        ]
      },
      "properties": {
        "id": 7728752690,
        "osm_type": "node"
      }
    },
    {
      "type": "Feature",
      "geometry": {
        "type": "Point",
        "coordinates": [
          -1.6505201,
          43.3803696
        ]
      },
      "properties": {
        "id": 7730330660,
        "osm_type": "node"
      }
    },
    {
      "type": "Feature",
      "geometry": {
        "type": "Point",
        "coordinates": [
          -0.7761475,
          44.8343791
        ]
      },
      "properties": {
        "id": 7731156301,
        "osm_type": "node"
      }
    },
    {
      "type": "Feature",
      "geometry": {
        "type": "Point",
        "coordinates": [
          -1.1363237,
          44.7593298
        ]
      },
      "properties": {
        "id": 7733575706,
        "osm_type": "node",
        "access": "yes",
        "fee": "no"
      }
    },
    {
      "type": "Feature",
      "geometry": {
        "type": "Point",
        "coordinates": [
          -1.6566067,
          43.3980833
        ]
      },
      "properties": {
        "id": 7737383045,
        "osm_type": "node",
        "access": "yes",
        "fee": "no"
      }
    },
    {
      "type": "Feature",
      "geometry": {
        "type": "Point",
        "coordinates": [
          -1.6396808,
          43.4076406
        ]
      },
      "properties": {
        "id": 7739316902,
        "osm_type": "node",
        "access": "permissive",
        "fee": "no"
      }
    },
    {
      "type": "Feature",
      "geometry": {
        "type": "Point",
        "coordinates": [
          -1.6784476,
          43.3884416
        ]
      },
      "properties": {
        "id": 7756678722,
        "osm_type": "node"
      }
    },
    {
      "type": "Feature",
      "geometry": {
        "type": "Point",
        "coordinates": [
          -0.4756923,
          43.3268643
        ]
      },
      "properties": {
        "id": 7757593531,
        "osm_type": "node",
        "access": "yes"
      }
    },
    {
      "type": "Feature",
      "geometry": {
        "type": "Point",
        "coordinates": [
          -0.5670334,
          43.2224931
        ]
      },
      "properties": {
        "id": 7757622101,
        "osm_type": "node",
        "access": "yes"
      }
    },
    {
      "type": "Feature",
      "geometry": {
        "type": "Point",
        "coordinates": [
          -0.5518311,
          43.2196281
        ]
      },
      "properties": {
        "id": 7757658394,
        "osm_type": "node",
        "access": "permissive"
      }
    },
    {
      "type": "Feature",
      "geometry": {
        "type": "Point",
        "coordinates": [
          -0.578763,
          43.2291801
        ]
      },
      "properties": {
        "id": 7758082267,
        "osm_type": "node",
        "access": "permissive"
      }
    },
    {
      "type": "Feature",
      "geometry": {
        "type": "Point",
        "coordinates": [
          -0.6622602,
          43.2884324
        ]
      },
      "properties": {
        "id": 7758258823,
        "osm_type": "node"
      }
    },
    {
      "type": "Feature",
      "geometry": {
        "type": "Point",
        "coordinates": [
          -0.6626774,
          43.2881131
        ]
      },
      "properties": {
        "id": 7758304881,
        "osm_type": "node"
      }
    },
    {
      "type": "Feature",
      "geometry": {
        "type": "Point",
        "coordinates": [
          -0.5626027,
          43.2174271
        ]
      },
      "properties": {
        "id": 7760612721,
        "osm_type": "node",
        "access": "yes",
        "fee": "no"
      }
    },
    {
      "type": "Feature",
      "geometry": {
        "type": "Point",
        "coordinates": [
          0.8635676,
          44.3022965
        ]
      },
      "properties": {
        "id": 7764421197,
        "osm_type": "node"
      }
    },
    {
      "type": "Feature",
      "geometry": {
        "type": "Point",
        "coordinates": [
          0.8888186,
          44.222372
        ]
      },
      "properties": {
        "id": 7764917427,
        "osm_type": "node"
      }
    },
    {
      "type": "Feature",
      "geometry": {
        "type": "Point",
        "coordinates": [
          -0.5997132,
          44.7286359
        ]
      },
      "properties": {
        "id": 7775464907,
        "osm_type": "node"
      }
    },
    {
      "type": "Feature",
      "geometry": {
        "type": "Point",
        "coordinates": [
          -0.1496436,
          44.6952571
        ]
      },
      "properties": {
        "id": 7778181167,
        "osm_type": "node"
      }
    },
    {
      "type": "Feature",
      "geometry": {
        "type": "Point",
        "coordinates": [
          -0.1482177,
          44.6942271
        ]
      },
      "properties": {
        "id": 7778181169,
        "osm_type": "node"
      }
    },
    {
      "type": "Feature",
      "geometry": {
        "type": "Point",
        "coordinates": [
          1.5730038,
          45.171862
        ]
      },
      "properties": {
        "id": 7779915831,
        "osm_type": "node"
      }
    },
    {
      "type": "Feature",
      "geometry": {
        "type": "Point",
        "coordinates": [
          1.7236123,
          45.0912425
        ]
      },
      "properties": {
        "id": 7779924619,
        "osm_type": "node"
      }
    },
    {
      "type": "Feature",
      "geometry": {
        "type": "Point",
        "coordinates": [
          1.9358499,
          45.0953916
        ]
      },
      "properties": {
        "id": 7782105312,
        "osm_type": "node"
      }
    },
    {
      "type": "Feature",
      "geometry": {
        "type": "Point",
        "coordinates": [
          -0.3611464,
          43.3083484
        ]
      },
      "properties": {
        "id": 7784474437,
        "osm_type": "node",
        "access": "yes",
        "fee": "no",
        "operator": "Pau"
      }
    },
    {
      "type": "Feature",
      "geometry": {
        "type": "Point",
        "coordinates": [
          -1.2486374,
          45.9499213
        ]
      },
      "properties": {
        "id": 7785523689,
        "osm_type": "node"
      }
    },
    {
      "type": "Feature",
      "geometry": {
        "type": "Point",
        "coordinates": [
          -0.4640181,
          44.847765
        ]
      },
      "properties": {
        "id": 7792549521,
        "osm_type": "node",
        "access": "yes",
        "fee": "no"
      }
    },
    {
      "type": "Feature",
      "geometry": {
        "type": "Point",
        "coordinates": [
          -0.6058756,
          43.1768211
        ]
      },
      "properties": {
        "id": 7793837326,
        "osm_type": "node"
      }
    },
    {
      "type": "Feature",
      "geometry": {
        "type": "Point",
        "coordinates": [
          -0.3781019,
          43.347981
        ]
      },
      "properties": {
        "id": 7793850035,
        "osm_type": "node",
        "access": "yes"
      }
    },
    {
      "type": "Feature",
      "geometry": {
        "type": "Point",
        "coordinates": [
          -0.4137317,
          46.68362
        ]
      },
      "properties": {
        "id": 7796657869,
        "osm_type": "node"
      }
    },
    {
      "type": "Feature",
      "geometry": {
        "type": "Point",
        "coordinates": [
          1.7694277,
          45.2692118
        ]
      },
      "properties": {
        "id": 7797167885,
        "osm_type": "node"
      }
    },
    {
      "type": "Feature",
      "geometry": {
        "type": "Point",
        "coordinates": [
          -0.4020096,
          44.7062397
        ]
      },
      "properties": {
        "id": 7797377590,
        "osm_type": "node"
      }
    },
    {
      "type": "Feature",
      "geometry": {
        "type": "Point",
        "coordinates": [
          -0.5999388,
          43.0643763
        ]
      },
      "properties": {
        "id": 7801782704,
        "osm_type": "node"
      }
    },
    {
      "type": "Feature",
      "geometry": {
        "type": "Point",
        "coordinates": [
          -0.8748092,
          44.5556353
        ]
      },
      "properties": {
        "id": 7813984976,
        "osm_type": "node"
      }
    },
    {
      "type": "Feature",
      "geometry": {
        "type": "Point",
        "coordinates": [
          -0.8741819,
          44.5555954
        ]
      },
      "properties": {
        "id": 7813984977,
        "osm_type": "node"
      }
    },
    {
      "type": "Feature",
      "geometry": {
        "type": "Point",
        "coordinates": [
          -0.8730362,
          44.5555436
        ]
      },
      "properties": {
        "id": 7813984978,
        "osm_type": "node"
      }
    },
    {
      "type": "Feature",
      "geometry": {
        "type": "Point",
        "coordinates": [
          -0.872189,
          44.5554134
        ]
      },
      "properties": {
        "id": 7813984979,
        "osm_type": "node"
      }
    },
    {
      "type": "Feature",
      "geometry": {
        "type": "Point",
        "coordinates": [
          -0.8755977,
          44.5556879
        ]
      },
      "properties": {
        "id": 7813984980,
        "osm_type": "node"
      }
    },
    {
      "type": "Feature",
      "geometry": {
        "type": "Point",
        "coordinates": [
          -0.8322951,
          45.5833602
        ]
      },
      "properties": {
        "id": 7815160185,
        "osm_type": "node",
        "access": "yes",
        "fee": "no"
      }
    },
    {
      "type": "Feature",
      "geometry": {
        "type": "Point",
        "coordinates": [
          -0.5029867,
          43.1468609
        ]
      },
      "properties": {
        "id": 7817507165,
        "osm_type": "node"
      }
    },
    {
      "type": "Feature",
      "geometry": {
        "type": "Point",
        "coordinates": [
          -1.6755532,
          43.3834697
        ]
      },
      "properties": {
        "id": 7819657186,
        "osm_type": "node"
      }
    },
    {
      "type": "Feature",
      "geometry": {
        "type": "Point",
        "coordinates": [
          -0.2614221,
          43.1797458
        ]
      },
      "properties": {
        "id": 7820072854,
        "osm_type": "node",
        "access": "yes",
        "fee": "no"
      }
    },
    {
      "type": "Feature",
      "geometry": {
        "type": "Point",
        "coordinates": [
          -1.1711357,
          46.1385941
        ]
      },
      "properties": {
        "id": 7820187186,
        "osm_type": "node",
        "name": "Allée Stella Maris",
        "access": "yes",
        "fee": "no",
        "indoor": "no"
      }
    },
    {
      "type": "Feature",
      "geometry": {
        "type": "Point",
        "coordinates": [
          -0.3663522,
          43.2909104
        ]
      },
      "properties": {
        "id": 7820396255,
        "osm_type": "node",
        "access": "yes",
        "fee": "no",
        "operator": "Pau"
      }
    },
    {
      "type": "Feature",
      "geometry": {
        "type": "Point",
        "coordinates": [
          -1.5492508,
          43.4872671
        ]
      },
      "properties": {
        "id": 7822252435,
        "osm_type": "node"
      }
    },
    {
      "type": "Feature",
      "geometry": {
        "type": "Point",
        "coordinates": [
          -1.6206575,
          43.4212418
        ]
      },
      "properties": {
        "id": 7831958515,
        "osm_type": "node",
        "access": "yes",
        "fee": "no"
      }
    },
    {
      "type": "Feature",
      "geometry": {
        "type": "Point",
        "coordinates": [
          -1.6588987,
          43.3894787
        ]
      },
      "properties": {
        "id": 7832441053,
        "osm_type": "node",
        "access": "yes",
        "fee": "no",
        "operator": "Ville de Sain Jean de Luz"
      }
    },
    {
      "type": "Feature",
      "geometry": {
        "type": "Point",
        "coordinates": [
          0.8312574,
          44.8758167
        ]
      },
      "properties": {
        "id": 7840375885,
        "osm_type": "node"
      }
    },
    {
      "type": "Feature",
      "geometry": {
        "type": "Point",
        "coordinates": [
          2.2913308,
          45.3906447
        ]
      },
      "properties": {
        "id": 7855072105,
        "osm_type": "node",
        "indoor": "no"
      }
    },
    {
      "type": "Feature",
      "geometry": {
        "type": "Point",
        "coordinates": [
          -0.1857272,
          43.971767
        ]
      },
      "properties": {
        "id": 7855348186,
        "osm_type": "node"
      }
    },
    {
      "type": "Feature",
      "geometry": {
        "type": "Point",
        "coordinates": [
          -0.1495546,
          44.6975154
        ]
      },
      "properties": {
        "id": 7871366219,
        "osm_type": "node"
      }
    },
    {
      "type": "Feature",
      "geometry": {
        "type": "Point",
        "coordinates": [
          1.0681334,
          44.7168031
        ]
      },
      "properties": {
        "id": 7872552038,
        "osm_type": "node"
      }
    },
    {
      "type": "Feature",
      "geometry": {
        "type": "Point",
        "coordinates": [
          -0.1232361,
          44.8920873
        ]
      },
      "properties": {
        "id": 7881128398,
        "osm_type": "node"
      }
    },
    {
      "type": "Feature",
      "geometry": {
        "type": "Point",
        "coordinates": [
          -1.0827545,
          44.7279932
        ]
      },
      "properties": {
        "id": 7881214024,
        "osm_type": "node",
        "access": "yes",
        "fee": "no"
      }
    },
    {
      "type": "Feature",
      "geometry": {
        "type": "Point",
        "coordinates": [
          -1.0878419,
          44.7296654
        ]
      },
      "properties": {
        "id": 7881214029,
        "osm_type": "node",
        "access": "yes",
        "fee": "no"
      }
    },
    {
      "type": "Feature",
      "geometry": {
        "type": "Point",
        "coordinates": [
          -0.585226,
          44.8430772
        ]
      },
      "properties": {
        "id": 7881416632,
        "osm_type": "node"
      }
    },
    {
      "type": "Feature",
      "geometry": {
        "type": "Point",
        "coordinates": [
          -0.3597124,
          43.2863978
        ]
      },
      "properties": {
        "id": 7881478829,
        "osm_type": "node"
      }
    },
    {
      "type": "Feature",
      "geometry": {
        "type": "Point",
        "coordinates": [
          -0.8360278,
          43.7112792
        ]
      },
      "properties": {
        "id": 7881713719,
        "osm_type": "node",
        "access": "yes",
        "fee": "no"
      }
    },
    {
      "type": "Feature",
      "geometry": {
        "type": "Point",
        "coordinates": [
          -0.8392759,
          43.7106642
        ]
      },
      "properties": {
        "id": 7881713738,
        "osm_type": "node",
        "access": "yes",
        "fee": "no"
      }
    },
    {
      "type": "Feature",
      "geometry": {
        "type": "Point",
        "coordinates": [
          -0.4690169,
          43.3552681
        ]
      },
      "properties": {
        "id": 7881854958,
        "osm_type": "node",
        "access": "yes",
        "fee": "no"
      }
    },
    {
      "type": "Feature",
      "geometry": {
        "type": "Point",
        "coordinates": [
          -0.3884449,
          43.2289086
        ]
      },
      "properties": {
        "id": 7885215301,
        "osm_type": "node",
        "access": "yes",
        "fee": "no"
      }
    },
    {
      "type": "Feature",
      "geometry": {
        "type": "Point",
        "coordinates": [
          -0.6457927,
          43.7438361
        ]
      },
      "properties": {
        "id": 7888021465,
        "osm_type": "node",
        "access": "yes",
        "fee": "no"
      }
    },
    {
      "type": "Feature",
      "geometry": {
        "type": "Point",
        "coordinates": [
          -0.6117743,
          43.7545315
        ]
      },
      "properties": {
        "id": 7888021479,
        "osm_type": "node",
        "access": "yes",
        "fee": "no"
      }
    },
    {
      "type": "Feature",
      "geometry": {
        "type": "Point",
        "coordinates": [
          -0.8810143,
          43.7154126
        ]
      },
      "properties": {
        "id": 7894843596,
        "osm_type": "node",
        "access": "yes",
        "fee": "no"
      }
    },
    {
      "type": "Feature",
      "geometry": {
        "type": "Point",
        "coordinates": [
          -0.5775135,
          44.8193737
        ]
      },
      "properties": {
        "id": 7895143052,
        "osm_type": "node",
        "fee": "no"
      }
    },
    {
      "type": "Feature",
      "geometry": {
        "type": "Point",
        "coordinates": [
          1.2659088,
          45.8550298
        ]
      },
      "properties": {
        "id": 7895181236,
        "osm_type": "node",
        "access": "yes"
      }
    },
    {
      "type": "Feature",
      "geometry": {
        "type": "Point",
        "coordinates": [
          0.4094371,
          45.9874178
        ]
      },
      "properties": {
        "id": 7912176667,
        "osm_type": "node"
      }
    },
    {
      "type": "Feature",
      "geometry": {
        "type": "Point",
        "coordinates": [
          0.4103342,
          45.9896091
        ]
      },
      "properties": {
        "id": 7912176668,
        "osm_type": "node"
      }
    },
    {
      "type": "Feature",
      "geometry": {
        "type": "Point",
        "coordinates": [
          0.4005705,
          45.9854328
        ]
      },
      "properties": {
        "id": 7913257658,
        "osm_type": "node"
      }
    },
    {
      "type": "Feature",
      "geometry": {
        "type": "Point",
        "coordinates": [
          -0.7626861,
          43.1133272
        ]
      },
      "properties": {
        "id": 7923821685,
        "osm_type": "node"
      }
    },
    {
      "type": "Feature",
      "geometry": {
        "type": "Point",
        "coordinates": [
          1.9085861,
          45.0130654
        ]
      },
      "properties": {
        "id": 7929270482,
        "osm_type": "node",
        "access": "permissive",
        "fee": "no"
      }
    },
    {
      "type": "Feature",
      "geometry": {
        "type": "Point",
        "coordinates": [
          -0.5381235,
          43.1698284
        ]
      },
      "properties": {
        "id": 7939865538,
        "osm_type": "node",
        "access": "yes",
        "fee": "no"
      }
    },
    {
      "type": "Feature",
      "geometry": {
        "type": "Point",
        "coordinates": [
          -1.2491564,
          44.5287864
        ]
      },
      "properties": {
        "id": 7944365936,
        "osm_type": "node"
      }
    },
    {
      "type": "Feature",
      "geometry": {
        "type": "Point",
        "coordinates": [
          -1.4487018,
          43.3405342
        ]
      },
      "properties": {
        "id": 7988662938,
        "osm_type": "node",
        "fee": "no",
        "operator": "Ville d'Espelette"
      }
    },
    {
      "type": "Feature",
      "geometry": {
        "type": "Point",
        "coordinates": [
          -0.5211627,
          43.4425741
        ]
      },
      "properties": {
        "id": 7992416017,
        "osm_type": "node",
        "access": "permissive",
        "fee": "no"
      }
    },
    {
      "type": "Feature",
      "geometry": {
        "type": "Point",
        "coordinates": [
          -0.111766,
          43.449639
        ]
      },
      "properties": {
        "id": 7997924675,
        "osm_type": "node"
      }
    },
    {
      "type": "Feature",
      "geometry": {
        "type": "Point",
        "coordinates": [
          -0.5378317,
          43.3767805
        ]
      },
      "properties": {
        "id": 7999196086,
        "osm_type": "node"
      }
    },
    {
      "type": "Feature",
      "geometry": {
        "type": "Point",
        "coordinates": [
          -0.6519844,
          43.3918025
        ]
      },
      "properties": {
        "id": 7999543609,
        "osm_type": "node"
      }
    },
    {
      "type": "Feature",
      "geometry": {
        "type": "Point",
        "coordinates": [
          -1.5501684,
          43.4862964
        ]
      },
      "properties": {
        "id": 8000143005,
        "osm_type": "node"
      }
    },
    {
      "type": "Feature",
      "geometry": {
        "type": "Point",
        "coordinates": [
          -0.6696005,
          43.5533808
        ]
      },
      "properties": {
        "id": 8003498075,
        "osm_type": "node"
      }
    },
    {
      "type": "Feature",
      "geometry": {
        "type": "Point",
        "coordinates": [
          -1.1537123,
          46.1571055
        ]
      },
      "properties": {
        "id": 8010071459,
        "osm_type": "node"
      }
    },
    {
      "type": "Feature",
      "geometry": {
        "type": "Point",
        "coordinates": [
          0.0246936,
          45.8978728
        ]
      },
      "properties": {
        "id": 8013055808,
        "osm_type": "node"
      }
    },
    {
      "type": "Feature",
      "geometry": {
        "type": "Point",
        "coordinates": [
          0.0134946,
          45.8891047
        ]
      },
      "properties": {
        "id": 8013055809,
        "osm_type": "node"
      }
    },
    {
      "type": "Feature",
      "geometry": {
        "type": "Point",
        "coordinates": [
          0.0056974,
          45.8933245
        ]
      },
      "properties": {
        "id": 8013055812,
        "osm_type": "node"
      }
    },
    {
      "type": "Feature",
      "geometry": {
        "type": "Point",
        "coordinates": [
          1.2660899,
          45.8200837
        ]
      },
      "properties": {
        "id": 8016377502,
        "osm_type": "node"
      }
    },
    {
      "type": "Feature",
      "geometry": {
        "type": "Point",
        "coordinates": [
          -0.5792685,
          43.320123
        ]
      },
      "properties": {
        "id": 8021984510,
        "osm_type": "node"
      }
    },
    {
      "type": "Feature",
      "geometry": {
        "type": "Point",
        "coordinates": [
          -0.8033887,
          43.490545
        ]
      },
      "properties": {
        "id": 8025170830,
        "osm_type": "node"
      }
    },
    {
      "type": "Feature",
      "geometry": {
        "type": "Point",
        "coordinates": [
          -1.14788,
          44.656904
        ]
      },
      "properties": {
        "id": 8039041210,
        "osm_type": "node",
        "access": "yes",
        "fee": "no"
      }
    },
    {
      "type": "Feature",
      "geometry": {
        "type": "Point",
        "coordinates": [
          -1.1938353,
          44.650846
        ]
      },
      "properties": {
        "id": 8039041211,
        "osm_type": "node",
        "access": "yes",
        "fee": "no"
      }
    },
    {
      "type": "Feature",
      "geometry": {
        "type": "Point",
        "coordinates": [
          0.1418757,
          45.8668101
        ]
      },
      "properties": {
        "id": 8039771707,
        "osm_type": "node"
      }
    },
    {
      "type": "Feature",
      "geometry": {
        "type": "Point",
        "coordinates": [
          0.2409035,
          45.9190547
        ]
      },
      "properties": {
        "id": 8039823084,
        "osm_type": "node"
      }
    },
    {
      "type": "Feature",
      "geometry": {
        "type": "Point",
        "coordinates": [
          0.1415114,
          45.9288501
        ]
      },
      "properties": {
        "id": 8039998433,
        "osm_type": "node"
      }
    },
    {
      "type": "Feature",
      "geometry": {
        "type": "Point",
        "coordinates": [
          0.2145181,
          45.86126
        ]
      },
      "properties": {
        "id": 8040143469,
        "osm_type": "node"
      }
    },
    {
      "type": "Feature",
      "geometry": {
        "type": "Point",
        "coordinates": [
          -1.4629065,
          43.4115899
        ]
      },
      "properties": {
        "id": 8042276485,
        "osm_type": "node"
      }
    },
    {
      "type": "Feature",
      "geometry": {
        "type": "Point",
        "coordinates": [
          -1.600684,
          43.3251398
        ]
      },
      "properties": {
        "id": 8042276585,
        "osm_type": "node"
      }
    },
    {
      "type": "Feature",
      "geometry": {
        "type": "Point",
        "coordinates": [
          -1.5765028,
          43.4614607
        ]
      },
      "properties": {
        "id": 8042276685,
        "osm_type": "node"
      }
    },
    {
      "type": "Feature",
      "geometry": {
        "type": "Point",
        "coordinates": [
          -0.0316067,
          45.9066108
        ]
      },
      "properties": {
        "id": 8050643741,
        "osm_type": "node"
      }
    },
    {
      "type": "Feature",
      "geometry": {
        "type": "Point",
        "coordinates": [
          0.0972356,
          45.8616249
        ]
      },
      "properties": {
        "id": 8050647619,
        "osm_type": "node"
      }
    },
    {
      "type": "Feature",
      "geometry": {
        "type": "Point",
        "coordinates": [
          -0.8245419,
          44.4104378
        ]
      },
      "properties": {
        "id": 8064890416,
        "osm_type": "node"
      }
    },
    {
      "type": "Feature",
      "geometry": {
        "type": "Point",
        "coordinates": [
          -0.9529808,
          43.6993102
        ]
      },
      "properties": {
        "id": 8069082862,
        "osm_type": "node",
        "access": "yes",
        "fee": "no"
      }
    },
    {
      "type": "Feature",
      "geometry": {
        "type": "Point",
        "coordinates": [
          -0.8411367,
          43.7157068
        ]
      },
      "properties": {
        "id": 8071355369,
        "osm_type": "node",
        "access": "yes"
      }
    },
    {
      "type": "Feature",
      "geometry": {
        "type": "Point",
        "coordinates": [
          -0.3588098,
          43.3080748
        ]
      },
      "properties": {
        "id": 8071651110,
        "osm_type": "node",
        "access": "yes"
      }
    },
    {
      "type": "Feature",
      "geometry": {
        "type": "Point",
        "coordinates": [
          -0.7509012,
          43.7481068
        ]
      },
      "properties": {
        "id": 8071986347,
        "osm_type": "node",
        "access": "yes",
        "fee": "no"
      }
    },
    {
      "type": "Feature",
      "geometry": {
        "type": "Point",
        "coordinates": [
          0.2434394,
          45.9458604
        ]
      },
      "properties": {
        "id": 8074045571,
        "osm_type": "node"
      }
    },
    {
      "type": "Feature",
      "geometry": {
        "type": "Point",
        "coordinates": [
          0.2445485,
          45.9487471
        ]
      },
      "properties": {
        "id": 8074045572,
        "osm_type": "node"
      }
    },
    {
      "type": "Feature",
      "geometry": {
        "type": "Point",
        "coordinates": [
          0.0741579,
          45.8831612
        ]
      },
      "properties": {
        "id": 8074130492,
        "osm_type": "node"
      }
    },
    {
      "type": "Feature",
      "geometry": {
        "type": "Point",
        "coordinates": [
          0.0393883,
          45.8370079
        ]
      },
      "properties": {
        "id": 8074214319,
        "osm_type": "node"
      }
    },
    {
      "type": "Feature",
      "geometry": {
        "type": "Point",
        "coordinates": [
          0.1763136,
          45.8538922
        ]
      },
      "properties": {
        "id": 8074319717,
        "osm_type": "node"
      }
    },
    {
      "type": "Feature",
      "geometry": {
        "type": "Point",
        "coordinates": [
          0.1746018,
          45.8502721
        ]
      },
      "properties": {
        "id": 8074319718,
        "osm_type": "node"
      }
    },
    {
      "type": "Feature",
      "geometry": {
        "type": "Point",
        "coordinates": [
          0.1803316,
          45.8764983
        ]
      },
      "properties": {
        "id": 8074335286,
        "osm_type": "node"
      }
    },
    {
      "type": "Feature",
      "geometry": {
        "type": "Point",
        "coordinates": [
          0.0646821,
          45.8556896
        ]
      },
      "properties": {
        "id": 8074744797,
        "osm_type": "node"
      }
    },
    {
      "type": "Feature",
      "geometry": {
        "type": "Point",
        "coordinates": [
          0.066062,
          45.8526035
        ]
      },
      "properties": {
        "id": 8074744798,
        "osm_type": "node"
      }
    },
    {
      "type": "Feature",
      "geometry": {
        "type": "Point",
        "coordinates": [
          0.3549652,
          45.8675203
        ]
      },
      "properties": {
        "id": 8074885876,
        "osm_type": "node"
      }
    },
    {
      "type": "Feature",
      "geometry": {
        "type": "Point",
        "coordinates": [
          0.1949888,
          45.7949685
        ]
      },
      "properties": {
        "id": 8074974929,
        "osm_type": "node"
      }
    },
    {
      "type": "Feature",
      "geometry": {
        "type": "Point",
        "coordinates": [
          0.168873,
          45.8035165
        ]
      },
      "properties": {
        "id": 8075062571,
        "osm_type": "node"
      }
    },
    {
      "type": "Feature",
      "geometry": {
        "type": "Point",
        "coordinates": [
          0.1387123,
          45.8025673
        ]
      },
      "properties": {
        "id": 8078079877,
        "osm_type": "node"
      }
    },
    {
      "type": "Feature",
      "geometry": {
        "type": "Point",
        "coordinates": [
          0.2899933,
          45.8946469
        ]
      },
      "properties": {
        "id": 8078161164,
        "osm_type": "node"
      }
    },
    {
      "type": "Feature",
      "geometry": {
        "type": "Point",
        "coordinates": [
          0.2884249,
          45.8940872
        ]
      },
      "properties": {
        "id": 8078161166,
        "osm_type": "node"
      }
    },
    {
      "type": "Feature",
      "geometry": {
        "type": "Point",
        "coordinates": [
          0.1169515,
          45.891888
        ]
      },
      "properties": {
        "id": 8078220075,
        "osm_type": "node"
      }
    },
    {
      "type": "Feature",
      "geometry": {
        "type": "Point",
        "coordinates": [
          0.1151374,
          45.8930034
        ]
      },
      "properties": {
        "id": 8078220077,
        "osm_type": "node"
      }
    },
    {
      "type": "Feature",
      "geometry": {
        "type": "Point",
        "coordinates": [
          0.2237857,
          45.8962223
        ]
      },
      "properties": {
        "id": 8080727040,
        "osm_type": "node"
      }
    },
    {
      "type": "Feature",
      "geometry": {
        "type": "Point",
        "coordinates": [
          0.1653936,
          45.9389348
        ]
      },
      "properties": {
        "id": 8080735449,
        "osm_type": "node"
      }
    },
    {
      "type": "Feature",
      "geometry": {
        "type": "Point",
        "coordinates": [
          -0.1053974,
          45.8830216
        ]
      },
      "properties": {
        "id": 8081072141,
        "osm_type": "node"
      }
    },
    {
      "type": "Feature",
      "geometry": {
        "type": "Point",
        "coordinates": [
          0.3307793,
          45.8950099
        ]
      },
      "properties": {
        "id": 8084909203,
        "osm_type": "node"
      }
    },
    {
      "type": "Feature",
      "geometry": {
        "type": "Point",
        "coordinates": [
          -1.5155668,
          43.4818536
        ]
      },
      "properties": {
        "id": 8107828682,
        "osm_type": "node",
        "fee": "no"
      }
    },
    {
      "type": "Feature",
      "geometry": {
        "type": "Point",
        "coordinates": [
          -0.6494518,
          44.7435016
        ]
      },
      "properties": {
        "id": 8119267731,
        "osm_type": "node",
        "access": "yes"
      }
    },
    {
      "type": "Feature",
      "geometry": {
        "type": "Point",
        "coordinates": [
          -1.4332971,
          43.6402
        ]
      },
      "properties": {
        "id": 8124905582,
        "osm_type": "node",
        "fee": "no",
        "operator": "Robinet"
      }
    },
    {
      "type": "Feature",
      "geometry": {
        "type": "Point",
        "coordinates": [
          -0.5694049,
          44.8496892
        ]
      },
      "properties": {
        "id": 8136200464,
        "osm_type": "node",
        "fee": "no"
      }
    },
    {
      "type": "Feature",
      "geometry": {
        "type": "Point",
        "coordinates": [
          -1.4528976,
          43.4372435
        ]
      },
      "properties": {
        "id": 8143154662,
        "osm_type": "node",
        "access": "yes"
      }
    },
    {
      "type": "Feature",
      "geometry": {
        "type": "Point",
        "coordinates": [
          -1.7756331,
          43.3532201
        ]
      },
      "properties": {
        "id": 8146161224,
        "osm_type": "node",
        "access": "yes",
        "fee": "no",
        "operator": "Commune de Hendaye"
      }
    },
    {
      "type": "Feature",
      "geometry": {
        "type": "Point",
        "coordinates": [
          -0.5821562,
          44.8390223
        ]
      },
      "properties": {
        "id": 8158152246,
        "osm_type": "node",
        "access": "yes",
        "fee": "no"
      }
    },
    {
      "type": "Feature",
      "geometry": {
        "type": "Point",
        "coordinates": [
          -0.5821596,
          44.8395388
        ]
      },
      "properties": {
        "id": 8158152251,
        "osm_type": "node",
        "access": "yes",
        "fee": "no"
      }
    },
    {
      "type": "Feature",
      "geometry": {
        "type": "Point",
        "coordinates": [
          -0.606084,
          43.0765565
        ]
      },
      "properties": {
        "id": 8158249269,
        "osm_type": "node",
        "fee": "no"
      }
    },
    {
      "type": "Feature",
      "geometry": {
        "type": "Point",
        "coordinates": [
          -0.1519364,
          44.6973729
        ]
      },
      "properties": {
        "id": 8168902487,
        "osm_type": "node"
      }
    },
    {
      "type": "Feature",
      "geometry": {
        "type": "Point",
        "coordinates": [
          -0.656246,
          43.7405805
        ]
      },
      "properties": {
        "id": 8196778830,
        "osm_type": "node",
        "access": "yes",
        "fee": "no"
      }
    },
    {
      "type": "Feature",
      "geometry": {
        "type": "Point",
        "coordinates": [
          -1.0845143,
          44.7297117
        ]
      },
      "properties": {
        "id": 8245792075,
        "osm_type": "node"
      }
    },
    {
      "type": "Feature",
      "geometry": {
        "type": "Point",
        "coordinates": [
          -1.0113851,
          44.6803221
        ]
      },
      "properties": {
        "id": 8245792085,
        "osm_type": "node"
      }
    },
    {
      "type": "Feature",
      "geometry": {
        "type": "Point",
        "coordinates": [
          -0.7149827,
          44.8945606
        ]
      },
      "properties": {
        "id": 8259946892,
        "osm_type": "node",
        "access": "yes",
        "fee": "no"
      }
    },
    {
      "type": "Feature",
      "geometry": {
        "type": "Point",
        "coordinates": [
          1.2722407,
          45.8234373
        ]
      },
      "properties": {
        "id": 8283167529,
        "osm_type": "node",
        "fee": "no"
      }
    },
    {
      "type": "Feature",
      "geometry": {
        "type": "Point",
        "coordinates": [
          1.7891514,
          45.5339301
        ]
      },
      "properties": {
        "id": 8293237910,
        "osm_type": "node"
      }
    },
    {
      "type": "Feature",
      "geometry": {
        "type": "Point",
        "coordinates": [
          0.3291252,
          45.0921243
        ]
      },
      "properties": {
        "id": 8294106707,
        "osm_type": "node"
      }
    },
    {
      "type": "Feature",
      "geometry": {
        "type": "Point",
        "coordinates": [
          -0.6197311,
          44.7916865
        ]
      },
      "properties": {
        "id": 8307080602,
        "osm_type": "node"
      }
    },
    {
      "type": "Feature",
      "geometry": {
        "type": "Point",
        "coordinates": [
          -0.6187628,
          44.7919577
        ]
      },
      "properties": {
        "id": 8307080603,
        "osm_type": "node"
      }
    },
    {
      "type": "Feature",
      "geometry": {
        "type": "Point",
        "coordinates": [
          -1.4452831,
          43.6536033
        ]
      },
      "properties": {
        "id": 8318153691,
        "osm_type": "node",
        "access": "yes"
      }
    },
    {
      "type": "Feature",
      "geometry": {
        "type": "Point",
        "coordinates": [
          -1.4278462,
          43.6515393
        ]
      },
      "properties": {
        "id": 8318173744,
        "osm_type": "node"
      }
    },
    {
      "type": "Feature",
      "geometry": {
        "type": "Point",
        "coordinates": [
          -1.445391,
          43.6502232
        ]
      },
      "properties": {
        "id": 8337366690,
        "osm_type": "node",
        "access": "yes"
      }
    },
    {
      "type": "Feature",
      "geometry": {
        "type": "Point",
        "coordinates": [
          -1.2861716,
          43.6763228
        ]
      },
      "properties": {
        "id": 8349503976,
        "osm_type": "node"
      }
    },
    {
      "type": "Feature",
      "geometry": {
        "type": "Point",
        "coordinates": [
          -1.3095225,
          43.6655442
        ]
      },
      "properties": {
        "id": 8349524503,
        "osm_type": "node"
      }
    },
    {
      "type": "Feature",
      "geometry": {
        "type": "Point",
        "coordinates": [
          -1.2947864,
          43.6684789
        ]
      },
      "properties": {
        "id": 8349524504,
        "osm_type": "node"
      }
    },
    {
      "type": "Feature",
      "geometry": {
        "type": "Point",
        "coordinates": [
          -0.3975388,
          43.3227989
        ]
      },
      "properties": {
        "id": 8361031977,
        "osm_type": "node"
      }
    },
    {
      "type": "Feature",
      "geometry": {
        "type": "Point",
        "coordinates": [
          -0.9838075,
          43.5511461
        ]
      },
      "properties": {
        "id": 8393346229,
        "osm_type": "node",
        "access": "yes",
        "fee": "no",
        "indoor": "no"
      }
    },
    {
      "type": "Feature",
      "geometry": {
        "type": "Point",
        "coordinates": [
          -0.9194676,
          43.8006532
        ]
      },
      "properties": {
        "id": 8408065974,
        "osm_type": "node",
        "access": "yes",
        "fee": "no"
      }
    },
    {
      "type": "Feature",
      "geometry": {
        "type": "Point",
        "coordinates": [
          -0.8388237,
          43.7111934
        ]
      },
      "properties": {
        "id": 8408828404,
        "osm_type": "node",
        "access": "yes",
        "fee": "no"
      }
    },
    {
      "type": "Feature",
      "geometry": {
        "type": "Point",
        "coordinates": [
          -1.0512797,
          43.7125908
        ]
      },
      "properties": {
        "id": 8415933856,
        "osm_type": "node",
        "access": "yes",
        "fee": "no",
        "operator": "Ville de Dax"
      }
    },
    {
      "type": "Feature",
      "geometry": {
        "type": "Point",
        "coordinates": [
          -0.5204249,
          43.8822525
        ]
      },
      "properties": {
        "id": 8429866724,
        "osm_type": "node",
        "access": "yes",
        "fee": "no"
      }
    },
    {
      "type": "Feature",
      "geometry": {
        "type": "Point",
        "coordinates": [
          -0.4713524,
          43.8915836
        ]
      },
      "properties": {
        "id": 8434336739,
        "osm_type": "node"
      }
    },
    {
      "type": "Feature",
      "geometry": {
        "type": "Point",
        "coordinates": [
          -0.4581694,
          43.8484205
        ]
      },
      "properties": {
        "id": 8434889559,
        "osm_type": "node",
        "access": "yes",
        "fee": "no"
      }
    },
    {
      "type": "Feature",
      "geometry": {
        "type": "Point",
        "coordinates": [
          -1.512088,
          43.4812471
        ]
      },
      "properties": {
        "id": 8435037236,
        "osm_type": "node",
        "fee": "no",
        "operator": "Commune d'Anglet"
      }
    },
    {
      "type": "Feature",
      "geometry": {
        "type": "Point",
        "coordinates": [
          -0.3120286,
          43.8857818
        ]
      },
      "properties": {
        "id": 8441493221,
        "osm_type": "node",
        "access": "yes",
        "fee": "no"
      }
    },
    {
      "type": "Feature",
      "geometry": {
        "type": "Point",
        "coordinates": [
          -0.5803755,
          44.8408404
        ]
      },
      "properties": {
        "id": 8450904048,
        "osm_type": "node",
        "access": "yes",
        "fee": "no"
      }
    },
    {
      "type": "Feature",
      "geometry": {
        "type": "Point",
        "coordinates": [
          -1.5415413,
          43.5015478
        ]
      },
      "properties": {
        "id": 8454037071,
        "osm_type": "node",
        "access": "yes",
        "operator": "Commune d'Anglet"
      }
    },
    {
      "type": "Feature",
      "geometry": {
        "type": "Point",
        "coordinates": [
          -0.8350907,
          43.5751478
        ]
      },
      "properties": {
        "id": 8460604621,
        "osm_type": "node",
        "access": "yes",
        "fee": "no",
        "operator": "Mairie Tilh"
      }
    },
    {
      "type": "Feature",
      "geometry": {
        "type": "Point",
        "coordinates": [
          -0.9238127,
          43.7930068
        ]
      },
      "properties": {
        "id": 8461393136,
        "osm_type": "node",
        "name": "Tribunes du stade",
        "access": "yes",
        "fee": "no",
        "operator": "Mairie de Pontonx sur l'Adour"
      }
    },
    {
      "type": "Feature",
      "geometry": {
        "type": "Point",
        "coordinates": [
          -0.923584,
          43.7932942
        ]
      },
      "properties": {
        "id": 8461393137,
        "osm_type": "node",
        "name": "Vestiaires du stade",
        "access": "yes",
        "fee": "no",
        "operator": "Mairie de Pontonx sur l'Adour"
      }
    },
    {
      "type": "Feature",
      "geometry": {
        "type": "Point",
        "coordinates": [
          -0.8463898,
          44.0161494
        ]
      },
      "properties": {
        "id": 8467392021,
        "osm_type": "node",
        "access": "yes"
      }
    },
    {
      "type": "Feature",
      "geometry": {
        "type": "Point",
        "coordinates": [
          -0.6045091,
          44.8533458
        ]
      },
      "properties": {
        "id": 8483468399,
        "osm_type": "node",
        "access": "yes",
        "fee": "no"
      }
    },
    {
      "type": "Feature",
      "geometry": {
        "type": "Point",
        "coordinates": [
          -1.3282329,
          43.7539452
        ]
      },
      "properties": {
        "id": 8486224059,
        "osm_type": "node",
        "access": "yes"
      }
    },
    {
      "type": "Feature",
      "geometry": {
        "type": "Point",
        "coordinates": [
          -1.5301971,
          43.4954966
        ]
      },
      "properties": {
        "id": 8486451221,
        "osm_type": "node",
        "fee": "no",
        "operator": "Commune d'Anglet"
      }
    },
    {
      "type": "Feature",
      "geometry": {
        "type": "Point",
        "coordinates": [
          -0.3977339,
          43.3072239
        ]
      },
      "properties": {
        "id": 8490025266,
        "osm_type": "node"
      }
    },
    {
      "type": "Feature",
      "geometry": {
        "type": "Point",
        "coordinates": [
          -0.5637696,
          43.3581885
        ]
      },
      "properties": {
        "id": 8493847261,
        "osm_type": "node"
      }
    },
    {
      "type": "Feature",
      "geometry": {
        "type": "Point",
        "coordinates": [
          -1.4611625,
          43.5409648
        ]
      },
      "properties": {
        "id": 8509824999,
        "osm_type": "node",
        "access": "yes",
        "operator": "Mairie de Tarnos"
      }
    },
    {
      "type": "Feature",
      "geometry": {
        "type": "Point",
        "coordinates": [
          -1.4516861,
          43.5685571
        ]
      },
      "properties": {
        "id": 8510098148,
        "osm_type": "node",
        "access": "yes",
        "fee": "no",
        "operator": "Mairie de Ondres"
      }
    },
    {
      "type": "Feature",
      "geometry": {
        "type": "Point",
        "coordinates": [
          -1.4415819,
          43.6710806
        ]
      },
      "properties": {
        "id": 8510584971,
        "osm_type": "node"
      }
    },
    {
      "type": "Feature",
      "geometry": {
        "type": "Point",
        "coordinates": [
          -1.4396116,
          43.6801009
        ]
      },
      "properties": {
        "id": 8510584972,
        "osm_type": "node"
      }
    },
    {
      "type": "Feature",
      "geometry": {
        "type": "Point",
        "coordinates": [
          -1.4295967,
          43.6594295
        ]
      },
      "properties": {
        "id": 8521170653,
        "osm_type": "node",
        "access": "yes",
        "fee": "no"
      }
    },
    {
      "type": "Feature",
      "geometry": {
        "type": "Point",
        "coordinates": [
          -1.4285843,
          43.6609471
        ]
      },
      "properties": {
        "id": 8521170654,
        "osm_type": "node",
        "access": "yes",
        "fee": "no"
      }
    },
    {
      "type": "Feature",
      "geometry": {
        "type": "Point",
        "coordinates": [
          -1.3957361,
          43.6642612
        ]
      },
      "properties": {
        "id": 8521170655,
        "osm_type": "node",
        "access": "yes",
        "fee": "no"
      }
    },
    {
      "type": "Feature",
      "geometry": {
        "type": "Point",
        "coordinates": [
          -1.4262253,
          43.6599959
        ]
      },
      "properties": {
        "id": 8521170656,
        "osm_type": "node",
        "access": "yes",
        "fee": "no"
      }
    },
    {
      "type": "Feature",
      "geometry": {
        "type": "Point",
        "coordinates": [
          -1.1259677,
          43.6148729
        ]
      },
      "properties": {
        "id": 8524979382,
        "osm_type": "node",
        "access": "yes",
        "fee": "no",
        "operator": "Mairie de Saint-Lon-les-Mines"
      }
    },
    {
      "type": "Feature",
      "geometry": {
        "type": "Point",
        "coordinates": [
          0.2540084,
          44.7281141
        ]
      },
      "properties": {
        "id": 8529677619,
        "osm_type": "node"
      }
    },
    {
      "type": "Feature",
      "geometry": {
        "type": "Point",
        "coordinates": [
          -1.1872858,
          43.6565736
        ]
      },
      "properties": {
        "id": 8536319682,
        "osm_type": "node",
        "access": "yes"
      }
    },
    {
      "type": "Feature",
      "geometry": {
        "type": "Point",
        "coordinates": [
          -0.7774621,
          44.3082213
        ]
      },
      "properties": {
        "id": 8537110471,
        "osm_type": "node"
      }
    },
    {
      "type": "Feature",
      "geometry": {
        "type": "Point",
        "coordinates": [
          -0.9190162,
          44.2091064
        ]
      },
      "properties": {
        "id": 8537143025,
        "osm_type": "node",
        "access": "yes",
        "fee": "no"
      }
    },
    {
      "type": "Feature",
      "geometry": {
        "type": "Point",
        "coordinates": [
          -0.926472,
          44.207672
        ]
      },
      "properties": {
        "id": 8537156433,
        "osm_type": "node"
      }
    },
    {
      "type": "Feature",
      "geometry": {
        "type": "Point",
        "coordinates": [
          -1.2553867,
          43.4285522
        ]
      },
      "properties": {
        "id": 8541045743,
        "osm_type": "node"
      }
    },
    {
      "type": "Feature",
      "geometry": {
        "type": "Point",
        "coordinates": [
          -1.2559039,
          43.4294285
        ]
      },
      "properties": {
        "id": 8541066651,
        "osm_type": "node"
      }
    },
    {
      "type": "Feature",
      "geometry": {
        "type": "Point",
        "coordinates": [
          -0.6641954,
          44.8438198
        ]
      },
      "properties": {
        "id": 8544849102,
        "osm_type": "node"
      }
    },
    {
      "type": "Feature",
      "geometry": {
        "type": "Point",
        "coordinates": [
          -0.6654426,
          44.8444395
        ]
      },
      "properties": {
        "id": 8544849104,
        "osm_type": "node"
      }
    },
    {
      "type": "Feature",
      "geometry": {
        "type": "Point",
        "coordinates": [
          -0.8399054,
          43.7122341
        ]
      },
      "properties": {
        "id": 8549299699,
        "osm_type": "node",
        "access": "yes"
      }
    },
    {
      "type": "Feature",
      "geometry": {
        "type": "Point",
        "coordinates": [
          -1.4515852,
          43.5611214
        ]
      },
      "properties": {
        "id": 8552816508,
        "osm_type": "node",
        "access": "yes",
        "fee": "no",
        "operator": "Cimetière communal d'Ondres"
      }
    },
    {
      "type": "Feature",
      "geometry": {
        "type": "Point",
        "coordinates": [
          -1.5208105,
          43.5303609
        ]
      },
      "properties": {
        "id": 8552940959,
        "osm_type": "node",
        "access": "yes",
        "fee": "no",
        "operator": "Mairie de Tarnos"
      }
    },
    {
      "type": "Feature",
      "geometry": {
        "type": "Point",
        "coordinates": [
          -1.5895461,
          43.4391203
        ]
      },
      "properties": {
        "id": 8554110045,
        "osm_type": "node",
        "access": "yes",
        "operator": "Mairie de Bidart"
      }
    },
    {
      "type": "Feature",
      "geometry": {
        "type": "Point",
        "coordinates": [
          -1.4951611,
          43.5288747
        ]
      },
      "properties": {
        "id": 8557778361,
        "osm_type": "node",
        "access": "yes",
        "fee": "no",
        "operator": "Mairie de Tarnos"
      }
    },
    {
      "type": "Feature",
      "geometry": {
        "type": "Point",
        "coordinates": [
          -1.3882223,
          43.5413691
        ]
      },
      "properties": {
        "id": 8558312843,
        "osm_type": "node",
        "access": "yes",
        "fee": "no"
      }
    },
    {
      "type": "Feature",
      "geometry": {
        "type": "Point",
        "coordinates": [
          -1.3862135,
          43.5464127
        ]
      },
      "properties": {
        "id": 8561157428,
        "osm_type": "node",
        "access": "yes",
        "fee": "no",
        "operator": "Cimetière de Saint Martin de Seignanx"
      }
    },
    {
      "type": "Feature",
      "geometry": {
        "type": "Point",
        "coordinates": [
          -1.3845971,
          43.5423336
        ]
      },
      "properties": {
        "id": 8561159395,
        "osm_type": "node",
        "access": "yes",
        "fee": "no"
      }
    },
    {
      "type": "Feature",
      "geometry": {
        "type": "Point",
        "coordinates": [
          -1.3871319,
          43.5359986
        ]
      },
      "properties": {
        "id": 8561189292,
        "osm_type": "node",
        "access": "yes",
        "fee": "no"
      }
    },
    {
      "type": "Feature",
      "geometry": {
        "type": "Point",
        "coordinates": [
          -1.3719756,
          43.54214
        ]
      },
      "properties": {
        "id": 8561224991,
        "osm_type": "node",
        "access": "yes",
        "fee": "no",
        "operator": "Mairie de Saint Martin de Seignanx"
      }
    },
    {
      "type": "Feature",
      "geometry": {
        "type": "Point",
        "coordinates": [
          -1.3717637,
          43.5422703
        ]
      },
      "properties": {
        "id": 8561224992,
        "osm_type": "node",
        "access": "yes",
        "fee": "no",
        "operator": "Mairie de Saint Martin de Seignanx"
      }
    },
    {
      "type": "Feature",
      "geometry": {
        "type": "Point",
        "coordinates": [
          -1.3707284,
          43.5424141
        ]
      },
      "properties": {
        "id": 8561248950,
        "osm_type": "node",
        "access": "yes",
        "fee": "no",
        "operator": "Mairie de Saint Martin de Seignanx"
      }
    },
    {
      "type": "Feature",
      "geometry": {
        "type": "Point",
        "coordinates": [
          -1.2603619,
          43.1570009
        ]
      },
      "properties": {
        "id": 8569062421,
        "osm_type": "node"
      }
    },
    {
      "type": "Feature",
      "geometry": {
        "type": "Point",
        "coordinates": [
          -1.0709286,
          43.873428
        ]
      },
      "properties": {
        "id": 8569759788,
        "osm_type": "node",
        "access": "yes"
      }
    },
    {
      "type": "Feature",
      "geometry": {
        "type": "Point",
        "coordinates": [
          -0.2528004,
          43.0900909
        ]
      },
      "properties": {
        "id": 8575799048,
        "osm_type": "node",
        "access": "yes",
        "fee": "yes"
      }
    },
    {
      "type": "Feature",
      "geometry": {
        "type": "Point",
        "coordinates": [
          1.2529073,
          45.8308976
        ]
      },
      "properties": {
        "id": 8576814988,
        "osm_type": "node"
      }
    },
    {
      "type": "Feature",
      "geometry": {
        "type": "Point",
        "coordinates": [
          -1.1357873,
          43.6908297
        ]
      },
      "properties": {
        "id": 8583023444,
        "osm_type": "node"
      }
    },
    {
      "type": "Feature",
      "geometry": {
        "type": "Point",
        "coordinates": [
          -0.9796239,
          43.7129654
        ]
      },
      "properties": {
        "id": 8583024503,
        "osm_type": "node"
      }
    },
    {
      "type": "Feature",
      "geometry": {
        "type": "Point",
        "coordinates": [
          -1.1111747,
          43.7058569
        ]
      },
      "properties": {
        "id": 8583035824,
        "osm_type": "node"
      }
    },
    {
      "type": "Feature",
      "geometry": {
        "type": "Point",
        "coordinates": [
          -1.1900958,
          46.1561033
        ]
      },
      "properties": {
        "id": 8587152917,
        "osm_type": "node"
      }
    },
    {
      "type": "Feature",
      "geometry": {
        "type": "Point",
        "coordinates": [
          -0.3530578,
          43.1305056
        ]
      },
      "properties": {
        "id": 8592750026,
        "osm_type": "node",
        "access": "yes",
        "fee": "no"
      }
    },
    {
      "type": "Feature",
      "geometry": {
        "type": "Point",
        "coordinates": [
          -0.4016594,
          43.295292
        ]
      },
      "properties": {
        "id": 8595923447,
        "osm_type": "node"
      }
    },
    {
      "type": "Feature",
      "geometry": {
        "type": "Point",
        "coordinates": [
          -1.2584668,
          43.6248602
        ]
      },
      "properties": {
        "id": 8599120655,
        "osm_type": "node",
        "access": "yes"
      }
    },
    {
      "type": "Feature",
      "geometry": {
        "type": "Point",
        "coordinates": [
          -0.9925216,
          43.6733606
        ]
      },
      "properties": {
        "id": 8602545004,
        "osm_type": "node",
        "access": "yes"
      }
    },
    {
      "type": "Feature",
      "geometry": {
        "type": "Point",
        "coordinates": [
          -1.0487801,
          43.8043424
        ]
      },
      "properties": {
        "id": 8602562178,
        "osm_type": "node",
        "fee": "no"
      }
    },
    {
      "type": "Feature",
      "geometry": {
        "type": "Point",
        "coordinates": [
          -1.154013,
          43.6788138
        ]
      },
      "properties": {
        "id": 8602585748,
        "osm_type": "node",
        "fee": "no"
      }
    },
    {
      "type": "Feature",
      "geometry": {
        "type": "Point",
        "coordinates": [
          -0.4044611,
          43.3362349
        ]
      },
      "properties": {
        "id": 8603160312,
        "osm_type": "node",
        "access": "yes",
        "fee": "no"
      }
    },
    {
      "type": "Feature",
      "geometry": {
        "type": "Point",
        "coordinates": [
          -0.677621,
          43.6951917
        ]
      },
      "properties": {
        "id": 8606801891,
        "osm_type": "node",
        "access": "yes"
      }
    },
    {
      "type": "Feature",
      "geometry": {
        "type": "Point",
        "coordinates": [
          -1.0996801,
          43.5347844
        ]
      },
      "properties": {
        "id": 8606805309,
        "osm_type": "node",
        "access": "yes",
        "fee": "no",
        "operator": "Mairie Oeyregave"
      }
    },
    {
      "type": "Feature",
      "geometry": {
        "type": "Point",
        "coordinates": [
          -1.0996329,
          43.534998
        ]
      },
      "properties": {
        "id": 8606839080,
        "osm_type": "node",
        "access": "yes",
        "fee": "no",
        "operator": "Mairie de Oeyregave"
      }
    },
    {
      "type": "Feature",
      "geometry": {
        "type": "Point",
        "coordinates": [
          -0.6455689,
          43.6910035
        ]
      },
      "properties": {
        "id": 8607049112,
        "osm_type": "node",
        "access": "yes",
        "fee": "no"
      }
    },
    {
      "type": "Feature",
      "geometry": {
        "type": "Point",
        "coordinates": [
          -0.917547,
          43.6531443
        ]
      },
      "properties": {
        "id": 8610873752,
        "osm_type": "node"
      }
    },
    {
      "type": "Feature",
      "geometry": {
        "type": "Point",
        "coordinates": [
          -0.8758448,
          43.6627565
        ]
      },
      "properties": {
        "id": 8610934502,
        "osm_type": "node",
        "access": "yes",
        "fee": "no"
      }
    },
    {
      "type": "Feature",
      "geometry": {
        "type": "Point",
        "coordinates": [
          -0.6717608,
          43.7189707
        ]
      },
      "properties": {
        "id": 8611225734,
        "osm_type": "node",
        "access": "yes",
        "fee": "no",
        "operator": "Commune de Montaut"
      }
    },
    {
      "type": "Feature",
      "geometry": {
        "type": "Point",
        "coordinates": [
          -0.6721434,
          43.718974
        ]
      },
      "properties": {
        "id": 8611233272,
        "osm_type": "node",
        "access": "yes",
        "fee": "no",
        "operator": "Commune de Montaut"
      }
    },
    {
      "type": "Feature",
      "geometry": {
        "type": "Point",
        "coordinates": [
          -0.6432501,
          43.6898391
        ]
      },
      "properties": {
        "id": 8611608666,
        "osm_type": "node",
        "access": "yes",
        "fee": "no",
        "operator": "Commune de Doazit"
      }
    },
    {
      "type": "Feature",
      "geometry": {
        "type": "Point",
        "coordinates": [
          -0.6726481,
          43.7185669
        ]
      },
      "properties": {
        "id": 8612015582,
        "osm_type": "node",
        "access": "permissive",
        "operator": "Commune de Montaut"
      }
    },
    {
      "type": "Feature",
      "geometry": {
        "type": "Point",
        "coordinates": [
          -0.673787,
          46.1960298
        ]
      },
      "properties": {
        "id": 8617089007,
        "osm_type": "node"
      }
    },
    {
      "type": "Feature",
      "geometry": {
        "type": "Point",
        "coordinates": [
          -1.0748403,
          43.7121667
        ]
      },
      "properties": {
        "id": 8618006904,
        "osm_type": "node",
        "access": "yes"
      }
    },
    {
      "type": "Feature",
      "geometry": {
        "type": "Point",
        "coordinates": [
          -0.736957,
          43.4606461
        ]
      },
      "properties": {
        "id": 8621452432,
        "osm_type": "node",
        "access": "permissive",
        "fee": "no"
      }
    },
    {
      "type": "Feature",
      "geometry": {
        "type": "Point",
        "coordinates": [
          -0.8355895,
          43.4990156
        ]
      },
      "properties": {
        "id": 8621628023,
        "osm_type": "node",
        "access": "yes",
        "fee": "no"
      }
    },
    {
      "type": "Feature",
      "geometry": {
        "type": "Point",
        "coordinates": [
          -1.0760399,
          43.710127
        ]
      },
      "properties": {
        "id": 8622089531,
        "osm_type": "node",
        "access": "yes",
        "fee": "no",
        "operator": "Ville de Dax"
      }
    },
    {
      "type": "Feature",
      "geometry": {
        "type": "Point",
        "coordinates": [
          -0.680205,
          43.6964466
        ]
      },
      "properties": {
        "id": 8628392149,
        "osm_type": "node"
      }
    },
    {
      "type": "Feature",
      "geometry": {
        "type": "Point",
        "coordinates": [
          -0.9912563,
          43.6111497
        ]
      },
      "properties": {
        "id": 8628630109,
        "osm_type": "node",
        "access": "yes",
        "fee": "no",
        "operator": "Mairie de Pouillon"
      }
    },
    {
      "type": "Feature",
      "geometry": {
        "type": "Point",
        "coordinates": [
          -1.2010664,
          44.0326493
        ]
      },
      "properties": {
        "id": 8629399932,
        "osm_type": "node",
        "access": "yes"
      }
    },
    {
      "type": "Feature",
      "geometry": {
        "type": "Point",
        "coordinates": [
          -1.301012,
          43.9502561
        ]
      },
      "properties": {
        "id": 8629403570,
        "osm_type": "node",
        "access": "yes"
      }
    },
    {
      "type": "Feature",
      "geometry": {
        "type": "Point",
        "coordinates": [
          -1.3016497,
          43.9506009
        ]
      },
      "properties": {
        "id": 8629405935,
        "osm_type": "node",
        "access": "yes"
      }
    },
    {
      "type": "Feature",
      "geometry": {
        "type": "Point",
        "coordinates": [
          -1.2437103,
          43.9249129
        ]
      },
      "properties": {
        "id": 8629405936,
        "osm_type": "node"
      }
    },
    {
      "type": "Feature",
      "geometry": {
        "type": "Point",
        "coordinates": [
          -1.0567427,
          43.7244969
        ]
      },
      "properties": {
        "id": 8631346137,
        "osm_type": "node",
        "access": "yes"
      }
    },
    {
      "type": "Feature",
      "geometry": {
        "type": "Point",
        "coordinates": [
          -1.1412486,
          43.8031986
        ]
      },
      "properties": {
        "id": 8632422450,
        "osm_type": "node",
        "access": "yes"
      }
    },
    {
      "type": "Feature",
      "geometry": {
        "type": "Point",
        "coordinates": [
          -1.0364069,
          43.642933
        ]
      },
      "properties": {
        "id": 8632428847,
        "osm_type": "node",
        "access": "yes",
        "fee": "no"
      }
    },
    {
      "type": "Feature",
      "geometry": {
        "type": "Point",
        "coordinates": [
          -0.9883241,
          43.7657061
        ]
      },
      "properties": {
        "id": 8632451928,
        "osm_type": "node",
        "access": "yes",
        "fee": "no"
      }
    },
    {
      "type": "Feature",
      "geometry": {
        "type": "Point",
        "coordinates": [
          -0.2892578,
          43.6248138
        ]
      },
      "properties": {
        "id": 8632486993,
        "osm_type": "node"
      }
    },
    {
      "type": "Feature",
      "geometry": {
        "type": "Point",
        "coordinates": [
          -0.2866232,
          43.6260254
        ]
      },
      "properties": {
        "id": 8632498025,
        "osm_type": "node"
      }
    },
    {
      "type": "Feature",
      "geometry": {
        "type": "Point",
        "coordinates": [
          -0.7198874,
          43.0990336
        ]
      },
      "properties": {
        "id": 8633313069,
        "osm_type": "node",
        "access": "yes",
        "fee": "no"
      }
    },
    {
      "type": "Feature",
      "geometry": {
        "type": "Point",
        "coordinates": [
          -0.6913737,
          43.145128
        ]
      },
      "properties": {
        "id": 8634599008,
        "osm_type": "node",
        "access": "yes"
      }
    },
    {
      "type": "Feature",
      "geometry": {
        "type": "Point",
        "coordinates": [
          -0.6891102,
          43.1563858
        ]
      },
      "properties": {
        "id": 8634616328,
        "osm_type": "node",
        "access": "yes"
      }
    },
    {
      "type": "Feature",
      "geometry": {
        "type": "Point",
        "coordinates": [
          -0.6893175,
          43.1562078
        ]
      },
      "properties": {
        "id": 8634616330,
        "osm_type": "node",
        "access": "yes"
      }
    },
    {
      "type": "Feature",
      "geometry": {
        "type": "Point",
        "coordinates": [
          -1.056568,
          43.7246948
        ]
      },
      "properties": {
        "id": 8635231412,
        "osm_type": "node",
        "access": "yes"
      }
    },
    {
      "type": "Feature",
      "geometry": {
        "type": "Point",
        "coordinates": [
          -1.5209728,
          43.4372498
        ]
      },
      "properties": {
        "id": 8640598379,
        "osm_type": "node"
      }
    },
    {
      "type": "Feature",
      "geometry": {
        "type": "Point",
        "coordinates": [
          -0.6720044,
          43.7190544
        ]
      },
      "properties": {
        "id": 8643252093,
        "osm_type": "node",
        "access": "yes",
        "operator": "Commune de Montaut"
      }
    },
    {
      "type": "Feature",
      "geometry": {
        "type": "Point",
        "coordinates": [
          -0.0455162,
          44.8514206
        ]
      },
      "properties": {
        "id": 8646557217,
        "osm_type": "node"
      }
    },
    {
      "type": "Feature",
      "geometry": {
        "type": "Point",
        "coordinates": [
          -0.7221812,
          43.6693245
        ]
      },
      "properties": {
        "id": 8646691793,
        "osm_type": "node",
        "access": "yes",
        "fee": "no",
        "operator": "Mairie de Bergouey"
      }
    },
    {
      "type": "Feature",
      "geometry": {
        "type": "Point",
        "coordinates": [
          -0.7224447,
          43.669445
        ]
      },
      "properties": {
        "id": 8646693973,
        "osm_type": "node",
        "access": "yes",
        "operator": "Maire de Bergouey"
      }
    },
    {
      "type": "Feature",
      "geometry": {
        "type": "Point",
        "coordinates": [
          -0.7195964,
          43.6686812
        ]
      },
      "properties": {
        "id": 8646793089,
        "osm_type": "node",
        "access": "yes",
        "fee": "no",
        "operator": "Mairie de Bergouey"
      }
    },
    {
      "type": "Feature",
      "geometry": {
        "type": "Point",
        "coordinates": [
          -0.7614335,
          43.9562929
        ]
      },
      "properties": {
        "id": 8647485947,
        "osm_type": "node",
        "access": "yes"
      }
    },
    {
      "type": "Feature",
      "geometry": {
        "type": "Point",
        "coordinates": [
          -0.7894651,
          44.0028556
        ]
      },
      "properties": {
        "id": 8647489131,
        "osm_type": "node",
        "access": "yes"
      }
    },
    {
      "type": "Feature",
      "geometry": {
        "type": "Point",
        "coordinates": [
          -0.7903624,
          44.0055142
        ]
      },
      "properties": {
        "id": 8647493192,
        "osm_type": "node",
        "access": "yes"
      }
    },
    {
      "type": "Feature",
      "geometry": {
        "type": "Point",
        "coordinates": [
          -0.7401199,
          44.1483985
        ]
      },
      "properties": {
        "id": 8651231851,
        "osm_type": "node",
        "access": "yes"
      }
    },
    {
      "type": "Feature",
      "geometry": {
        "type": "Point",
        "coordinates": [
          -0.5805266,
          44.3223874
        ]
      },
      "properties": {
        "id": 8651233777,
        "osm_type": "node",
        "access": "yes"
      }
    },
    {
      "type": "Feature",
      "geometry": {
        "type": "Point",
        "coordinates": [
          -0.2601694,
          43.6986043
        ]
      },
      "properties": {
        "id": 8651353368,
        "osm_type": "node",
        "access": "yes",
        "fee": "no"
      }
    },
    {
      "type": "Feature",
      "geometry": {
        "type": "Point",
        "coordinates": [
          -0.4709066,
          43.3728422
        ]
      },
      "properties": {
        "id": 8653290664,
        "osm_type": "node"
      }
    },
    {
      "type": "Feature",
      "geometry": {
        "type": "Point",
        "coordinates": [
          -0.9893247,
          43.7862116
        ]
      },
      "properties": {
        "id": 8654708591,
        "osm_type": "node",
        "fee": "no"
      }
    },
    {
      "type": "Feature",
      "geometry": {
        "type": "Point",
        "coordinates": [
          -0.5436633,
          44.1038408
        ]
      },
      "properties": {
        "id": 8655235258,
        "osm_type": "node",
        "access": "yes"
      }
    },
    {
      "type": "Feature",
      "geometry": {
        "type": "Point",
        "coordinates": [
          -0.8986058,
          43.7289412
        ]
      },
      "properties": {
        "id": 8655375380,
        "osm_type": "node",
        "access": "yes",
        "fee": "no"
      }
    },
    {
      "type": "Feature",
      "geometry": {
        "type": "Point",
        "coordinates": [
          -0.4283651,
          43.7736961
        ]
      },
      "properties": {
        "id": 8655674258,
        "osm_type": "node",
        "access": "yes",
        "indoor": "yes"
      }
    },
    {
      "type": "Feature",
      "geometry": {
        "type": "Point",
        "coordinates": [
          -0.7982827,
          43.7568667
        ]
      },
      "properties": {
        "id": 8655976046,
        "osm_type": "node",
        "access": "yes",
        "operator": "Commune de Laurède"
      }
    },
    {
      "type": "Feature",
      "geometry": {
        "type": "Point",
        "coordinates": [
          -1.0624391,
          43.7126752
        ]
      },
      "properties": {
        "id": 8656737068,
        "osm_type": "node",
        "access": "yes"
      }
    },
    {
      "type": "Feature",
      "geometry": {
        "type": "Point",
        "coordinates": [
          -0.616482,
          44.8209645
        ]
      },
      "properties": {
        "id": 8657082029,
        "osm_type": "node",
        "fee": "no"
      }
    },
    {
      "type": "Feature",
      "geometry": {
        "type": "Point",
        "coordinates": [
          -0.880529,
          43.5581176
        ]
      },
      "properties": {
        "id": 8659123493,
        "osm_type": "node",
        "access": "yes"
      }
    },
    {
      "type": "Feature",
      "geometry": {
        "type": "Point",
        "coordinates": [
          -0.906846,
          43.6001404
        ]
      },
      "properties": {
        "id": 8659145769,
        "osm_type": "node",
        "access": "yes"
      }
    },
    {
      "type": "Feature",
      "geometry": {
        "type": "Point",
        "coordinates": [
          -0.97164,
          43.6487082
        ]
      },
      "properties": {
        "id": 8659166652,
        "osm_type": "node",
        "access": "yes"
      }
    },
    {
      "type": "Feature",
      "geometry": {
        "type": "Point",
        "coordinates": [
          -0.908026,
          43.6001178
        ]
      },
      "properties": {
        "id": 8659169118,
        "osm_type": "node",
        "access": "yes"
      }
    },
    {
      "type": "Feature",
      "geometry": {
        "type": "Point",
        "coordinates": [
          -1.337292,
          45.9734592
        ]
      },
      "properties": {
        "id": 8659180731,
        "osm_type": "node"
      }
    },
    {
      "type": "Feature",
      "geometry": {
        "type": "Point",
        "coordinates": [
          -1.0794337,
          43.6426791
        ]
      },
      "properties": {
        "id": 8659334577,
        "osm_type": "node",
        "access": "yes",
        "fee": "no"
      }
    },
    {
      "type": "Feature",
      "geometry": {
        "type": "Point",
        "coordinates": [
          -0.6010641,
          44.881628
        ]
      },
      "properties": {
        "id": 8664354222,
        "osm_type": "node"
      }
    },
    {
      "type": "Feature",
      "geometry": {
        "type": "Point",
        "coordinates": [
          -0.8851585,
          43.1984764
        ]
      },
      "properties": {
        "id": 8665522129,
        "osm_type": "node"
      }
    },
    {
      "type": "Feature",
      "geometry": {
        "type": "Point",
        "coordinates": [
          -0.8039493,
          43.8322036
        ]
      },
      "properties": {
        "id": 8668837565,
        "osm_type": "node"
      }
    },
    {
      "type": "Feature",
      "geometry": {
        "type": "Point",
        "coordinates": [
          -0.8042635,
          43.8329749
        ]
      },
      "properties": {
        "id": 8668837566,
        "osm_type": "node",
        "access": "yes",
        "fee": "no"
      }
    },
    {
      "type": "Feature",
      "geometry": {
        "type": "Point",
        "coordinates": [
          -1.4611784,
          43.4039686
        ]
      },
      "properties": {
        "id": 8675505259,
        "osm_type": "node"
      }
    },
    {
      "type": "Feature",
      "geometry": {
        "type": "Point",
        "coordinates": [
          -0.5731366,
          43.7620636
        ]
      },
      "properties": {
        "id": 8676430370,
        "osm_type": "node",
        "access": "yes"
      }
    },
    {
      "type": "Feature",
      "geometry": {
        "type": "Point",
        "coordinates": [
          -0.6853111,
          43.2632121
        ]
      },
      "properties": {
        "id": 8680121983,
        "osm_type": "node"
      }
    },
    {
      "type": "Feature",
      "geometry": {
        "type": "Point",
        "coordinates": [
          -0.9273521,
          43.7026515
        ]
      },
      "properties": {
        "id": 8682577461,
        "osm_type": "node",
        "access": "yes"
      }
    },
    {
      "type": "Feature",
      "geometry": {
        "type": "Point",
        "coordinates": [
          -0.5861834,
          44.8544069
        ]
      },
      "properties": {
        "id": 8684448749,
        "osm_type": "node",
        "fee": "no"
      }
    },
    {
      "type": "Feature",
      "geometry": {
        "type": "Point",
        "coordinates": [
          -0.5857888,
          44.8554843
        ]
      },
      "properties": {
        "id": 8684448750,
        "osm_type": "node",
        "fee": "no"
      }
    },
    {
      "type": "Feature",
      "geometry": {
        "type": "Point",
        "coordinates": [
          -0.5654988,
          44.9052073
        ]
      },
      "properties": {
        "id": 8690406369,
        "osm_type": "node"
      }
    },
    {
      "type": "Feature",
      "geometry": {
        "type": "Point",
        "coordinates": [
          -0.3336755,
          43.8630572
        ]
      },
      "properties": {
        "id": 8702293201,
        "osm_type": "node",
        "access": "yes"
      }
    },
    {
      "type": "Feature",
      "geometry": {
        "type": "Point",
        "coordinates": [
          -0.2790109,
          43.87773
        ]
      },
      "properties": {
        "id": 8702320243,
        "osm_type": "node",
        "access": "yes"
      }
    },
    {
      "type": "Feature",
      "geometry": {
        "type": "Point",
        "coordinates": [
          -0.9851802,
          44.0266458
        ]
      },
      "properties": {
        "id": 8709520280,
        "osm_type": "node",
        "access": "yes"
      }
    },
    {
      "type": "Feature",
      "geometry": {
        "type": "Point",
        "coordinates": [
          -0.9283616,
          44.0124543
        ]
      },
      "properties": {
        "id": 8709600483,
        "osm_type": "node",
        "access": "yes"
      }
    },
    {
      "type": "Feature",
      "geometry": {
        "type": "Point",
        "coordinates": [
          -1.0842967,
          43.971973
        ]
      },
      "properties": {
        "id": 8709603960,
        "osm_type": "node",
        "access": "yes"
      }
    },
    {
      "type": "Feature",
      "geometry": {
        "type": "Point",
        "coordinates": [
          -0.9271869,
          44.012186
        ]
      },
      "properties": {
        "id": 8709610196,
        "osm_type": "node",
        "access": "yes"
      }
    },
    {
      "type": "Feature",
      "geometry": {
        "type": "Point",
        "coordinates": [
          -1.0931443,
          43.9695042
        ]
      },
      "properties": {
        "id": 8709611418,
        "osm_type": "node",
        "access": "yes"
      }
    },
    {
      "type": "Feature",
      "geometry": {
        "type": "Point",
        "coordinates": [
          -0.681289,
          43.3122837
        ]
      },
      "properties": {
        "id": 8714152972,
        "osm_type": "node",
        "access": "yes",
        "fee": "no"
      }
    },
    {
      "type": "Feature",
      "geometry": {
        "type": "Point",
        "coordinates": [
          -0.4754525,
          43.3177463
        ]
      },
      "properties": {
        "id": 8714489860,
        "osm_type": "node",
        "access": "yes",
        "fee": "no"
      }
    },
    {
      "type": "Feature",
      "geometry": {
        "type": "Point",
        "coordinates": [
          -0.919023,
          44.0263986
        ]
      },
      "properties": {
        "id": 8718475839,
        "osm_type": "node",
        "access": "yes"
      }
    },
    {
      "type": "Feature",
      "geometry": {
        "type": "Point",
        "coordinates": [
          -0.7605682,
          44.3580785
        ]
      },
      "properties": {
        "id": 8721615685,
        "osm_type": "node",
        "access": "yes"
      }
    },
    {
      "type": "Feature",
      "geometry": {
        "type": "Point",
        "coordinates": [
          -1.0318882,
          44.1645869
        ]
      },
      "properties": {
        "id": 8721651320,
        "osm_type": "node",
        "access": "yes"
      }
    },
    {
      "type": "Feature",
      "geometry": {
        "type": "Point",
        "coordinates": [
          -0.8068473,
          43.8815143
        ]
      },
      "properties": {
        "id": 8724470204,
        "osm_type": "node",
        "access": "yes",
        "fee": "no",
        "operator": "Mairie de Carcen-Ponson"
      }
    },
    {
      "type": "Feature",
      "geometry": {
        "type": "Point",
        "coordinates": [
          -1.0540808,
          43.5289703
        ]
      },
      "properties": {
        "id": 8725119241,
        "osm_type": "node",
        "access": "yes",
        "fee": "no",
        "operator": "Mairie de Sorde l'Abbaye"
      }
    },
    {
      "type": "Feature",
      "geometry": {
        "type": "Point",
        "coordinates": [
          -1.0541086,
          43.5298419
        ]
      },
      "properties": {
        "id": 8725151477,
        "osm_type": "node",
        "access": "yes",
        "fee": "no",
        "operator": "Mairie de Sorde l'Abbaye"
      }
    },
    {
      "type": "Feature",
      "geometry": {
        "type": "Point",
        "coordinates": [
          -1.1486444,
          43.5346752
        ]
      },
      "properties": {
        "id": 8725350019,
        "osm_type": "node",
        "access": "yes",
        "fee": "no",
        "operator": "Mairie d'Hastingues"
      }
    },
    {
      "type": "Feature",
      "geometry": {
        "type": "Point",
        "coordinates": [
          -1.0545073,
          43.5301753
        ]
      },
      "properties": {
        "id": 8725383651,
        "osm_type": "node",
        "access": "yes",
        "fee": "no",
        "operator": "Mairie de Sorde l'Abbaye"
      }
    },
    {
      "type": "Feature",
      "geometry": {
        "type": "Point",
        "coordinates": [
          -1.0459143,
          43.2362355
        ]
      },
      "properties": {
        "id": 8736129830,
        "osm_type": "node",
        "access": "yes",
        "fee": "no"
      }
    },
    {
      "type": "Feature",
      "geometry": {
        "type": "Point",
        "coordinates": [
          -0.6078079,
          44.7672521
        ]
      },
      "properties": {
        "id": 8736315421,
        "osm_type": "node",
        "access": "yes",
        "fee": "no"
      }
    },
    {
      "type": "Feature",
      "geometry": {
        "type": "Point",
        "coordinates": [
          -0.4904513,
          44.8619263
        ]
      },
      "properties": {
        "id": 8736666155,
        "osm_type": "node"
      }
    },
    {
      "type": "Feature",
      "geometry": {
        "type": "Point",
        "coordinates": [
          -0.4930148,
          44.8608012
        ]
      },
      "properties": {
        "id": 8736666157,
        "osm_type": "node"
      }
    },
    {
      "type": "Feature",
      "geometry": {
        "type": "Point",
        "coordinates": [
          -0.9610576,
          45.9353889
        ]
      },
      "properties": {
        "id": 8739748761,
        "osm_type": "node"
      }
    },
    {
      "type": "Feature",
      "geometry": {
        "type": "Point",
        "coordinates": [
          -0.9599711,
          45.9353534
        ]
      },
      "properties": {
        "id": 8739748762,
        "osm_type": "node"
      }
    },
    {
      "type": "Feature",
      "geometry": {
        "type": "Point",
        "coordinates": [
          -0.9570004,
          45.9383001
        ]
      },
      "properties": {
        "id": 8739748763,
        "osm_type": "node",
        "access": "yes",
        "fee": "no"
      }
    },
    {
      "type": "Feature",
      "geometry": {
        "type": "Point",
        "coordinates": [
          -0.2687442,
          43.6974678
        ]
      },
      "properties": {
        "id": 8741327610,
        "osm_type": "node"
      }
    },
    {
      "type": "Feature",
      "geometry": {
        "type": "Point",
        "coordinates": [
          -1.238943,
          43.1591115
        ]
      },
      "properties": {
        "id": 8749819417,
        "osm_type": "node",
        "access": "yes",
        "fee": "no"
      }
    },
    {
      "type": "Feature",
      "geometry": {
        "type": "Point",
        "coordinates": [
          -1.2440212,
          43.1645515
        ]
      },
      "properties": {
        "id": 8750126516,
        "osm_type": "node",
        "access": "yes"
      }
    },
    {
      "type": "Feature",
      "geometry": {
        "type": "Point",
        "coordinates": [
          -0.3229063,
          43.7248394
        ]
      },
      "properties": {
        "id": 8753028775,
        "osm_type": "node"
      }
    },
    {
      "type": "Feature",
      "geometry": {
        "type": "Point",
        "coordinates": [
          -0.355078,
          43.7465854
        ]
      },
      "properties": {
        "id": 8753028782,
        "osm_type": "node"
      }
    },
    {
      "type": "Feature",
      "geometry": {
        "type": "Point",
        "coordinates": [
          -0.4142077,
          43.7112253
        ]
      },
      "properties": {
        "id": 8753065583,
        "osm_type": "node",
        "access": "yes",
        "fee": "no"
      }
    },
    {
      "type": "Feature",
      "geometry": {
        "type": "Point",
        "coordinates": [
          -0.2586178,
          43.8951023
        ]
      },
      "properties": {
        "id": 8760255736,
        "osm_type": "node",
        "access": "yes"
      }
    },
    {
      "type": "Feature",
      "geometry": {
        "type": "Point",
        "coordinates": [
          -0.6008636,
          44.8789411
        ]
      },
      "properties": {
        "id": 8761237813,
        "osm_type": "node",
        "access": "yes",
        "fee": "no"
      }
    },
    {
      "type": "Feature",
      "geometry": {
        "type": "Point",
        "coordinates": [
          -0.4319315,
          43.0549827
        ]
      },
      "properties": {
        "id": 8764887215,
        "osm_type": "node"
      }
    },
    {
      "type": "Feature",
      "geometry": {
        "type": "Point",
        "coordinates": [
          -0.5713611,
          44.8313099
        ]
      },
      "properties": {
        "id": 8768310312,
        "osm_type": "node",
        "access": "yes",
        "operator": "Université de Bordeaux"
      }
    },
    {
      "type": "Feature",
      "geometry": {
        "type": "Point",
        "coordinates": [
          -1.5117468,
          43.5005025
        ]
      },
      "properties": {
        "id": 8772557489,
        "osm_type": "node",
        "access": "yes",
        "fee": "no"
      }
    },
    {
      "type": "Feature",
      "geometry": {
        "type": "Point",
        "coordinates": [
          -1.5132037,
          43.4997142
        ]
      },
      "properties": {
        "id": 8772557499,
        "osm_type": "node",
        "access": "yes",
        "fee": "no"
      }
    },
    {
      "type": "Feature",
      "geometry": {
        "type": "Point",
        "coordinates": [
          -1.5143008,
          43.5001704
        ]
      },
      "properties": {
        "id": 8772557513,
        "osm_type": "node",
        "access": "yes",
        "fee": "no"
      }
    },
    {
      "type": "Feature",
      "geometry": {
        "type": "Point",
        "coordinates": [
          -1.5137076,
          43.5010626
        ]
      },
      "properties": {
        "id": 8772594624,
        "osm_type": "node",
        "access": "yes",
        "fee": "no"
      }
    },
    {
      "type": "Feature",
      "geometry": {
        "type": "Point",
        "coordinates": [
          -0.359775,
          43.2952505
        ]
      },
      "properties": {
        "id": 8773479930,
        "osm_type": "node",
        "fee": "no",
        "operator": "Pau"
      }
    },
    {
      "type": "Feature",
      "geometry": {
        "type": "Point",
        "coordinates": [
          -1.1775423,
          43.5893694
        ]
      },
      "properties": {
        "id": 8776638843,
        "osm_type": "node",
        "access": "yes",
        "fee": "no"
      }
    },
    {
      "type": "Feature",
      "geometry": {
        "type": "Point",
        "coordinates": [
          -1.1103888,
          43.5917676
        ]
      },
      "properties": {
        "id": 8776807335,
        "osm_type": "node",
        "access": "yes",
        "fee": "no"
      }
    },
    {
      "type": "Feature",
      "geometry": {
        "type": "Point",
        "coordinates": [
          -1.0357533,
          43.6132324
        ]
      },
      "properties": {
        "id": 8776900327,
        "osm_type": "node",
        "access": "yes"
      }
    },
    {
      "type": "Feature",
      "geometry": {
        "type": "Point",
        "coordinates": [
          -1.0359212,
          43.6126674
        ]
      },
      "properties": {
        "id": 8776900328,
        "osm_type": "node",
        "access": "yes"
      }
    },
    {
      "type": "Feature",
      "geometry": {
        "type": "Point",
        "coordinates": [
          0.03889,
          46.0039725
        ]
      },
      "properties": {
        "id": 8784752850,
        "osm_type": "node",
        "access": "yes"
      }
    },
    {
      "type": "Feature",
      "geometry": {
        "type": "Point",
        "coordinates": [
          -0.0036737,
          46.0301245
        ]
      },
      "properties": {
        "id": 8788438082,
        "osm_type": "node",
        "access": "yes",
        "fee": "no"
      }
    },
    {
      "type": "Feature",
      "geometry": {
        "type": "Point",
        "coordinates": [
          -1.1102022,
          43.5917882
        ]
      },
      "properties": {
        "id": 8795916782,
        "osm_type": "node",
        "access": "yes",
        "fee": "no"
      }
    },
    {
      "type": "Feature",
      "geometry": {
        "type": "Point",
        "coordinates": [
          -1.1103227,
          43.5916685
        ]
      },
      "properties": {
        "id": 8795916783,
        "osm_type": "node",
        "access": "yes",
        "fee": "no"
      }
    },
    {
      "type": "Feature",
      "geometry": {
        "type": "Point",
        "coordinates": [
          -0.828352,
          43.5521431
        ]
      },
      "properties": {
        "id": 8797603513,
        "osm_type": "node",
        "access": "yes",
        "fee": "no"
      }
    },
    {
      "type": "Feature",
      "geometry": {
        "type": "Point",
        "coordinates": [
          -0.9001144,
          43.3861919
        ]
      },
      "properties": {
        "id": 8804098965,
        "osm_type": "node",
        "access": "yes",
        "fee": "no"
      }
    },
    {
      "type": "Feature",
      "geometry": {
        "type": "Point",
        "coordinates": [
          -1.1541972,
          43.677852
        ]
      },
      "properties": {
        "id": 8804491520,
        "osm_type": "node",
        "fee": "no"
      }
    },
    {
      "type": "Feature",
      "geometry": {
        "type": "Point",
        "coordinates": [
          -0.8464035,
          43.8158886
        ]
      },
      "properties": {
        "id": 8804556932,
        "osm_type": "node"
      }
    },
    {
      "type": "Feature",
      "geometry": {
        "type": "Point",
        "coordinates": [
          -0.6855835,
          44.7410562
        ]
      },
      "properties": {
        "id": 8811652424,
        "osm_type": "node"
      }
    },
    {
      "type": "Feature",
      "geometry": {
        "type": "Point",
        "coordinates": [
          -0.0677571,
          45.9618874
        ]
      },
      "properties": {
        "id": 8811772093,
        "osm_type": "node"
      }
    },
    {
      "type": "Feature",
      "geometry": {
        "type": "Point",
        "coordinates": [
          2.0645035,
          45.8463089
        ]
      },
      "properties": {
        "id": 8811804708,
        "osm_type": "node",
        "access": "yes",
        "fee": "no",
        "operator": "Commune de La Nouaille"
      }
    },
    {
      "type": "Feature",
      "geometry": {
        "type": "Point",
        "coordinates": [
          -0.1510242,
          43.5583385
        ]
      },
      "properties": {
        "id": 8814289956,
        "osm_type": "node",
        "access": "yes",
        "fee": "no"
      }
    },
    {
      "type": "Feature",
      "geometry": {
        "type": "Point",
        "coordinates": [
          0.1663745,
          45.9184757
        ]
      },
      "properties": {
        "id": 8814970633,
        "osm_type": "node"
      }
    },
    {
      "type": "Feature",
      "geometry": {
        "type": "Point",
        "coordinates": [
          -0.2735193,
          43.5924877
        ]
      },
      "properties": {
        "id": 8815666729,
        "osm_type": "node",
        "access": "permissive",
        "fee": "no"
      }
    },
    {
      "type": "Feature",
      "geometry": {
        "type": "Point",
        "coordinates": [
          0.0777118,
          46.0040069
        ]
      },
      "properties": {
        "id": 8816812243,
        "osm_type": "node"
      }
    },
    {
      "type": "Feature",
      "geometry": {
        "type": "Point",
        "coordinates": [
          -0.4057187,
          43.8675377
        ]
      },
      "properties": {
        "id": 8829793003,
        "osm_type": "node",
        "access": "yes",
        "fee": "no"
      }
    },
    {
      "type": "Feature",
      "geometry": {
        "type": "Point",
        "coordinates": [
          -0.8096585,
          43.8315165
        ]
      },
      "properties": {
        "id": 8841297871,
        "osm_type": "node",
        "access": "yes",
        "fee": "no"
      }
    },
    {
      "type": "Feature",
      "geometry": {
        "type": "Point",
        "coordinates": [
          -0.8112036,
          43.8308528
        ]
      },
      "properties": {
        "id": 8841297876,
        "osm_type": "node"
      }
    },
    {
      "type": "Feature",
      "geometry": {
        "type": "Point",
        "coordinates": [
          -0.8116155,
          43.8307215
        ]
      },
      "properties": {
        "id": 8841297878,
        "osm_type": "node"
      }
    },
    {
      "type": "Feature",
      "geometry": {
        "type": "Point",
        "coordinates": [
          -0.6730745,
          43.5498551
        ]
      },
      "properties": {
        "id": 8841460044,
        "osm_type": "node",
        "access": "yes"
      }
    },
    {
      "type": "Feature",
      "geometry": {
        "type": "Point",
        "coordinates": [
          -0.9973629,
          43.6049233
        ]
      },
      "properties": {
        "id": 8865941096,
        "osm_type": "node",
        "access": "yes",
        "fee": "no"
      }
    },
    {
      "type": "Feature",
      "geometry": {
        "type": "Point",
        "coordinates": [
          -1.0175838,
          43.5934033
        ]
      },
      "properties": {
        "id": 8871354342,
        "osm_type": "node",
        "access": "yes"
      }
    },
    {
      "type": "Feature",
      "geometry": {
        "type": "Point",
        "coordinates": [
          -0.9998574,
          45.6041981
        ]
      },
      "properties": {
        "id": 8872546018,
        "osm_type": "node"
      }
    },
    {
      "type": "Feature",
      "geometry": {
        "type": "Point",
        "coordinates": [
          -0.9929604,
          46.306013
        ]
      },
      "properties": {
        "id": 8874831218,
        "osm_type": "node"
      }
    },
    {
      "type": "Feature",
      "geometry": {
        "type": "Point",
        "coordinates": [
          -1.2905534,
          44.2122712
        ]
      },
      "properties": {
        "id": 8879125065,
        "osm_type": "node",
        "fee": "no",
        "seasonal": "summer"
      }
    },
    {
      "type": "Feature",
      "geometry": {
        "type": "Point",
        "coordinates": [
          -1.1681052,
          45.2229167
        ]
      },
      "properties": {
        "id": 8879125782,
        "osm_type": "node"
      }
    },
    {
      "type": "Feature",
      "geometry": {
        "type": "Point",
        "coordinates": [
          -1.0482119,
          43.2723739
        ]
      },
      "properties": {
        "id": 8882538916,
        "osm_type": "node",
        "name": "Point d'eau potable"
      }
    },
    {
      "type": "Feature",
      "geometry": {
        "type": "Point",
        "coordinates": [
          -1.0572975,
          43.2637574
        ]
      },
      "properties": {
        "id": 8882647518,
        "osm_type": "node"
      }
    },
    {
      "type": "Feature",
      "geometry": {
        "type": "Point",
        "coordinates": [
          -0.1970699,
          47.0834594
        ]
      },
      "properties": {
        "id": 8883023918,
        "osm_type": "node"
      }
    },
    {
      "type": "Feature",
      "geometry": {
        "type": "Point",
        "coordinates": [
          -1.1210248,
          43.2198578
        ]
      },
      "properties": {
        "id": 8883305274,
        "osm_type": "node"
      }
    },
    {
      "type": "Feature",
      "geometry": {
        "type": "Point",
        "coordinates": [
          -1.1746835,
          43.1631905
        ]
      },
      "properties": {
        "id": 8887158494,
        "osm_type": "node"
      }
    },
    {
      "type": "Feature",
      "geometry": {
        "type": "Point",
        "coordinates": [
          0.6110543,
          44.200638
        ]
      },
      "properties": {
        "id": 8887470019,
        "osm_type": "node"
      }
    },
    {
      "type": "Feature",
      "geometry": {
        "type": "Point",
        "coordinates": [
          0.4798195,
          44.2150393
        ]
      },
      "properties": {
        "id": 8896001777,
        "osm_type": "node"
      }
    },
    {
      "type": "Feature",
      "geometry": {
        "type": "Point",
        "coordinates": [
          -0.1878378,
          43.9690619
        ]
      },
      "properties": {
        "id": 8906489764,
        "osm_type": "node",
        "access": "yes",
        "operator": "Mairie"
      }
    },
    {
      "type": "Feature",
      "geometry": {
        "type": "Point",
        "coordinates": [
          -0.1900406,
          43.9664507
        ]
      },
      "properties": {
        "id": 8906503483,
        "osm_type": "node",
        "access": "yes",
        "fee": "no",
        "operator": "Mairie"
      }
    },
    {
      "type": "Feature",
      "geometry": {
        "type": "Point",
        "coordinates": [
          -0.6499472,
          46.2789036
        ]
      },
      "properties": {
        "id": 8911369817,
        "osm_type": "node"
      }
    },
    {
      "type": "Feature",
      "geometry": {
        "type": "Point",
        "coordinates": [
          -1.0815495,
          43.6420588
        ]
      },
      "properties": {
        "id": 8913013152,
        "osm_type": "node",
        "access": "yes",
        "fee": "no"
      }
    },
    {
      "type": "Feature",
      "geometry": {
        "type": "Point",
        "coordinates": [
          -1.1092825,
          45.9585602
        ]
      },
      "properties": {
        "id": 8918814986,
        "osm_type": "node",
        "access": "yes"
      }
    },
    {
      "type": "Feature",
      "geometry": {
        "type": "Point",
        "coordinates": [
          1.2644755,
          45.8208106
        ]
      },
      "properties": {
        "id": 8925640286,
        "osm_type": "node"
      }
    },
    {
      "type": "Feature",
      "geometry": {
        "type": "Point",
        "coordinates": [
          -0.0661213,
          45.6454373
        ]
      },
      "properties": {
        "id": 8928381117,
        "osm_type": "node",
        "access": "permissive",
        "fee": "no"
      }
    },
    {
      "type": "Feature",
      "geometry": {
        "type": "Point",
        "coordinates": [
          -1.5658918,
          43.3629211
        ]
      },
      "properties": {
        "id": 8929238314,
        "osm_type": "node",
        "access": "customers"
      }
    },
    {
      "type": "Feature",
      "geometry": {
        "type": "Point",
        "coordinates": [
          -1.046491,
          43.8060808
        ]
      },
      "properties": {
        "id": 8930769971,
        "osm_type": "node",
        "fee": "no"
      }
    },
    {
      "type": "Feature",
      "geometry": {
        "type": "Point",
        "coordinates": [
          -1.0463624,
          43.8061433
        ]
      },
      "properties": {
        "id": 8930775422,
        "osm_type": "node",
        "fee": "no"
      }
    },
    {
      "type": "Feature",
      "geometry": {
        "type": "Point",
        "coordinates": [
          -0.6334299,
          42.9347498
        ]
      },
      "properties": {
        "id": 8930841515,
        "osm_type": "node"
      }
    },
    {
      "type": "Feature",
      "geometry": {
        "type": "Point",
        "coordinates": [
          -0.7272934,
          43.122444
        ]
      },
      "properties": {
        "id": 8933562735,
        "osm_type": "node",
        "access": "yes",
        "fee": "no"
      }
    },
    {
      "type": "Feature",
      "geometry": {
        "type": "Point",
        "coordinates": [
          -0.9573854,
          43.0187939
        ]
      },
      "properties": {
        "id": 8933818017,
        "osm_type": "node",
        "name": "Larrau"
      }
    },
    {
      "type": "Feature",
      "geometry": {
        "type": "Point",
        "coordinates": [
          0.1990969,
          44.7849651
        ]
      },
      "properties": {
        "id": 8938024004,
        "osm_type": "node"
      }
    },
    {
      "type": "Feature",
      "geometry": {
        "type": "Point",
        "coordinates": [
          -0.7482734,
          43.7507228
        ]
      },
      "properties": {
        "id": 8941369458,
        "osm_type": "node",
        "access": "yes",
        "operator": "Commune de Mugron"
      }
    },
    {
      "type": "Feature",
      "geometry": {
        "type": "Point",
        "coordinates": [
          -0.7481784,
          43.7511782
        ]
      },
      "properties": {
        "id": 8941369459,
        "osm_type": "node",
        "access": "yes",
        "fee": "no",
        "operator": "Commune de Mugron"
      }
    },
    {
      "type": "Feature",
      "geometry": {
        "type": "Point",
        "coordinates": [
          -0.3071539,
          43.8942309
        ]
      },
      "properties": {
        "id": 8944117820,
        "osm_type": "node"
      }
    },
    {
      "type": "Feature",
      "geometry": {
        "type": "Point",
        "coordinates": [
          -1.0686762,
          43.7307054
        ]
      },
      "properties": {
        "id": 8949002551,
        "osm_type": "node",
        "access": "yes"
      }
    },
    {
      "type": "Feature",
      "geometry": {
        "type": "Point",
        "coordinates": [
          1.5220537,
          45.1501802
        ]
      },
      "properties": {
        "id": 8949311396,
        "osm_type": "node"
      }
    },
    {
      "type": "Feature",
      "geometry": {
        "type": "Point",
        "coordinates": [
          -0.6291053,
          43.581655
        ]
      },
      "properties": {
        "id": 8955285919,
        "osm_type": "node",
        "access": "yes",
        "fee": "no"
      }
    },
    {
      "type": "Feature",
      "geometry": {
        "type": "Point",
        "coordinates": [
          -0.7402959,
          43.6397942
        ]
      },
      "properties": {
        "id": 8959666224,
        "osm_type": "node",
        "access": "permissive",
        "fee": "no"
      }
    },
    {
      "type": "Feature",
      "geometry": {
        "type": "Point",
        "coordinates": [
          -0.7461389,
          43.6835504
        ]
      },
      "properties": {
        "id": 8962465382,
        "osm_type": "node",
        "access": "yes",
        "fee": "no"
      }
    },
    {
      "type": "Feature",
      "geometry": {
        "type": "Point",
        "coordinates": [
          -1.0921215,
          44.875468
        ]
      },
      "properties": {
        "id": 8964272616,
        "osm_type": "node",
        "access": "yes",
        "fee": "no"
      }
    },
    {
      "type": "Feature",
      "geometry": {
        "type": "Point",
        "coordinates": [
          0.7183643,
          45.1836878
        ]
      },
      "properties": {
        "id": 8972243197,
        "osm_type": "node",
        "access": "yes",
        "fee": "no"
      }
    },
    {
      "type": "Feature",
      "geometry": {
        "type": "Point",
        "coordinates": [
          0.7169073,
          45.1842174
        ]
      },
      "properties": {
        "id": 8972243198,
        "osm_type": "node"
      }
    },
    {
      "type": "Feature",
      "geometry": {
        "type": "Point",
        "coordinates": [
          -0.2782889,
          46.5717088
        ]
      },
      "properties": {
        "id": 8974385128,
        "osm_type": "node"
      }
    },
    {
      "type": "Feature",
      "geometry": {
        "type": "Point",
        "coordinates": [
          -0.4670029,
          46.3485762
        ]
      },
      "properties": {
        "id": 8974385129,
        "osm_type": "node",
        "fee": "no"
      }
    },
    {
      "type": "Feature",
      "geometry": {
        "type": "Point",
        "coordinates": [
          0.6547979,
          45.7769873
        ]
      },
      "properties": {
        "id": 8983712623,
        "osm_type": "node"
      }
    },
    {
      "type": "Feature",
      "geometry": {
        "type": "Point",
        "coordinates": [
          0.2633108,
          46.7166756
        ]
      },
      "properties": {
        "id": 8986721462,
        "osm_type": "node"
      }
    },
    {
      "type": "Feature",
      "geometry": {
        "type": "Point",
        "coordinates": [
          -1.3697497,
          43.6030193
        ]
      },
      "properties": {
        "id": 8995346506,
        "osm_type": "node",
        "access": "yes",
        "opening_hours": "24/7",
        "fee": "no",
        "seasonal": "no"
      }
    },
    {
      "type": "Feature",
      "geometry": {
        "type": "Point",
        "coordinates": [
          -0.7115172,
          43.2642271
        ]
      },
      "properties": {
        "id": 8996123547,
        "osm_type": "node"
      }
    },
    {
      "type": "Feature",
      "geometry": {
        "type": "Point",
        "coordinates": [
          -0.1194021,
          43.9460798
        ]
      },
      "properties": {
        "id": 8998269671,
        "osm_type": "node",
        "fee": "no"
      }
    },
    {
      "type": "Feature",
      "geometry": {
        "type": "Point",
        "coordinates": [
          0.4439647,
          45.6178729
        ]
      },
      "properties": {
        "id": 8999680600,
        "osm_type": "node"
      }
    },
    {
      "type": "Feature",
      "geometry": {
        "type": "Point",
        "coordinates": [
          0.1668951,
          45.6742986
        ]
      },
      "properties": {
        "id": 8999688883,
        "osm_type": "node"
      }
    },
    {
      "type": "Feature",
      "geometry": {
        "type": "Point",
        "coordinates": [
          0.9155552,
          45.0202608
        ]
      },
      "properties": {
        "id": 8999690417,
        "osm_type": "node"
      }
    },
    {
      "type": "Feature",
      "geometry": {
        "type": "Point",
        "coordinates": [
          -1.1747027,
          43.1632087
        ]
      },
      "properties": {
        "id": 9004365538,
        "osm_type": "node"
      }
    },
    {
      "type": "Feature",
      "geometry": {
        "type": "Point",
        "coordinates": [
          -0.5299035,
          44.8491109
        ]
      },
      "properties": {
        "id": 9004368662,
        "osm_type": "node",
        "access": "yes",
        "fee": "no"
      }
    },
    {
      "type": "Feature",
      "geometry": {
        "type": "Point",
        "coordinates": [
          -0.2246433,
          45.674035
        ]
      },
      "properties": {
        "id": 9005921480,
        "osm_type": "node"
      }
    },
    {
      "type": "Feature",
      "geometry": {
        "type": "Point",
        "coordinates": [
          -0.9959462,
          43.2835878
        ]
      },
      "properties": {
        "id": 9007666918,
        "osm_type": "node"
      }
    },
    {
      "type": "Feature",
      "geometry": {
        "type": "Point",
        "coordinates": [
          0.8632187,
          45.0615456
        ]
      },
      "properties": {
        "id": 9007718094,
        "osm_type": "node"
      }
    },
    {
      "type": "Feature",
      "geometry": {
        "type": "Point",
        "coordinates": [
          -0.8618284,
          45.9278682
        ]
      },
      "properties": {
        "id": 9008693631,
        "osm_type": "node"
      }
    },
    {
      "type": "Feature",
      "geometry": {
        "type": "Point",
        "coordinates": [
          0.0365931,
          44.5232153
        ]
      },
      "properties": {
        "id": 9008743058,
        "osm_type": "node"
      }
    },
    {
      "type": "Feature",
      "geometry": {
        "type": "Point",
        "coordinates": [
          -0.7736683,
          45.1929535
        ]
      },
      "properties": {
        "id": 9019941419,
        "osm_type": "node"
      }
    },
    {
      "type": "Feature",
      "geometry": {
        "type": "Point",
        "coordinates": [
          1.0361053,
          45.9294067
        ]
      },
      "properties": {
        "id": 9024652264,
        "osm_type": "node",
        "access": "customers",
        "fee": "no"
      }
    },
    {
      "type": "Feature",
      "geometry": {
        "type": "Point",
        "coordinates": [
          -0.7074361,
          42.9221437
        ]
      },
      "properties": {
        "id": 9024883518,
        "osm_type": "node"
      }
    },
    {
      "type": "Feature",
      "geometry": {
        "type": "Point",
        "coordinates": [
          2.0711531,
          45.2962758
        ]
      },
      "properties": {
        "id": 9026359017,
        "osm_type": "node"
      }
    },
    {
      "type": "Feature",
      "geometry": {
        "type": "Point",
        "coordinates": [
          -1.550021,
          43.3537395
        ]
      },
      "properties": {
        "id": 9028659156,
        "osm_type": "node"
      }
    },
    {
      "type": "Feature",
      "geometry": {
        "type": "Point",
        "coordinates": [
          2.0549825,
          45.7038046
        ]
      },
      "properties": {
        "id": 9032938359,
        "osm_type": "node",
        "fee": "no"
      }
    },
    {
      "type": "Feature",
      "geometry": {
        "type": "Point",
        "coordinates": [
          -0.6819579,
          44.8429859
        ]
      },
      "properties": {
        "id": 9043696518,
        "osm_type": "node",
        "access": "yes",
        "fee": "no"
      }
    },
    {
      "type": "Feature",
      "geometry": {
        "type": "Point",
        "coordinates": [
          -0.4771925,
          44.8732109
        ]
      },
      "properties": {
        "id": 9043815077,
        "osm_type": "node"
      }
    },
    {
      "type": "Feature",
      "geometry": {
        "type": "Point",
        "coordinates": [
          -0.3294156,
          46.4743436
        ]
      },
      "properties": {
        "id": 9045595465,
        "osm_type": "node",
        "fee": "no"
      }
    },
    {
      "type": "Feature",
      "geometry": {
        "type": "Point",
        "coordinates": [
          -1.5838914,
          43.3117703
        ]
      },
      "properties": {
        "id": 9048764723,
        "osm_type": "node",
        "access": "yes"
      }
    },
    {
      "type": "Feature",
      "geometry": {
        "type": "Point",
        "coordinates": [
          -0.2899877,
          44.4031971
        ]
      },
      "properties": {
        "id": 9051624817,
        "osm_type": "node"
      }
    },
    {
      "type": "Feature",
      "geometry": {
        "type": "Point",
        "coordinates": [
          1.1254482,
          45.5464273
        ]
      },
      "properties": {
        "id": 9069728007,
        "osm_type": "node"
      }
    },
    {
      "type": "Feature",
      "geometry": {
        "type": "Point",
        "coordinates": [
          1.5338437,
          45.1619384
        ]
      },
      "properties": {
        "id": 9076859517,
        "osm_type": "node"
      }
    },
    {
      "type": "Feature",
      "geometry": {
        "type": "Point",
        "coordinates": [
          -0.4531066,
          43.0277183
        ]
      },
      "properties": {
        "id": 9084693267,
        "osm_type": "node"
      }
    },
    {
      "type": "Feature",
      "geometry": {
        "type": "Point",
        "coordinates": [
          -0.4192089,
          43.0866685
        ]
      },
      "properties": {
        "id": 9084712229,
        "osm_type": "node"
      }
    },
    {
      "type": "Feature",
      "geometry": {
        "type": "Point",
        "coordinates": [
          0.6241713,
          44.1876054
        ]
      },
      "properties": {
        "id": 9110821938,
        "osm_type": "node"
      }
    },
    {
      "type": "Feature",
      "geometry": {
        "type": "Point",
        "coordinates": [
          1.0611334,
          45.4934423
        ]
      },
      "properties": {
        "id": 9116630163,
        "osm_type": "node"
      }
    },
    {
      "type": "Feature",
      "geometry": {
        "type": "Point",
        "coordinates": [
          -0.3292061,
          42.8460915
        ]
      },
      "properties": {
        "id": 9118685284,
        "osm_type": "node"
      }
    },
    {
      "type": "Feature",
      "geometry": {
        "type": "Point",
        "coordinates": [
          1.048456,
          45.3374231
        ]
      },
      "properties": {
        "id": 9120620928,
        "osm_type": "node"
      }
    },
    {
      "type": "Feature",
      "geometry": {
        "type": "Point",
        "coordinates": [
          1.049463,
          45.3369779
        ]
      },
      "properties": {
        "id": 9120626604,
        "osm_type": "node"
      }
    },
    {
      "type": "Feature",
      "geometry": {
        "type": "Point",
        "coordinates": [
          -1.0392198,
          45.6197179
        ]
      },
      "properties": {
        "id": 9123156980,
        "osm_type": "node",
        "access": "yes",
        "fee": "no",
        "indoor": "no"
      }
    },
    {
      "type": "Feature",
      "geometry": {
        "type": "Point",
        "coordinates": [
          -0.6970784,
          43.7333387
        ]
      },
      "properties": {
        "id": 9127806407,
        "osm_type": "node",
        "access": "permissive"
      }
    },
    {
      "type": "Feature",
      "geometry": {
        "type": "Point",
        "coordinates": [
          0.8544308,
          46.5364945
        ]
      },
      "properties": {
        "id": 9134431919,
        "osm_type": "node"
      }
    },
    {
      "type": "Feature",
      "geometry": {
        "type": "Point",
        "coordinates": [
          -0.6758631,
          43.0504306
        ]
      },
      "properties": {
        "id": 9137706991,
        "osm_type": "node"
      }
    },
    {
      "type": "Feature",
      "geometry": {
        "type": "Point",
        "coordinates": [
          0.9352139,
          45.8054247
        ]
      },
      "properties": {
        "id": 9141231458,
        "osm_type": "node",
        "access": "yes",
        "fee": "no"
      }
    },
    {
      "type": "Feature",
      "geometry": {
        "type": "Point",
        "coordinates": [
          -0.2098746,
          44.4312105
        ]
      },
      "properties": {
        "id": 9142492921,
        "osm_type": "node",
        "fee": "no",
        "indoor": "no"
      }
    },
    {
      "type": "Feature",
      "geometry": {
        "type": "Point",
        "coordinates": [
          1.0341222,
          45.2063154
        ]
      },
      "properties": {
        "id": 9149403113,
        "osm_type": "node"
      }
    },
    {
      "type": "Feature",
      "geometry": {
        "type": "Point",
        "coordinates": [
          -0.5575228,
          44.8262527
        ]
      },
      "properties": {
        "id": 9152563786,
        "osm_type": "node",
        "fee": "no",
        "indoor": "no"
      }
    },
    {
      "type": "Feature",
      "geometry": {
        "type": "Point",
        "coordinates": [
          -1.1470706,
          44.6564074
        ]
      },
      "properties": {
        "id": 9163041817,
        "osm_type": "node"
      }
    },
    {
      "type": "Feature",
      "geometry": {
        "type": "Point",
        "coordinates": [
          1.2757585,
          45.9911734
        ]
      },
      "properties": {
        "id": 9187929140,
        "osm_type": "node"
      }
    },
    {
      "type": "Feature",
      "geometry": {
        "type": "Point",
        "coordinates": [
          0.5097149,
          46.7948411
        ]
      },
      "properties": {
        "id": 9188382126,
        "osm_type": "node"
      }
    },
    {
      "type": "Feature",
      "geometry": {
        "type": "Point",
        "coordinates": [
          -1.1564128,
          44.6589809
        ]
      },
      "properties": {
        "id": 9209210539,
        "osm_type": "node"
      }
    },
    {
      "type": "Feature",
      "geometry": {
        "type": "Point",
        "coordinates": [
          2.1722805,
          45.2232193
        ]
      },
      "properties": {
        "id": 9213837491,
        "osm_type": "node"
      }
    },
    {
      "type": "Feature",
      "geometry": {
        "type": "Point",
        "coordinates": [
          1.8297648,
          45.1101845
        ]
      },
      "properties": {
        "id": 9215869172,
        "osm_type": "node"
      }
    },
    {
      "type": "Feature",
      "geometry": {
        "type": "Point",
        "coordinates": [
          -0.1937437,
          44.8151083
        ]
      },
      "properties": {
        "id": 9216614017,
        "osm_type": "node",
        "access": "yes",
        "fee": "no"
      }
    },
    {
      "type": "Feature",
      "geometry": {
        "type": "Point",
        "coordinates": [
          -0.1932409,
          44.8151462
        ]
      },
      "properties": {
        "id": 9216614018,
        "osm_type": "node",
        "access": "yes",
        "fee": "no"
      }
    },
    {
      "type": "Feature",
      "geometry": {
        "type": "Point",
        "coordinates": [
          -0.0338995,
          44.8589261
        ]
      },
      "properties": {
        "id": 9216614019,
        "osm_type": "node",
        "access": "yes"
      }
    },
    {
      "type": "Feature",
      "geometry": {
        "type": "Point",
        "coordinates": [
          -1.0323461,
          43.3271965
        ]
      },
      "properties": {
        "id": 9219067468,
        "osm_type": "node",
        "access": "yes"
      }
    },
    {
      "type": "Feature",
      "geometry": {
        "type": "Point",
        "coordinates": [
          -1.0976121,
          44.9818021
        ]
      },
      "properties": {
        "id": 9222061182,
        "osm_type": "node"
      }
    },
    {
      "type": "Feature",
      "geometry": {
        "type": "Point",
        "coordinates": [
          0.2196472,
          44.4104964
        ]
      },
      "properties": {
        "id": 9243010859,
        "osm_type": "node",
        "access": "customers"
      }
    },
    {
      "type": "Feature",
      "geometry": {
        "type": "Point",
        "coordinates": [
          0.6910403,
          44.3859152
        ]
      },
      "properties": {
        "id": 9245830583,
        "osm_type": "node"
      }
    },
    {
      "type": "Feature",
      "geometry": {
        "type": "Point",
        "coordinates": [
          0.3381902,
          45.2487532
        ]
      },
      "properties": {
        "id": 9271436216,
        "osm_type": "node"
      }
    },
    {
      "type": "Feature",
      "geometry": {
        "type": "Point",
        "coordinates": [
          -0.5608018,
          44.8632488
        ]
      },
      "properties": {
        "id": 9313231500,
        "osm_type": "node"
      }
    },
    {
      "type": "Feature",
      "geometry": {
        "type": "Point",
        "coordinates": [
          0.6647931,
          44.1769633
        ]
      },
      "properties": {
        "id": 9325819536,
        "osm_type": "node",
        "fee": "no"
      }
    },
    {
      "type": "Feature",
      "geometry": {
        "type": "Point",
        "coordinates": [
          -0.3967837,
          43.3237027
        ]
      },
      "properties": {
        "id": 9334727993,
        "osm_type": "node"
      }
    },
    {
      "type": "Feature",
      "geometry": {
        "type": "Point",
        "coordinates": [
          -0.6225068,
          43.0987525
        ]
      },
      "properties": {
        "id": 9352141971,
        "osm_type": "node",
        "access": "yes",
        "fee": "no"
      }
    },
    {
      "type": "Feature",
      "geometry": {
        "type": "Point",
        "coordinates": [
          -1.4280812,
          43.4706374
        ]
      },
      "properties": {
        "id": 9385398018,
        "osm_type": "node"
      }
    },
    {
      "type": "Feature",
      "geometry": {
        "type": "Point",
        "coordinates": [
          -0.7183577,
          44.0841465
        ]
      },
      "properties": {
        "id": 9391498000,
        "osm_type": "node",
        "fee": "no"
      }
    },
    {
      "type": "Feature",
      "geometry": {
        "type": "Point",
        "coordinates": [
          -0.405534,
          44.1000978
        ]
      },
      "properties": {
        "id": 9391707664,
        "osm_type": "node"
      }
    },
    {
      "type": "Feature",
      "geometry": {
        "type": "Point",
        "coordinates": [
          -0.8967507,
          44.1394793
        ]
      },
      "properties": {
        "id": 9399211270,
        "osm_type": "node",
        "access": "yes"
      }
    },
    {
      "type": "Feature",
      "geometry": {
        "type": "Point",
        "coordinates": [
          -0.4433624,
          42.9489943
        ]
      },
      "properties": {
        "id": 9400514634,
        "osm_type": "node"
      }
    },
    {
      "type": "Feature",
      "geometry": {
        "type": "Point",
        "coordinates": [
          -1.0484608,
          46.2077387
        ]
      },
      "properties": {
        "id": 9410353375,
        "osm_type": "node",
        "access": "yes",
        "fee": "no",
        "indoor": "no"
      }
    },
    {
      "type": "Feature",
      "geometry": {
        "type": "Point",
        "coordinates": [
          -1.0045896,
          46.3141644
        ]
      },
      "properties": {
        "id": 9410425874,
        "osm_type": "node",
        "access": "yes",
        "fee": "no",
        "operator": "Département de la Charente-Maritime"
      }
    },
    {
      "type": "Feature",
      "geometry": {
        "type": "Point",
        "coordinates": [
          -1.3485114,
          43.6705659
        ]
      },
      "properties": {
        "id": 9437171684,
        "osm_type": "node"
      }
    },
    {
      "type": "Feature",
      "geometry": {
        "type": "Point",
        "coordinates": [
          -1.3733292,
          43.6889882
        ]
      },
      "properties": {
        "id": 9441957335,
        "osm_type": "node"
      }
    },
    {
      "type": "Feature",
      "geometry": {
        "type": "Point",
        "coordinates": [
          -0.2588031,
          43.2054883
        ]
      },
      "properties": {
        "id": 9442866046,
        "osm_type": "node"
      }
    },
    {
      "type": "Feature",
      "geometry": {
        "type": "Point",
        "coordinates": [
          -0.4995468,
          43.8946875
        ]
      },
      "properties": {
        "id": 9448453898,
        "osm_type": "node"
      }
    },
    {
      "type": "Feature",
      "geometry": {
        "type": "Point",
        "coordinates": [
          -1.3746416,
          43.6564488
        ]
      },
      "properties": {
        "id": 9483151363,
        "osm_type": "node"
      }
    },
    {
      "type": "Feature",
      "geometry": {
        "type": "Point",
        "coordinates": [
          -0.8898571,
          45.9422215
        ]
      },
      "properties": {
        "id": 9532439270,
        "osm_type": "node"
      }
    },
    {
      "type": "Feature",
      "geometry": {
        "type": "Point",
        "coordinates": [
          -0.61869,
          45.7460316
        ]
      },
      "properties": {
        "id": 9542941916,
        "osm_type": "node",
        "indoor": "no"
      }
    },
    {
      "type": "Feature",
      "geometry": {
        "type": "Point",
        "coordinates": [
          -0.3645501,
          46.3666615
        ]
      },
      "properties": {
        "id": 9552569110,
        "osm_type": "node"
      }
    },
    {
      "type": "Feature",
      "geometry": {
        "type": "Point",
        "coordinates": [
          -1.1444537,
          44.6540089
        ]
      },
      "properties": {
        "id": 9559151090,
        "osm_type": "node"
      }
    },
    {
      "type": "Feature",
      "geometry": {
        "type": "Point",
        "coordinates": [
          -1.1487613,
          44.7970003
        ]
      },
      "properties": {
        "id": 9560664281,
        "osm_type": "node"
      }
    },
    {
      "type": "Feature",
      "geometry": {
        "type": "Point",
        "coordinates": [
          -1.1482195,
          44.7966862
        ]
      },
      "properties": {
        "id": 9560664282,
        "osm_type": "node"
      }
    },
    {
      "type": "Feature",
      "geometry": {
        "type": "Point",
        "coordinates": [
          1.3405251,
          46.0323675
        ]
      },
      "properties": {
        "id": 9565561817,
        "osm_type": "node",
        "name": "point d'eau",
        "access": "yes",
        "indoor": "no"
      }
    },
    {
      "type": "Feature",
      "geometry": {
        "type": "Point",
        "coordinates": [
          1.4988347,
          45.9480367
        ]
      },
      "properties": {
        "id": 9565839317,
        "osm_type": "node",
        "name": "ware tap",
        "access": "yes",
        "indoor": "no"
      }
    },
    {
      "type": "Feature",
      "geometry": {
        "type": "Point",
        "coordinates": [
          -0.6943756,
          43.63309
        ]
      },
      "properties": {
        "id": 9566000471,
        "osm_type": "node",
        "access": "yes"
      }
    },
    {
      "type": "Feature",
      "geometry": {
        "type": "Point",
        "coordinates": [
          -0.3617354,
          43.2108118
        ]
      },
      "properties": {
        "id": 9574007262,
        "osm_type": "node",
        "access": "yes",
        "fee": "no"
      }
    },
    {
      "type": "Feature",
      "geometry": {
        "type": "Point",
        "coordinates": [
          1.5328075,
          45.965307
        ]
      },
      "properties": {
        "id": 9585927717,
        "osm_type": "node",
        "name": "water tap",
        "access": "yes",
        "indoor": "no"
      }
    },
    {
      "type": "Feature",
      "geometry": {
        "type": "Point",
        "coordinates": [
          -0.8000171,
          43.789793
        ]
      },
      "properties": {
        "id": 9605879503,
        "osm_type": "node",
        "access": "yes",
        "fee": "no"
      }
    },
    {
      "type": "Feature",
      "geometry": {
        "type": "Point",
        "coordinates": [
          -0.3590767,
          43.4357946
        ]
      },
      "properties": {
        "id": 9634032893,
        "osm_type": "node"
      }
    },
    {
      "type": "Feature",
      "geometry": {
        "type": "Point",
        "coordinates": [
          -0.6144067,
          43.4487173
        ]
      },
      "properties": {
        "id": 9646167075,
        "osm_type": "node"
      }
    },
    {
      "type": "Feature",
      "geometry": {
        "type": "Point",
        "coordinates": [
          -1.7832349,
          43.371975
        ]
      },
      "properties": {
        "id": 9652319005,
        "osm_type": "node"
      }
    },
    {
      "type": "Feature",
      "geometry": {
        "type": "Point",
        "coordinates": [
          0.365723,
          44.6998198
        ]
      },
      "properties": {
        "id": 9664136343,
        "osm_type": "node"
      }
    },
    {
      "type": "Feature",
      "geometry": {
        "type": "Point",
        "coordinates": [
          -0.90683,
          45.5354455
        ]
      },
      "properties": {
        "id": 9668832313,
        "osm_type": "node",
        "indoor": "no"
      }
    },
    {
      "type": "Feature",
      "geometry": {
        "type": "Point",
        "coordinates": [
          -1.0848943,
          45.9935391
        ]
      },
      "properties": {
        "id": 9671982942,
        "osm_type": "node",
        "access": "customers"
      }
    },
    {
      "type": "Feature",
      "geometry": {
        "type": "Point",
        "coordinates": [
          -0.5902992,
          44.8374049
        ]
      },
      "properties": {
        "id": 9672188957,
        "osm_type": "node"
      }
    },
    {
      "type": "Feature",
      "geometry": {
        "type": "Point",
        "coordinates": [
          -0.8904038,
          43.22132
        ]
      },
      "properties": {
        "id": 9672229598,
        "osm_type": "node"
      }
    },
    {
      "type": "Feature",
      "geometry": {
        "type": "Point",
        "coordinates": [
          -1.0955193,
          44.8697604
        ]
      },
      "properties": {
        "id": 9672878282,
        "osm_type": "node",
        "name": "Pompe"
      }
    },
    {
      "type": "Feature",
      "geometry": {
        "type": "Point",
        "coordinates": [
          0.766992,
          44.7693021
        ]
      },
      "properties": {
        "id": 9673767617,
        "osm_type": "node"
      }
    },
    {
      "type": "Feature",
      "geometry": {
        "type": "Point",
        "coordinates": [
          -1.3197162,
          43.885968
        ]
      },
      "properties": {
        "id": 9673897828,
        "osm_type": "node",
        "access": "yes"
      }
    },
    {
      "type": "Feature",
      "geometry": {
        "type": "Point",
        "coordinates": [
          -1.7719169,
          43.3682407
        ]
      },
      "properties": {
        "id": 9674457803,
        "osm_type": "node",
        "access": "yes"
      }
    },
    {
      "type": "Feature",
      "geometry": {
        "type": "Point",
        "coordinates": [
          -1.7692924,
          43.3742128
        ]
      },
      "properties": {
        "id": 9685739217,
        "osm_type": "node",
        "access": "yes"
      }
    },
    {
      "type": "Feature",
      "geometry": {
        "type": "Point",
        "coordinates": [
          -1.7670849,
          43.3746729
        ]
      },
      "properties": {
        "id": 9685739218,
        "osm_type": "node",
        "access": "yes"
      }
    },
    {
      "type": "Feature",
      "geometry": {
        "type": "Point",
        "coordinates": [
          -1.7640178,
          43.3753952
        ]
      },
      "properties": {
        "id": 9685739219,
        "osm_type": "node",
        "access": "yes"
      }
    },
    {
      "type": "Feature",
      "geometry": {
        "type": "Point",
        "coordinates": [
          0.675813,
          44.8305362
        ]
      },
      "properties": {
        "id": 9691464931,
        "osm_type": "node",
        "access": "yes",
        "fee": "yes"
      }
    },
    {
      "type": "Feature",
      "geometry": {
        "type": "Point",
        "coordinates": [
          1.2318565,
          45.7895256
        ]
      },
      "properties": {
        "id": 9697800487,
        "osm_type": "node",
        "access": "yes",
        "fee": "no"
      }
    },
    {
      "type": "Feature",
      "geometry": {
        "type": "Point",
        "coordinates": [
          -0.1895631,
          44.8767461
        ]
      },
      "properties": {
        "id": 9698860917,
        "osm_type": "node"
      }
    },
    {
      "type": "Feature",
      "geometry": {
        "type": "Point",
        "coordinates": [
          -0.1583393,
          44.8926204
        ]
      },
      "properties": {
        "id": 9705655517,
        "osm_type": "node",
        "access": "yes",
        "fee": "no"
      }
    },
    {
      "type": "Feature",
      "geometry": {
        "type": "Point",
        "coordinates": [
          1.3278256,
          45.8041037
        ]
      },
      "properties": {
        "id": 9707832933,
        "osm_type": "node",
        "access": "yes",
        "fee": "no"
      }
    },
    {
      "type": "Feature",
      "geometry": {
        "type": "Point",
        "coordinates": [
          -1.061193,
          43.4195596
        ]
      },
      "properties": {
        "id": 9715887623,
        "osm_type": "node"
      }
    },
    {
      "type": "Feature",
      "geometry": {
        "type": "Point",
        "coordinates": [
          -1.1604437,
          46.1582406
        ]
      },
      "properties": {
        "id": 9716252226,
        "osm_type": "node"
      }
    },
    {
      "type": "Feature",
      "geometry": {
        "type": "Point",
        "coordinates": [
          -1.5383175,
          43.5036375
        ]
      },
      "properties": {
        "id": 9720630261,
        "osm_type": "node",
        "access": "yes",
        "fee": "no",
        "operator": "Ville d'Anglet"
      }
    },
    {
      "type": "Feature",
      "geometry": {
        "type": "Point",
        "coordinates": [
          -1.0469176,
          44.7050394
        ]
      },
      "properties": {
        "id": 9723658450,
        "osm_type": "node"
      }
    },
    {
      "type": "Feature",
      "geometry": {
        "type": "Point",
        "coordinates": [
          -1.0843967,
          44.7352834
        ]
      },
      "properties": {
        "id": 9724874123,
        "osm_type": "node"
      }
    },
    {
      "type": "Feature",
      "geometry": {
        "type": "Point",
        "coordinates": [
          -1.3031832,
          43.7992825
        ]
      },
      "properties": {
        "id": 9727765204,
        "osm_type": "node"
      }
    },
    {
      "type": "Feature",
      "geometry": {
        "type": "Point",
        "coordinates": [
          -0.9247813,
          43.7896086
        ]
      },
      "properties": {
        "id": 9732271361,
        "osm_type": "node",
        "access": "yes",
        "fee": "no"
      }
    },
    {
      "type": "Feature",
      "geometry": {
        "type": "Point",
        "coordinates": [
          0.6004497,
          45.417326
        ]
      },
      "properties": {
        "id": 9740096969,
        "osm_type": "node"
      }
    },
    {
      "type": "Feature",
      "geometry": {
        "type": "Point",
        "coordinates": [
          -1.446922,
          43.2989331
        ]
      },
      "properties": {
        "id": 9741158422,
        "osm_type": "node"
      }
    },
    {
      "type": "Feature",
      "geometry": {
        "type": "Point",
        "coordinates": [
          0.7194428,
          44.1574108
        ]
      },
      "properties": {
        "id": 9741187917,
        "osm_type": "node"
      }
    },
    {
      "type": "Feature",
      "geometry": {
        "type": "Point",
        "coordinates": [
          -0.4310363,
          43.0555337
        ]
      },
      "properties": {
        "id": 9741879377,
        "osm_type": "node"
      }
    },
    {
      "type": "Feature",
      "geometry": {
        "type": "Point",
        "coordinates": [
          0.6202412,
          44.1909288
        ]
      },
      "properties": {
        "id": 9749223907,
        "osm_type": "node"
      }
    },
    {
      "type": "Feature",
      "geometry": {
        "type": "Point",
        "coordinates": [
          0.6183096,
          44.1911498
        ]
      },
      "properties": {
        "id": 9749223908,
        "osm_type": "node"
      }
    },
    {
      "type": "Feature",
      "geometry": {
        "type": "Point",
        "coordinates": [
          0.7669967,
          44.76924
        ]
      },
      "properties": {
        "id": 9756458717,
        "osm_type": "node"
      }
    },
    {
      "type": "Feature",
      "geometry": {
        "type": "Point",
        "coordinates": [
          0.7672585,
          44.7674759
        ]
      },
      "properties": {
        "id": 9756469251,
        "osm_type": "node"
      }
    },
    {
      "type": "Feature",
      "geometry": {
        "type": "Point",
        "coordinates": [
          0.6239599,
          44.2091268
        ]
      },
      "properties": {
        "id": 9756771517,
        "osm_type": "node"
      }
    },
    {
      "type": "Feature",
      "geometry": {
        "type": "Point",
        "coordinates": [
          0.8679642,
          46.4246962
        ]
      },
      "properties": {
        "id": 9759521562,
        "osm_type": "node"
      }
    },
    {
      "type": "Feature",
      "geometry": {
        "type": "Point",
        "coordinates": [
          -1.2002197,
          44.5983794
        ]
      },
      "properties": {
        "id": 9767103374,
        "osm_type": "node",
        "fee": "no"
      }
    },
    {
      "type": "Feature",
      "geometry": {
        "type": "Point",
        "coordinates": [
          -1.4997458,
          43.5122268
        ]
      },
      "properties": {
        "id": 9772980504,
        "osm_type": "node",
        "access": "yes"
      }
    },
    {
      "type": "Feature",
      "geometry": {
        "type": "Point",
        "coordinates": [
          -1.2395983,
          44.6746523
        ]
      },
      "properties": {
        "id": 9773067131,
        "osm_type": "node"
      }
    },
    {
      "type": "Feature",
      "geometry": {
        "type": "Point",
        "coordinates": [
          -0.6732932,
          44.7959379
        ]
      },
      "properties": {
        "id": 9774616417,
        "osm_type": "node",
        "access": "yes",
        "fee": "no"
      }
    },
    {
      "type": "Feature",
      "geometry": {
        "type": "Point",
        "coordinates": [
          -1.1355239,
          45.7678523
        ]
      },
      "properties": {
        "id": 9775468530,
        "osm_type": "node",
        "access": "yes"
      }
    },
    {
      "type": "Feature",
      "geometry": {
        "type": "Point",
        "coordinates": [
          1.2668976,
          45.8282149
        ]
      },
      "properties": {
        "id": 9788163292,
        "osm_type": "node",
        "access": "yes",
        "fee": "no"
      }
    },
    {
      "type": "Feature",
      "geometry": {
        "type": "Point",
        "coordinates": [
          -1.4737223,
          43.3413972
        ]
      },
      "properties": {
        "id": 9796610392,
        "osm_type": "node",
        "access": "yes",
        "fee": "no"
      }
    },
    {
      "type": "Feature",
      "geometry": {
        "type": "Point",
        "coordinates": [
          -0.5506865,
          44.7038874
        ]
      },
      "properties": {
        "id": 9797124234,
        "osm_type": "node",
        "access": "yes",
        "fee": "no",
        "indoor": "no"
      }
    },
    {
      "type": "Feature",
      "geometry": {
        "type": "Point",
        "coordinates": [
          -0.5423911,
          44.7166655
        ]
      },
      "properties": {
        "id": 9797332105,
        "osm_type": "node"
      }
    },
    {
      "type": "Feature",
      "geometry": {
        "type": "Point",
        "coordinates": [
          -0.5511703,
          44.7056386
        ]
      },
      "properties": {
        "id": 9797333154,
        "osm_type": "node",
        "fee": "no"
      }
    },
    {
      "type": "Feature",
      "geometry": {
        "type": "Point",
        "coordinates": [
          -0.6454822,
          43.981016
        ]
      },
      "properties": {
        "id": 9799064047,
        "osm_type": "node",
        "access": "yes"
      }
    },
    {
      "type": "Feature",
      "geometry": {
        "type": "Point",
        "coordinates": [
          -0.6445606,
          43.9812304
        ]
      },
      "properties": {
        "id": 9799064053,
        "osm_type": "node"
      }
    },
    {
      "type": "Feature",
      "geometry": {
        "type": "Point",
        "coordinates": [
          -1.4341522,
          43.644554
        ]
      },
      "properties": {
        "id": 9801774889,
        "osm_type": "node"
      }
    },
    {
      "type": "Feature",
      "geometry": {
        "type": "Point",
        "coordinates": [
          -1.6697932,
          43.3875973
        ]
      },
      "properties": {
        "id": 9802327203,
        "osm_type": "node"
      }
    },
    {
      "type": "Feature",
      "geometry": {
        "type": "Point",
        "coordinates": [
          -1.6697191,
          43.3874896
        ]
      },
      "properties": {
        "id": 9802327205,
        "osm_type": "node",
        "access": "yes",
        "fee": "no",
        "indoor": "no"
      }
    },
    {
      "type": "Feature",
      "geometry": {
        "type": "Point",
        "coordinates": [
          -1.6894406,
          43.3911673
        ]
      },
      "properties": {
        "id": 9807840622,
        "osm_type": "node"
      }
    },
    {
      "type": "Feature",
      "geometry": {
        "type": "Point",
        "coordinates": [
          -0.4119105,
          43.1130214
        ]
      },
      "properties": {
        "id": 9813063658,
        "osm_type": "node"
      }
    },
    {
      "type": "Feature",
      "geometry": {
        "type": "Point",
        "coordinates": [
          -1.1346736,
          46.1055941
        ]
      },
      "properties": {
        "id": 9826470997,
        "osm_type": "node",
        "access": "yes",
        "fee": "no"
      }
    },
    {
      "type": "Feature",
      "geometry": {
        "type": "Point",
        "coordinates": [
          0.3110657,
          46.6266326
        ]
      },
      "properties": {
        "id": 9828143603,
        "osm_type": "node"
      }
    },
    {
      "type": "Feature",
      "geometry": {
        "type": "Point",
        "coordinates": [
          -0.4393656,
          42.9530527
        ]
      },
      "properties": {
        "id": 9831260417,
        "osm_type": "node"
      }
    },
    {
      "type": "Feature",
      "geometry": {
        "type": "Point",
        "coordinates": [
          -0.2417844,
          44.922649
        ]
      },
      "properties": {
        "id": 9836444291,
        "osm_type": "node"
      }
    },
    {
      "type": "Feature",
      "geometry": {
        "type": "Point",
        "coordinates": [
          -0.7800189,
          44.8439696
        ]
      },
      "properties": {
        "id": 9837038117,
        "osm_type": "node",
        "access": "yes",
        "fee": "no"
      }
    },
    {
      "type": "Feature",
      "geometry": {
        "type": "Point",
        "coordinates": [
          -0.2148641,
          46.9747703
        ]
      },
      "properties": {
        "id": 9839059517,
        "osm_type": "node",
        "fee": "no",
        "seasonal": "summer"
      }
    },
    {
      "type": "Feature",
      "geometry": {
        "type": "Point",
        "coordinates": [
          -0.2347147,
          44.9152133
        ]
      },
      "properties": {
        "id": 9846312893,
        "osm_type": "node"
      }
    },
    {
      "type": "Feature",
      "geometry": {
        "type": "Point",
        "coordinates": [
          0.2576074,
          45.6630334
        ]
      },
      "properties": {
        "id": 9847785118,
        "osm_type": "node",
        "access": "yes",
        "fee": "no"
      }
    },
    {
      "type": "Feature",
      "geometry": {
        "type": "Point",
        "coordinates": [
          0.6543661,
          45.9161255
        ]
      },
      "properties": {
        "id": 9850608017,
        "osm_type": "node",
        "access": "yes"
      }
    },
    {
      "type": "Feature",
      "geometry": {
        "type": "Point",
        "coordinates": [
          -0.2311192,
          44.9143645
        ]
      },
      "properties": {
        "id": 9854264681,
        "osm_type": "node",
        "access": "yes"
      }
    },
    {
      "type": "Feature",
      "geometry": {
        "type": "Point",
        "coordinates": [
          0.6640946,
          46.4461011
        ]
      },
      "properties": {
        "id": 9855704217,
        "osm_type": "node",
        "access": "yes",
        "fee": "no"
      }
    },
    {
      "type": "Feature",
      "geometry": {
        "type": "Point",
        "coordinates": [
          -0.2402589,
          44.9071044
        ]
      },
      "properties": {
        "id": 9863465043,
        "osm_type": "node"
      }
    },
    {
      "type": "Feature",
      "geometry": {
        "type": "Point",
        "coordinates": [
          -0.7135898,
          43.2760338
        ]
      },
      "properties": {
        "id": 9863779439,
        "osm_type": "node"
      }
    },
    {
      "type": "Feature",
      "geometry": {
        "type": "Point",
        "coordinates": [
          -0.2487507,
          44.9082972
        ]
      },
      "properties": {
        "id": 9864010501,
        "osm_type": "node"
      }
    },
    {
      "type": "Feature",
      "geometry": {
        "type": "Point",
        "coordinates": [
          -1.2312334,
          43.2577006
        ]
      },
      "properties": {
        "id": 9864308006,
        "osm_type": "node",
        "access": "yes",
        "fee": "no"
      }
    },
    {
      "type": "Feature",
      "geometry": {
        "type": "Point",
        "coordinates": [
          -0.5702254,
          42.9102147
        ]
      },
      "properties": {
        "id": 9865880858,
        "osm_type": "node"
      }
    },
    {
      "type": "Feature",
      "geometry": {
        "type": "Point",
        "coordinates": [
          -1.0604507,
          44.7148606
        ]
      },
      "properties": {
        "id": 9868722065,
        "osm_type": "node"
      }
    },
    {
      "type": "Feature",
      "geometry": {
        "type": "Point",
        "coordinates": [
          -0.5660963,
          44.895502
        ]
      },
      "properties": {
        "id": 9874162882,
        "osm_type": "node",
        "access": "yes",
        "fee": "no"
      }
    },
    {
      "type": "Feature",
      "geometry": {
        "type": "Point",
        "coordinates": [
          -0.2410728,
          44.9078247
        ]
      },
      "properties": {
        "id": 9878462224,
        "osm_type": "node"
      }
    },
    {
      "type": "Feature",
      "geometry": {
        "type": "Point",
        "coordinates": [
          1.5330426,
          45.158475
        ]
      },
      "properties": {
        "id": 9879634908,
        "osm_type": "node"
      }
    },
    {
      "type": "Feature",
      "geometry": {
        "type": "Point",
        "coordinates": [
          -1.3654233,
          43.030792
        ]
      },
      "properties": {
        "id": 9880407559,
        "osm_type": "node"
      }
    },
    {
      "type": "Feature",
      "geometry": {
        "type": "Point",
        "coordinates": [
          -1.1286887,
          45.0623113
        ]
      },
      "properties": {
        "id": 9883823695,
        "osm_type": "node",
        "access": "yes"
      }
    },
    {
      "type": "Feature",
      "geometry": {
        "type": "Point",
        "coordinates": [
          -1.1272624,
          45.0620662
        ]
      },
      "properties": {
        "id": 9883823699,
        "osm_type": "node",
        "access": "yes",
        "fee": "no"
      }
    },
    {
      "type": "Feature",
      "geometry": {
        "type": "Point",
        "coordinates": [
          -1.1313264,
          45.0630721
        ]
      },
      "properties": {
        "id": 9883871304,
        "osm_type": "node",
        "access": "yes",
        "fee": "no"
      }
    },
    {
      "type": "Feature",
      "geometry": {
        "type": "Point",
        "coordinates": [
          -1.1330549,
          45.0638767
        ]
      },
      "properties": {
        "id": 9883874331,
        "osm_type": "node",
        "access": "yes",
        "fee": "no"
      }
    },
    {
      "type": "Feature",
      "geometry": {
        "type": "Point",
        "coordinates": [
          -1.0577152,
          45.1856096
        ]
      },
      "properties": {
        "id": 9886762823,
        "osm_type": "node"
      }
    },
    {
      "type": "Feature",
      "geometry": {
        "type": "Point",
        "coordinates": [
          -0.5576484,
          44.8376846
        ]
      },
      "properties": {
        "id": 9887809405,
        "osm_type": "node",
        "access": "yes",
        "fee": "no"
      }
    },
    {
      "type": "Feature",
      "geometry": {
        "type": "Point",
        "coordinates": [
          -1.1878087,
          45.0827105
        ]
      },
      "properties": {
        "id": 9889605585,
        "osm_type": "node",
        "access": "yes"
      }
    },
    {
      "type": "Feature",
      "geometry": {
        "type": "Point",
        "coordinates": [
          0.338598,
          44.1364924
        ]
      },
      "properties": {
        "id": 9891252467,
        "osm_type": "node"
      }
    },
    {
      "type": "Feature",
      "geometry": {
        "type": "Point",
        "coordinates": [
          1.1622171,
          45.0663475
        ]
      },
      "properties": {
        "id": 9891952562,
        "osm_type": "node"
      }
    },
    {
      "type": "Feature",
      "geometry": {
        "type": "Point",
        "coordinates": [
          0.2180357,
          44.413235
        ]
      },
      "properties": {
        "id": 9894903331,
        "osm_type": "node"
      }
    },
    {
      "type": "Feature",
      "geometry": {
        "type": "Point",
        "coordinates": [
          0.5886875,
          46.4117741
        ]
      },
      "properties": {
        "id": 9895871577,
        "osm_type": "node"
      }
    },
    {
      "type": "Feature",
      "geometry": {
        "type": "Point",
        "coordinates": [
          -1.61867,
          43.2605166
        ]
      },
      "properties": {
        "id": 9897351697,
        "osm_type": "node"
      }
    },
    {
      "type": "Feature",
      "geometry": {
        "type": "Point",
        "coordinates": [
          2.1723585,
          45.3747363
        ]
      },
      "properties": {
        "id": 9898961523,
        "osm_type": "node"
      }
    },
    {
      "type": "Feature",
      "geometry": {
        "type": "Point",
        "coordinates": [
          -1.3759707,
          43.0676976
        ]
      },
      "properties": {
        "id": 9899108956,
        "osm_type": "node"
      }
    },
    {
      "type": "Feature",
      "geometry": {
        "type": "Point",
        "coordinates": [
          -1.4013081,
          43.313393
        ]
      },
      "properties": {
        "id": 9899600398,
        "osm_type": "node"
      }
    },
    {
      "type": "Feature",
      "geometry": {
        "type": "Point",
        "coordinates": [
          -0.3207542,
          43.4688372
        ]
      },
      "properties": {
        "id": 9903669630,
        "osm_type": "node"
      }
    },
    {
      "type": "Feature",
      "geometry": {
        "type": "Point",
        "coordinates": [
          -0.4789924,
          43.8949143
        ]
      },
      "properties": {
        "id": 9906252197,
        "osm_type": "node",
        "access": "yes",
        "fee": "no"
      }
    },
    {
      "type": "Feature",
      "geometry": {
        "type": "Point",
        "coordinates": [
          -1.1005376,
          46.2908063
        ]
      },
      "properties": {
        "id": 9907538802,
        "osm_type": "node"
      }
    },
    {
      "type": "Feature",
      "geometry": {
        "type": "Point",
        "coordinates": [
          -1.2056106,
          43.4736738
        ]
      },
      "properties": {
        "id": 9909206121,
        "osm_type": "node",
        "access": "yes",
        "fee": "no"
      }
    },
    {
      "type": "Feature",
      "geometry": {
        "type": "Point",
        "coordinates": [
          -1.2065029,
          43.4732839
        ]
      },
      "properties": {
        "id": 9909206122,
        "osm_type": "node",
        "access": "yes",
        "fee": "no"
      }
    },
    {
      "type": "Feature",
      "geometry": {
        "type": "Point",
        "coordinates": [
          -0.0725337,
          43.4975561
        ]
      },
      "properties": {
        "id": 9914760612,
        "osm_type": "node"
      }
    },
    {
      "type": "Feature",
      "geometry": {
        "type": "Point",
        "coordinates": [
          0.2101443,
          44.0727645
        ]
      },
      "properties": {
        "id": 9915183779,
        "osm_type": "node",
        "access": "customers"
      }
    },
    {
      "type": "Feature",
      "geometry": {
        "type": "Point",
        "coordinates": [
          -0.9247983,
          43.470787
        ]
      },
      "properties": {
        "id": 9920889449,
        "osm_type": "node"
      }
    },
    {
      "type": "Feature",
      "geometry": {
        "type": "Point",
        "coordinates": [
          -0.4587283,
          46.322659
        ]
      },
      "properties": {
        "id": 9922492056,
        "osm_type": "node",
        "access": "yes",
        "fee": "no"
      }
    },
    {
      "type": "Feature",
      "geometry": {
        "type": "Point",
        "coordinates": [
          0.6505584,
          46.2293971
        ]
      },
      "properties": {
        "id": 9922500366,
        "osm_type": "node"
      }
    },
    {
      "type": "Feature",
      "geometry": {
        "type": "Point",
        "coordinates": [
          -0.5376492,
          43.881096
        ]
      },
      "properties": {
        "id": 9922840782,
        "osm_type": "node",
        "access": "yes",
        "fee": "no"
      }
    },
    {
      "type": "Feature",
      "geometry": {
        "type": "Point",
        "coordinates": [
          -0.6405792,
          43.9269934
        ]
      },
      "properties": {
        "id": 9922869077,
        "osm_type": "node",
        "access": "yes",
        "fee": "no"
      }
    },
    {
      "type": "Feature",
      "geometry": {
        "type": "Point",
        "coordinates": [
          -0.7950558,
          45.4768678
        ]
      },
      "properties": {
        "id": 9929270003,
        "osm_type": "node"
      }
    },
    {
      "type": "Feature",
      "geometry": {
        "type": "Point",
        "coordinates": [
          -0.7156801,
          45.3282404
        ]
      },
      "properties": {
        "id": 9929361728,
        "osm_type": "node"
      }
    },
    {
      "type": "Feature",
      "geometry": {
        "type": "Point",
        "coordinates": [
          -1.0634586,
          45.5701389
        ]
      },
      "properties": {
        "id": 9929362506,
        "osm_type": "node"
      }
    },
    {
      "type": "Feature",
      "geometry": {
        "type": "Point",
        "coordinates": [
          -0.1412833,
          45.7744615
        ]
      },
      "properties": {
        "id": 9933335121,
        "osm_type": "node"
      }
    },
    {
      "type": "Feature",
      "geometry": {
        "type": "Point",
        "coordinates": [
          -1.0440083,
          44.6145955
        ]
      },
      "properties": {
        "id": 9935482707,
        "osm_type": "node"
      }
    },
    {
      "type": "Feature",
      "geometry": {
        "type": "Point",
        "coordinates": [
          0.6837115,
          44.3136157
        ]
      },
      "properties": {
        "id": 9937203948,
        "osm_type": "node"
      }
    },
    {
      "type": "Feature",
      "geometry": {
        "type": "Point",
        "coordinates": [
          -1.1420606,
          44.6521302
        ]
      },
      "properties": {
        "id": 9938090811,
        "osm_type": "node"
      }
    },
    {
      "type": "Feature",
      "geometry": {
        "type": "Point",
        "coordinates": [
          -1.0700413,
          44.7167156
        ]
      },
      "properties": {
        "id": 9938127874,
        "osm_type": "node"
      }
    },
    {
      "type": "Feature",
      "geometry": {
        "type": "Point",
        "coordinates": [
          -1.1594067,
          46.155708
        ]
      },
      "properties": {
        "id": 9939711417,
        "osm_type": "node",
        "name": "Parc de la Pergolas",
        "access": "yes",
        "fee": "no",
        "indoor": "no"
      }
    },
    {
      "type": "Feature",
      "geometry": {
        "type": "Point",
        "coordinates": [
          -1.2460123,
          43.9220309
        ]
      },
      "properties": {
        "id": 9944553115,
        "osm_type": "node",
        "opening_hours": "24/7"
      }
    },
    {
      "type": "Feature",
      "geometry": {
        "type": "Point",
        "coordinates": [
          1.3627055,
          44.8605245
        ]
      },
      "properties": {
        "id": 9944663130,
        "osm_type": "node"
      }
    },
    {
      "type": "Feature",
      "geometry": {
        "type": "Point",
        "coordinates": [
          -1.1751337,
          46.0229279
        ]
      },
      "properties": {
        "id": 9945110117,
        "osm_type": "node"
      }
    },
    {
      "type": "Feature",
      "geometry": {
        "type": "Point",
        "coordinates": [
          -1.2578902,
          44.0327924
        ]
      },
      "properties": {
        "id": 9947483066,
        "osm_type": "node",
        "access": "yes",
        "fee": "no"
      }
    },
    {
      "type": "Feature",
      "geometry": {
        "type": "Point",
        "coordinates": [
          -1.5880559,
          43.4383161
        ]
      },
      "properties": {
        "id": 9949604317,
        "osm_type": "node",
        "access": "yes",
        "fee": "no"
      }
    },
    {
      "type": "Feature",
      "geometry": {
        "type": "Point",
        "coordinates": [
          0.7138107,
          44.3625215
        ]
      },
      "properties": {
        "id": 9950623311,
        "osm_type": "node",
        "indoor": "no"
      }
    },
    {
      "type": "Feature",
      "geometry": {
        "type": "Point",
        "coordinates": [
          0.717791,
          44.3318705
        ]
      },
      "properties": {
        "id": 9950707566,
        "osm_type": "node",
        "indoor": "no"
      }
    },
    {
      "type": "Feature",
      "geometry": {
        "type": "Point",
        "coordinates": [
          -1.233048,
          45.6962545
        ]
      },
      "properties": {
        "id": 9952290017,
        "osm_type": "node"
      }
    },
    {
      "type": "Feature",
      "geometry": {
        "type": "Point",
        "coordinates": [
          -1.0075139,
          45.598505
        ]
      },
      "properties": {
        "id": 9952291275,
        "osm_type": "node"
      }
    },
    {
      "type": "Feature",
      "geometry": {
        "type": "Point",
        "coordinates": [
          -1.5508286,
          43.3550705
        ]
      },
      "properties": {
        "id": 9952593202,
        "osm_type": "node"
      }
    },
    {
      "type": "Feature",
      "geometry": {
        "type": "Point",
        "coordinates": [
          -1.5450821,
          43.4957178
        ]
      },
      "properties": {
        "id": 9955170944,
        "osm_type": "node",
        "access": "yes",
        "indoor": "no"
      }
    },
    {
      "type": "Feature",
      "geometry": {
        "type": "Point",
        "coordinates": [
          1.2195137,
          44.8881618
        ]
      },
      "properties": {
        "id": 9957029654,
        "osm_type": "node"
      }
    },
    {
      "type": "Feature",
      "geometry": {
        "type": "Point",
        "coordinates": [
          -1.4275591,
          43.6811208
        ]
      },
      "properties": {
        "id": 9957398114,
        "osm_type": "node"
      }
    },
    {
      "type": "Feature",
      "geometry": {
        "type": "Point",
        "coordinates": [
          -1.4762655,
          43.4927952
        ]
      },
      "properties": {
        "id": 9961337178,
        "osm_type": "node",
        "access": "yes"
      }
    },
    {
      "type": "Feature",
      "geometry": {
        "type": "Point",
        "coordinates": [
          -1.1494333,
          45.0694815
        ]
      },
      "properties": {
        "id": 9965583826,
        "osm_type": "node"
      }
    },
    {
      "type": "Feature",
      "geometry": {
        "type": "Point",
        "coordinates": [
          -0.2308012,
          43.9816152
        ]
      },
      "properties": {
        "id": 9965885645,
        "osm_type": "node"
      }
    },
    {
      "type": "Feature",
      "geometry": {
        "type": "Point",
        "coordinates": [
          -0.1192894,
          43.9462469
        ]
      },
      "properties": {
        "id": 9967976217,
        "osm_type": "node"
      }
    },
    {
      "type": "Feature",
      "geometry": {
        "type": "Point",
        "coordinates": [
          -0.610131,
          43.2089021
        ]
      },
      "properties": {
        "id": 9984078226,
        "osm_type": "node",
        "access": "permissive",
        "fee": "no"
      }
    },
    {
      "type": "Feature",
      "geometry": {
        "type": "Point",
        "coordinates": [
          -0.6101995,
          43.2089796
        ]
      },
      "properties": {
        "id": 9984078228,
        "osm_type": "node",
        "access": "yes",
        "fee": "no"
      }
    },
    {
      "type": "Feature",
      "geometry": {
        "type": "Point",
        "coordinates": [
          -0.6124063,
          43.2095715
        ]
      },
      "properties": {
        "id": 9984078252,
        "osm_type": "node",
        "access": "yes",
        "fee": "no"
      }
    },
    {
      "type": "Feature",
      "geometry": {
        "type": "Point",
        "coordinates": [
          -1.4314299,
          43.6398833
        ]
      },
      "properties": {
        "id": 9984100627,
        "osm_type": "node"
      }
    },
    {
      "type": "Feature",
      "geometry": {
        "type": "Point",
        "coordinates": [
          -0.4288284,
          43.1044033
        ]
      },
      "properties": {
        "id": 9987447083,
        "osm_type": "node"
      }
    },
    {
      "type": "Feature",
      "geometry": {
        "type": "Point",
        "coordinates": [
          -0.9368637,
          42.9639112
        ]
      },
      "properties": {
        "id": 9992874815,
        "osm_type": "node",
        "name": "Source ardane"
      }
    },
    {
      "type": "Feature",
      "geometry": {
        "type": "Point",
        "coordinates": [
          1.2147912,
          44.8013823
        ]
      },
      "properties": {
        "id": 10002020629,
        "osm_type": "node"
      }
    },
    {
      "type": "Feature",
      "geometry": {
        "type": "Point",
        "coordinates": [
          -0.2471325,
          44.9513438
        ]
      },
      "properties": {
        "id": 10005116506,
        "osm_type": "node"
      }
    },
    {
      "type": "Feature",
      "geometry": {
        "type": "Point",
        "coordinates": [
          0.8733364,
          44.811228
        ]
      },
      "properties": {
        "id": 10011271917,
        "osm_type": "node",
        "access": "yes",
        "fee": "no"
      }
    },
    {
      "type": "Feature",
      "geometry": {
        "type": "Point",
        "coordinates": [
          0.8710448,
          44.8119381
        ]
      },
      "properties": {
        "id": 10011271920,
        "osm_type": "node",
        "access": "yes",
        "fee": "no"
      }
    },
    {
      "type": "Feature",
      "geometry": {
        "type": "Point",
        "coordinates": [
          -1.4317705,
          43.662996
        ]
      },
      "properties": {
        "id": 10012760293,
        "osm_type": "node",
        "access": "yes",
        "indoor": "no"
      }
    },
    {
      "type": "Feature",
      "geometry": {
        "type": "Point",
        "coordinates": [
          -0.6929234,
          43.4397793
        ]
      },
      "properties": {
        "id": 10012830208,
        "osm_type": "node"
      }
    },
    {
      "type": "Feature",
      "geometry": {
        "type": "Point",
        "coordinates": [
          -0.6237843,
          43.3984199
        ]
      },
      "properties": {
        "id": 10012871266,
        "osm_type": "node"
      }
    },
    {
      "type": "Feature",
      "geometry": {
        "type": "Point",
        "coordinates": [
          -0.9258319,
          43.4720236
        ]
      },
      "properties": {
        "id": 10012871433,
        "osm_type": "node"
      }
    },
    {
      "type": "Feature",
      "geometry": {
        "type": "Point",
        "coordinates": [
          1.3230496,
          44.9739584
        ]
      },
      "properties": {
        "id": 10013290021,
        "osm_type": "node",
        "access": "yes",
        "fee": "no"
      }
    },
    {
      "type": "Feature",
      "geometry": {
        "type": "Point",
        "coordinates": [
          2.0945596,
          45.6413756
        ]
      },
      "properties": {
        "id": 10023595825,
        "osm_type": "node",
        "access": "yes",
        "indoor": "no"
      }
    },
    {
      "type": "Feature",
      "geometry": {
        "type": "Point",
        "coordinates": [
          0.1596414,
          44.4971186
        ]
      },
      "properties": {
        "id": 10033505940,
        "osm_type": "node"
      }
    },
    {
      "type": "Feature",
      "geometry": {
        "type": "Point",
        "coordinates": [
          -0.6422372,
          44.7993131
        ]
      },
      "properties": {
        "id": 10033959417,
        "osm_type": "node",
        "access": "yes",
        "fee": "no"
      }
    },
    {
      "type": "Feature",
      "geometry": {
        "type": "Point",
        "coordinates": [
          -1.399468,
          43.3591615
        ]
      },
      "properties": {
        "id": 10037536883,
        "osm_type": "node"
      }
    },
    {
      "type": "Feature",
      "geometry": {
        "type": "Point",
        "coordinates": [
          0.1631567,
          46.2104072
        ]
      },
      "properties": {
        "id": 10039097419,
        "osm_type": "node",
        "access": "yes"
      }
    },
    {
      "type": "Feature",
      "geometry": {
        "type": "Point",
        "coordinates": [
          -0.9423969,
          46.227479
        ]
      },
      "properties": {
        "id": 10042606746,
        "osm_type": "node"
      }
    },
    {
      "type": "Feature",
      "geometry": {
        "type": "Point",
        "coordinates": [
          -0.1399512,
          44.8122374
        ]
      },
      "properties": {
        "id": 10047988074,
        "osm_type": "node",
        "access": "yes",
        "fee": "no",
        "indoor": "no"
      }
    },
    {
      "type": "Feature",
      "geometry": {
        "type": "Point",
        "coordinates": [
          -0.4693285,
          46.3245405
        ]
      },
      "properties": {
        "id": 10048827792,
        "osm_type": "node"
      }
    },
    {
      "type": "Feature",
      "geometry": {
        "type": "Point",
        "coordinates": [
          -0.5018372,
          43.8946965
        ]
      },
      "properties": {
        "id": 10051993454,
        "osm_type": "node",
        "access": "yes"
      }
    },
    {
      "type": "Feature",
      "geometry": {
        "type": "Point",
        "coordinates": [
          -1.1681503,
          45.6894004
        ]
      },
      "properties": {
        "id": 10053069235,
        "osm_type": "node",
        "indoor": "no"
      }
    },
    {
      "type": "Feature",
      "geometry": {
        "type": "Point",
        "coordinates": [
          -1.1645158,
          45.6867154
        ]
      },
      "properties": {
        "id": 10053069236,
        "osm_type": "node",
        "indoor": "no"
      }
    },
    {
      "type": "Feature",
      "geometry": {
        "type": "Point",
        "coordinates": [
          -1.1664121,
          45.6866343
        ]
      },
      "properties": {
        "id": 10053069237,
        "osm_type": "node",
        "indoor": "no"
      }
    },
    {
      "type": "Feature",
      "geometry": {
        "type": "Point",
        "coordinates": [
          1.9092393,
          46.3246606
        ]
      },
      "properties": {
        "id": 10056543499,
        "osm_type": "node",
        "fee": "yes"
      }
    },
    {
      "type": "Feature",
      "geometry": {
        "type": "Point",
        "coordinates": [
          -1.4774216,
          43.4945909
        ]
      },
      "properties": {
        "id": 10064648210,
        "osm_type": "node",
        "access": "yes",
        "fee": "no"
      }
    },
    {
      "type": "Feature",
      "geometry": {
        "type": "Point",
        "coordinates": [
          -1.0154562,
          43.5346726
        ]
      },
      "properties": {
        "id": 10068567695,
        "osm_type": "node"
      }
    },
    {
      "type": "Feature",
      "geometry": {
        "type": "Point",
        "coordinates": [
          -0.5985377,
          44.8357463
        ]
      },
      "properties": {
        "id": 10068847893,
        "osm_type": "node"
      }
    },
    {
      "type": "Feature",
      "geometry": {
        "type": "Point",
        "coordinates": [
          -0.5980784,
          44.8350542
        ]
      },
      "properties": {
        "id": 10068863212,
        "osm_type": "node"
      }
    },
    {
      "type": "Feature",
      "geometry": {
        "type": "Point",
        "coordinates": [
          -0.7701922,
          43.4916753
        ]
      },
      "properties": {
        "id": 10068894224,
        "osm_type": "node"
      }
    },
    {
      "type": "Feature",
      "geometry": {
        "type": "Point",
        "coordinates": [
          -0.4787664,
          43.8951666
        ]
      },
      "properties": {
        "id": 10069025372,
        "osm_type": "node",
        "access": "yes",
        "fee": "no"
      }
    },
    {
      "type": "Feature",
      "geometry": {
        "type": "Point",
        "coordinates": [
          -0.4801265,
          43.8964495
        ]
      },
      "properties": {
        "id": 10069084750,
        "osm_type": "node",
        "access": "yes",
        "fee": "no"
      }
    },
    {
      "type": "Feature",
      "geometry": {
        "type": "Point",
        "coordinates": [
          -0.4283112,
          42.8908031
        ]
      },
      "properties": {
        "id": 10078447311,
        "osm_type": "node"
      }
    },
    {
      "type": "Feature",
      "geometry": {
        "type": "Point",
        "coordinates": [
          -0.3880745,
          43.2231726
        ]
      },
      "properties": {
        "id": 10079837746,
        "osm_type": "node",
        "access": "yes",
        "fee": "no"
      }
    },
    {
      "type": "Feature",
      "geometry": {
        "type": "Point",
        "coordinates": [
          -0.5078233,
          43.894645
        ]
      },
      "properties": {
        "id": 10080596837,
        "osm_type": "node",
        "access": "yes",
        "fee": "no"
      }
    },
    {
      "type": "Feature",
      "geometry": {
        "type": "Point",
        "coordinates": [
          -0.5183513,
          43.8949175
        ]
      },
      "properties": {
        "id": 10080596886,
        "osm_type": "node",
        "access": "yes"
      }
    },
    {
      "type": "Feature",
      "geometry": {
        "type": "Point",
        "coordinates": [
          -0.5185707,
          43.8944685
        ]
      },
      "properties": {
        "id": 10080596888,
        "osm_type": "node",
        "access": "yes"
      }
    },
    {
      "type": "Feature",
      "geometry": {
        "type": "Point",
        "coordinates": [
          -0.5189086,
          43.8935235
        ]
      },
      "properties": {
        "id": 10080596890,
        "osm_type": "node",
        "access": "yes",
        "fee": "no"
      }
    },
    {
      "type": "Feature",
      "geometry": {
        "type": "Point",
        "coordinates": [
          -0.5201321,
          43.8835897
        ]
      },
      "properties": {
        "id": 10080673960,
        "osm_type": "node",
        "access": "yes",
        "fee": "no"
      }
    },
    {
      "type": "Feature",
      "geometry": {
        "type": "Point",
        "coordinates": [
          -0.520403,
          43.8834746
        ]
      },
      "properties": {
        "id": 10080673961,
        "osm_type": "node",
        "access": "yes",
        "fee": "no"
      }
    },
    {
      "type": "Feature",
      "geometry": {
        "type": "Point",
        "coordinates": [
          1.7082532,
          45.6606348
        ]
      },
      "properties": {
        "id": 10083586403,
        "osm_type": "node",
        "access": "yes",
        "opening_hours": "Mar-Nov",
        "fee": "no",
        "operator": "Mairie de Domps"
      }
    },
    {
      "type": "Feature",
      "geometry": {
        "type": "Point",
        "coordinates": [
          -1.140641,
          43.4842879
        ]
      },
      "properties": {
        "id": 10084037666,
        "osm_type": "node"
      }
    },
    {
      "type": "Feature",
      "geometry": {
        "type": "Point",
        "coordinates": [
          -0.5971134,
          44.8141204
        ]
      },
      "properties": {
        "id": 10087552766,
        "osm_type": "node"
      }
    },
    {
      "type": "Feature",
      "geometry": {
        "type": "Point",
        "coordinates": [
          -0.7147717,
          43.095275
        ]
      },
      "properties": {
        "id": 10088653493,
        "osm_type": "node"
      }
    },
    {
      "type": "Feature",
      "geometry": {
        "type": "Point",
        "coordinates": [
          -0.8385231,
          43.7112654
        ]
      },
      "properties": {
        "id": 10089628603,
        "osm_type": "node"
      }
    },
    {
      "type": "Feature",
      "geometry": {
        "type": "Point",
        "coordinates": [
          -0.9992644,
          44.6437417
        ]
      },
      "properties": {
        "id": 10103289750,
        "osm_type": "node"
      }
    },
    {
      "type": "Feature",
      "geometry": {
        "type": "Point",
        "coordinates": [
          -0.5628446,
          44.8232431
        ]
      },
      "properties": {
        "id": 10104436913,
        "osm_type": "node",
        "access": "yes",
        "fee": "no"
      }
    },
    {
      "type": "Feature",
      "geometry": {
        "type": "Point",
        "coordinates": [
          -0.7999144,
          44.8081465
        ]
      },
      "properties": {
        "id": 10105928119,
        "osm_type": "node"
      }
    },
    {
      "type": "Feature",
      "geometry": {
        "type": "Point",
        "coordinates": [
          -0.7803051,
          44.8122175
        ]
      },
      "properties": {
        "id": 10106276333,
        "osm_type": "node"
      }
    },
    {
      "type": "Feature",
      "geometry": {
        "type": "Point",
        "coordinates": [
          1.39774,
          45.8866443
        ]
      },
      "properties": {
        "id": 10107588967,
        "osm_type": "node",
        "access": "yes",
        "fee": "no"
      }
    },
    {
      "type": "Feature",
      "geometry": {
        "type": "Point",
        "coordinates": [
          -0.2165634,
          43.2035492
        ]
      },
      "properties": {
        "id": 10109752683,
        "osm_type": "node"
      }
    },
    {
      "type": "Feature",
      "geometry": {
        "type": "Point",
        "coordinates": [
          -0.6004225,
          42.9775203
        ]
      },
      "properties": {
        "id": 10110827585,
        "osm_type": "node"
      }
    },
    {
      "type": "Feature",
      "geometry": {
        "type": "Point",
        "coordinates": [
          -0.6169479,
          42.9951639
        ]
      },
      "properties": {
        "id": 10110827670,
        "osm_type": "node"
      }
    },
    {
      "type": "Feature",
      "geometry": {
        "type": "Point",
        "coordinates": [
          -0.6149783,
          42.9198626
        ]
      },
      "properties": {
        "id": 10111657973,
        "osm_type": "node"
      }
    },
    {
      "type": "Feature",
      "geometry": {
        "type": "Point",
        "coordinates": [
          -0.8495698,
          43.2644372
        ]
      },
      "properties": {
        "id": 10111704545,
        "osm_type": "node",
        "access": "permissive",
        "fee": "no"
      }
    },
    {
      "type": "Feature",
      "geometry": {
        "type": "Point",
        "coordinates": [
          -0.5282832,
          44.8463663
        ]
      },
      "properties": {
        "id": 10116878481,
        "osm_type": "node"
      }
    },
    {
      "type": "Feature",
      "geometry": {
        "type": "Point",
        "coordinates": [
          0.7234474,
          45.184642
        ]
      },
      "properties": {
        "id": 10124001753,
        "osm_type": "node"
      }
    },
    {
      "type": "Feature",
      "geometry": {
        "type": "Point",
        "coordinates": [
          1.5421736,
          45.6652554
        ]
      },
      "properties": {
        "id": 10130357220,
        "osm_type": "node",
        "access": "yes",
        "opening_hours": "Mar-Nov",
        "fee": "no"
      }
    },
    {
      "type": "Feature",
      "geometry": {
        "type": "Point",
        "coordinates": [
          -0.7254052,
          44.863482
        ]
      },
      "properties": {
        "id": 10136317477,
        "osm_type": "node",
        "fee": "no"
      }
    },
    {
      "type": "Feature",
      "geometry": {
        "type": "Point",
        "coordinates": [
          -0.5685306,
          44.8365782
        ]
      },
      "properties": {
        "id": 10137417066,
        "osm_type": "node"
      }
    },
    {
      "type": "Feature",
      "geometry": {
        "type": "Point",
        "coordinates": [
          -0.7701346,
          43.491683
        ]
      },
      "properties": {
        "id": 10137743917,
        "osm_type": "node"
      }
    },
    {
      "type": "Feature",
      "geometry": {
        "type": "Point",
        "coordinates": [
          -0.8144019,
          43.4779889
        ]
      },
      "properties": {
        "id": 10137744017,
        "osm_type": "node"
      }
    },
    {
      "type": "Feature",
      "geometry": {
        "type": "Point",
        "coordinates": [
          -1.4815836,
          43.5191156
        ]
      },
      "properties": {
        "id": 10173590621,
        "osm_type": "node"
      }
    },
    {
      "type": "Feature",
      "geometry": {
        "type": "Point",
        "coordinates": [
          -1.5391667,
          46.2285616
        ]
      },
      "properties": {
        "id": 10178434196,
        "osm_type": "node",
        "fee": "no",
        "indoor": "no"
      }
    },
    {
      "type": "Feature",
      "geometry": {
        "type": "Point",
        "coordinates": [
          -1.2947787,
          44.2169254
        ]
      },
      "properties": {
        "id": 10178553969,
        "osm_type": "node",
        "access": "yes"
      }
    },
    {
      "type": "Feature",
      "geometry": {
        "type": "Point",
        "coordinates": [
          -1.2946746,
          44.2168652
        ]
      },
      "properties": {
        "id": 10178777877,
        "osm_type": "node"
      }
    },
    {
      "type": "Feature",
      "geometry": {
        "type": "Point",
        "coordinates": [
          1.4336386,
          45.754303
        ]
      },
      "properties": {
        "id": 10182540913,
        "osm_type": "node",
        "access": "yes",
        "fee": "no",
        "operator": "mairie"
      }
    },
    {
      "type": "Feature",
      "geometry": {
        "type": "Point",
        "coordinates": [
          1.5365929,
          45.768805
        ]
      },
      "properties": {
        "id": 10183427051,
        "osm_type": "node",
        "access": "yes",
        "opening_hours": "Mar-Nov",
        "fee": "no",
        "operator": "Mairie du Chatenet"
      }
    },
    {
      "type": "Feature",
      "geometry": {
        "type": "Point",
        "coordinates": [
          1.7113362,
          45.6590935
        ]
      },
      "properties": {
        "id": 10183427082,
        "osm_type": "node",
        "access": "yes",
        "opening_hours": "Mar-Nov",
        "fee": "no",
        "operator": "Mairie de Domps"
      }
    },
    {
      "type": "Feature",
      "geometry": {
        "type": "Point",
        "coordinates": [
          1.6494279,
          45.6645279
        ]
      },
      "properties": {
        "id": 10183427089,
        "osm_type": "node"
      }
    },
    {
      "type": "Feature",
      "geometry": {
        "type": "Point",
        "coordinates": [
          1.6032695,
          45.7158905
        ]
      },
      "properties": {
        "id": 10183433427,
        "osm_type": "node"
      }
    },
    {
      "type": "Feature",
      "geometry": {
        "type": "Point",
        "coordinates": [
          1.1662931,
          46.2148862
        ]
      },
      "properties": {
        "id": 10184642667,
        "osm_type": "node",
        "access": "yes",
        "fee": "no"
      }
    },
    {
      "type": "Feature",
      "geometry": {
        "type": "Point",
        "coordinates": [
          1.6092307,
          45.9062058
        ]
      },
      "properties": {
        "id": 10185636105,
        "osm_type": "node",
        "access": "yes",
        "fee": "no"
      }
    },
    {
      "type": "Feature",
      "geometry": {
        "type": "Point",
        "coordinates": [
          1.6278967,
          45.7954315
        ]
      },
      "properties": {
        "id": 10197206869,
        "osm_type": "node",
        "access": "yes",
        "opening_hours": "Mar-Nov",
        "fee": "no"
      }
    },
    {
      "type": "Feature",
      "geometry": {
        "type": "Point",
        "coordinates": [
          1.6266389,
          45.7958219
        ]
      },
      "properties": {
        "id": 10197206870,
        "osm_type": "node",
        "access": "yes",
        "fee": "no"
      }
    },
    {
      "type": "Feature",
      "geometry": {
        "type": "Point",
        "coordinates": [
          1.6312917,
          45.7974474
        ]
      },
      "properties": {
        "id": 10197206874,
        "osm_type": "node",
        "fee": "no"
      }
    },
    {
      "type": "Feature",
      "geometry": {
        "type": "Point",
        "coordinates": [
          1.5827341,
          45.632773
        ]
      },
      "properties": {
        "id": 10197335511,
        "osm_type": "node",
        "access": "yes",
        "fee": "no",
        "operator": "Mairie de la croisille"
      }
    },
    {
      "type": "Feature",
      "geometry": {
        "type": "Point",
        "coordinates": [
          -0.8101304,
          42.9957401
        ]
      },
      "properties": {
        "id": 10198283717,
        "osm_type": "node"
      }
    },
    {
      "type": "Feature",
      "geometry": {
        "type": "Point",
        "coordinates": [
          -0.9063772,
          43.2078225
        ]
      },
      "properties": {
        "id": 10199344618,
        "osm_type": "node"
      }
    },
    {
      "type": "Feature",
      "geometry": {
        "type": "Point",
        "coordinates": [
          -1.1520391,
          46.1557856
        ]
      },
      "properties": {
        "id": 10200224833,
        "osm_type": "node",
        "name": "Quai du Gabut",
        "access": "yes",
        "fee": "no",
        "indoor": "no"
      }
    },
    {
      "type": "Feature",
      "geometry": {
        "type": "Point",
        "coordinates": [
          -1.4427075,
          43.6636276
        ]
      },
      "properties": {
        "id": 10209049059,
        "osm_type": "node"
      }
    },
    {
      "type": "Feature",
      "geometry": {
        "type": "Point",
        "coordinates": [
          -1.44326,
          43.662834
        ]
      },
      "properties": {
        "id": 10209049060,
        "osm_type": "node"
      }
    },
    {
      "type": "Feature",
      "geometry": {
        "type": "Point",
        "coordinates": [
          -1.4434639,
          43.6621898
        ]
      },
      "properties": {
        "id": 10209049061,
        "osm_type": "node"
      }
    },
    {
      "type": "Feature",
      "geometry": {
        "type": "Point",
        "coordinates": [
          -1.4438126,
          43.6608858
        ]
      },
      "properties": {
        "id": 10209049062,
        "osm_type": "node"
      }
    },
    {
      "type": "Feature",
      "geometry": {
        "type": "Point",
        "coordinates": [
          -1.4317641,
          43.6636896
        ]
      },
      "properties": {
        "id": 10209049063,
        "osm_type": "node"
      }
    },
    {
      "type": "Feature",
      "geometry": {
        "type": "Point",
        "coordinates": [
          -1.4282155,
          43.6616542
        ]
      },
      "properties": {
        "id": 10209049064,
        "osm_type": "node"
      }
    },
    {
      "type": "Feature",
      "geometry": {
        "type": "Point",
        "coordinates": [
          -0.9658193,
          43.1962069
        ]
      },
      "properties": {
        "id": 10209335917,
        "osm_type": "node"
      }
    },
    {
      "type": "Feature",
      "geometry": {
        "type": "Point",
        "coordinates": [
          -0.4088162,
          43.4940991
        ]
      },
      "properties": {
        "id": 10212855601,
        "osm_type": "node"
      }
    },
    {
      "type": "Feature",
      "geometry": {
        "type": "Point",
        "coordinates": [
          -0.4056017,
          43.4970201
        ]
      },
      "properties": {
        "id": 10212855609,
        "osm_type": "node"
      }
    },
    {
      "type": "Feature",
      "geometry": {
        "type": "Point",
        "coordinates": [
          -0.5575597,
          44.8260986
        ]
      },
      "properties": {
        "id": 10213840628,
        "osm_type": "node"
      }
    },
    {
      "type": "Feature",
      "geometry": {
        "type": "Point",
        "coordinates": [
          -1.7389166,
          43.3777333
        ]
      },
      "properties": {
        "id": 10223382519,
        "osm_type": "node",
        "access": "yes",
        "fee": "no",
        "indoor": "no"
      }
    },
    {
      "type": "Feature",
      "geometry": {
        "type": "Point",
        "coordinates": [
          -1.6988456,
          43.3626254
        ]
      },
      "properties": {
        "id": 10238264209,
        "osm_type": "node"
      }
    },
    {
      "type": "Feature",
      "geometry": {
        "type": "Point",
        "coordinates": [
          -0.4912325,
          46.2220644
        ]
      },
      "properties": {
        "id": 10249595067,
        "osm_type": "node"
      }
    },
    {
      "type": "Feature",
      "geometry": {
        "type": "Point",
        "coordinates": [
          -0.5869735,
          43.2640302
        ]
      },
      "properties": {
        "id": 10253208651,
        "osm_type": "node",
        "access": "permissive",
        "fee": "no"
      }
    },
    {
      "type": "Feature",
      "geometry": {
        "type": "Point",
        "coordinates": [
          -1.6186228,
          43.2605506
        ]
      },
      "properties": {
        "id": 10271926473,
        "osm_type": "node"
      }
    },
    {
      "type": "Feature",
      "geometry": {
        "type": "Point",
        "coordinates": [
          -0.2290368,
          43.3046124
        ]
      },
      "properties": {
        "id": 10272030439,
        "osm_type": "node"
      }
    },
    {
      "type": "Feature",
      "geometry": {
        "type": "Point",
        "coordinates": [
          -1.1537552,
          46.1623146
        ]
      },
      "properties": {
        "id": 10282685074,
        "osm_type": "node",
        "name": "Place de Verdun",
        "access": "yes",
        "fee": "no",
        "indoor": "no"
      }
    },
    {
      "type": "Feature",
      "geometry": {
        "type": "Point",
        "coordinates": [
          -1.1567395,
          46.1651661
        ]
      },
      "properties": {
        "id": 10282968166,
        "osm_type": "node",
        "name": "Esplanade des Parcs",
        "access": "yes",
        "fee": "no",
        "indoor": "no"
      }
    },
    {
      "type": "Feature",
      "geometry": {
        "type": "Point",
        "coordinates": [
          -1.4548419,
          43.4362978
        ]
      },
      "properties": {
        "id": 10284410998,
        "osm_type": "node",
        "indoor": "no"
      }
    },
    {
      "type": "Feature",
      "geometry": {
        "type": "Point",
        "coordinates": [
          -1.1489485,
          46.1614246
        ]
      },
      "properties": {
        "id": 10284767776,
        "osm_type": "node",
        "name": "Place Sophie Hillel",
        "access": "yes",
        "fee": "no",
        "indoor": "no"
      }
    },
    {
      "type": "Feature",
      "geometry": {
        "type": "Point",
        "coordinates": [
          -1.1610296,
          46.1556063
        ]
      },
      "properties": {
        "id": 10286092395,
        "osm_type": "node"
      }
    },
    {
      "type": "Feature",
      "geometry": {
        "type": "Point",
        "coordinates": [
          -1.1712399,
          46.1555955
        ]
      },
      "properties": {
        "id": 10287593039,
        "osm_type": "node",
        "fee": "no"
      }
    },
    {
      "type": "Feature",
      "geometry": {
        "type": "Point",
        "coordinates": [
          -0.3576792,
          43.3092116
        ]
      },
      "properties": {
        "id": 10287878645,
        "osm_type": "node",
        "access": "yes",
        "fee": "no",
        "operator": "Pau"
      }
    },
    {
      "type": "Feature",
      "geometry": {
        "type": "Point",
        "coordinates": [
          -0.4766176,
          43.2225544
        ]
      },
      "properties": {
        "id": 10290223198,
        "osm_type": "node",
        "access": "yes",
        "fee": "no"
      }
    },
    {
      "type": "Feature",
      "geometry": {
        "type": "Point",
        "coordinates": [
          -1.0219721,
          46.2547538
        ]
      },
      "properties": {
        "id": 10291960732,
        "osm_type": "node"
      }
    },
    {
      "type": "Feature",
      "geometry": {
        "type": "Point",
        "coordinates": [
          -0.4558423,
          43.1474574
        ]
      },
      "properties": {
        "id": 10292937512,
        "osm_type": "node",
        "access": "yes",
        "fee": "no"
      }
    },
    {
      "type": "Feature",
      "geometry": {
        "type": "Point",
        "coordinates": [
          -0.7580546,
          43.4750547
        ]
      },
      "properties": {
        "id": 10292973039,
        "osm_type": "node"
      }
    },
    {
      "type": "Feature",
      "geometry": {
        "type": "Point",
        "coordinates": [
          -0.8399817,
          43.1932188
        ]
      },
      "properties": {
        "id": 10299261783,
        "osm_type": "node",
        "indoor": "no"
      }
    },
    {
      "type": "Feature",
      "geometry": {
        "type": "Point",
        "coordinates": [
          -0.4362318,
          45.4377537
        ]
      },
      "properties": {
        "id": 10370485422,
        "osm_type": "node"
      }
    },
    {
      "type": "Feature",
      "geometry": {
        "type": "Point",
        "coordinates": [
          0.3516185,
          44.7332094
        ]
      },
      "properties": {
        "id": 10566103560,
        "osm_type": "node",
        "access": "yes",
        "operator": "Mairie de PuyGuilhem"
      }
    },
    {
      "type": "Feature",
      "geometry": {
        "type": "Point",
        "coordinates": [
          0.3735366,
          44.7763501
        ]
      },
      "properties": {
        "id": 10568319179,
        "osm_type": "node",
        "name": "Fontaine du cimetière",
        "access": "yes",
        "operator": "Mairie de Cunèges"
      }
    },
    {
      "type": "Feature",
      "geometry": {
        "type": "Point",
        "coordinates": [
          1.2644186,
          45.8576477
        ]
      },
      "properties": {
        "id": 10571610436,
        "osm_type": "node",
        "access": "yes"
      }
    },
    {
      "type": "Feature",
      "geometry": {
        "type": "Point",
        "coordinates": [
          -1.0714806,
          43.2558331
        ]
      },
      "properties": {
        "id": 10599971918,
        "osm_type": "node",
        "access": "yes",
        "fee": "no"
      }
    },
    {
      "type": "Feature",
      "geometry": {
        "type": "Point",
        "coordinates": [
          0.8499328,
          46.0026226
        ]
      },
      "properties": {
        "id": 10602771582,
        "osm_type": "node"
      }
    },
    {
      "type": "Feature",
      "geometry": {
        "type": "Point",
        "coordinates": [
          -1.4082684,
          43.3512409
        ]
      },
      "properties": {
        "id": 10649887853,
        "osm_type": "node",
        "access": "yes",
        "fee": "no"
      }
    },
    {
      "type": "Feature",
      "geometry": {
        "type": "Point",
        "coordinates": [
          -0.1817803,
          43.2767008
        ]
      },
      "properties": {
        "id": 10652864374,
        "osm_type": "node"
      }
    },
    {
      "type": "Feature",
      "geometry": {
        "type": "Point",
        "coordinates": [
          -0.3687173,
          43.308513
        ]
      },
      "properties": {
        "id": 10661215965,
        "osm_type": "node",
        "access": "yes",
        "fee": "no",
        "operator": "Pau"
      }
    },
    {
      "type": "Feature",
      "geometry": {
        "type": "Point",
        "coordinates": [
          -0.3044079,
          43.2487424
        ]
      },
      "properties": {
        "id": 10678662427,
        "osm_type": "node"
      }
    },
    {
      "type": "Feature",
      "geometry": {
        "type": "Point",
        "coordinates": [
          -0.6332369,
          45.0735246
        ]
      },
      "properties": {
        "id": 10678747139,
        "osm_type": "node"
      }
    },
    {
      "type": "Feature",
      "geometry": {
        "type": "Point",
        "coordinates": [
          -0.465422,
          44.8785629
        ]
      },
      "properties": {
        "id": 10678774658,
        "osm_type": "node"
      }
    },
    {
      "type": "Feature",
      "geometry": {
        "type": "Point",
        "coordinates": [
          -0.3606435,
          43.2143384
        ]
      },
      "properties": {
        "id": 10695607961,
        "osm_type": "node"
      }
    },
    {
      "type": "Feature",
      "geometry": {
        "type": "Point",
        "coordinates": [
          -0.2276486,
          43.3203307
        ]
      },
      "properties": {
        "id": 10711017219,
        "osm_type": "node"
      }
    },
    {
      "type": "Feature",
      "geometry": {
        "type": "Point",
        "coordinates": [
          -0.1837354,
          43.3161976
        ]
      },
      "properties": {
        "id": 10711085864,
        "osm_type": "node"
      }
    },
    {
      "type": "Feature",
      "geometry": {
        "type": "Point",
        "coordinates": [
          1.5713398,
          45.8338985
        ]
      },
      "properties": {
        "id": 10725978088,
        "osm_type": "node",
        "access": "yes",
        "fee": "no",
        "operator": "Mairie de Champnétery"
      }
    },
    {
      "type": "Feature",
      "geometry": {
        "type": "Point",
        "coordinates": [
          1.5716426,
          45.8329128
        ]
      },
      "properties": {
        "id": 10725978089,
        "osm_type": "node",
        "access": "yes",
        "fee": "no",
        "operator": "Mairie de Champnétery"
      }
    },
    {
      "type": "Feature",
      "geometry": {
        "type": "Point",
        "coordinates": [
          1.5708682,
          45.832672
        ]
      },
      "properties": {
        "id": 10725978090,
        "osm_type": "node",
        "access": "yes",
        "fee": "no",
        "operator": "Mairie de Champnétery"
      }
    },
    {
      "type": "Feature",
      "geometry": {
        "type": "Point",
        "coordinates": [
          1.5071135,
          45.9062579
        ]
      },
      "properties": {
        "id": 10726063051,
        "osm_type": "node",
        "access": "yes",
        "fee": "no",
        "operator": "Mairie du Châtenet-en-Dognon"
      }
    },
    {
      "type": "Feature",
      "geometry": {
        "type": "Point",
        "coordinates": [
          1.5142458,
          45.9108168
        ]
      },
      "properties": {
        "id": 10726063052,
        "osm_type": "node",
        "access": "yes",
        "fee": "no",
        "operator": "Mairie du Châtenet-en-Dognon"
      }
    },
    {
      "type": "Feature",
      "geometry": {
        "type": "Point",
        "coordinates": [
          1.5638118,
          45.8788362
        ]
      },
      "properties": {
        "id": 10741045315,
        "osm_type": "node",
        "access": "yes",
        "fee": "no",
        "operator": "Mairie"
      }
    },
    {
      "type": "Feature",
      "geometry": {
        "type": "Point",
        "coordinates": [
          1.4392004,
          45.9151255
        ]
      },
      "properties": {
        "id": 10741045317,
        "osm_type": "node",
        "access": "yes",
        "fee": "no",
        "operator": "Mairie"
      }
    },
    {
      "type": "Feature",
      "geometry": {
        "type": "Point",
        "coordinates": [
          1.4821114,
          45.7959825
        ]
      },
      "properties": {
        "id": 10741045318,
        "osm_type": "node",
        "access": "yes",
        "fee": "no",
        "operator": "Mairie"
      }
    },
    {
      "type": "Feature",
      "geometry": {
        "type": "Point",
        "coordinates": [
          1.4739674,
          45.7077803
        ]
      },
      "properties": {
        "id": 10741045319,
        "osm_type": "node",
        "access": "yes",
        "fee": "no",
        "operator": "Mairie"
      }
    },
    {
      "type": "Feature",
      "geometry": {
        "type": "Point",
        "coordinates": [
          1.4750131,
          45.7079755
        ]
      },
      "properties": {
        "id": 10741045320,
        "osm_type": "node",
        "access": "yes",
        "fee": "no",
        "operator": "Mairie"
      }
    },
    {
      "type": "Feature",
      "geometry": {
        "type": "Point",
        "coordinates": [
          1.5418269,
          45.7822549
        ]
      },
      "properties": {
        "id": 10741045322,
        "osm_type": "node",
        "access": "yes",
        "fee": "no",
        "operator": "Mairie"
      }
    },
    {
      "type": "Feature",
      "geometry": {
        "type": "Point",
        "coordinates": [
          1.5451574,
          45.7860067
        ]
      },
      "properties": {
        "id": 10741045323,
        "osm_type": "node",
        "access": "yes",
        "fee": "no",
        "operator": "Mairie"
      }
    },
    {
      "type": "Feature",
      "geometry": {
        "type": "Point",
        "coordinates": [
          1.5393225,
          45.7686913
        ]
      },
      "properties": {
        "id": 10741128731,
        "osm_type": "node",
        "access": "yes",
        "fee": "no",
        "operator": "Mairie"
      }
    },
    {
      "type": "Feature",
      "geometry": {
        "type": "Point",
        "coordinates": [
          -1.6697869,
          43.3876007
        ]
      },
      "properties": {
        "id": 10743135354,
        "osm_type": "node"
      }
    },
    {
      "type": "Feature",
      "geometry": {
        "type": "Point",
        "coordinates": [
          -1.2032555,
          44.6305679
        ]
      },
      "properties": {
        "id": 10743514745,
        "osm_type": "node"
      }
    },
    {
      "type": "Feature",
      "geometry": {
        "type": "Point",
        "coordinates": [
          -0.3047039,
          45.5201251
        ]
      },
      "properties": {
        "id": 10744768768,
        "osm_type": "node"
      }
    },
    {
      "type": "Feature",
      "geometry": {
        "type": "Point",
        "coordinates": [
          -1.1942187,
          43.1649769
        ]
      },
      "properties": {
        "id": 10744889526,
        "osm_type": "node"
      }
    },
    {
      "type": "Feature",
      "geometry": {
        "type": "Point",
        "coordinates": [
          -1.3690024,
          43.5427312
        ]
      },
      "properties": {
        "id": 10753256654,
        "osm_type": "node",
        "access": "yes",
        "fee": "no",
        "operator": "Mairie de Saint-Martin- de-Seignanx"
      }
    },
    {
      "type": "Feature",
      "geometry": {
        "type": "Point",
        "coordinates": [
          -0.6688381,
          43.2442521
        ]
      },
      "properties": {
        "id": 10754380947,
        "osm_type": "node",
        "access": "permissive",
        "fee": "no"
      }
    },
    {
      "type": "Feature",
      "geometry": {
        "type": "Point",
        "coordinates": [
          -1.0451938,
          43.7324102
        ]
      },
      "properties": {
        "id": 10768626806,
        "osm_type": "node"
      }
    },
    {
      "type": "Feature",
      "geometry": {
        "type": "Point",
        "coordinates": [
          2.1275523,
          45.9581173
        ]
      },
      "properties": {
        "id": 10770541405,
        "osm_type": "node"
      }
    },
    {
      "type": "Feature",
      "geometry": {
        "type": "Point",
        "coordinates": [
          -1.4991368,
          43.4901904
        ]
      },
      "properties": {
        "id": 10770639253,
        "osm_type": "node",
        "access": "yes",
        "fee": "no",
        "operator": "Commune d'Anglet"
      }
    },
    {
      "type": "Feature",
      "geometry": {
        "type": "Point",
        "coordinates": [
          1.0379908,
          45.929757
        ]
      },
      "properties": {
        "id": 10781378526,
        "osm_type": "node",
        "access": "customers",
        "fee": "no"
      }
    },
    {
      "type": "Feature",
      "geometry": {
        "type": "Point",
        "coordinates": [
          0.401241,
          45.0547276
        ]
      },
      "properties": {
        "id": 10785134557,
        "osm_type": "node"
      }
    },
    {
      "type": "Feature",
      "geometry": {
        "type": "Point",
        "coordinates": [
          -0.2344836,
          43.7750591
        ]
      },
      "properties": {
        "id": 10799402366,
        "osm_type": "node"
      }
    },
    {
      "type": "Feature",
      "geometry": {
        "type": "Point",
        "coordinates": [
          1.4291054,
          45.8482332
        ]
      },
      "properties": {
        "id": 10822180130,
        "osm_type": "node",
        "access": "yes"
      }
    },
    {
      "type": "Feature",
      "geometry": {
        "type": "Point",
        "coordinates": [
          -1.3584303,
          43.8490396
        ]
      },
      "properties": {
        "id": 10824107272,
        "osm_type": "node",
        "fee": "no"
      }
    },
    {
      "type": "Feature",
      "geometry": {
        "type": "Point",
        "coordinates": [
          -0.3684138,
          43.300724
        ]
      },
      "properties": {
        "id": 10832441682,
        "osm_type": "node",
        "access": "yes",
        "fee": "no",
        "operator": "Pau"
      }
    },
    {
      "type": "Feature",
      "geometry": {
        "type": "Point",
        "coordinates": [
          1.4791593,
          45.8306867
        ]
      },
      "properties": {
        "id": 10837199551,
        "osm_type": "node",
        "access": "yes",
        "fee": "no",
        "operator": "Mairie de Saint-Léonard de Noblat"
      }
    },
    {
      "type": "Feature",
      "geometry": {
        "type": "Point",
        "coordinates": [
          1.4910163,
          45.8405842
        ]
      },
      "properties": {
        "id": 10837199557,
        "osm_type": "node",
        "access": "yes",
        "fee": "no",
        "operator": "Mairie de Saint-Léonard de Noblat"
      }
    },
    {
      "type": "Feature",
      "geometry": {
        "type": "Point",
        "coordinates": [
          -1.4658158,
          43.503206
        ]
      },
      "properties": {
        "id": 10858124683,
        "osm_type": "node"
      }
    },
    {
      "type": "Feature",
      "geometry": {
        "type": "Point",
        "coordinates": [
          -1.465045,
          43.5033214
        ]
      },
      "properties": {
        "id": 10858124684,
        "osm_type": "node"
      }
    },
    {
      "type": "Feature",
      "geometry": {
        "type": "Point",
        "coordinates": [
          0.45401,
          46.4825596
        ]
      },
      "properties": {
        "id": 10860686025,
        "osm_type": "node",
        "access": "yes",
        "fee": "no"
      }
    },
    {
      "type": "Feature",
      "geometry": {
        "type": "Point",
        "coordinates": [
          0.4614623,
          46.3548372
        ]
      },
      "properties": {
        "id": 10864641124,
        "osm_type": "node"
      }
    },
    {
      "type": "Feature",
      "geometry": {
        "type": "Point",
        "coordinates": [
          -1.5357718,
          43.4874794
        ]
      },
      "properties": {
        "id": 10870607675,
        "osm_type": "node",
        "access": "yes",
        "fee": "no",
        "operator": "Ville d'Anglet"
      }
    },
    {
      "type": "Feature",
      "geometry": {
        "type": "Point",
        "coordinates": [
          -0.8680598,
          44.5496617
        ]
      },
      "properties": {
        "id": 10873561606,
        "osm_type": "node",
        "access": "yes",
        "fee": "no"
      }
    },
    {
      "type": "Feature",
      "geometry": {
        "type": "Point",
        "coordinates": [
          0.0001661,
          44.5451971
        ]
      },
      "properties": {
        "id": 10876117392,
        "osm_type": "node"
      }
    },
    {
      "type": "Feature",
      "geometry": {
        "type": "Point",
        "coordinates": [
          0.5252575,
          44.2709965
        ]
      },
      "properties": {
        "id": 10880259617,
        "osm_type": "node"
      }
    },
    {
      "type": "Feature",
      "geometry": {
        "type": "Point",
        "coordinates": [
          -1.5037085,
          43.4944559
        ]
      },
      "properties": {
        "id": 10881258412,
        "osm_type": "node"
      }
    },
    {
      "type": "Feature",
      "geometry": {
        "type": "Point",
        "coordinates": [
          -1.510855,
          43.4935037
        ]
      },
      "properties": {
        "id": 10886479117,
        "osm_type": "node",
        "access": "yes",
        "fee": "no",
        "operator": "Ville d'Anglet"
      }
    },
    {
      "type": "Feature",
      "geometry": {
        "type": "Point",
        "coordinates": [
          1.1263801,
          45.3207077
        ]
      },
      "properties": {
        "id": 10889192210,
        "osm_type": "node"
      }
    },
    {
      "type": "Feature",
      "geometry": {
        "type": "Point",
        "coordinates": [
          -1.5173769,
          43.4772481
        ]
      },
      "properties": {
        "id": 10889975258,
        "osm_type": "node",
        "access": "yes",
        "fee": "no",
        "operator": "Ville d'Anglet"
      }
    },
    {
      "type": "Feature",
      "geometry": {
        "type": "Point",
        "coordinates": [
          -0.9420959,
          44.6052322
        ]
      },
      "properties": {
        "id": 10892930005,
        "osm_type": "node",
        "access": "yes",
        "fee": "no"
      }
    },
    {
      "type": "Feature",
      "geometry": {
        "type": "Point",
        "coordinates": [
          -1.1212016,
          44.2408969
        ]
      },
      "properties": {
        "id": 10894062952,
        "osm_type": "node"
      }
    },
    {
      "type": "Feature",
      "geometry": {
        "type": "Point",
        "coordinates": [
          -1.4307119,
          43.0488968
        ]
      },
      "properties": {
        "id": 10900146963,
        "osm_type": "node",
        "name": "Harraska"
      }
    },
    {
      "type": "Feature",
      "geometry": {
        "type": "Point",
        "coordinates": [
          1.7952908,
          45.5388589
        ]
      },
      "properties": {
        "id": 10907695978,
        "osm_type": "node"
      }
    },
    {
      "type": "Feature",
      "geometry": {
        "type": "Point",
        "coordinates": [
          1.3061665,
          45.127641
        ]
      },
      "properties": {
        "id": 10914350750,
        "osm_type": "node",
        "access": "yes",
        "fee": "no"
      }
    },
    {
      "type": "Feature",
      "geometry": {
        "type": "Point",
        "coordinates": [
          -0.4851287,
          43.6324903
        ]
      },
      "properties": {
        "id": 10921087740,
        "osm_type": "node",
        "name": "cimetière",
        "access": "yes"
      }
    },
    {
      "type": "Feature",
      "geometry": {
        "type": "Point",
        "coordinates": [
          1.4515016,
          45.0689363
        ]
      },
      "properties": {
        "id": 10921388407,
        "osm_type": "node"
      }
    },
    {
      "type": "Feature",
      "geometry": {
        "type": "Point",
        "coordinates": [
          -1.0880724,
          45.642147
        ]
      },
      "properties": {
        "id": 10951538044,
        "osm_type": "node",
        "access": "yes",
        "fee": "no",
        "operator": "Ville Saint Palais"
      }
    },
    {
      "type": "Feature",
      "geometry": {
        "type": "Point",
        "coordinates": [
          -0.4187119,
          45.090994
        ]
      },
      "properties": {
        "id": 10959434712,
        "osm_type": "node",
        "indoor": "no"
      }
    },
    {
      "type": "Feature",
      "geometry": {
        "type": "Point",
        "coordinates": [
          -0.8340064,
          45.501894
        ]
      },
      "properties": {
        "id": 10963755507,
        "osm_type": "node",
        "access": "yes",
        "fee": "no"
      }
    },
    {
      "type": "Feature",
      "geometry": {
        "type": "Point",
        "coordinates": [
          -0.8349001,
          45.5010874
        ]
      },
      "properties": {
        "id": 10963755508,
        "osm_type": "node",
        "access": "yes",
        "fee": "no"
      }
    },
    {
      "type": "Feature",
      "geometry": {
        "type": "Point",
        "coordinates": [
          0.0851448,
          45.6577772
        ]
      },
      "properties": {
        "id": 10968762458,
        "osm_type": "node"
      }
    },
    {
      "type": "Feature",
      "geometry": {
        "type": "Point",
        "coordinates": [
          -0.9658104,
          45.874586
        ]
      },
      "properties": {
        "id": 10970347457,
        "osm_type": "node",
        "access": "yes",
        "fee": "no"
      }
    },
    {
      "type": "Feature",
      "geometry": {
        "type": "Point",
        "coordinates": [
          -0.8345249,
          45.5012825
        ]
      },
      "properties": {
        "id": 10970382153,
        "osm_type": "node",
        "access": "yes",
        "fee": "no"
      }
    },
    {
      "type": "Feature",
      "geometry": {
        "type": "Point",
        "coordinates": [
          -0.2899227,
          46.318724
        ]
      },
      "properties": {
        "id": 10975271682,
        "osm_type": "node"
      }
    },
    {
      "type": "Feature",
      "geometry": {
        "type": "Point",
        "coordinates": [
          1.9383802,
          45.4111557
        ]
      },
      "properties": {
        "id": 10980457657,
        "osm_type": "node"
      }
    },
    {
      "type": "Feature",
      "geometry": {
        "type": "Point",
        "coordinates": [
          -0.0338377,
          46.322591
        ]
      },
      "properties": {
        "id": 10981545226,
        "osm_type": "node"
      }
    },
    {
      "type": "Feature",
      "geometry": {
        "type": "Point",
        "coordinates": [
          0.391105,
          45.0518526
        ]
      },
      "properties": {
        "id": 10982194342,
        "osm_type": "node",
        "access": "yes"
      }
    },
    {
      "type": "Feature",
      "geometry": {
        "type": "Point",
        "coordinates": [
          -0.988401,
          45.9479912
        ]
      },
      "properties": {
        "id": 10986260312,
        "osm_type": "node"
      }
    },
    {
      "type": "Feature",
      "geometry": {
        "type": "Point",
        "coordinates": [
          0.6873204,
          46.1899297
        ]
      },
      "properties": {
        "id": 10991526994,
        "osm_type": "node",
        "access": "yes"
      }
    },
    {
      "type": "Feature",
      "geometry": {
        "type": "Point",
        "coordinates": [
          1.8375194,
          44.978317
        ]
      },
      "properties": {
        "id": 10991539903,
        "osm_type": "node"
      }
    },
    {
      "type": "Feature",
      "geometry": {
        "type": "Point",
        "coordinates": [
          1.8392578,
          45.0256274
        ]
      },
      "properties": {
        "id": 10991568296,
        "osm_type": "node"
      }
    },
    {
      "type": "Feature",
      "geometry": {
        "type": "Point",
        "coordinates": [
          0.7391504,
          44.8357848
        ]
      },
      "properties": {
        "id": 10991574459,
        "osm_type": "node"
      }
    },
    {
      "type": "Feature",
      "geometry": {
        "type": "Point",
        "coordinates": [
          -0.2588287,
          44.5622946
        ]
      },
      "properties": {
        "id": 10991592375,
        "osm_type": "node"
      }
    },
    {
      "type": "Feature",
      "geometry": {
        "type": "Point",
        "coordinates": [
          0.4940947,
          44.396647
        ]
      },
      "properties": {
        "id": 10991604032,
        "osm_type": "node"
      }
    },
    {
      "type": "Feature",
      "geometry": {
        "type": "Point",
        "coordinates": [
          -0.5885526,
          44.8536564
        ]
      },
      "properties": {
        "id": 10994142197,
        "osm_type": "node",
        "access": "yes",
        "fee": "no",
        "operator": "Ville de Bordeaux",
        "indoor": "no"
      }
    },
    {
      "type": "Feature",
      "geometry": {
        "type": "Point",
        "coordinates": [
          -0.8912476,
          46.3225041
        ]
      },
      "properties": {
        "id": 11001407316,
        "osm_type": "node",
        "access": "yes",
        "fee": "no"
      }
    },
    {
      "type": "Feature",
      "geometry": {
        "type": "Point",
        "coordinates": [
          -0.426691,
          45.4367988
        ]
      },
      "properties": {
        "id": 11004106613,
        "osm_type": "node"
      }
    },
    {
      "type": "Feature",
      "geometry": {
        "type": "Point",
        "coordinates": [
          0.1879964,
          46.4234622
        ]
      },
      "properties": {
        "id": 11005715638,
        "osm_type": "node"
      }
    },
    {
      "type": "Feature",
      "geometry": {
        "type": "Point",
        "coordinates": [
          0.6997032,
          44.1874777
        ]
      },
      "properties": {
        "id": 11005721153,
        "osm_type": "node"
      }
    },
    {
      "type": "Feature",
      "geometry": {
        "type": "Point",
        "coordinates": [
          0.0100414,
          45.8940932
        ]
      },
      "properties": {
        "id": 11007262223,
        "osm_type": "node",
        "name": "point d'eau",
        "access": "yes"
      }
    },
    {
      "type": "Feature",
      "geometry": {
        "type": "Point",
        "coordinates": [
          0.0785658,
          45.9570751
        ]
      },
      "properties": {
        "id": 11007745966,
        "osm_type": "node",
        "access": "yes"
      }
    },
    {
      "type": "Feature",
      "geometry": {
        "type": "Point",
        "coordinates": [
          0.0737556,
          46.0508654
        ]
      },
      "properties": {
        "id": 11007881849,
        "osm_type": "node"
      }
    },
    {
      "type": "Feature",
      "geometry": {
        "type": "Point",
        "coordinates": [
          0.0750908,
          46.0538339
        ]
      },
      "properties": {
        "id": 11007881851,
        "osm_type": "node"
      }
    },
    {
      "type": "Feature",
      "geometry": {
        "type": "Point",
        "coordinates": [
          0.0837623,
          46.0804159
        ]
      },
      "properties": {
        "id": 11007909311,
        "osm_type": "node"
      }
    },
    {
      "type": "Feature",
      "geometry": {
        "type": "Point",
        "coordinates": [
          0.2288245,
          45.901884
        ]
      },
      "properties": {
        "id": 11007929112,
        "osm_type": "node"
      }
    },
    {
      "type": "Feature",
      "geometry": {
        "type": "Point",
        "coordinates": [
          -1.3439037,
          43.1764748
        ]
      },
      "properties": {
        "id": 11008649742,
        "osm_type": "node"
      }
    },
    {
      "type": "Feature",
      "geometry": {
        "type": "Point",
        "coordinates": [
          0.1238989,
          45.7829928
        ]
      },
      "properties": {
        "id": 11009906414,
        "osm_type": "node"
      }
    },
    {
      "type": "Feature",
      "geometry": {
        "type": "Point",
        "coordinates": [
          0.2372634,
          45.9078921
        ]
      },
      "properties": {
        "id": 11009906416,
        "osm_type": "node"
      }
    },
    {
      "type": "Feature",
      "geometry": {
        "type": "Point",
        "coordinates": [
          0.1153059,
          46.0009631
        ]
      },
      "properties": {
        "id": 11009997558,
        "osm_type": "node"
      }
    },
    {
      "type": "Feature",
      "geometry": {
        "type": "Point",
        "coordinates": [
          0.3153948,
          45.9395014
        ]
      },
      "properties": {
        "id": 11010079053,
        "osm_type": "node"
      }
    },
    {
      "type": "Feature",
      "geometry": {
        "type": "Point",
        "coordinates": [
          0.0584696,
          45.9711185
        ]
      },
      "properties": {
        "id": 11010113107,
        "osm_type": "node"
      }
    },
    {
      "type": "Feature",
      "geometry": {
        "type": "Point",
        "coordinates": [
          -0.6219977,
          44.7232888
        ]
      },
      "properties": {
        "id": 11010199183,
        "osm_type": "node",
        "access": "yes",
        "fee": "no",
        "indoor": "no"
      }
    },
    {
      "type": "Feature",
      "geometry": {
        "type": "Point",
        "coordinates": [
          0.2331515,
          46.0659489
        ]
      },
      "properties": {
        "id": 11010368751,
        "osm_type": "node"
      }
    },
    {
      "type": "Feature",
      "geometry": {
        "type": "Point",
        "coordinates": [
          0.0356837,
          46.0508187
        ]
      },
      "properties": {
        "id": 11010368758,
        "osm_type": "node"
      }
    },
    {
      "type": "Feature",
      "geometry": {
        "type": "Point",
        "coordinates": [
          0.0389812,
          46.0492971
        ]
      },
      "properties": {
        "id": 11010368759,
        "osm_type": "node"
      }
    },
    {
      "type": "Feature",
      "geometry": {
        "type": "Point",
        "coordinates": [
          0.0678012,
          45.9343886
        ]
      },
      "properties": {
        "id": 11010368762,
        "osm_type": "node"
      }
    },
    {
      "type": "Feature",
      "geometry": {
        "type": "Point",
        "coordinates": [
          0.1271378,
          45.7613031
        ]
      },
      "properties": {
        "id": 11010527932,
        "osm_type": "node"
      }
    },
    {
      "type": "Feature",
      "geometry": {
        "type": "Point",
        "coordinates": [
          0.1665113,
          46.0444815
        ]
      },
      "properties": {
        "id": 11011842376,
        "osm_type": "node"
      }
    },
    {
      "type": "Feature",
      "geometry": {
        "type": "Point",
        "coordinates": [
          0.2062975,
          45.7719239
        ]
      },
      "properties": {
        "id": 11011971389,
        "osm_type": "node"
      }
    },
    {
      "type": "Feature",
      "geometry": {
        "type": "Point",
        "coordinates": [
          0.1356288,
          46.0450848
        ]
      },
      "properties": {
        "id": 11011971393,
        "osm_type": "node"
      }
    },
    {
      "type": "Feature",
      "geometry": {
        "type": "Point",
        "coordinates": [
          0.1191621,
          45.8334801
        ]
      },
      "properties": {
        "id": 11013755324,
        "osm_type": "node"
      }
    },
    {
      "type": "Feature",
      "geometry": {
        "type": "Point",
        "coordinates": [
          0.0790516,
          46.014704
        ]
      },
      "properties": {
        "id": 11013755328,
        "osm_type": "node"
      }
    },
    {
      "type": "Feature",
      "geometry": {
        "type": "Point",
        "coordinates": [
          0.0796513,
          46.0139218
        ]
      },
      "properties": {
        "id": 11013776782,
        "osm_type": "node"
      }
    },
    {
      "type": "Feature",
      "geometry": {
        "type": "Point",
        "coordinates": [
          -0.9603563,
          45.9647036
        ]
      },
      "properties": {
        "id": 11015234348,
        "osm_type": "node"
      }
    },
    {
      "type": "Feature",
      "geometry": {
        "type": "Point",
        "coordinates": [
          0.107214,
          46.0486894
        ]
      },
      "properties": {
        "id": 11015682075,
        "osm_type": "node"
      }
    },
    {
      "type": "Feature",
      "geometry": {
        "type": "Point",
        "coordinates": [
          0.0355974,
          46.022211
        ]
      },
      "properties": {
        "id": 11016256862,
        "osm_type": "node"
      }
    },
    {
      "type": "Feature",
      "geometry": {
        "type": "Point",
        "coordinates": [
          -1.2953122,
          43.1693897
        ]
      },
      "properties": {
        "id": 11016690719,
        "osm_type": "node"
      }
    },
    {
      "type": "Feature",
      "geometry": {
        "type": "Point",
        "coordinates": [
          -0.7051035,
          42.9588125
        ]
      },
      "properties": {
        "id": 11019861683,
        "osm_type": "node"
      }
    },
    {
      "type": "Feature",
      "geometry": {
        "type": "Point",
        "coordinates": [
          -1.501173,
          43.4720055
        ]
      },
      "properties": {
        "id": 11025907083,
        "osm_type": "node",
        "access": "yes",
        "fee": "no",
        "operator": "Ville d'Anglet"
      }
    },
    {
      "type": "Feature",
      "geometry": {
        "type": "Point",
        "coordinates": [
          -1.5012301,
          43.4720662
        ]
      },
      "properties": {
        "id": 11025907084,
        "osm_type": "node",
        "access": "yes",
        "fee": "no",
        "operator": "Ville d'Anglet"
      }
    },
    {
      "type": "Feature",
      "geometry": {
        "type": "Point",
        "coordinates": [
          -1.5016178,
          43.4719094
        ]
      },
      "properties": {
        "id": 11025907085,
        "osm_type": "node",
        "access": "yes",
        "fee": "no",
        "operator": "Ville d'Anglet"
      }
    },
    {
      "type": "Feature",
      "geometry": {
        "type": "Point",
        "coordinates": [
          -1.5202602,
          43.4853858
        ]
      },
      "properties": {
        "id": 11025974664,
        "osm_type": "node",
        "access": "yes",
        "fee": "no",
        "operator": "Ville d'Anglet"
      }
    },
    {
      "type": "Feature",
      "geometry": {
        "type": "Point",
        "coordinates": [
          1.2680059,
          45.8247428
        ]
      },
      "properties": {
        "id": 11034457775,
        "osm_type": "node"
      }
    },
    {
      "type": "Feature",
      "geometry": {
        "type": "Point",
        "coordinates": [
          0.8240581,
          44.8108814
        ]
      },
      "properties": {
        "id": 11034588189,
        "osm_type": "node"
      }
    },
    {
      "type": "Feature",
      "geometry": {
        "type": "Point",
        "coordinates": [
          0.9263289,
          44.592412
        ]
      },
      "properties": {
        "id": 11034762692,
        "osm_type": "node"
      }
    },
    {
      "type": "Feature",
      "geometry": {
        "type": "Point",
        "coordinates": [
          0.9275613,
          44.5919636
        ]
      },
      "properties": {
        "id": 11034762693,
        "osm_type": "node"
      }
    },
    {
      "type": "Feature",
      "geometry": {
        "type": "Point",
        "coordinates": [
          1.0127058,
          44.5907556
        ]
      },
      "properties": {
        "id": 11034790431,
        "osm_type": "node"
      }
    },
    {
      "type": "Feature",
      "geometry": {
        "type": "Point",
        "coordinates": [
          -0.3714597,
          44.4585707
        ]
      },
      "properties": {
        "id": 11035356269,
        "osm_type": "node",
        "access": "yes",
        "fee": "no"
      }
    },
    {
      "type": "Feature",
      "geometry": {
        "type": "Point",
        "coordinates": [
          -1.1655191,
          46.1476352
        ]
      },
      "properties": {
        "id": 11036769901,
        "osm_type": "node"
      }
    },
    {
      "type": "Feature",
      "geometry": {
        "type": "Point",
        "coordinates": [
          0.986214,
          45.9534327
        ]
      },
      "properties": {
        "id": 11037006405,
        "osm_type": "node"
      }
    },
    {
      "type": "Feature",
      "geometry": {
        "type": "Point",
        "coordinates": [
          -1.0327912,
          44.6256164
        ]
      },
      "properties": {
        "id": 11039743591,
        "osm_type": "node"
      }
    },
    {
      "type": "Feature",
      "geometry": {
        "type": "Point",
        "coordinates": [
          -1.1497909,
          44.6323768
        ]
      },
      "properties": {
        "id": 11039750170,
        "osm_type": "node"
      }
    },
    {
      "type": "Feature",
      "geometry": {
        "type": "Point",
        "coordinates": [
          -1.1164108,
          46.1057479
        ]
      },
      "properties": {
        "id": 11043261137,
        "osm_type": "node"
      }
    },
    {
      "type": "Feature",
      "geometry": {
        "type": "Point",
        "coordinates": [
          -0.6944326,
          45.0983417
        ]
      },
      "properties": {
        "id": 11043578399,
        "osm_type": "node",
        "access": "yes",
        "fee": "no"
      }
    },
    {
      "type": "Feature",
      "geometry": {
        "type": "Point",
        "coordinates": [
          0.1745134,
          45.2664722
        ]
      },
      "properties": {
        "id": 11047812631,
        "osm_type": "node"
      }
    },
    {
      "type": "Feature",
      "geometry": {
        "type": "Point",
        "coordinates": [
          1.3743996,
          45.719932
        ]
      },
      "properties": {
        "id": 11047814762,
        "osm_type": "node"
      }
    },
    {
      "type": "Feature",
      "geometry": {
        "type": "Point",
        "coordinates": [
          0.0809068,
          45.6580962
        ]
      },
      "properties": {
        "id": 11050017815,
        "osm_type": "node"
      }
    },
    {
      "type": "Feature",
      "geometry": {
        "type": "Point",
        "coordinates": [
          -1.0070836,
          45.9292409
        ]
      },
      "properties": {
        "id": 11050464914,
        "osm_type": "node"
      }
    },
    {
      "type": "Feature",
      "geometry": {
        "type": "Point",
        "coordinates": [
          -1.3698091,
          43.5414488
        ]
      },
      "properties": {
        "id": 11050911260,
        "osm_type": "node",
        "access": "yes",
        "fee": "no",
        "operator": "Mairie de Saint-Martin- de-Seignanx"
      }
    },
    {
      "type": "Feature",
      "geometry": {
        "type": "Point",
        "coordinates": [
          -0.5467303,
          44.8112131
        ]
      },
      "properties": {
        "id": 11053593034,
        "osm_type": "node",
        "name": "Point d'eau",
        "access": "yes"
      }
    },
    {
      "type": "Feature",
      "geometry": {
        "type": "Point",
        "coordinates": [
          -1.1644059,
          45.7986833
        ]
      },
      "properties": {
        "id": 11054221150,
        "osm_type": "node"
      }
    },
    {
      "type": "Feature",
      "geometry": {
        "type": "Point",
        "coordinates": [
          -1.0367099,
          45.9043124
        ]
      },
      "properties": {
        "id": 11054224706,
        "osm_type": "node"
      }
    },
    {
      "type": "Feature",
      "geometry": {
        "type": "Point",
        "coordinates": [
          -1.2016209,
          46.2013594
        ]
      },
      "properties": {
        "id": 11062540179,
        "osm_type": "node"
      }
    },
    {
      "type": "Feature",
      "geometry": {
        "type": "Point",
        "coordinates": [
          -1.1501863,
          46.1595149
        ]
      },
      "properties": {
        "id": 11062561421,
        "osm_type": "node"
      }
    },
    {
      "type": "Feature",
      "geometry": {
        "type": "Point",
        "coordinates": [
          -0.7343781,
          44.4729586
        ]
      },
      "properties": {
        "id": 11063322709,
        "osm_type": "node"
      }
    },
    {
      "type": "Feature",
      "geometry": {
        "type": "Point",
        "coordinates": [
          -1.5482288,
          43.4683955
        ]
      },
      "properties": {
        "id": 11064503395,
        "osm_type": "node",
        "indoor": "no"
      }
    },
    {
      "type": "Feature",
      "geometry": {
        "type": "Point",
        "coordinates": [
          1.0609293,
          45.492063
        ]
      },
      "properties": {
        "id": 11064844902,
        "osm_type": "node"
      }
    },
    {
      "type": "Feature",
      "geometry": {
        "type": "Point",
        "coordinates": [
          -1.1553303,
          46.1403031
        ]
      },
      "properties": {
        "id": 11064908784,
        "osm_type": "node"
      }
    },
    {
      "type": "Feature",
      "geometry": {
        "type": "Point",
        "coordinates": [
          -1.1639465,
          46.1416542
        ]
      },
      "properties": {
        "id": 11065822570,
        "osm_type": "node",
        "name": "Avenue des Minimes",
        "access": "yes",
        "fee": "no",
        "indoor": "no"
      }
    },
    {
      "type": "Feature",
      "geometry": {
        "type": "Point",
        "coordinates": [
          0.5954191,
          44.7930098
        ]
      },
      "properties": {
        "id": 11066776909,
        "osm_type": "node"
      }
    },
    {
      "type": "Feature",
      "geometry": {
        "type": "Point",
        "coordinates": [
          0.5954187,
          44.793002
        ]
      },
      "properties": {
        "id": 11066777409,
        "osm_type": "node"
      }
    },
    {
      "type": "Feature",
      "geometry": {
        "type": "Point",
        "coordinates": [
          -1.1957439,
          43.1043941
        ]
      },
      "properties": {
        "id": 11066866988,
        "osm_type": "node",
        "access": "yes",
        "fee": "no"
      }
    },
    {
      "type": "Feature",
      "geometry": {
        "type": "Point",
        "coordinates": [
          1.2732579,
          45.8692634
        ]
      },
      "properties": {
        "id": 11074820705,
        "osm_type": "node",
        "access": "yes"
      }
    },
    {
      "type": "Feature",
      "geometry": {
        "type": "Point",
        "coordinates": [
          -1.1530442,
          46.1580372
        ]
      },
      "properties": {
        "id": 11077511558,
        "osm_type": "node",
        "fee": "no",
        "indoor": "no"
      }
    },
    {
      "type": "Feature",
      "geometry": {
        "type": "Point",
        "coordinates": [
          -0.9479815,
          44.3281565
        ]
      },
      "properties": {
        "id": 11077549716,
        "osm_type": "node",
        "indoor": "no"
      }
    },
    {
      "type": "Feature",
      "geometry": {
        "type": "Point",
        "coordinates": [
          1.1950637,
          44.7411557
        ]
      },
      "properties": {
        "id": 11078600262,
        "osm_type": "node"
      }
    },
    {
      "type": "Feature",
      "geometry": {
        "type": "Point",
        "coordinates": [
          1.3009129,
          45.1252317
        ]
      },
      "properties": {
        "id": 11079473194,
        "osm_type": "node",
        "access": "yes",
        "indoor": "yes"
      }
    },
    {
      "type": "Feature",
      "geometry": {
        "type": "Point",
        "coordinates": [
          -1.3928384,
          46.1846285
        ]
      },
      "properties": {
        "id": 11079624879,
        "osm_type": "node"
      }
    },
    {
      "type": "Feature",
      "geometry": {
        "type": "Point",
        "coordinates": [
          -1.238972,
          43.1618338
        ]
      },
      "properties": {
        "id": 11089034234,
        "osm_type": "node",
        "opening_hours": "24/7",
        "indoor": "no"
      }
    },
    {
      "type": "Feature",
      "geometry": {
        "type": "Point",
        "coordinates": [
          -0.4725803,
          43.8903081
        ]
      },
      "properties": {
        "id": 11090073751,
        "osm_type": "node",
        "access": "yes",
        "fee": "no"
      }
    },
    {
      "type": "Feature",
      "geometry": {
        "type": "Point",
        "coordinates": [
          0.5387421,
          45.3471402
        ]
      },
      "properties": {
        "id": 11093587578,
        "osm_type": "node",
        "name": "Point eau"
      }
    },
    {
      "type": "Feature",
      "geometry": {
        "type": "Point",
        "coordinates": [
          1.1715271,
          45.9244543
        ]
      },
      "properties": {
        "id": 11097197002,
        "osm_type": "node"
      }
    },
    {
      "type": "Feature",
      "geometry": {
        "type": "Point",
        "coordinates": [
          1.834411,
          45.5090497
        ]
      },
      "properties": {
        "id": 11099629306,
        "osm_type": "node"
      }
    },
    {
      "type": "Feature",
      "geometry": {
        "type": "Point",
        "coordinates": [
          -0.5561576,
          44.8265774
        ]
      },
      "properties": {
        "id": 11099702629,
        "osm_type": "node",
        "access": "yes",
        "fee": "no",
        "operator": "SNCF",
        "indoor": "yes"
      }
    },
    {
      "type": "Feature",
      "geometry": {
        "type": "Point",
        "coordinates": [
          1.8842871,
          45.6088675
        ]
      },
      "properties": {
        "id": 11101379133,
        "osm_type": "node"
      }
    },
    {
      "type": "Feature",
      "geometry": {
        "type": "Point",
        "coordinates": [
          0.6627509,
          44.9292516
        ]
      },
      "properties": {
        "id": 11101480229,
        "osm_type": "node"
      }
    },
    {
      "type": "Feature",
      "geometry": {
        "type": "Point",
        "coordinates": [
          0.7079937,
          45.1872747
        ]
      },
      "properties": {
        "id": 11104148147,
        "osm_type": "node",
        "access": "yes",
        "fee": "no"
      }
    },
    {
      "type": "Feature",
      "geometry": {
        "type": "Point",
        "coordinates": [
          0.390197,
          46.5625329
        ]
      },
      "properties": {
        "id": 11104258145,
        "osm_type": "node"
      }
    },
    {
      "type": "Feature",
      "geometry": {
        "type": "Point",
        "coordinates": [
          -0.5548003,
          44.8244357
        ]
      },
      "properties": {
        "id": 11104446154,
        "osm_type": "node",
        "operator": "SNCF",
        "indoor": "yes"
      }
    },
    {
      "type": "Feature",
      "geometry": {
        "type": "Point",
        "coordinates": [
          1.9405279,
          45.4063657
        ]
      },
      "properties": {
        "id": 11104570330,
        "osm_type": "node"
      }
    },
    {
      "type": "Feature",
      "geometry": {
        "type": "Point",
        "coordinates": [
          -1.1723893,
          46.1452263
        ]
      },
      "properties": {
        "id": 11107678991,
        "osm_type": "node"
      }
    },
    {
      "type": "Feature",
      "geometry": {
        "type": "Point",
        "coordinates": [
          -0.6288082,
          45.7436852
        ]
      },
      "properties": {
        "id": 11111599481,
        "osm_type": "node"
      }
    },
    {
      "type": "Feature",
      "geometry": {
        "type": "Point",
        "coordinates": [
          -1.61444,
          43.4120906
        ]
      },
      "properties": {
        "id": 11115322310,
        "osm_type": "node",
        "access": "yes",
        "fee": "no"
      }
    },
    {
      "type": "Feature",
      "geometry": {
        "type": "Point",
        "coordinates": [
          -0.4675902,
          46.3249638
        ]
      },
      "properties": {
        "id": 11115858951,
        "osm_type": "node"
      }
    },
    {
      "type": "Feature",
      "geometry": {
        "type": "Point",
        "coordinates": [
          -1.1525379,
          46.1593842
        ]
      },
      "properties": {
        "id": 11116593050,
        "osm_type": "node",
        "name": "Rue des Templiers",
        "access": "yes",
        "fee": "no",
        "indoor": "no"
      }
    },
    {
      "type": "Feature",
      "geometry": {
        "type": "Point",
        "coordinates": [
          -1.1846063,
          43.5004319
        ]
      },
      "properties": {
        "id": 11116750590,
        "osm_type": "node"
      }
    },
    {
      "type": "Feature",
      "geometry": {
        "type": "Point",
        "coordinates": [
          -0.3273182,
          43.5959124
        ]
      },
      "properties": {
        "id": 11117174859,
        "osm_type": "node"
      }
    },
    {
      "type": "Feature",
      "geometry": {
        "type": "Point",
        "coordinates": [
          -0.5320142,
          44.8777247
        ]
      },
      "properties": {
        "id": 11122803862,
        "osm_type": "node",
        "access": "yes",
        "fee": "no",
        "operator": "Mairie de Lormont"
      }
    },
    {
      "type": "Feature",
      "geometry": {
        "type": "Point",
        "coordinates": [
          0.697858,
          44.1661773
        ]
      },
      "properties": {
        "id": 11124604569,
        "osm_type": "node",
        "access": "yes",
        "fee": "no"
      }
    },
    {
      "type": "Feature",
      "geometry": {
        "type": "Point",
        "coordinates": [
          -1.0742907,
          44.6379366
        ]
      },
      "properties": {
        "id": 11125823805,
        "osm_type": "node"
      }
    },
    {
      "type": "Feature",
      "geometry": {
        "type": "Point",
        "coordinates": [
          -1.0743111,
          44.6379305
        ]
      },
      "properties": {
        "id": 11125823905,
        "osm_type": "node"
      }
    },
    {
      "type": "Feature",
      "geometry": {
        "type": "Point",
        "coordinates": [
          0.9592954,
          46.0295464
        ]
      },
      "properties": {
        "id": 11126104906,
        "osm_type": "node"
      }
    },
    {
      "type": "Feature",
      "geometry": {
        "type": "Point",
        "coordinates": [
          -1.4909853,
          43.5230209
        ]
      },
      "properties": {
        "id": 11131944910,
        "osm_type": "node"
      }
    },
    {
      "type": "Feature",
      "geometry": {
        "type": "Point",
        "coordinates": [
          -1.0642705,
          45.5661613
        ]
      },
      "properties": {
        "id": 11132279502,
        "osm_type": "node"
      }
    },
    {
      "type": "Feature",
      "geometry": {
        "type": "Point",
        "coordinates": [
          0.5642399,
          44.1576582
        ]
      },
      "properties": {
        "id": 11135657981,
        "osm_type": "node"
      }
    },
    {
      "type": "Feature",
      "geometry": {
        "type": "Point",
        "coordinates": [
          -0.4792252,
          42.8500163
        ]
      },
      "properties": {
        "id": 11136784059,
        "osm_type": "node",
        "access": "yes",
        "fee": "no"
      }
    },
    {
      "type": "Feature",
      "geometry": {
        "type": "Point",
        "coordinates": [
          -0.3862882,
          43.0060281
        ]
      },
      "properties": {
        "id": 11136784072,
        "osm_type": "node",
        "access": "yes"
      }
    },
    {
      "type": "Feature",
      "geometry": {
        "type": "Point",
        "coordinates": [
          0.2115622,
          46.3787082
        ]
      },
      "properties": {
        "id": 11138726807,
        "osm_type": "node"
      }
    },
    {
      "type": "Feature",
      "geometry": {
        "type": "Point",
        "coordinates": [
          0.2112188,
          46.3792115
        ]
      },
      "properties": {
        "id": 11138726808,
        "osm_type": "node"
      }
    },
    {
      "type": "Feature",
      "geometry": {
        "type": "Point",
        "coordinates": [
          1.6227699,
          46.3879859
        ]
      },
      "properties": {
        "id": 11140590205,
        "osm_type": "node"
      }
    },
    {
      "type": "Feature",
      "geometry": {
        "type": "Point",
        "coordinates": [
          -1.2018015,
          46.1671345
        ]
      },
      "properties": {
        "id": 11141788405,
        "osm_type": "node"
      }
    },
    {
      "type": "Feature",
      "geometry": {
        "type": "Point",
        "coordinates": [
          1.6364257,
          46.1192216
        ]
      },
      "properties": {
        "id": 11141799805,
        "osm_type": "node"
      }
    },
    {
      "type": "Feature",
      "geometry": {
        "type": "Point",
        "coordinates": [
          1.2437617,
          45.0565139
        ]
      },
      "properties": {
        "id": 11143110825,
        "osm_type": "node"
      }
    },
    {
      "type": "Feature",
      "geometry": {
        "type": "Point",
        "coordinates": [
          1.5341895,
          45.1558967
        ]
      },
      "properties": {
        "id": 11143540105,
        "osm_type": "node"
      }
    },
    {
      "type": "Feature",
      "geometry": {
        "type": "Point",
        "coordinates": [
          1.1610938,
          45.0655518
        ]
      },
      "properties": {
        "id": 11143975729,
        "osm_type": "node"
      }
    },
    {
      "type": "Feature",
      "geometry": {
        "type": "Point",
        "coordinates": [
          0.7105123,
          46.3503242
        ]
      },
      "properties": {
        "id": 11144107927,
        "osm_type": "node",
        "name": "Lavabo"
      }
    },
    {
      "type": "Feature",
      "geometry": {
        "type": "Point",
        "coordinates": [
          -0.5453778,
          42.8883735
        ]
      },
      "properties": {
        "id": 11145984677,
        "osm_type": "node",
        "access": "yes",
        "fee": "no"
      }
    },
    {
      "type": "Feature",
      "geometry": {
        "type": "Point",
        "coordinates": [
          -0.4639686,
          46.3290756
        ]
      },
      "properties": {
        "id": 11148757424,
        "osm_type": "node"
      }
    },
    {
      "type": "Feature",
      "geometry": {
        "type": "Point",
        "coordinates": [
          -0.503691,
          44.8968189
        ]
      },
      "properties": {
        "id": 11150966306,
        "osm_type": "node",
        "fee": "no"
      }
    },
    {
      "type": "Feature",
      "geometry": {
        "type": "Point",
        "coordinates": [
          -0.5259562,
          44.8307607
        ]
      },
      "properties": {
        "id": 11152575518,
        "osm_type": "node",
        "access": "yes"
      }
    },
    {
      "type": "Feature",
      "geometry": {
        "type": "Point",
        "coordinates": [
          -0.5543907,
          42.8720438
        ]
      },
      "properties": {
        "id": 11156042796,
        "osm_type": "node"
      }
    },
    {
      "type": "Feature",
      "geometry": {
        "type": "Point",
        "coordinates": [
          1.2602848,
          45.8398247
        ]
      },
      "properties": {
        "id": 11157811959,
        "osm_type": "node",
        "access": "yes"
      }
    },
    {
      "type": "Feature",
      "geometry": {
        "type": "Point",
        "coordinates": [
          -1.4211349,
          43.0910744
        ]
      },
      "properties": {
        "id": 11159143807,
        "osm_type": "node"
      }
    },
    {
      "type": "Feature",
      "geometry": {
        "type": "Point",
        "coordinates": [
          -1.2456742,
          43.1805623
        ]
      },
      "properties": {
        "id": 11159147746,
        "osm_type": "node"
      }
    },
    {
      "type": "Feature",
      "geometry": {
        "type": "Point",
        "coordinates": [
          0.9537299,
          45.878598
        ]
      },
      "properties": {
        "id": 11161870721,
        "osm_type": "node",
        "access": "yes"
      }
    },
    {
      "type": "Feature",
      "geometry": {
        "type": "Point",
        "coordinates": [
          1.2816455,
          45.8614533
        ]
      },
      "properties": {
        "id": 11161879942,
        "osm_type": "node",
        "access": "yes"
      }
    },
    {
      "type": "Feature",
      "geometry": {
        "type": "Point",
        "coordinates": [
          -0.4367117,
          45.4446667
        ]
      },
      "properties": {
        "id": 11162527071,
        "osm_type": "node"
      }
    },
    {
      "type": "Feature",
      "geometry": {
        "type": "Point",
        "coordinates": [
          0.8842136,
          46.6937847
        ]
      },
      "properties": {
        "id": 11163077684,
        "osm_type": "node"
      }
    },
    {
      "type": "Feature",
      "geometry": {
        "type": "Point",
        "coordinates": [
          0.4947772,
          44.3974276
        ]
      },
      "properties": {
        "id": 11167458061,
        "osm_type": "node"
      }
    },
    {
      "type": "Feature",
      "geometry": {
        "type": "Point",
        "coordinates": [
          -0.5793355,
          44.8777633
        ]
      },
      "properties": {
        "id": 11171549044,
        "osm_type": "node",
        "name": "Eau Potable",
        "access": "yes",
        "fee": "no"
      }
    },
    {
      "type": "Feature",
      "geometry": {
        "type": "Point",
        "coordinates": [
          -0.5587474,
          45.0392951
        ]
      },
      "properties": {
        "id": 11179606371,
        "osm_type": "node",
        "access": "yes",
        "fee": "no"
      }
    },
    {
      "type": "Feature",
      "geometry": {
        "type": "Point",
        "coordinates": [
          0.0384433,
          44.5205201
        ]
      },
      "properties": {
        "id": 11179606378,
        "osm_type": "node"
      }
    },
    {
      "type": "Feature",
      "geometry": {
        "type": "Point",
        "coordinates": [
          -0.068047,
          46.3775403
        ]
      },
      "properties": {
        "id": 11179606380,
        "osm_type": "node"
      }
    },
    {
      "type": "Feature",
      "geometry": {
        "type": "Point",
        "coordinates": [
          -0.4209673,
          45.77403
        ]
      },
      "properties": {
        "id": 11180512928,
        "osm_type": "node"
      }
    },
    {
      "type": "Feature",
      "geometry": {
        "type": "Point",
        "coordinates": [
          -1.3102662,
          43.3834483
        ]
      },
      "properties": {
        "id": 11187996937,
        "osm_type": "node"
      }
    },
    {
      "type": "Feature",
      "geometry": {
        "type": "Point",
        "coordinates": [
          0.6736824,
          46.0679567
        ]
      },
      "properties": {
        "id": 11190930001,
        "osm_type": "node",
        "name": "Robinet d eau"
      }
    },
    {
      "type": "Feature",
      "geometry": {
        "type": "Point",
        "coordinates": [
          0.5674916,
          45.6867879
        ]
      },
      "properties": {
        "id": 11190932893,
        "osm_type": "node",
        "name": "Robinet d'eau"
      }
    },
    {
      "type": "Feature",
      "geometry": {
        "type": "Point",
        "coordinates": [
          -0.3582144,
          43.3085446
        ]
      },
      "properties": {
        "id": 11194261452,
        "osm_type": "node",
        "access": "yes",
        "fee": "no",
        "operator": "Pau"
      }
    },
    {
      "type": "Feature",
      "geometry": {
        "type": "Point",
        "coordinates": [
          -0.6663197,
          44.8898371
        ]
      },
      "properties": {
        "id": 11194895661,
        "osm_type": "node",
        "access": "yes",
        "fee": "no",
        "operator": "Mairie Eysines"
      }
    },
    {
      "type": "Feature",
      "geometry": {
        "type": "Point",
        "coordinates": [
          -1.4229414,
          43.4686146
        ]
      },
      "properties": {
        "id": 11197972034,
        "osm_type": "node",
        "access": "yes"
      }
    },
    {
      "type": "Feature",
      "geometry": {
        "type": "Point",
        "coordinates": [
          -0.3582814,
          43.307373
        ]
      },
      "properties": {
        "id": 11200100217,
        "osm_type": "node",
        "access": "yes",
        "fee": "no",
        "operator": "Pau"
      }
    },
    {
      "type": "Feature",
      "geometry": {
        "type": "Point",
        "coordinates": [
          -0.3586101,
          43.3071652
        ]
      },
      "properties": {
        "id": 11200100221,
        "osm_type": "node",
        "access": "yes",
        "fee": "no",
        "operator": "Pau"
      }
    },
    {
      "type": "Feature",
      "geometry": {
        "type": "Point",
        "coordinates": [
          -1.5019266,
          43.4582117
        ]
      },
      "properties": {
        "id": 11201826038,
        "osm_type": "node",
        "access": "yes",
        "fee": "no",
        "operator": "Ville d'Anglet"
      }
    },
    {
      "type": "Feature",
      "geometry": {
        "type": "Point",
        "coordinates": [
          -0.3577758,
          43.307659
        ]
      },
      "properties": {
        "id": 11202202991,
        "osm_type": "node",
        "access": "yes",
        "fee": "no",
        "operator": "Pau"
      }
    },
    {
      "type": "Feature",
      "geometry": {
        "type": "Point",
        "coordinates": [
          -0.6204036,
          44.8443045
        ]
      },
      "properties": {
        "id": 11202286979,
        "osm_type": "node"
      }
    },
    {
      "type": "Feature",
      "geometry": {
        "type": "Point",
        "coordinates": [
          1.7381446,
          45.7435544
        ]
      },
      "properties": {
        "id": 11207888072,
        "osm_type": "node",
        "access": "yes",
        "fee": "no",
        "operator": "Mairie d'Eymoutiers"
      }
    },
    {
      "type": "Feature",
      "geometry": {
        "type": "Point",
        "coordinates": [
          0.8240629,
          44.8109141
        ]
      },
      "properties": {
        "id": 11211162737,
        "osm_type": "node"
      }
    },
    {
      "type": "Feature",
      "geometry": {
        "type": "Point",
        "coordinates": [
          -0.5548128,
          44.8229999
        ]
      },
      "properties": {
        "id": 11215125209,
        "osm_type": "node",
        "access": "yes",
        "operator": "Mairie de Bordeaux"
      }
    },
    {
      "type": "Feature",
      "geometry": {
        "type": "Point",
        "coordinates": [
          0.3671012,
          46.6661081
        ]
      },
      "properties": {
        "id": 11224453707,
        "osm_type": "node",
        "access": "yes",
        "fee": "no"
      }
    },
    {
      "type": "Feature",
      "geometry": {
        "type": "Point",
        "coordinates": [
          -0.2127448,
          46.4098304
        ]
      },
      "properties": {
        "id": 11228002761,
        "osm_type": "node"
      }
    },
    {
      "type": "Feature",
      "geometry": {
        "type": "Point",
        "coordinates": [
          -0.4305617,
          45.4430822
        ]
      },
      "properties": {
        "id": 11229516225,
        "osm_type": "node"
      }
    },
    {
      "type": "Feature",
      "geometry": {
        "type": "Point",
        "coordinates": [
          -1.3048417,
          43.384027
        ]
      },
      "properties": {
        "id": 11230918638,
        "osm_type": "node"
      }
    },
    {
      "type": "Feature",
      "geometry": {
        "type": "Point",
        "coordinates": [
          -1.3064775,
          43.3826093
        ]
      },
      "properties": {
        "id": 11231246037,
        "osm_type": "node"
      }
    },
    {
      "type": "Feature",
      "geometry": {
        "type": "Point",
        "coordinates": [
          -1.3064181,
          43.3825359
        ]
      },
      "properties": {
        "id": 11231246038,
        "osm_type": "node"
      }
    },
    {
      "type": "Feature",
      "geometry": {
        "type": "Point",
        "coordinates": [
          1.0939805,
          45.7006967
        ]
      },
      "properties": {
        "id": 11233567056,
        "osm_type": "node",
        "access": "yes"
      }
    },
    {
      "type": "Feature",
      "geometry": {
        "type": "Point",
        "coordinates": [
          -1.4287718,
          43.6483813
        ]
      },
      "properties": {
        "id": 11238532337,
        "osm_type": "node"
      }
    },
    {
      "type": "Feature",
      "geometry": {
        "type": "Point",
        "coordinates": [
          -0.3565928,
          43.3037575
        ]
      },
      "properties": {
        "id": 11239926639,
        "osm_type": "node",
        "access": "yes",
        "fee": "no",
        "operator": "Pau"
      }
    },
    {
      "type": "Feature",
      "geometry": {
        "type": "Point",
        "coordinates": [
          1.5712081,
          45.8323506
        ]
      },
      "properties": {
        "id": 11243666954,
        "osm_type": "node"
      }
    },
    {
      "type": "Feature",
      "geometry": {
        "type": "Point",
        "coordinates": [
          0.6093806,
          44.141354
        ]
      },
      "properties": {
        "id": 11252266788,
        "osm_type": "node"
      }
    },
    {
      "type": "Feature",
      "geometry": {
        "type": "Point",
        "coordinates": [
          -0.4997816,
          43.8951371
        ]
      },
      "properties": {
        "id": 11258368273,
        "osm_type": "node",
        "access": "yes",
        "fee": "no"
      }
    },
    {
      "type": "Feature",
      "geometry": {
        "type": "Point",
        "coordinates": [
          1.7324728,
          46.2982046
        ]
      },
      "properties": {
        "id": 11265501359,
        "osm_type": "node"
      }
    },
    {
      "type": "Feature",
      "geometry": {
        "type": "Point",
        "coordinates": [
          0.6177052,
          44.4439737
        ]
      },
      "properties": {
        "id": 11268741480,
        "osm_type": "node"
      }
    },
    {
      "type": "Feature",
      "geometry": {
        "type": "Point",
        "coordinates": [
          0.6177998,
          44.4437953
        ]
      },
      "properties": {
        "id": 11268976889,
        "osm_type": "node"
      }
    },
    {
      "type": "Feature",
      "geometry": {
        "type": "Point",
        "coordinates": [
          1.1195183,
          45.6485786
        ]
      },
      "properties": {
        "id": 11268985840,
        "osm_type": "node"
      }
    },
    {
      "type": "Feature",
      "geometry": {
        "type": "Point",
        "coordinates": [
          -1.3481758,
          43.2656497
        ]
      },
      "properties": {
        "id": 11271164669,
        "osm_type": "node"
      }
    },
    {
      "type": "Feature",
      "geometry": {
        "type": "Point",
        "coordinates": [
          1.8707821,
          46.1684925
        ]
      },
      "properties": {
        "id": 11306620544,
        "osm_type": "node"
      }
    },
    {
      "type": "Feature",
      "geometry": {
        "type": "Point",
        "coordinates": [
          -0.6696579,
          43.4186598
        ]
      },
      "properties": {
        "id": 11338117814,
        "osm_type": "node",
        "access": "customers"
      }
    },
    {
      "type": "Feature",
      "geometry": {
        "type": "Point",
        "coordinates": [
          -0.2124071,
          43.1917732
        ]
      },
      "properties": {
        "id": 11339681209,
        "osm_type": "node"
      }
    },
    {
      "type": "Feature",
      "geometry": {
        "type": "Point",
        "coordinates": [
          -0.5568765,
          44.8467077
        ]
      },
      "properties": {
        "id": 11345821369,
        "osm_type": "node"
      }
    },
    {
      "type": "Feature",
      "geometry": {
        "type": "Point",
        "coordinates": [
          -0.4941824,
          45.7008412
        ]
      },
      "properties": {
        "id": 11370920844,
        "osm_type": "node",
        "access": "yes"
      }
    },
    {
      "type": "Feature",
      "geometry": {
        "type": "Point",
        "coordinates": [
          0.806816,
          46.7781314
        ]
      },
      "properties": {
        "id": 11420080711,
        "osm_type": "node"
      }
    },
    {
      "type": "Feature",
      "geometry": {
        "type": "Point",
        "coordinates": [
          -0.3524956,
          43.3027025
        ]
      },
      "properties": {
        "id": 11426658636,
        "osm_type": "node",
        "access": "yes",
        "fee": "no",
        "operator": "Pau",
        "indoor": "no"
      }
    },
    {
      "type": "Feature",
      "geometry": {
        "type": "Point",
        "coordinates": [
          -0.5565985,
          44.8248768
        ]
      },
      "properties": {
        "id": 11459833653,
        "osm_type": "node",
        "access": "yes",
        "operator": "SNCF",
        "indoor": "yes"
      }
    },
    {
      "type": "Feature",
      "geometry": {
        "type": "Point",
        "coordinates": [
          -0.943736,
          43.1865322
        ]
      },
      "properties": {
        "id": 11462754603,
        "osm_type": "node"
      }
    },
    {
      "type": "Feature",
      "geometry": {
        "type": "Point",
        "coordinates": [
          0.6538302,
          46.0246696
        ]
      },
      "properties": {
        "id": 11464367133,
        "osm_type": "node"
      }
    },
    {
      "type": "Feature",
      "geometry": {
        "type": "Point",
        "coordinates": [
          0.6539439,
          46.0246934
        ]
      },
      "properties": {
        "id": 11464367134,
        "osm_type": "node"
      }
    },
    {
      "type": "Feature",
      "geometry": {
        "type": "Point",
        "coordinates": [
          1.6917059,
          45.2139153
        ]
      },
      "properties": {
        "id": 11464367145,
        "osm_type": "node"
      }
    },
    {
      "type": "Feature",
      "geometry": {
        "type": "Point",
        "coordinates": [
          1.8739474,
          45.3717182
        ]
      },
      "properties": {
        "id": 11464367146,
        "osm_type": "node"
      }
    },
    {
      "type": "Feature",
      "geometry": {
        "type": "Point",
        "coordinates": [
          2.3690898,
          45.8676543
        ]
      },
      "properties": {
        "id": 11464367148,
        "osm_type": "node"
      }
    },
    {
      "type": "Feature",
      "geometry": {
        "type": "Point",
        "coordinates": [
          2.3682212,
          45.8700635
        ]
      },
      "properties": {
        "id": 11464367149,
        "osm_type": "node"
      }
    },
    {
      "type": "Feature",
      "geometry": {
        "type": "Point",
        "coordinates": [
          2.1126967,
          45.3924132
        ]
      },
      "properties": {
        "id": 11464382873,
        "osm_type": "node"
      }
    },
    {
      "type": "Feature",
      "geometry": {
        "type": "Point",
        "coordinates": [
          2.0470681,
          45.4062368
        ]
      },
      "properties": {
        "id": 11464420758,
        "osm_type": "node"
      }
    },
    {
      "type": "Feature",
      "geometry": {
        "type": "Point",
        "coordinates": [
          1.8738638,
          45.515165
        ]
      },
      "properties": {
        "id": 11465263003,
        "osm_type": "node"
      }
    },
    {
      "type": "Feature",
      "geometry": {
        "type": "Point",
        "coordinates": [
          0.8894056,
          44.8829304
        ]
      },
      "properties": {
        "id": 11465263006,
        "osm_type": "node"
      }
    },
    {
      "type": "Feature",
      "geometry": {
        "type": "Point",
        "coordinates": [
          0.2181149,
          44.4119022
        ]
      },
      "properties": {
        "id": 11465263014,
        "osm_type": "node"
      }
    },
    {
      "type": "Feature",
      "geometry": {
        "type": "Point",
        "coordinates": [
          -0.572548,
          45.3583194
        ]
      },
      "properties": {
        "id": 11465359307,
        "osm_type": "node"
      }
    },
    {
      "type": "Feature",
      "geometry": {
        "type": "Point",
        "coordinates": [
          0.2487048,
          45.6978791
        ]
      },
      "properties": {
        "id": 11467194517,
        "osm_type": "node"
      }
    },
    {
      "type": "Feature",
      "geometry": {
        "type": "Point",
        "coordinates": [
          1.2307398,
          44.8329584
        ]
      },
      "properties": {
        "id": 11467329108,
        "osm_type": "node"
      }
    },
    {
      "type": "Feature",
      "geometry": {
        "type": "Point",
        "coordinates": [
          -1.467106,
          43.4201326
        ]
      },
      "properties": {
        "id": 11469890376,
        "osm_type": "node",
        "access": "yes"
      }
    },
    {
      "type": "Feature",
      "geometry": {
        "type": "Point",
        "coordinates": [
          -1.4526021,
          43.4739463
        ]
      },
      "properties": {
        "id": 11469986743,
        "osm_type": "node",
        "name": "Herriko Bihotza",
        "access": "yes",
        "fee": "no"
      }
    },
    {
      "type": "Feature",
      "geometry": {
        "type": "Point",
        "coordinates": [
          -1.6195477,
          43.3457221
        ]
      },
      "properties": {
        "id": 11477198869,
        "osm_type": "node"
      }
    },
    {
      "type": "Feature",
      "geometry": {
        "type": "Point",
        "coordinates": [
          -1.0643149,
          46.1887088
        ]
      },
      "properties": {
        "id": 11505956745,
        "osm_type": "node",
        "access": "yes",
        "fee": "no"
      }
    },
    {
      "type": "Feature",
      "geometry": {
        "type": "Point",
        "coordinates": [
          -1.1807117,
          46.1681896
        ]
      },
      "properties": {
        "id": 11531187370,
        "osm_type": "node",
        "name": "Parc de Mireuil",
        "access": "yes",
        "fee": "no",
        "indoor": "no"
      }
    },
    {
      "type": "Feature",
      "geometry": {
        "type": "Point",
        "coordinates": [
          -1.3630242,
          43.9522355
        ]
      },
      "properties": {
        "id": 11556700727,
        "osm_type": "node"
      }
    },
    {
      "type": "Feature",
      "geometry": {
        "type": "Point",
        "coordinates": [
          -1.3600758,
          43.952388
        ]
      },
      "properties": {
        "id": 11556700728,
        "osm_type": "node"
      }
    },
    {
      "type": "Feature",
      "geometry": {
        "type": "Point",
        "coordinates": [
          -1.2408509,
          44.2063921
        ]
      },
      "properties": {
        "id": 11556745299,
        "osm_type": "node"
      }
    },
    {
      "type": "Feature",
      "geometry": {
        "type": "Point",
        "coordinates": [
          -1.2737864,
          44.2045453
        ]
      },
      "properties": {
        "id": 11556745301,
        "osm_type": "node"
      }
    },
    {
      "type": "Feature",
      "geometry": {
        "type": "Point",
        "coordinates": [
          -0.5502512,
          44.8207145
        ]
      },
      "properties": {
        "id": 11584794288,
        "osm_type": "node",
        "name": "Eau potable"
      }
    },
    {
      "type": "Feature",
      "geometry": {
        "type": "Point",
        "coordinates": [
          1.5353522,
          45.1560952
        ]
      },
      "properties": {
        "id": 11598531773,
        "osm_type": "node",
        "access": "yes",
        "fee": "no"
      }
    },
    {
      "type": "Feature",
      "geometry": {
        "type": "Point",
        "coordinates": [
          -0.211075,
          46.2620424
        ]
      },
      "properties": {
        "id": 11607643520,
        "osm_type": "node"
      }
    },
    {
      "type": "Feature",
      "geometry": {
        "type": "Point",
        "coordinates": [
          -1.0991236,
          45.9920273
        ]
      },
      "properties": {
        "id": 11646614284,
        "osm_type": "node",
        "access": "yes"
      }
    },
    {
      "type": "Feature",
      "geometry": {
        "type": "Point",
        "coordinates": [
          -0.7412144,
          43.8896035
        ]
      },
      "properties": {
        "id": 11659641076,
        "osm_type": "node"
      }
    },
    {
      "type": "Feature",
      "geometry": {
        "type": "Point",
        "coordinates": [
          1.8992695,
          46.0635967
        ]
      },
      "properties": {
        "id": 11672516245,
        "osm_type": "node",
        "indoor": "no"
      }
    },
    {
      "type": "Feature",
      "geometry": {
        "type": "Point",
        "coordinates": [
          -1.1306454,
          46.1651874
        ]
      },
      "properties": {
        "id": 11681723177,
        "osm_type": "node"
      }
    },
    {
      "type": "Feature",
      "geometry": {
        "type": "Point",
        "coordinates": [
          -1.1317386,
          46.1657743
        ]
      },
      "properties": {
        "id": 11681737306,
        "osm_type": "node"
      }
    },
    {
      "type": "Feature",
      "geometry": {
        "type": "Point",
        "coordinates": [
          -1.1336974,
          46.1645627
        ]
      },
      "properties": {
        "id": 11681746857,
        "osm_type": "node"
      }
    },
    {
      "type": "Feature",
      "geometry": {
        "type": "Point",
        "coordinates": [
          -0.3627002,
          43.3148031
        ]
      },
      "properties": {
        "id": 11733646059,
        "osm_type": "node",
        "access": "permissive",
        "fee": "no",
        "operator": "Université de Pau et des Pays de l'Adour"
      }
    },
    {
      "type": "Feature",
      "geometry": {
        "type": "Point",
        "coordinates": [
          -0.3637789,
          43.3139513
        ]
      },
      "properties": {
        "id": 11733646060,
        "osm_type": "node",
        "access": "permissive",
        "fee": "no",
        "operator": "Université de Pau et des Pays de l'Adour"
      }
    },
    {
      "type": "Feature",
      "geometry": {
        "type": "Point",
        "coordinates": [
          -0.6251782,
          44.7923594
        ]
      },
      "properties": {
        "id": 11753413506,
        "osm_type": "node"
      }
    },
    {
      "type": "Feature",
      "geometry": {
        "type": "Point",
        "coordinates": [
          -0.5749857,
          44.8170628
        ]
      },
      "properties": {
        "id": 11753585490,
        "osm_type": "node"
      }
    },
    {
      "type": "Feature",
      "geometry": {
        "type": "Point",
        "coordinates": [
          -0.5693652,
          44.8093254
        ]
      },
      "properties": {
        "id": 11753585491,
        "osm_type": "node"
      }
    },
    {
      "type": "Feature",
      "geometry": {
        "type": "Point",
        "coordinates": [
          -1.5024157,
          43.4578325
        ]
      },
      "properties": {
        "id": 11780932957,
        "osm_type": "node"
      }
    },
    {
      "type": "Feature",
      "geometry": {
        "type": "Point",
        "coordinates": [
          1.4863442,
          46.2373423
        ]
      },
      "properties": {
        "id": 11784700054,
        "osm_type": "node"
      }
    },
    {
      "type": "Feature",
      "geometry": {
        "type": "Point",
        "coordinates": [
          -1.3214321,
          43.4849444
        ]
      },
      "properties": {
        "id": 11789561775,
        "osm_type": "node",
        "access": "yes",
        "fee": "no"
      }
    },
    {
      "type": "Feature",
      "geometry": {
        "type": "Point",
        "coordinates": [
          -0.5926161,
          43.8637498
        ]
      },
      "properties": {
        "id": 11806726392,
        "osm_type": "node"
      }
    },
    {
      "type": "Feature",
      "geometry": {
        "type": "Point",
        "coordinates": [
          -1.4204016,
          43.6625595
        ]
      },
      "properties": {
        "id": 11808045863,
        "osm_type": "node"
      }
    },
    {
      "type": "Feature",
      "geometry": {
        "type": "Point",
        "coordinates": [
          0.708042,
          45.1780997
        ]
      },
      "properties": {
        "id": 11809638192,
        "osm_type": "node"
      }
    },
    {
      "type": "Feature",
      "geometry": {
        "type": "Point",
        "coordinates": [
          -1.5144322,
          43.4816798
        ]
      },
      "properties": {
        "id": 11816246520,
        "osm_type": "node"
      }
    },
    {
      "type": "Feature",
      "geometry": {
        "type": "Point",
        "coordinates": [
          -0.9606576,
          45.915206
        ]
      },
      "properties": {
        "id": 11828614736,
        "osm_type": "node"
      }
    },
    {
      "type": "Feature",
      "geometry": {
        "type": "Point",
        "coordinates": [
          -0.3502851,
          43.3040959
        ]
      },
      "properties": {
        "id": 11832599655,
        "osm_type": "node",
        "access": "yes",
        "fee": "no",
        "operator": "Pau"
      }
    },
    {
      "type": "Feature",
      "geometry": {
        "type": "Point",
        "coordinates": [
          -1.5368089,
          43.4874324
        ]
      },
      "properties": {
        "id": 11832729777,
        "osm_type": "node",
        "access": "yes",
        "fee": "no",
        "operator": "Ville d'Anglet"
      }
    },
    {
      "type": "Feature",
      "geometry": {
        "type": "Point",
        "coordinates": [
          -1.5445095,
          43.4866592
        ]
      },
      "properties": {
        "id": 11832753923,
        "osm_type": "node",
        "access": "yes",
        "fee": "no",
        "operator": "Ville de Biarritz"
      }
    },
    {
      "type": "Feature",
      "geometry": {
        "type": "Point",
        "coordinates": [
          -1.143084,
          43.4817686
        ]
      },
      "properties": {
        "id": 11836753533,
        "osm_type": "node",
        "access": "yes",
        "fee": "no"
      }
    },
    {
      "type": "Feature",
      "geometry": {
        "type": "Point",
        "coordinates": [
          -1.1432577,
          43.4813784
        ]
      },
      "properties": {
        "id": 11836753534,
        "osm_type": "node",
        "access": "yes",
        "fee": "no"
      }
    },
    {
      "type": "Feature",
      "geometry": {
        "type": "Point",
        "coordinates": [
          -1.1433263,
          43.4813718
        ]
      },
      "properties": {
        "id": 11836753535,
        "osm_type": "node",
        "access": "yes",
        "fee": "no"
      }
    },
    {
      "type": "Feature",
      "geometry": {
        "type": "Point",
        "coordinates": [
          -1.4732373,
          43.4806454
        ]
      },
      "properties": {
        "id": 11836785001,
        "osm_type": "node",
        "access": "yes",
        "fee": "no"
      }
    },
    {
      "type": "Feature",
      "geometry": {
        "type": "Point",
        "coordinates": [
          -1.473601,
          43.4797395
        ]
      },
      "properties": {
        "id": 11836785002,
        "osm_type": "node",
        "access": "yes",
        "fee": "no"
      }
    },
    {
      "type": "Feature",
      "geometry": {
        "type": "Point",
        "coordinates": [
          -1.0759342,
          44.4835674
        ]
      },
      "properties": {
        "id": 11837144139,
        "osm_type": "node",
        "access": "yes",
        "fee": "no"
      }
    },
    {
      "type": "Feature",
      "geometry": {
        "type": "Point",
        "coordinates": [
          -0.9576042,
          45.9359024
        ]
      },
      "properties": {
        "id": 11838889529,
        "osm_type": "node"
      }
    },
    {
      "type": "Feature",
      "geometry": {
        "type": "Point",
        "coordinates": [
          0.1238409,
          45.5540301
        ]
      },
      "properties": {
        "id": 11847054607,
        "osm_type": "node"
      }
    },
    {
      "type": "Feature",
      "geometry": {
        "type": "Point",
        "coordinates": [
          -1.2431253,
          44.4421667
        ]
      },
      "properties": {
        "id": 11866522609,
        "osm_type": "node",
        "access": "yes",
        "fee": "no",
        "seasonal": "summer"
      }
    },
    {
      "type": "Feature",
      "geometry": {
        "type": "Point",
        "coordinates": [
          -1.2516827,
          44.4442107
        ]
      },
      "properties": {
        "id": 11866522610,
        "osm_type": "node",
        "access": "yes",
        "fee": "no"
      }
    },
    {
      "type": "Feature",
      "geometry": {
        "type": "Point",
        "coordinates": [
          -1.1820082,
          44.3082138
        ]
      },
      "properties": {
        "id": 11866522611,
        "osm_type": "node",
        "access": "yes",
        "fee": "no",
        "seasonal": "summer"
      }
    },
    {
      "type": "Feature",
      "geometry": {
        "type": "Point",
        "coordinates": [
          -1.1470784,
          44.329192
        ]
      },
      "properties": {
        "id": 11866522612,
        "osm_type": "node",
        "access": "yes",
        "fee": "no",
        "seasonal": "summer"
      }
    },
    {
      "type": "Feature",
      "geometry": {
        "type": "Point",
        "coordinates": [
          0.5973309,
          46.6044469
        ]
      },
      "properties": {
        "id": 11874282561,
        "osm_type": "node",
        "access": "yes",
        "operator": "Mairie"
      }
    },
    {
      "type": "Feature",
      "geometry": {
        "type": "Point",
        "coordinates": [
          -0.9591404,
          45.9431109
        ]
      },
      "properties": {
        "id": 11876962005,
        "osm_type": "node"
      }
    },
    {
      "type": "Feature",
      "geometry": {
        "type": "Point",
        "coordinates": [
          -0.5503982,
          44.8243323
        ]
      },
      "properties": {
        "id": 11881079357,
        "osm_type": "node",
        "name": "Point d'eau"
      }
    },
    {
      "type": "Feature",
      "geometry": {
        "type": "Point",
        "coordinates": [
          -1.2464683,
          44.5482467
        ]
      },
      "properties": {
        "id": 11883927857,
        "osm_type": "node"
      }
    },
    {
      "type": "Feature",
      "geometry": {
        "type": "Point",
        "coordinates": [
          0.7217627,
          45.178771
        ]
      },
      "properties": {
        "id": 11890697196,
        "osm_type": "node"
      }
    },
    {
      "type": "Feature",
      "geometry": {
        "type": "Point",
        "coordinates": [
          -1.1825129,
          44.6568774
        ]
      },
      "properties": {
        "id": 11893721889,
        "osm_type": "node"
      }
    },
    {
      "type": "Feature",
      "geometry": {
        "type": "Point",
        "coordinates": [
          -0.5632376,
          44.9011969
        ]
      },
      "properties": {
        "id": 11894165089,
        "osm_type": "node"
      }
    },
    {
      "type": "Feature",
      "geometry": {
        "type": "Point",
        "coordinates": [
          -0.5925395,
          44.7921564
        ]
      },
      "properties": {
        "id": 11896631617,
        "osm_type": "node",
        "access": "yes"
      }
    },
    {
      "type": "Feature",
      "geometry": {
        "type": "Point",
        "coordinates": [
          -1.3245827,
          44.0938616
        ]
      },
      "properties": {
        "id": 11896766425,
        "osm_type": "node",
        "opening_hours": "11:00-19:00",
        "fee": "no"
      }
    },
    {
      "type": "Feature",
      "geometry": {
        "type": "Point",
        "coordinates": [
          -1.6209599,
          43.3449
        ]
      },
      "properties": {
        "id": 11897097271,
        "osm_type": "node"
      }
    },
    {
      "type": "Feature",
      "geometry": {
        "type": "Point",
        "coordinates": [
          -0.6140653,
          44.8458282
        ]
      },
      "properties": {
        "id": 11898924749,
        "osm_type": "node"
      }
    },
    {
      "type": "Feature",
      "geometry": {
        "type": "Point",
        "coordinates": [
          0.4979383,
          45.6681118
        ]
      },
      "properties": {
        "id": 11904495568,
        "osm_type": "node",
        "access": "yes",
        "fee": "no"
      }
    },
    {
      "type": "Feature",
      "geometry": {
        "type": "Point",
        "coordinates": [
          -0.9671535,
          45.9375797
        ]
      },
      "properties": {
        "id": 11904869241,
        "osm_type": "node"
      }
    },
    {
      "type": "Feature",
      "geometry": {
        "type": "Point",
        "coordinates": [
          0.2231606,
          44.8615836
        ]
      },
      "properties": {
        "id": 11919906234,
        "osm_type": "node"
      }
    },
    {
      "type": "Feature",
      "geometry": {
        "type": "Point",
        "coordinates": [
          -0.9544238,
          45.9273924
        ]
      },
      "properties": {
        "id": 11920169484,
        "osm_type": "node"
      }
    },
    {
      "type": "Feature",
      "geometry": {
        "type": "Point",
        "coordinates": [
          -1.427659,
          43.0985109
        ]
      },
      "properties": {
        "id": 11920351264,
        "osm_type": "node"
      }
    },
    {
      "type": "Feature",
      "geometry": {
        "type": "Point",
        "coordinates": [
          -1.4260095,
          43.0961705
        ]
      },
      "properties": {
        "id": 11920351265,
        "osm_type": "node"
      }
    },
    {
      "type": "Feature",
      "geometry": {
        "type": "Point",
        "coordinates": [
          -1.2740225,
          43.559505
        ]
      },
      "properties": {
        "id": 11930271801,
        "osm_type": "node",
        "access": "yes"
      }
    },
    {
      "type": "Feature",
      "geometry": {
        "type": "Point",
        "coordinates": [
          -1.303632,
          43.549891
        ]
      },
      "properties": {
        "id": 11930303478,
        "osm_type": "node",
        "access": "yes",
        "fee": "no"
      }
    },
    {
      "type": "Feature",
      "geometry": {
        "type": "Point",
        "coordinates": [
          0.565555,
          45.5665351
        ]
      },
      "properties": {
        "id": 11934773543,
        "osm_type": "node",
        "access": "permissive"
      }
    },
    {
      "type": "Feature",
      "geometry": {
        "type": "Point",
        "coordinates": [
          -0.1880289,
          45.0400019
        ]
      },
      "properties": {
        "id": 11935202065,
        "osm_type": "node",
        "fee": "no"
      }
    },
    {
      "type": "Feature",
      "geometry": {
        "type": "Point",
        "coordinates": [
          -0.5604499,
          44.8611079
        ]
      },
      "properties": {
        "id": 11940069224,
        "osm_type": "node"
      }
    },
    {
      "type": "Feature",
      "geometry": {
        "type": "Point",
        "coordinates": [
          1.441922,
          45.3871697
        ]
      },
      "properties": {
        "id": 11940251145,
        "osm_type": "node",
        "access": "yes",
        "fee": "no"
      }
    },
    {
      "type": "Feature",
      "geometry": {
        "type": "Point",
        "coordinates": [
          -0.4363758,
          45.4446784
        ]
      },
      "properties": {
        "id": 11949552413,
        "osm_type": "node"
      }
    },
    {
      "type": "Feature",
      "geometry": {
        "type": "Point",
        "coordinates": [
          -1.4376862,
          46.2236182
        ]
      },
      "properties": {
        "id": 11951976145,
        "osm_type": "node"
      }
    },
    {
      "type": "Feature",
      "geometry": {
        "type": "Point",
        "coordinates": [
          -0.5169871,
          44.8728425
        ]
      },
      "properties": {
        "id": 11953921122,
        "osm_type": "node"
      }
    },
    {
      "type": "Feature",
      "geometry": {
        "type": "Point",
        "coordinates": [
          -0.6534329,
          45.6711448
        ]
      },
      "properties": {
        "id": 11959856920,
        "osm_type": "node"
      }
    },
    {
      "type": "Feature",
      "geometry": {
        "type": "Point",
        "coordinates": [
          -0.8959515,
          45.9474984
        ]
      },
      "properties": {
        "id": 11964642735,
        "osm_type": "node"
      }
    },
    {
      "type": "Feature",
      "geometry": {
        "type": "Point",
        "coordinates": [
          -0.9618991,
          45.9354699
        ]
      },
      "properties": {
        "id": 11981453248,
        "osm_type": "node"
      }
    },
    {
      "type": "Feature",
      "geometry": {
        "type": "Point",
        "coordinates": [
          -0.5456159,
          44.8492494
        ]
      },
      "properties": {
        "id": 11982607665,
        "osm_type": "node"
      }
    },
    {
      "type": "Feature",
      "geometry": {
        "type": "Point",
        "coordinates": [
          1.0340957,
          45.2062829
        ]
      },
      "properties": {
        "id": 11984876101,
        "osm_type": "node",
        "access": "yes",
        "fee": "no"
      }
    },
    {
      "type": "Feature",
      "geometry": {
        "type": "Point",
        "coordinates": [
          -0.4073815,
          43.3359029
        ]
      },
      "properties": {
        "id": 11987397669,
        "osm_type": "node"
      }
    },
    {
      "type": "Feature",
      "geometry": {
        "type": "Point",
        "coordinates": [
          -1.4477965,
          43.5885303
        ]
      },
      "properties": {
        "id": 11989749760,
        "osm_type": "node"
      }
    },
    {
      "type": "Feature",
      "geometry": {
        "type": "Point",
        "coordinates": [
          -1.4481144,
          43.5901441
        ]
      },
      "properties": {
        "id": 11989749765,
        "osm_type": "node"
      }
    },
    {
      "type": "Feature",
      "geometry": {
        "type": "Point",
        "coordinates": [
          -1.4488801,
          43.5901775
        ]
      },
      "properties": {
        "id": 11989772172,
        "osm_type": "node"
      }
    },
    {
      "type": "Feature",
      "geometry": {
        "type": "Point",
        "coordinates": [
          2.1303369,
          45.6975329
        ]
      },
      "properties": {
        "id": 11989773869,
        "osm_type": "node"
      }
    },
    {
      "type": "Feature",
      "geometry": {
        "type": "Point",
        "coordinates": [
          2.1201408,
          45.6944133
        ]
      },
      "properties": {
        "id": 11989773870,
        "osm_type": "node"
      }
    },
    {
      "type": "Feature",
      "geometry": {
        "type": "Point",
        "coordinates": [
          1.9807984,
          45.5864055
        ]
      },
      "properties": {
        "id": 11989777471,
        "osm_type": "node"
      }
    },
    {
      "type": "Feature",
      "geometry": {
        "type": "Point",
        "coordinates": [
          1.0405771,
          45.9311599
        ]
      },
      "properties": {
        "id": 11989854198,
        "osm_type": "node",
        "access": "yes"
      }
    },
    {
      "type": "Feature",
      "geometry": {
        "type": "Point",
        "coordinates": [
          -0.5876974,
          43.2037485
        ]
      },
      "properties": {
        "id": 11990054970,
        "osm_type": "node"
      }
    },
    {
      "type": "Feature",
      "geometry": {
        "type": "Point",
        "coordinates": [
          -0.1211806,
          44.6699772
        ]
      },
      "properties": {
        "id": 12016444169,
        "osm_type": "node"
      }
    },
    {
      "type": "Feature",
      "geometry": {
        "type": "Point",
        "coordinates": [
          -0.5045221,
          44.6431174
        ]
      },
      "properties": {
        "id": 12017284250,
        "osm_type": "node",
        "access": "yes",
        "fee": "no"
      }
    },
    {
      "type": "Feature",
      "geometry": {
        "type": "Point",
        "coordinates": [
          -0.4706956,
          46.3733807
        ]
      },
      "properties": {
        "id": 12021287751,
        "osm_type": "node"
      }
    },
    {
      "type": "Feature",
      "geometry": {
        "type": "Point",
        "coordinates": [
          -0.4201813,
          46.3930654
        ]
      },
      "properties": {
        "id": 12021300520,
        "osm_type": "node"
      }
    },
    {
      "type": "Feature",
      "geometry": {
        "type": "Point",
        "coordinates": [
          -0.4157878,
          46.3899843
        ]
      },
      "properties": {
        "id": 12021319016,
        "osm_type": "node"
      }
    },
    {
      "type": "Feature",
      "geometry": {
        "type": "Point",
        "coordinates": [
          0.2175037,
          44.4118636
        ]
      },
      "properties": {
        "id": 12025686875,
        "osm_type": "node"
      }
    },
    {
      "type": "Feature",
      "geometry": {
        "type": "Point",
        "coordinates": [
          -0.6150352,
          44.8462349
        ]
      },
      "properties": {
        "id": 12026432846,
        "osm_type": "node"
      }
    },
    {
      "type": "Feature",
      "geometry": {
        "type": "Point",
        "coordinates": [
          0.3156524,
          44.2850893
        ]
      },
      "properties": {
        "id": 12027789251,
        "osm_type": "node"
      }
    },
    {
      "type": "Feature",
      "geometry": {
        "type": "Point",
        "coordinates": [
          0.2831639,
          44.3227284
        ]
      },
      "properties": {
        "id": 12027949053,
        "osm_type": "node"
      }
    },
    {
      "type": "Feature",
      "geometry": {
        "type": "Point",
        "coordinates": [
          -0.0227859,
          44.5610515
        ]
      },
      "properties": {
        "id": 12030766394,
        "osm_type": "node"
      }
    },
    {
      "type": "Feature",
      "geometry": {
        "type": "Point",
        "coordinates": [
          -0.376464,
          44.4589378
        ]
      },
      "properties": {
        "id": 12031679191,
        "osm_type": "node"
      }
    },
    {
      "type": "Feature",
      "geometry": {
        "type": "Point",
        "coordinates": [
          -1.0928575,
          44.8724578
        ]
      },
      "properties": {
        "id": 12033450105,
        "osm_type": "node",
        "access": "yes"
      }
    },
    {
      "type": "Feature",
      "geometry": {
        "type": "Point",
        "coordinates": [
          -0.9410021,
          44.6037311
        ]
      },
      "properties": {
        "id": 12035580366,
        "osm_type": "node",
        "indoor": "no"
      }
    },
    {
      "type": "Feature",
      "geometry": {
        "type": "Point",
        "coordinates": [
          -0.9414373,
          44.604076
        ]
      },
      "properties": {
        "id": 12035672073,
        "osm_type": "node",
        "indoor": "no"
      }
    },
    {
      "type": "Feature",
      "geometry": {
        "type": "Point",
        "coordinates": [
          -0.1581533,
          45.4726333
        ]
      },
      "properties": {
        "id": 12037479770,
        "osm_type": "node"
      }
    },
    {
      "type": "Feature",
      "geometry": {
        "type": "Point",
        "coordinates": [
          -0.2350172,
          45.3794054
        ]
      },
      "properties": {
        "id": 12037484403,
        "osm_type": "node"
      }
    },
    {
      "type": "Feature",
      "geometry": {
        "type": "Point",
        "coordinates": [
          -0.2309813,
          45.3059391
        ]
      },
      "properties": {
        "id": 12037484657,
        "osm_type": "node"
      }
    },
    {
      "type": "Feature",
      "geometry": {
        "type": "Point",
        "coordinates": [
          -0.0438794,
          45.5984523
        ]
      },
      "properties": {
        "id": 12037493021,
        "osm_type": "node"
      }
    },
    {
      "type": "Feature",
      "geometry": {
        "type": "Point",
        "coordinates": [
          0.0240026,
          45.6060975
        ]
      },
      "properties": {
        "id": 12037546687,
        "osm_type": "node"
      }
    },
    {
      "type": "Feature",
      "geometry": {
        "type": "Point",
        "coordinates": [
          -0.4182784,
          46.4576687
        ]
      },
      "properties": {
        "id": 12037609595,
        "osm_type": "node"
      }
    },
    {
      "type": "Feature",
      "geometry": {
        "type": "Point",
        "coordinates": [
          -0.5341036,
          44.8253695
        ]
      },
      "properties": {
        "id": 12037916637,
        "osm_type": "node"
      }
    },
    {
      "type": "Feature",
      "geometry": {
        "type": "Point",
        "coordinates": [
          -1.4726467,
          43.5994698
        ]
      },
      "properties": {
        "id": 12037929036,
        "osm_type": "node"
      }
    },
    {
      "type": "Feature",
      "geometry": {
        "type": "Point",
        "coordinates": [
          0.6143999,
          45.7210324
        ]
      },
      "properties": {
        "id": 12040097515,
        "osm_type": "node"
      }
    },
    {
      "type": "Feature",
      "geometry": {
        "type": "Point",
        "coordinates": [
          -1.1479677,
          45.8476464
        ]
      },
      "properties": {
        "id": 12042141343,
        "osm_type": "node"
      }
    },
    {
      "type": "Feature",
      "geometry": {
        "type": "Point",
        "coordinates": [
          -1.2192255,
          44.1464245
        ]
      },
      "properties": {
        "id": 12047479729,
        "osm_type": "node",
        "access": "yes",
        "fee": "no"
      }
    },
    {
      "type": "Feature",
      "geometry": {
        "type": "Point",
        "coordinates": [
          -0.4015804,
          42.9810488
        ]
      },
      "properties": {
        "id": 12050757912,
        "osm_type": "node"
      }
    },
    {
      "type": "Feature",
      "geometry": {
        "type": "Point",
        "coordinates": [
          -1.0437497,
          44.7001866
        ]
      },
      "properties": {
        "id": 12055136629,
        "osm_type": "node"
      }
    },
    {
      "type": "Feature",
      "geometry": {
        "type": "Point",
        "coordinates": [
          1.4901478,
          45.8352293
        ]
      },
      "properties": {
        "id": 12059505777,
        "osm_type": "node",
        "access": "yes",
        "operator": "Mairie de Saint-Léonard de Noblat"
      }
    },
    {
      "type": "Feature",
      "geometry": {
        "type": "Point",
        "coordinates": [
          1.6922724,
          45.3683767
        ]
      },
      "properties": {
        "id": 12062683042,
        "osm_type": "node"
      }
    },
    {
      "type": "Feature",
      "geometry": {
        "type": "Point",
        "coordinates": [
          -0.61606,
          43.1876514
        ]
      },
      "properties": {
        "id": 12066127723,
        "osm_type": "node"
      }
    },
    {
      "type": "Feature",
      "geometry": {
        "type": "Point",
        "coordinates": [
          -0.8074921,
          45.8698477
        ]
      },
      "properties": {
        "id": 12067996669,
        "osm_type": "node"
      }
    },
    {
      "type": "Feature",
      "geometry": {
        "type": "Point",
        "coordinates": [
          -1.5557729,
          43.4874873
        ]
      },
      "properties": {
        "id": 12068270569,
        "osm_type": "node"
      }
    },
    {
      "type": "Feature",
      "geometry": {
        "type": "Point",
        "coordinates": [
          -1.5673542,
          43.4825149
        ]
      },
      "properties": {
        "id": 12068270669,
        "osm_type": "node"
      }
    },
    {
      "type": "Feature",
      "geometry": {
        "type": "Point",
        "coordinates": [
          -1.5528537,
          43.4671971
        ]
      },
      "properties": {
        "id": 12068270770,
        "osm_type": "node"
      }
    },
    {
      "type": "Feature",
      "geometry": {
        "type": "Point",
        "coordinates": [
          -1.5492924,
          43.4683403
        ]
      },
      "properties": {
        "id": 12068439869,
        "osm_type": "node"
      }
    },
    {
      "type": "Feature",
      "geometry": {
        "type": "Point",
        "coordinates": [
          -1.5492962,
          43.465945
        ]
      },
      "properties": {
        "id": 12068440069,
        "osm_type": "node"
      }
    },
    {
      "type": "Feature",
      "geometry": {
        "type": "Point",
        "coordinates": [
          1.6334951,
          46.2646161
        ]
      },
      "properties": {
        "id": 12071089534,
        "osm_type": "node",
        "name": "Point d'eau"
      }
    },
    {
      "type": "Feature",
      "geometry": {
        "type": "Point",
        "coordinates": [
          -1.6499018,
          43.4040579
        ]
      },
      "properties": {
        "id": 12071732369,
        "osm_type": "node",
        "opening_hours": "24/7",
        "fee": "no"
      }
    },
    {
      "type": "Feature",
      "geometry": {
        "type": "Point",
        "coordinates": [
          1.2628824,
          45.8296848
        ]
      },
      "properties": {
        "id": 12072938252,
        "osm_type": "node"
      }
    },
    {
      "type": "Feature",
      "geometry": {
        "type": "Point",
        "coordinates": [
          0.1777807,
          45.6512715
        ]
      },
      "properties": {
        "id": 12073226866,
        "osm_type": "node"
      }
    },
    {
      "type": "Feature",
      "geometry": {
        "type": "Point",
        "coordinates": [
          -1.3993411,
          43.4420148
        ]
      },
      "properties": {
        "id": 12073806486,
        "osm_type": "node",
        "indoor": "no"
      }
    },
    {
      "type": "Feature",
      "geometry": {
        "type": "Point",
        "coordinates": [
          0.9787803,
          45.6549446
        ]
      },
      "properties": {
        "id": 12077255531,
        "osm_type": "node"
      }
    },
    {
      "type": "Feature",
      "geometry": {
        "type": "Point",
        "coordinates": [
          0.9594562,
          46.0296491
        ]
      },
      "properties": {
        "id": 12078040169,
        "osm_type": "node"
      }
    },
    {
      "type": "Feature",
      "geometry": {
        "type": "Point",
        "coordinates": [
          -0.5540111,
          44.8297746
        ]
      },
      "properties": {
        "id": 12079492056,
        "osm_type": "node",
        "access": "yes",
        "fee": "no",
        "indoor": "no"
      }
    },
    {
      "type": "Feature",
      "geometry": {
        "type": "Point",
        "coordinates": [
          -1.1788295,
          43.5659037
        ]
      },
      "properties": {
        "id": 12080057852,
        "osm_type": "node"
      }
    },
    {
      "type": "Feature",
      "geometry": {
        "type": "Point",
        "coordinates": [
          1.486203,
          46.2381829
        ]
      },
      "properties": {
        "id": 12081782269,
        "osm_type": "node"
      }
    },
    {
      "type": "Feature",
      "geometry": {
        "type": "Point",
        "coordinates": [
          0.700471,
          44.402238
        ]
      },
      "properties": {
        "id": 12085130929,
        "osm_type": "node"
      }
    },
    {
      "type": "Feature",
      "geometry": {
        "type": "Point",
        "coordinates": [
          -0.1379294,
          43.5747516
        ]
      },
      "properties": {
        "id": 12087690886,
        "osm_type": "node",
        "name": "Fontaine de Sainte Quitterie"
      }
    },
    {
      "type": "Feature",
      "geometry": {
        "type": "Point",
        "coordinates": [
          -0.8608411,
          43.4193505
        ]
      },
      "properties": {
        "id": 12088479957,
        "osm_type": "node"
      }
    },
    {
      "type": "Feature",
      "geometry": {
        "type": "Point",
        "coordinates": [
          1.1625976,
          45.065106
        ]
      },
      "properties": {
        "id": 12088612198,
        "osm_type": "node"
      }
    },
    {
      "type": "Feature",
      "geometry": {
        "type": "Point",
        "coordinates": [
          0.1014757,
          45.8292675
        ]
      },
      "properties": {
        "id": 12088741036,
        "osm_type": "node",
        "fee": "no"
      }
    },
    {
      "type": "Feature",
      "geometry": {
        "type": "Point",
        "coordinates": [
          1.3106304,
          45.1454562
        ]
      },
      "properties": {
        "id": 12091639783,
        "osm_type": "node",
        "access": "yes",
        "fee": "no"
      }
    },
    {
      "type": "Feature",
      "geometry": {
        "type": "Point",
        "coordinates": [
          1.3102589,
          45.1451437
        ]
      },
      "properties": {
        "id": 12091639784,
        "osm_type": "node",
        "access": "yes",
        "fee": "no"
      }
    },
    {
      "type": "Feature",
      "geometry": {
        "type": "Point",
        "coordinates": [
          1.309455,
          45.1456207
        ]
      },
      "properties": {
        "id": 12091639785,
        "osm_type": "node",
        "access": "yes",
        "fee": "no"
      }
    },
    {
      "type": "Feature",
      "geometry": {
        "type": "Point",
        "coordinates": [
          1.3099294,
          45.1459988
        ]
      },
      "properties": {
        "id": 12091639786,
        "osm_type": "node",
        "access": "yes",
        "fee": "no"
      }
    },
    {
      "type": "Feature",
      "geometry": {
        "type": "Point",
        "coordinates": [
          -0.0232192,
          44.5600986
        ]
      },
      "properties": {
        "id": 12091891670,
        "osm_type": "node",
        "fee": "no",
        "indoor": "no"
      }
    },
    {
      "type": "Feature",
      "geometry": {
        "type": "Point",
        "coordinates": [
          -0.0376494,
          44.5818904
        ]
      },
      "properties": {
        "id": 12092189274,
        "osm_type": "node",
        "fee": "no",
        "indoor": "no"
      }
    },
    {
      "type": "Feature",
      "geometry": {
        "type": "Point",
        "coordinates": [
          1.0936569,
          45.0104847
        ]
      },
      "properties": {
        "id": 12093100013,
        "osm_type": "node",
        "access": "yes",
        "fee": "no"
      }
    },
    {
      "type": "Feature",
      "geometry": {
        "type": "Point",
        "coordinates": [
          2.1754861,
          45.9570292
        ]
      },
      "properties": {
        "id": 12093480742,
        "osm_type": "node",
        "opening_hours": "24/7",
        "fee": "no",
        "seasonal": "no"
      }
    },
    {
      "type": "Feature",
      "geometry": {
        "type": "Point",
        "coordinates": [
          -1.3790007,
          43.175156
        ]
      },
      "properties": {
        "id": 12093972962,
        "osm_type": "node"
      }
    },
    {
      "type": "Feature",
      "geometry": {
        "type": "Point",
        "coordinates": [
          1.2829945,
          45.9425718
        ]
      },
      "properties": {
        "id": 12095614806,
        "osm_type": "node",
        "access": "permissive",
        "fee": "no"
      }
    },
    {
      "type": "Feature",
      "geometry": {
        "type": "Point",
        "coordinates": [
          1.2117932,
          44.8948269
        ]
      },
      "properties": {
        "id": 12096734134,
        "osm_type": "node"
      }
    },
    {
      "type": "Feature",
      "geometry": {
        "type": "Point",
        "coordinates": [
          2.2512581,
          46.0525105
        ]
      },
      "properties": {
        "id": 12097031703,
        "osm_type": "node",
        "indoor": "yes"
      }
    },
    {
      "type": "Feature",
      "geometry": {
        "type": "Point",
        "coordinates": [
          -1.4088799,
          43.5894757
        ]
      },
      "properties": {
        "id": 12097078495,
        "osm_type": "node"
      }
    },
    {
      "type": "Feature",
      "geometry": {
        "type": "Point",
        "coordinates": [
          -1.4087895,
          43.589459
        ]
      },
      "properties": {
        "id": 12097078496,
        "osm_type": "node",
        "access": "yes",
        "operator": "Mairie"
      }
    },
    {
      "type": "Feature",
      "geometry": {
        "type": "Point",
        "coordinates": [
          -1.1456427,
          43.8074137
        ]
      },
      "properties": {
        "id": 12097091960,
        "osm_type": "node",
        "name": "Eau potable",
        "access": "yes",
        "operator": "Mairie"
      }
    },
    {
      "type": "Feature",
      "geometry": {
        "type": "Point",
        "coordinates": [
          -0.9936051,
          43.8535694
        ]
      },
      "properties": {
        "id": 12097097533,
        "osm_type": "node",
        "access": "yes",
        "operator": "Mairie"
      }
    },
    {
      "type": "Feature",
      "geometry": {
        "type": "Point",
        "coordinates": [
          -1.5559508,
          43.458406
        ]
      },
      "properties": {
        "id": 12097107571,
        "osm_type": "node"
      }
    },
    {
      "type": "Feature",
      "geometry": {
        "type": "Point",
        "coordinates": [
          -1.6374247,
          43.4067629
        ]
      },
      "properties": {
        "id": 12099338496,
        "osm_type": "node"
      }
    },
    {
      "type": "Feature",
      "geometry": {
        "type": "Point",
        "coordinates": [
          -1.6376795,
          43.406901
        ]
      },
      "properties": {
        "id": 12102700700,
        "osm_type": "node"
      }
    },
    {
      "type": "Feature",
      "geometry": {
        "type": "Point",
        "coordinates": [
          -0.7010471,
          45.2850072
        ]
      },
      "properties": {
        "id": 12103988444,
        "osm_type": "node",
        "access": "yes",
        "fee": "no",
        "indoor": "no"
      }
    },
    {
      "type": "Feature",
      "geometry": {
        "type": "Point",
        "coordinates": [
          -0.7562567,
          45.4290894
        ]
      },
      "properties": {
        "id": 12104206027,
        "osm_type": "node",
        "access": "yes",
        "fee": "no"
      }
    },
    {
      "type": "Feature",
      "geometry": {
        "type": "Point",
        "coordinates": [
          -0.5427707,
          44.8139006
        ]
      },
      "properties": {
        "id": 12105810405,
        "osm_type": "node"
      }
    },
    {
      "type": "Feature",
      "geometry": {
        "type": "Point",
        "coordinates": [
          -0.4330641,
          44.8203695
        ]
      },
      "properties": {
        "id": 12107727480,
        "osm_type": "node"
      }
    },
    {
      "type": "Feature",
      "geometry": {
        "type": "Point",
        "coordinates": [
          -0.36293,
          44.8303719
        ]
      },
      "properties": {
        "id": 12107727481,
        "osm_type": "node"
      }
    },
    {
      "type": "Feature",
      "geometry": {
        "type": "Point",
        "coordinates": [
          -0.4546879,
          46.3194054
        ]
      },
      "properties": {
        "id": 12110521664,
        "osm_type": "node",
        "fee": "no",
        "operator": "SNCF Gares & Connexions"
      }
    },
    {
      "type": "Feature",
      "geometry": {
        "type": "Point",
        "coordinates": [
          -0.9239689,
          43.792375
        ]
      },
      "properties": {
        "id": 12110742936,
        "osm_type": "node",
        "opening_hours": "24/7"
      }
    },
    {
      "type": "Feature",
      "geometry": {
        "type": "Point",
        "coordinates": [
          -0.5437886,
          44.8140913
        ]
      },
      "properties": {
        "id": 12110786066,
        "osm_type": "node"
      }
    },
    {
      "type": "Feature",
      "geometry": {
        "type": "Point",
        "coordinates": [
          -1.6371277,
          43.4070952
        ]
      },
      "properties": {
        "id": 12112294068,
        "osm_type": "node"
      }
    },
    {
      "type": "Feature",
      "geometry": {
        "type": "Point",
        "coordinates": [
          -1.6364994,
          43.4063032
        ]
      },
      "properties": {
        "id": 12112294070,
        "osm_type": "node"
      }
    },
    {
      "type": "Feature",
      "geometry": {
        "type": "Point",
        "coordinates": [
          -0.2579657,
          44.7750851
        ]
      },
      "properties": {
        "id": 12112552181,
        "osm_type": "node"
      }
    },
    {
      "type": "Feature",
      "geometry": {
        "type": "Point",
        "coordinates": [
          1.3536198,
          46.1751255
        ]
      },
      "properties": {
        "id": 12114300006,
        "osm_type": "node"
      }
    },
    {
      "type": "Feature",
      "geometry": {
        "type": "Point",
        "coordinates": [
          -0.615793,
          45.7151354
        ]
      },
      "properties": {
        "id": 12115061577,
        "osm_type": "node"
      }
    },
    {
      "type": "Feature",
      "geometry": {
        "type": "Point",
        "coordinates": [
          -0.4069407,
          43.307577
        ]
      },
      "properties": {
        "id": 12115427568,
        "osm_type": "node",
        "access": "yes",
        "opening_hours": "24/7",
        "fee": "yes",
        "operator": "Kiosques à Eau - France"
      }
    },
    {
      "type": "Feature",
      "geometry": {
        "type": "Point",
        "coordinates": [
          -1.63779,
          43.407387
        ]
      },
      "properties": {
        "id": 12115528642,
        "osm_type": "node"
      }
    },
    {
      "type": "Feature",
      "geometry": {
        "type": "Point",
        "coordinates": [
          -0.7914365,
          44.4933078
        ]
      },
      "properties": {
        "id": 12116742384,
        "osm_type": "node",
        "name": "Fontaine"
      }
    },
    {
      "type": "Feature",
      "geometry": {
        "type": "Point",
        "coordinates": [
          0.716162,
          45.1850397
        ]
      },
      "properties": {
        "id": 12121921909,
        "osm_type": "node",
        "access": "yes",
        "fee": "no",
        "indoor": "no"
      }
    },
    {
      "type": "Feature",
      "geometry": {
        "type": "Point",
        "coordinates": [
          -0.4079746,
          45.2850401
        ]
      },
      "properties": {
        "id": 12122762089,
        "osm_type": "node"
      }
    },
    {
      "type": "Feature",
      "geometry": {
        "type": "Point",
        "coordinates": [
          2.0969161,
          45.079155
        ]
      },
      "properties": {
        "id": 12125082116,
        "osm_type": "node",
        "access": "yes"
      }
    },
    {
      "type": "Feature",
      "geometry": {
        "type": "Point",
        "coordinates": [
          1.2386512,
          45.8773521
        ]
      },
      "properties": {
        "id": 12125089150,
        "osm_type": "node"
      }
    },
    {
      "type": "Feature",
      "geometry": {
        "type": "Point",
        "coordinates": [
          -0.3959539,
          43.3243008
        ]
      },
      "properties": {
        "id": 12131188101,
        "osm_type": "node"
      }
    },
    {
      "type": "Feature",
      "geometry": {
        "type": "Point",
        "coordinates": [
          1.2177849,
          45.2582074
        ]
      },
      "properties": {
        "id": 12132083155,
        "osm_type": "node",
        "access": "yes"
      }
    },
    {
      "type": "Feature",
      "geometry": {
        "type": "Point",
        "coordinates": [
          0.1237102,
          44.4318167
        ]
      },
      "properties": {
        "id": 12132288817,
        "osm_type": "node"
      }
    },
    {
      "type": "Feature",
      "geometry": {
        "type": "Point",
        "coordinates": [
          1.2966566,
          45.0865604
        ]
      },
      "properties": {
        "id": 12133632696,
        "osm_type": "node",
        "access": "yes",
        "fee": "no"
      }
    },
    {
      "type": "Feature",
      "geometry": {
        "type": "Point",
        "coordinates": [
          -1.3996845,
          43.368379
        ]
      },
      "properties": {
        "id": 12135551804,
        "osm_type": "node",
        "access": "yes",
        "fee": "no"
      }
    },
    {
      "type": "Feature",
      "geometry": {
        "type": "Point",
        "coordinates": [
          -0.8827076,
          44.9613782
        ]
      },
      "properties": {
        "id": 12136077385,
        "osm_type": "node",
        "access": "yes",
        "fee": "no"
      }
    },
    {
      "type": "Feature",
      "geometry": {
        "type": "Point",
        "coordinates": [
          -0.4290211,
          44.697649
        ]
      },
      "properties": {
        "id": 12146520177,
        "osm_type": "node"
      }
    },
    {
      "type": "Feature",
      "geometry": {
        "type": "Point",
        "coordinates": [
          -0.4751176,
          43.8904364
        ]
      },
      "properties": {
        "id": 12148047053,
        "osm_type": "node",
        "access": "yes",
        "fee": "no"
      }
    },
    {
      "type": "Feature",
      "geometry": {
        "type": "Point",
        "coordinates": [
          -0.470497,
          43.8896605
        ]
      },
      "properties": {
        "id": 12148453117,
        "osm_type": "node",
        "access": "yes",
        "fee": "no"
      }
    },
    {
      "type": "Feature",
      "geometry": {
        "type": "Point",
        "coordinates": [
          -0.4692152,
          46.3133637
        ]
      },
      "properties": {
        "id": 12150010502,
        "osm_type": "node",
        "indoor": "no"
      }
    },
    {
      "type": "Feature",
      "geometry": {
        "type": "Point",
        "coordinates": [
          -0.583832,
          44.851721
        ]
      },
      "properties": {
        "id": 12160689983,
        "osm_type": "node"
      }
    },
    {
      "type": "Feature",
      "geometry": {
        "type": "Point",
        "coordinates": [
          -0.1848459,
          46.0072298
        ]
      },
      "properties": {
        "id": 12161489270,
        "osm_type": "node"
      }
    },
    {
      "type": "Feature",
      "geometry": {
        "type": "Point",
        "coordinates": [
          -0.8733288,
          46.2723894
        ]
      },
      "properties": {
        "id": 12161515233,
        "osm_type": "node"
      }
    },
    {
      "type": "Feature",
      "geometry": {
        "type": "Point",
        "coordinates": [
          -0.455709,
          43.9100051
        ]
      },
      "properties": {
        "id": 12164360634,
        "osm_type": "node"
      }
    },
    {
      "type": "Feature",
      "geometry": {
        "type": "Point",
        "coordinates": [
          -0.45635,
          43.9095712
        ]
      },
      "properties": {
        "id": 12164360635,
        "osm_type": "node"
      }
    },
    {
      "type": "Feature",
      "geometry": {
        "type": "Point",
        "coordinates": [
          -0.4560281,
          43.9097837
        ]
      },
      "properties": {
        "id": 12164360636,
        "osm_type": "node"
      }
    },
    {
      "type": "Feature",
      "geometry": {
        "type": "Point",
        "coordinates": [
          -0.4553093,
          43.9096929
        ]
      },
      "properties": {
        "id": 12164360637,
        "osm_type": "node"
      }
    },
    {
      "type": "Feature",
      "geometry": {
        "type": "Point",
        "coordinates": [
          -0.4556258,
          43.9094784
        ]
      },
      "properties": {
        "id": 12164360638,
        "osm_type": "node"
      }
    },
    {
      "type": "Feature",
      "geometry": {
        "type": "Point",
        "coordinates": [
          -0.4559396,
          43.9092562
        ]
      },
      "properties": {
        "id": 12164360639,
        "osm_type": "node"
      }
    },
    {
      "type": "Feature",
      "geometry": {
        "type": "Point",
        "coordinates": [
          1.9036996,
          45.1617348
        ]
      },
      "properties": {
        "id": 12167976716,
        "osm_type": "node"
      }
    },
    {
      "type": "Feature",
      "geometry": {
        "type": "Point",
        "coordinates": [
          0.3392377,
          45.7861722
        ]
      },
      "properties": {
        "id": 12175464297,
        "osm_type": "node",
        "access": "yes"
      }
    },
    {
      "type": "Feature",
      "geometry": {
        "type": "Point",
        "coordinates": [
          -0.8207513,
          45.3218874
        ]
      },
      "properties": {
        "id": 12184953932,
        "osm_type": "node",
        "access": "yes",
        "fee": "no"
      }
    },
    {
      "type": "Feature",
      "geometry": {
        "type": "Point",
        "coordinates": [
          -0.6994209,
          45.2845165
        ]
      },
      "properties": {
        "id": 12192685768,
        "osm_type": "node",
        "indoor": "no"
      }
    },
    {
      "type": "Feature",
      "geometry": {
        "type": "Point",
        "coordinates": [
          -0.6472227,
          45.1035728
        ]
      },
      "properties": {
        "id": 12198045913,
        "osm_type": "node",
        "indoor": "no"
      }
    },
    {
      "type": "Feature",
      "geometry": {
        "type": "Point",
        "coordinates": [
          -0.6475744,
          45.1031818
        ]
      },
      "properties": {
        "id": 12198045914,
        "osm_type": "node",
        "indoor": "no"
      }
    },
    {
      "type": "Feature",
      "geometry": {
        "type": "Point",
        "coordinates": [
          1.8350548,
          44.9820115
        ]
      },
      "properties": {
        "id": 12198663686,
        "osm_type": "node"
      }
    },
    {
      "type": "Feature",
      "geometry": {
        "type": "Point",
        "coordinates": [
          -0.6927862,
          43.4371457
        ]
      },
      "properties": {
        "id": 12199721693,
        "osm_type": "node",
        "access": "yes"
      }
    },
    {
      "type": "Feature",
      "geometry": {
        "type": "Point",
        "coordinates": [
          -0.7251289,
          43.3718388
        ]
      },
      "properties": {
        "id": 12200261243,
        "osm_type": "node"
      }
    },
    {
      "type": "Feature",
      "geometry": {
        "type": "Point",
        "coordinates": [
          -1.0984174,
          44.3423366
        ]
      },
      "properties": {
        "id": 12208616767,
        "osm_type": "node"
      }
    },
    {
      "type": "Feature",
      "geometry": {
        "type": "Point",
        "coordinates": [
          0.6234816,
          44.187547
        ]
      },
      "properties": {
        "id": 12209251248,
        "osm_type": "node"
      }
    },
    {
      "type": "Feature",
      "geometry": {
        "type": "Point",
        "coordinates": [
          -0.5172717,
          43.6578601
        ]
      },
      "properties": {
        "id": 12218507291,
        "osm_type": "node"
      }
    },
    {
      "type": "Feature",
      "geometry": {
        "type": "Point",
        "coordinates": [
          -1.4109728,
          43.3325511
        ]
      },
      "properties": {
        "id": 12227847901,
        "osm_type": "node"
      }
    },
    {
      "type": "Feature",
      "geometry": {
        "type": "Point",
        "coordinates": [
          -0.5590791,
          44.8444694
        ]
      },
      "properties": {
        "id": 12229968844,
        "osm_type": "node"
      }
    },
    {
      "type": "Feature",
      "geometry": {
        "type": "Point",
        "coordinates": [
          -1.2317314,
          43.1653838
        ]
      },
      "properties": {
        "id": 12239248536,
        "osm_type": "node"
      }
    },
    {
      "type": "Feature",
      "geometry": {
        "type": "Point",
        "coordinates": [
          -1.5233348,
          43.5261844
        ]
      },
      "properties": {
        "id": 12248485731,
        "osm_type": "node",
        "access": "yes"
      }
    },
    {
      "type": "Feature",
      "geometry": {
        "type": "Point",
        "coordinates": [
          -0.2866782,
          43.2555362
        ]
      },
      "properties": {
        "id": 12253063153,
        "osm_type": "node"
      }
    },
    {
      "type": "Feature",
      "geometry": {
        "type": "Point",
        "coordinates": [
          -0.3702213,
          43.2862676
        ]
      },
      "properties": {
        "id": 12253581259,
        "osm_type": "node",
        "access": "yes"
      }
    },
    {
      "type": "Feature",
      "geometry": {
        "type": "Point",
        "coordinates": [
          -0.3706984,
          43.2853384
        ]
      },
      "properties": {
        "id": 12253581260,
        "osm_type": "node",
        "access": "yes"
      }
    },
    {
      "type": "Feature",
      "geometry": {
        "type": "Point",
        "coordinates": [
          -0.3704915,
          43.2858937
        ]
      },
      "properties": {
        "id": 12253581261,
        "osm_type": "node",
        "access": "yes"
      }
    },
    {
      "type": "Feature",
      "geometry": {
        "type": "Point",
        "coordinates": [
          -1.4892563,
          43.4948347
        ]
      },
      "properties": {
        "id": 12254837189,
        "osm_type": "node",
        "access": "yes",
        "fee": "no"
      }
    },
    {
      "type": "Feature",
      "geometry": {
        "type": "Point",
        "coordinates": [
          -0.5721188,
          42.9072541
        ]
      },
      "properties": {
        "id": 12273621716,
        "osm_type": "node",
        "name": "Fontaine",
        "access": "yes",
        "fee": "no"
      }
    },
    {
      "type": "Feature",
      "geometry": {
        "type": "Point",
        "coordinates": [
          -1.0134167,
          45.6162692
        ]
      },
      "properties": {
        "id": 12296485872,
        "osm_type": "node"
      }
    },
    {
      "type": "Feature",
      "geometry": {
        "type": "Point",
        "coordinates": [
          -1.0084852,
          45.6076061
        ]
      },
      "properties": {
        "id": 12297186988,
        "osm_type": "node"
      }
    },
    {
      "type": "Feature",
      "geometry": {
        "type": "Point",
        "coordinates": [
          -0.2685351,
          43.2836426
        ]
      },
      "properties": {
        "id": 12302194169,
        "osm_type": "node"
      }
    },
    {
      "type": "Feature",
      "geometry": {
        "type": "Point",
        "coordinates": [
          -0.2682598,
          43.283654
        ]
      },
      "properties": {
        "id": 12302194170,
        "osm_type": "node"
      }
    },
    {
      "type": "Feature",
      "geometry": {
        "type": "Point",
        "coordinates": [
          -1.1809393,
          44.6631921
        ]
      },
      "properties": {
        "id": 12306776772,
        "osm_type": "node"
      }
    },
    {
      "type": "Feature",
      "geometry": {
        "type": "Point",
        "coordinates": [
          -1.5057604,
          43.5137244
        ]
      },
      "properties": {
        "id": 12309485923,
        "osm_type": "node",
        "access": "yes",
        "fee": "no"
      }
    },
    {
      "type": "Feature",
      "geometry": {
        "type": "Point",
        "coordinates": [
          -0.4612187,
          42.8389756
        ]
      },
      "properties": {
        "id": 12310425055,
        "osm_type": "node"
      }
    },
    {
      "type": "Feature",
      "geometry": {
        "type": "Point",
        "coordinates": [
          2.0642206,
          45.846176
        ]
      },
      "properties": {
        "id": 12334667401,
        "osm_type": "node"
      }
    },
    {
      "type": "Feature",
      "geometry": {
        "type": "Point",
        "coordinates": [
          -1.0192784,
          44.6798313
        ]
      },
      "properties": {
        "id": 12337292444,
        "osm_type": "node",
        "access": "yes"
      }
    },
    {
      "type": "Feature",
      "geometry": {
        "type": "Point",
        "coordinates": [
          -0.3683467,
          43.2943461
        ]
      },
      "properties": {
        "id": 12344692879,
        "osm_type": "node",
        "access": "yes",
        "fee": "no",
        "operator": "Pau"
      }
    },
    {
      "type": "Feature",
      "geometry": {
        "type": "Point",
        "coordinates": [
          -1.5099791,
          43.487854
        ]
      },
      "properties": {
        "id": 12358477448,
        "osm_type": "node"
      }
    },
    {
      "type": "Feature",
      "geometry": {
        "type": "Point",
        "coordinates": [
          -0.7391572,
          43.8945465
        ]
      },
      "properties": {
        "id": 12373268568,
        "osm_type": "node"
      }
    },
    {
      "type": "Feature",
      "geometry": {
        "type": "Point",
        "coordinates": [
          1.4314601,
          46.0123073
        ]
      },
      "properties": {
        "id": 12373644947,
        "osm_type": "node",
        "access": "yes",
        "operator": "municipal"
      }
    },
    {
      "type": "Feature",
      "geometry": {
        "type": "Point",
        "coordinates": [
          1.369699,
          46.1094856
        ]
      },
      "properties": {
        "id": 12373756013,
        "osm_type": "node",
        "fee": "no"
      }
    },
    {
      "type": "Feature",
      "geometry": {
        "type": "Point",
        "coordinates": [
          1.1361678,
          46.0050463
        ]
      },
      "properties": {
        "id": 12376306657,
        "osm_type": "node",
        "access": "yes",
        "fee": "no"
      }
    },
    {
      "type": "Feature",
      "geometry": {
        "type": "Point",
        "coordinates": [
          1.2244228,
          45.9990131
        ]
      },
      "properties": {
        "id": 12376421763,
        "osm_type": "node",
        "access": "yes",
        "fee": "no",
        "operator": "Commune"
      }
    },
    {
      "type": "Feature",
      "geometry": {
        "type": "Point",
        "coordinates": [
          1.2188894,
          45.9951796
        ]
      },
      "properties": {
        "id": 12376421764,
        "osm_type": "node",
        "access": "yes",
        "fee": "no",
        "operator": "Commune"
      }
    },
    {
      "type": "Feature",
      "geometry": {
        "type": "Point",
        "coordinates": [
          1.2188854,
          45.9999324
        ]
      },
      "properties": {
        "id": 12376421769,
        "osm_type": "node",
        "access": "yes",
        "operator": "Communes"
      }
    },
    {
      "type": "Feature",
      "geometry": {
        "type": "Point",
        "coordinates": [
          1.2184884,
          45.9980528
        ]
      },
      "properties": {
        "id": 12376421770,
        "osm_type": "node",
        "access": "yes",
        "fee": "no",
        "operator": "Commune"
      }
    },
    {
      "type": "Feature",
      "geometry": {
        "type": "Point",
        "coordinates": [
          1.459521,
          46.1164293
        ]
      },
      "properties": {
        "id": 12376444974,
        "osm_type": "node",
        "access": "yes",
        "fee": "no",
        "operator": "communal"
      }
    },
    {
      "type": "Feature",
      "geometry": {
        "type": "Point",
        "coordinates": [
          1.4671125,
          45.9989328
        ]
      },
      "properties": {
        "id": 12376446530,
        "osm_type": "node",
        "access": "yes"
      }
    },
    {
      "type": "Feature",
      "geometry": {
        "type": "Point",
        "coordinates": [
          1.3950692,
          45.8860108
        ]
      },
      "properties": {
        "id": 12376516362,
        "osm_type": "node",
        "access": "yes",
        "fee": "no",
        "operator": "Commune"
      }
    },
    {
      "type": "Feature",
      "geometry": {
        "type": "Point",
        "coordinates": [
          -0.5118087,
          43.8780948
        ]
      },
      "properties": {
        "id": 12381938199,
        "osm_type": "node",
        "access": "yes",
        "fee": "no"
      }
    },
    {
      "type": "Feature",
      "geometry": {
        "type": "Point",
        "coordinates": [
          1.1748708,
          46.0092201
        ]
      },
      "properties": {
        "id": 12384167800,
        "osm_type": "node",
        "access": "yes"
      }
    },
    {
      "type": "Feature",
      "geometry": {
        "type": "Point",
        "coordinates": [
          1.346034,
          46.0338427
        ]
      },
      "properties": {
        "id": 12389742840,
        "osm_type": "node",
        "access": "yes",
        "fee": "no"
      }
    },
    {
      "type": "Feature",
      "geometry": {
        "type": "Point",
        "coordinates": [
          1.4272137,
          46.0888518
        ]
      },
      "properties": {
        "id": 12389908736,
        "osm_type": "node",
        "access": "yes",
        "fee": "no"
      }
    },
    {
      "type": "Feature",
      "geometry": {
        "type": "Point",
        "coordinates": [
          1.5339389,
          45.9634673
        ]
      },
      "properties": {
        "id": 12390529013,
        "osm_type": "node",
        "access": "yes",
        "fee": "no"
      }
    },
    {
      "type": "Feature",
      "geometry": {
        "type": "Point",
        "coordinates": [
          1.3773248,
          45.9956949
        ]
      },
      "properties": {
        "id": 12393384086,
        "osm_type": "node",
        "access": "yes",
        "fee": "no"
      }
    },
    {
      "type": "Feature",
      "geometry": {
        "type": "Point",
        "coordinates": [
          1.4608337,
          46.1184694
        ]
      },
      "properties": {
        "id": 12400364829,
        "osm_type": "node",
        "access": "yes",
        "fee": "no"
      }
    },
    {
      "type": "Feature",
      "geometry": {
        "type": "Point",
        "coordinates": [
          -0.4686342,
          43.8812497
        ]
      },
      "properties": {
        "id": 12442375718,
        "osm_type": "node",
        "access": "yes",
        "fee": "no"
      }
    },
    {
      "type": "Feature",
      "geometry": {
        "type": "Point",
        "coordinates": [
          -0.4686517,
          43.8812082
        ]
      },
      "properties": {
        "id": 12442375722,
        "osm_type": "node",
        "access": "yes",
        "fee": "no"
      }
    },
    {
      "type": "Feature",
      "geometry": {
        "type": "Point",
        "coordinates": [
          1.232759,
          45.8296651
        ]
      },
      "properties": {
        "id": 12455692752,
        "osm_type": "node"
      }
    },
    {
      "type": "Feature",
      "geometry": {
        "type": "Point",
        "coordinates": [
          -0.1912797,
          44.8744473
        ]
      },
      "properties": {
        "id": 12456456151,
        "osm_type": "node",
        "access": "yes",
        "operator": "Mairie de Saint-Sulpice"
      }
    },
    {
      "type": "Feature",
      "geometry": {
        "type": "Point",
        "coordinates": [
          -0.4520967,
          43.2702185
        ]
      },
      "properties": {
        "id": 12457403306,
        "osm_type": "node"
      }
    },
    {
      "type": "Feature",
      "geometry": {
        "type": "Point",
        "coordinates": [
          -1.5515003,
          43.4336906
        ]
      },
      "properties": {
        "id": 12459380318,
        "osm_type": "node"
      }
    },
    {
      "type": "Feature",
      "geometry": {
        "type": "Point",
        "coordinates": [
          -1.5519268,
          43.4319324
        ]
      },
      "properties": {
        "id": 12459380319,
        "osm_type": "node",
        "indoor": "yes"
      }
    },
    {
      "type": "Feature",
      "geometry": {
        "type": "Point",
        "coordinates": [
          -1.5513716,
          43.4321568
        ]
      },
      "properties": {
        "id": 12459380322,
        "osm_type": "node"
      }
    },
    {
      "type": "Feature",
      "geometry": {
        "type": "Point",
        "coordinates": [
          0.6324972,
          44.208554
        ]
      },
      "properties": {
        "id": 12463478154,
        "osm_type": "node",
        "access": "yes",
        "fee": "no"
      }
    },
    {
      "type": "Feature",
      "geometry": {
        "type": "Point",
        "coordinates": [
          -0.3947302,
          43.948031
        ]
      },
      "properties": {
        "id": 12466665849,
        "osm_type": "node",
        "access": "yes",
        "fee": "no"
      }
    },
    {
      "type": "Feature",
      "geometry": {
        "type": "Point",
        "coordinates": [
          1.3689502,
          46.1090991
        ]
      },
      "properties": {
        "id": 12468941654,
        "osm_type": "node",
        "access": "yes",
        "operator": "Municipalité"
      }
    },
    {
      "type": "Feature",
      "geometry": {
        "type": "Point",
        "coordinates": [
          -0.5106195,
          44.8988327
        ]
      },
      "properties": {
        "id": 12469790986,
        "osm_type": "node"
      }
    },
    {
      "type": "Feature",
      "geometry": {
        "type": "Point",
        "coordinates": [
          -0.2299667,
          44.2873028
        ]
      },
      "properties": {
        "id": 12470812105,
        "osm_type": "node"
      }
    },
    {
      "type": "Feature",
      "geometry": {
        "type": "Point",
        "coordinates": [
          -0.2441906,
          44.4454148
        ]
      },
      "properties": {
        "id": 12470887633,
        "osm_type": "node",
        "access": "yes",
        "fee": "no"
      }
    },
    {
      "type": "Feature",
      "geometry": {
        "type": "Point",
        "coordinates": [
          0.1629964,
          44.4986143
        ]
      },
      "properties": {
        "id": 12520295509,
        "osm_type": "node",
        "access": "yes",
        "fee": "no"
      }
    },
    {
      "type": "Feature",
      "geometry": {
        "type": "Point",
        "coordinates": [
          -0.5369938,
          46.8745226
        ]
      },
      "properties": {
        "id": 12520735129,
        "osm_type": "node",
        "access": "permissive"
      }
    },
    {
      "type": "Feature",
      "geometry": {
        "type": "Point",
        "coordinates": [
          -0.5365472,
          46.8744735
        ]
      },
      "properties": {
        "id": 12520735130,
        "osm_type": "node",
        "access": "permissive"
      }
    },
    {
      "type": "Feature",
      "geometry": {
        "type": "Point",
        "coordinates": [
          -1.3476819,
          43.1755032
        ]
      },
      "properties": {
        "id": 12520938813,
        "osm_type": "node"
      }
    },
    {
      "type": "Feature",
      "geometry": {
        "type": "Point",
        "coordinates": [
          -1.1540231,
          44.2242948
        ]
      },
      "properties": {
        "id": 12543271918,
        "osm_type": "node",
        "access": "yes",
        "fee": "no"
      }
    },
    {
      "type": "Feature",
      "geometry": {
        "type": "Point",
        "coordinates": [
          -1.103101,
          44.4808491
        ]
      },
      "properties": {
        "id": 12550894138,
        "osm_type": "node",
        "access": "yes"
      }
    },
    {
      "type": "Feature",
      "geometry": {
        "type": "Point",
        "coordinates": [
          -0.3947923,
          43.3070917
        ]
      },
      "properties": {
        "id": 12601742368,
        "osm_type": "node",
        "fee": "no"
      }
    },
    {
      "type": "Feature",
      "geometry": {
        "type": "Point",
        "coordinates": [
          -1.0838811,
          43.6716152
        ]
      },
      "properties": {
        "id": 12604175221,
        "osm_type": "node",
        "access": "yes"
      }
    },
    {
      "type": "Feature",
      "geometry": {
        "type": "Point",
        "coordinates": [
          -1.062339,
          43.6820868
        ]
      },
      "properties": {
        "id": 12604200656,
        "osm_type": "node",
        "access": "yes"
      }
    },
    {
      "type": "Feature",
      "geometry": {
        "type": "Point",
        "coordinates": [
          -1.4789687,
          43.4924715
        ]
      },
      "properties": {
        "id": 12609595156,
        "osm_type": "node"
      }
    },
    {
      "type": "Feature",
      "geometry": {
        "type": "Point",
        "coordinates": [
          -0.5570687,
          44.8408371
        ]
      },
      "properties": {
        "id": 12618857479,
        "osm_type": "node"
      }
    },
    {
      "type": "Feature",
      "geometry": {
        "type": "Point",
        "coordinates": [
          0.3205426,
          44.1972953
        ]
      },
      "properties": {
        "id": 12628437104,
        "osm_type": "node",
        "indoor": "yes"
      }
    },
    {
      "type": "Feature",
      "geometry": {
        "type": "Point",
        "coordinates": [
          0.5760287,
          46.6758763
        ]
      },
      "properties": {
        "id": 12631841961,
        "osm_type": "node"
      }
    },
    {
      "type": "Feature",
      "geometry": {
        "type": "Point",
        "coordinates": [
          -0.2840352,
          44.4995472
        ]
      },
      "properties": {
        "id": 12633138943,
        "osm_type": "node",
        "access": "yes",
        "fee": "no"
      }
    },
    {
      "type": "Feature",
      "geometry": {
        "type": "Point",
        "coordinates": [
          -1.5160971,
          43.519519
        ]
      },
      "properties": {
        "id": 12638293840,
        "osm_type": "node",
        "operator": "Ville d'Anglet"
      }
    },
    {
      "type": "Feature",
      "geometry": {
        "type": "Point",
        "coordinates": [
          -1.5310558,
          43.5142503
        ]
      },
      "properties": {
        "id": 12638293841,
        "osm_type": "node",
        "operator": "Ville d'Anglet"
      }
    },
    {
      "type": "Feature",
      "geometry": {
        "type": "Point",
        "coordinates": [
          -1.5405442,
          43.5010666
        ]
      },
      "properties": {
        "id": 12638293842,
        "osm_type": "node",
        "operator": "Ville d'Anglet"
      }
    },
    {
      "type": "Feature",
      "geometry": {
        "type": "Point",
        "coordinates": [
          -1.5053485,
          43.4716957
        ]
      },
      "properties": {
        "id": 12638293843,
        "osm_type": "node",
        "operator": "Ville d'Anglet"
      }
    },
    {
      "type": "Feature",
      "geometry": {
        "type": "Point",
        "coordinates": [
          -1.5020326,
          43.5166104
        ]
      },
      "properties": {
        "id": 12638293844,
        "osm_type": "node",
        "operator": "Ville d'Anglet"
      }
    },
    {
      "type": "Feature",
      "geometry": {
        "type": "Point",
        "coordinates": [
          -1.5248297,
          43.5243953
        ]
      },
      "properties": {
        "id": 12638293845,
        "osm_type": "node",
        "operator": "Ville d'Anglet"
      }
    },
    {
      "type": "Feature",
      "geometry": {
        "type": "Point",
        "coordinates": [
          -1.5216401,
          43.4833716
        ]
      },
      "properties": {
        "id": 12638293846,
        "osm_type": "node",
        "operator": "Ville d'Anglet"
      }
    },
    {
      "type": "Feature",
      "geometry": {
        "type": "Point",
        "coordinates": [
          -1.521037,
          43.4833549
        ]
      },
      "properties": {
        "id": 12638293848,
        "osm_type": "node",
        "operator": "Ville d'Anglet"
      }
    },
    {
      "type": "Feature",
      "geometry": {
        "type": "Point",
        "coordinates": [
          -1.5056505,
          43.4716665
        ]
      },
      "properties": {
        "id": 12638293849,
        "osm_type": "node",
        "operator": "Ville d'Anglet"
      }
    },
    {
      "type": "Feature",
      "geometry": {
        "type": "Point",
        "coordinates": [
          -1.5232247,
          43.5255515
        ]
      },
      "properties": {
        "id": 12638293850,
        "osm_type": "node",
        "operator": "Ville d'Anglet"
      }
    },
    {
      "type": "Feature",
      "geometry": {
        "type": "Point",
        "coordinates": [
          -1.5132291,
          43.4975057
        ]
      },
      "properties": {
        "id": 12638293851,
        "osm_type": "node",
        "operator": "Ville d'Anglet"
      }
    },
    {
      "type": "Feature",
      "geometry": {
        "type": "Point",
        "coordinates": [
          -1.5215982,
          43.4829102
        ]
      },
      "properties": {
        "id": 12638293852,
        "osm_type": "node",
        "operator": "Ville d'Anglet"
      }
    },
    {
      "type": "Feature",
      "geometry": {
        "type": "Point",
        "coordinates": [
          -1.5233444,
          43.4832069
        ]
      },
      "properties": {
        "id": 12638293853,
        "osm_type": "node",
        "operator": "Ville d'Anglet"
      }
    },
    {
      "type": "Feature",
      "geometry": {
        "type": "Point",
        "coordinates": [
          -1.5220933,
          43.4826686
        ]
      },
      "properties": {
        "id": 12638293854,
        "osm_type": "node",
        "operator": "Ville d'Anglet"
      }
    },
    {
      "type": "Feature",
      "geometry": {
        "type": "Point",
        "coordinates": [
          -1.5225511,
          43.4828955
        ]
      },
      "properties": {
        "id": 12638293855,
        "osm_type": "node",
        "operator": "Ville d'Anglet"
      }
    },
    {
      "type": "Feature",
      "geometry": {
        "type": "Point",
        "coordinates": [
          -1.5055412,
          43.4716788
        ]
      },
      "properties": {
        "id": 12638293856,
        "osm_type": "node",
        "operator": "Ville d'Anglet"
      }
    },
    {
      "type": "Feature",
      "geometry": {
        "type": "Point",
        "coordinates": [
          -1.5075376,
          43.4725458
        ]
      },
      "properties": {
        "id": 12638293857,
        "osm_type": "node",
        "operator": "Ville d'Anglet"
      }
    },
    {
      "type": "Feature",
      "geometry": {
        "type": "Point",
        "coordinates": [
          -1.3075299,
          43.5513684
        ]
      },
      "properties": {
        "id": 12638964587,
        "osm_type": "node",
        "access": "yes",
        "fee": "no"
      }
    },
    {
      "type": "Feature",
      "geometry": {
        "type": "Point",
        "coordinates": [
          -1.2675121,
          43.5328823
        ]
      },
      "properties": {
        "id": 12673140953,
        "osm_type": "node",
        "fee": "no",
        "operator": "Mairie de Saint Laurent de Gosse"
      }
    },
    {
      "type": "Feature",
      "geometry": {
        "type": "Point",
        "coordinates": [
          -1.3065282,
          43.9167507
        ]
      },
      "properties": {
        "id": 12683543118,
        "osm_type": "node"
      }
    },
    {
      "type": "Feature",
      "geometry": {
        "type": "Point",
        "coordinates": [
          -1.2233453,
          43.6903756
        ]
      },
      "properties": {
        "id": 12685282220,
        "osm_type": "node"
      }
    },
    {
      "type": "Feature",
      "geometry": {
        "type": "Point",
        "coordinates": [
          -1.2246215,
          43.640598
        ]
      },
      "properties": {
        "id": 12692576088,
        "osm_type": "node"
      }
    },
    {
      "type": "Feature",
      "geometry": {
        "type": "Point",
        "coordinates": [
          0.2424957,
          46.0619398
        ]
      },
      "properties": {
        "id": 12698741153,
        "osm_type": "node",
        "fee": "no"
      }
    },
    {
      "type": "Feature",
      "geometry": {
        "type": "Point",
        "coordinates": [
          0.2423789,
          46.0612573
        ]
      },
      "properties": {
        "id": 12698741154,
        "osm_type": "node",
        "fee": "no"
      }
    },
    {
      "type": "Feature",
      "geometry": {
        "type": "Point",
        "coordinates": [
          1.1976986,
          46.0373674
        ]
      },
      "properties": {
        "id": 12698894394,
        "osm_type": "node",
        "access": "yes",
        "fee": "no",
        "operator": "Mairie"
      }
    },
    {
      "type": "Feature",
      "geometry": {
        "type": "Point",
        "coordinates": [
          1.4976173,
          45.9511983
        ]
      },
      "properties": {
        "id": 12698906580,
        "osm_type": "node",
        "access": "yes",
        "fee": "no",
        "operator": "mairie"
      }
    },
    {
      "type": "Feature",
      "geometry": {
        "type": "Point",
        "coordinates": [
          1.1772411,
          45.9279054
        ]
      },
      "properties": {
        "id": 12699153871,
        "osm_type": "node",
        "access": "yes",
        "fee": "no",
        "operator": "Mairie"
      }
    },
    {
      "type": "Feature",
      "geometry": {
        "type": "Point",
        "coordinates": [
          1.1783664,
          45.9273879
        ]
      },
      "properties": {
        "id": 12699155922,
        "osm_type": "node"
      }
    },
    {
      "type": "Feature",
      "geometry": {
        "type": "Point",
        "coordinates": [
          1.1755215,
          45.9236764
        ]
      },
      "properties": {
        "id": 12699165229,
        "osm_type": "node",
        "access": "yes",
        "fee": "no",
        "operator": "Mairie"
      }
    },
    {
      "type": "Feature",
      "geometry": {
        "type": "Point",
        "coordinates": [
          1.5159971,
          46.0183326
        ]
      },
      "properties": {
        "id": 12699211404,
        "osm_type": "node",
        "access": "yes",
        "fee": "no",
        "operator": "Mairie"
      }
    },
    {
      "type": "Feature",
      "geometry": {
        "type": "Point",
        "coordinates": [
          -0.8882993,
          45.7720413
        ]
      },
      "properties": {
        "id": 12704286399,
        "osm_type": "node"
      }
    },
    {
      "type": "Feature",
      "geometry": {
        "type": "Point",
        "coordinates": [
          -0.391541,
          45.0371429
        ]
      },
      "properties": {
        "id": 12707681694,
        "osm_type": "node",
        "name": "Eau",
        "access": "yes",
        "fee": "no"
      }
    },
    {
      "type": "Feature",
      "geometry": {
        "type": "Point",
        "coordinates": [
          -0.5665499,
          44.8343212
        ]
      },
      "properties": {
        "id": 12708074128,
        "osm_type": "node",
        "access": "yes",
        "fee": "no"
      }
    },
    {
      "type": "Feature",
      "geometry": {
        "type": "Point",
        "coordinates": [
          0.2401553,
          45.8902169
        ]
      },
      "properties": {
        "id": 12716417863,
        "osm_type": "node"
      }
    },
    {
      "type": "Feature",
      "geometry": {
        "type": "Point",
        "coordinates": [
          -1.0649765,
          43.7130484
        ]
      },
      "properties": {
        "id": 12716557822,
        "osm_type": "node"
      }
    },
    {
      "type": "Feature",
      "geometry": {
        "type": "Point",
        "coordinates": [
          -0.5851132,
          44.8424391
        ]
      },
      "properties": {
        "id": 12718637388,
        "osm_type": "node",
        "access": "yes",
        "fee": "no",
        "seasonal": "yes"
      }
    },
    {
      "type": "Feature",
      "geometry": {
        "type": "Point",
        "coordinates": [
          1.280834,
          46.0576607
        ]
      },
      "properties": {
        "id": 12728792017,
        "osm_type": "node",
        "access": "yes",
        "seasonal": "no"
      }
    },
    {
      "type": "Feature",
      "geometry": {
        "type": "Point",
        "coordinates": [
          -0.7054923,
          44.7871646
        ]
      },
      "properties": {
        "id": 12759765282,
        "osm_type": "node"
      }
    },
    {
      "type": "Feature",
      "geometry": {
        "type": "Point",
        "coordinates": [
          -0.4994663,
          43.8355544
        ]
      },
      "properties": {
        "id": 12761961301,
        "osm_type": "node",
        "name": "Église Saint Jean Baptiste",
        "operator": "small building at rear of church. Also toilet."
      }
    },
    {
      "type": "Feature",
      "geometry": {
        "type": "Point",
        "coordinates": [
          -0.6256783,
          44.8109664
        ]
      },
      "properties": {
        "id": 12762206369,
        "osm_type": "node"
      }
    },
    {
      "type": "Feature",
      "geometry": {
        "type": "Point",
        "coordinates": [
          -0.6282176,
          44.8117653
        ]
      },
      "properties": {
        "id": 12762206370,
        "osm_type": "node"
      }
    },
    {
      "type": "Feature",
      "geometry": {
        "type": "Point",
        "coordinates": [
          -1.5602822,
          43.48217
        ]
      },
      "properties": {
        "id": 12768656324,
        "osm_type": "node"
      }
    },
    {
      "type": "Feature",
      "geometry": {
        "type": "Point",
        "coordinates": [
          -0.5546755,
          44.8615194
        ]
      },
      "properties": {
        "id": 12777096103,
        "osm_type": "node"
      }
    },
    {
      "type": "Feature",
      "geometry": {
        "type": "Point",
        "coordinates": [
          -1.0924881,
          45.6510117
        ]
      },
      "properties": {
        "id": 12797505003,
        "osm_type": "node"
      }
    },
    {
      "type": "Feature",
      "geometry": {
        "type": "Point",
        "coordinates": [
          -0.5607545,
          44.8633397
        ]
      },
      "properties": {
        "id": 12802572343,
        "osm_type": "node",
        "fee": "no",
        "indoor": "no"
      }
    },
    {
      "type": "Feature",
      "geometry": {
        "type": "Point",
        "coordinates": [
          -0.0862988,
          44.6925012
        ]
      },
      "properties": {
        "id": 12803626715,
        "osm_type": "node",
        "access": "yes",
        "opening_hours": "24/7",
        "fee": "no"
      }
    },
    {
      "type": "Feature",
      "geometry": {
        "type": "Point",
        "coordinates": [
          -1.714191,
          43.3103198
        ]
      },
      "properties": {
        "id": 12805953342,
        "osm_type": "node"
      }
    },
    {
      "type": "Feature",
      "geometry": {
        "type": "Point",
        "coordinates": [
          0.8166943,
          45.8697513
        ]
      },
      "properties": {
        "id": 12808895297,
        "osm_type": "node",
        "access": "yes",
        "fee": "no"
      }
    },
    {
      "type": "Feature",
      "geometry": {
        "type": "Point",
        "coordinates": [
          1.1193123,
          45.7460135
        ]
      },
      "properties": {
        "id": 12809682601,
        "osm_type": "node"
      }
    },
    {
      "type": "Feature",
      "geometry": {
        "type": "Point",
        "coordinates": [
          -1.4718256,
          43.5719262
        ]
      },
      "properties": {
        "id": 12811632982,
        "osm_type": "node",
        "access": "yes",
        "fee": "no"
      }
    },
    {
      "type": "Feature",
      "geometry": {
        "type": "Point",
        "coordinates": [
          -0.1149608,
          43.1851975
        ]
      },
      "properties": {
        "id": 12814732170,
        "osm_type": "node"
      }
    },
    {
      "type": "Feature",
      "geometry": {
        "type": "Point",
        "coordinates": [
          -1.1494118,
          45.377809
        ]
      },
      "properties": {
        "id": 12816708214,
        "osm_type": "node",
        "access": "yes",
        "fee": "no",
        "operator": "Office de tourisme"
      }
    },
    {
      "type": "Feature",
      "geometry": {
        "type": "Point",
        "coordinates": [
          -0.5492028,
          45.5728306
        ]
      },
      "properties": {
        "id": 12826040837,
        "osm_type": "node"
      }
    },
    {
      "type": "Feature",
      "geometry": {
        "type": "Point",
        "coordinates": [
          -0.5631347,
          44.8349463
        ]
      },
      "properties": {
        "id": 12840433466,
        "osm_type": "node"
      }
    },
    {
      "type": "Feature",
      "geometry": {
        "type": "Point",
        "coordinates": [
          0.5359642,
          44.3964973
        ]
      },
      "properties": {
        "id": 12846679421,
        "osm_type": "node"
      }
    },
    {
      "type": "Feature",
      "geometry": {
        "type": "Point",
        "coordinates": [
          -1.3266402,
          43.3299427
        ]
      },
      "properties": {
        "id": 12847679330,
        "osm_type": "node"
      }
    },
    {
      "type": "Feature",
      "geometry": {
        "type": "Point",
        "coordinates": [
          -0.2989616,
          43.2145219
        ]
      },
      "properties": {
        "id": 12848895841,
        "osm_type": "node"
      }
    },
    {
      "type": "Feature",
      "geometry": {
        "type": "Point",
        "coordinates": [
          0.6092032,
          44.1413326
        ]
      },
      "properties": {
        "id": 12857612501,
        "osm_type": "node"
      }
    },
    {
      "type": "Feature",
      "geometry": {
        "type": "Point",
        "coordinates": [
          1.6528367,
          45.5634192
        ]
      },
      "properties": {
        "id": 12857921137,
        "osm_type": "node",
        "opening_hours": "24/7",
        "fee": "no",
        "seasonal": "summer"
      }
    },
    {
      "type": "Feature",
      "geometry": {
        "type": "Point",
        "coordinates": [
          1.6533,
          45.5626442
        ]
      },
      "properties": {
        "id": 12858101072,
        "osm_type": "node",
        "opening_hours": "24/7",
        "fee": "no",
        "seasonal": "summer"
      }
    },
    {
      "type": "Feature",
      "geometry": {
        "type": "Point",
        "coordinates": [
          -0.3271224,
          43.5967154
        ]
      },
      "properties": {
        "id": 12860472432,
        "osm_type": "node"
      }
    },
    {
      "type": "Feature",
      "geometry": {
        "type": "Point",
        "coordinates": [
          1.5220005,
          45.1638486
        ]
      },
      "properties": {
        "id": 12862449469,
        "osm_type": "node",
        "fee": "no"
      }
    },
    {
      "type": "Feature",
      "geometry": {
        "type": "Point",
        "coordinates": [
          -0.6247336,
          44.7922052
        ]
      },
      "properties": {
        "id": 12866674441,
        "osm_type": "node"
      }
    },
    {
      "type": "Feature",
      "geometry": {
        "type": "Point",
        "coordinates": [
          -0.5033829,
          44.8131258
        ]
      },
      "properties": {
        "id": 12867111627,
        "osm_type": "node"
      }
    },
    {
      "type": "Feature",
      "geometry": {
        "type": "Point",
        "coordinates": [
          -1.4263449,
          43.6599069
        ]
      },
      "properties": {
        "id": 12870632174,
        "osm_type": "node",
        "fee": "no"
      }
    },
    {
      "type": "Feature",
      "geometry": {
        "type": "Point",
        "coordinates": [
          -1.4262885,
          43.6599444
        ]
      },
      "properties": {
        "id": 12870639283,
        "osm_type": "node",
        "fee": "no",
        "indoor": "yes"
      }
    },
    {
      "type": "Feature",
      "geometry": {
        "type": "Point",
        "coordinates": [
          -0.4077741,
          43.8680184
        ]
      },
      "properties": {
        "id": 12873112741,
        "osm_type": "node"
      }
    },
    {
      "type": "Feature",
      "geometry": {
        "type": "Point",
        "coordinates": [
          -0.5420878,
          46.0241452
        ]
      },
      "properties": {
        "id": 12876955888,
        "osm_type": "node"
      }
    },
    {
      "type": "Feature",
      "geometry": {
        "type": "Point",
        "coordinates": [
          -0.0823248,
          44.5179279
        ]
      },
      "properties": {
        "id": 12877040854,
        "osm_type": "node"
      }
    },
    {
      "type": "Feature",
      "geometry": {
        "type": "Point",
        "coordinates": [
          0.2887571,
          44.1707951
        ]
      },
      "properties": {
        "id": 12884133201,
        "osm_type": "node",
        "name": "Point d eau"
      }
    },
    {
      "type": "Feature",
      "geometry": {
        "type": "Point",
        "coordinates": [
          -1.5168019,
          46.2069609
        ]
      },
      "properties": {
        "id": 12895304353,
        "osm_type": "node",
        "access": "yes",
        "indoor": "no"
      }
    },
    {
      "type": "Feature",
      "geometry": {
        "type": "Point",
        "coordinates": [
          -0.9372835,
          43.4759681
        ]
      },
      "properties": {
        "id": 12906371102,
        "osm_type": "node"
      }
    },
    {
      "type": "Feature",
      "geometry": {
        "type": "Point",
        "coordinates": [
          -1.0359282,
          45.4312638
        ]
      },
      "properties": {
        "id": 12909462133,
        "osm_type": "node",
        "access": "yes",
        "fee": "no"
      }
    },
    {
      "type": "Feature",
      "geometry": {
        "type": "Point",
        "coordinates": [
          -0.757831,
          43.4737557
        ]
      },
      "properties": {
        "id": 12909648801,
        "osm_type": "node"
      }
    },
    {
      "type": "Feature",
      "geometry": {
        "type": "Point",
        "coordinates": [
          -0.7575179,
          43.474276
        ]
      },
      "properties": {
        "id": 12909652101,
        "osm_type": "node"
      }
    },
    {
      "type": "Feature",
      "geometry": {
        "type": "Point",
        "coordinates": [
          -0.7570194,
          43.4742392
        ]
      },
      "properties": {
        "id": 12909801401,
        "osm_type": "node"
      }
    },
    {
      "type": "Feature",
      "geometry": {
        "type": "Point",
        "coordinates": [
          1.3063092,
          45.130285
        ]
      },
      "properties": {
        "id": 12913181929,
        "osm_type": "node",
        "access": "yes",
        "fee": "no"
      }
    },
    {
      "type": "Feature",
      "geometry": {
        "type": "Point",
        "coordinates": [
          -0.5017164,
          43.887977
        ]
      },
      "properties": {
        "id": 12923020470,
        "osm_type": "node",
        "access": "yes",
        "fee": "no"
      }
    },
    {
      "type": "Feature",
      "geometry": {
        "type": "Point",
        "coordinates": [
          -0.501658,
          43.888382
        ]
      },
      "properties": {
        "id": 12944857523,
        "osm_type": "node",
        "access": "yes",
        "fee": "yes"
      }
    },
    {
      "type": "Feature",
      "geometry": {
        "type": "Point",
        "coordinates": [
          -0.4522284,
          46.8564651
        ]
      },
      "properties": {
        "id": 12948860023,
        "osm_type": "node"
      }
    },
    {
      "type": "Feature",
      "geometry": {
        "type": "Point",
        "coordinates": [
          -0.2014636,
          47.0899549
        ]
      },
      "properties": {
        "id": 12948987213,
        "osm_type": "node"
      }
    },
    {
      "type": "Feature",
      "geometry": {
        "type": "Point",
        "coordinates": [
          -0.4311279,
          45.4457196
        ]
      },
      "properties": {
        "id": 12950055012,
        "osm_type": "node",
        "fee": "no"
      }
    },
    {
      "type": "Feature",
      "geometry": {
        "type": "Point",
        "coordinates": [
          -0.5818984,
          44.8608806
        ]
      },
      "properties": {
        "id": 12954235201,
        "osm_type": "node"
      }
    },
    {
      "type": "Feature",
      "geometry": {
        "type": "Point",
        "coordinates": [
          -1.2376739,
          45.9690603
        ]
      },
      "properties": {
        "id": 12956587401,
        "osm_type": "node"
      }
    },
    {
      "type": "Feature",
      "geometry": {
        "type": "Point",
        "coordinates": [
          -0.432935,
          45.449937
        ]
      },
      "properties": {
        "id": 12959589454,
        "osm_type": "node"
      }
    },
    {
      "type": "Feature",
      "geometry": {
        "type": "Point",
        "coordinates": [
          -0.4325272,
          45.4494778
        ]
      },
      "properties": {
        "id": 12959599309,
        "osm_type": "node"
      }
    },
    {
      "type": "Feature",
      "geometry": {
        "type": "Point",
        "coordinates": [
          -0.7021165,
          44.830296
        ]
      },
      "properties": {
        "id": 12964270467,
        "osm_type": "node",
        "access": "yes",
        "fee": "no"
      }
    },
    {
      "type": "Feature",
      "geometry": {
        "type": "Point",
        "coordinates": [
          1.2829753,
          46.0566731
        ]
      },
      "properties": {
        "id": 12973897109,
        "osm_type": "node",
        "access": "yes",
        "fee": "no"
      }
    },
    {
      "type": "Feature",
      "geometry": {
        "type": "Point",
        "coordinates": [
          1.3141001,
          45.6886102
        ]
      },
      "properties": {
        "id": 12977400802,
        "osm_type": "node",
        "access": "yes",
        "fee": "no"
      }
    },
    {
      "type": "Feature",
      "geometry": {
        "type": "Point",
        "coordinates": [
          1.3101353,
          45.6884594
        ]
      },
      "properties": {
        "id": 12977433261,
        "osm_type": "node",
        "access": "yes",
        "fee": "no"
      }
    },
    {
      "type": "Feature",
      "geometry": {
        "type": "Point",
        "coordinates": [
          1.2929712,
          45.6535596
        ]
      },
      "properties": {
        "id": 12977438986,
        "osm_type": "node",
        "access": "yes",
        "fee": "no"
      }
    },
    {
      "type": "Feature",
      "geometry": {
        "type": "Point",
        "coordinates": [
          1.287572,
          45.6528573
        ]
      },
      "properties": {
        "id": 12977447058,
        "osm_type": "node",
        "access": "yes",
        "fee": "no"
      }
    },
    {
      "type": "Feature",
      "geometry": {
        "type": "Point",
        "coordinates": [
          1.241837,
          45.6370491
        ]
      },
      "properties": {
        "id": 12977623926,
        "osm_type": "node",
        "access": "yes",
        "fee": "no"
      }
    },
    {
      "type": "Feature",
      "geometry": {
        "type": "Point",
        "coordinates": [
          1.2388672,
          45.6974868
        ]
      },
      "properties": {
        "id": 12977681933,
        "osm_type": "node",
        "access": "yes",
        "fee": "no"
      }
    },
    {
      "type": "Feature",
      "geometry": {
        "type": "Point",
        "coordinates": [
          1.2411321,
          45.6986459
        ]
      },
      "properties": {
        "id": 12977700360,
        "osm_type": "node",
        "access": "yes",
        "fee": "no"
      }
    },
    {
      "type": "Feature",
      "geometry": {
        "type": "Point",
        "coordinates": [
          1.2364395,
          45.6987007
        ]
      },
      "properties": {
        "id": 12977724021,
        "osm_type": "node",
        "access": "yes",
        "fee": "no"
      }
    },
    {
      "type": "Feature",
      "geometry": {
        "type": "Point",
        "coordinates": [
          1.1584885,
          45.713778
        ]
      },
      "properties": {
        "id": 12985253441,
        "osm_type": "node",
        "access": "yes",
        "fee": "no"
      }
    },
    {
      "type": "Feature",
      "geometry": {
        "type": "Point",
        "coordinates": [
          1.1884566,
          45.676323
        ]
      },
      "properties": {
        "id": 12985348398,
        "osm_type": "node",
        "access": "yes",
        "fee": "no"
      }
    },
    {
      "type": "Feature",
      "geometry": {
        "type": "Point",
        "coordinates": [
          1.1801039,
          45.6698304
        ]
      },
      "properties": {
        "id": 12985409274,
        "osm_type": "node",
        "access": "yes",
        "fee": "no"
      }
    },
    {
      "type": "Feature",
      "geometry": {
        "type": "Point",
        "coordinates": [
          1.1980293,
          45.6704247
        ]
      },
      "properties": {
        "id": 12985483931,
        "osm_type": "node",
        "access": "yes",
        "fee": "no"
      }
    },
    {
      "type": "Feature",
      "geometry": {
        "type": "Point",
        "coordinates": [
          1.1539844,
          45.6459166
        ]
      },
      "properties": {
        "id": 12985564808,
        "osm_type": "node",
        "access": "yes",
        "fee": "no"
      }
    },
    {
      "type": "Feature",
      "geometry": {
        "type": "Point",
        "coordinates": [
          1.0451511,
          45.6261412
        ]
      },
      "properties": {
        "id": 12985580299,
        "osm_type": "node",
        "access": "yes",
        "fee": "no"
      }
    },
    {
      "type": "Feature",
      "geometry": {
        "type": "Point",
        "coordinates": [
          1.1267804,
          45.6472062
        ]
      },
      "properties": {
        "id": 12985584355,
        "osm_type": "node",
        "access": "yes",
        "fee": "no"
      }
    },
    {
      "type": "Feature",
      "geometry": {
        "type": "Point",
        "coordinates": [
          1.1617485,
          45.6348776
        ]
      },
      "properties": {
        "id": 12985591665,
        "osm_type": "node",
        "access": "yes",
        "fee": "no"
      }
    },
    {
      "type": "Feature",
      "geometry": {
        "type": "Point",
        "coordinates": [
          1.0365836,
          45.6271188
        ]
      },
      "properties": {
        "id": 12985596369,
        "osm_type": "node",
        "access": "yes",
        "fee": "no"
      }
    },
    {
      "type": "Feature",
      "geometry": {
        "type": "Point",
        "coordinates": [
          1.1200087,
          45.6486017
        ]
      },
      "properties": {
        "id": 12985600725,
        "osm_type": "node",
        "access": "yes",
        "fee": "no"
      }
    },
    {
      "type": "Feature",
      "geometry": {
        "type": "Point",
        "coordinates": [
          1.0384828,
          45.6290634
        ]
      },
      "properties": {
        "id": 12985634258,
        "osm_type": "node",
        "access": "yes",
        "fee": "no"
      }
    },
    {
      "type": "Feature",
      "geometry": {
        "type": "Point",
        "coordinates": [
          1.0318232,
          45.6141391
        ]
      },
      "properties": {
        "id": 12985659496,
        "osm_type": "node",
        "access": "customers",
        "opening_hours": "Apr-Nov Sa,Su 13:00-18:00; SH 13:00-18:00; SH Tu off; PH 13:00-18:00; Jul 07-Aug 24 10:00-19:00; Jul 01-06,Aug 25-31 13:00-19:00",
        "fee": "no"
      }
    },
    {
      "type": "Feature",
      "geometry": {
        "type": "Point",
        "coordinates": [
          -0.3630109,
          43.3143902
        ]
      },
      "properties": {
        "id": 12985787228,
        "osm_type": "node",
        "access": "permissive",
        "fee": "no",
        "operator": "Université de Pau et des Pays de l'Adour"
      }
    },
    {
      "type": "Feature",
      "geometry": {
        "type": "Point",
        "coordinates": [
          -0.447528,
          44.7045903
        ]
      },
      "properties": {
        "id": 12988172345,
        "osm_type": "node",
        "fee": "no",
        "indoor": "no"
      }
    },
    {
      "type": "Feature",
      "geometry": {
        "type": "Point",
        "coordinates": [
          0.8870773,
          44.560298
        ]
      },
      "properties": {
        "id": 12989782635,
        "osm_type": "node"
      }
    },
    {
      "type": "Feature",
      "geometry": {
        "type": "Point",
        "coordinates": [
          1.7238954,
          45.05037
        ]
      },
      "properties": {
        "id": 12992481877,
        "osm_type": "node",
        "access": "yes",
        "fee": "no",
        "operator": "saur"
      }
    },
    {
      "type": "Feature",
      "geometry": {
        "type": "Point",
        "coordinates": [
          -1.7818605,
          43.3529622
        ]
      },
      "properties": {
        "id": 12993248362,
        "osm_type": "node",
        "access": "yes",
        "operator": "SNCF",
        "indoor": "yes"
      }
    },
    {
      "type": "Feature",
      "geometry": {
        "type": "Point",
        "coordinates": [
          -0.5458859,
          44.8737153
        ]
      },
      "properties": {
        "id": 12993261111,
        "osm_type": "node",
        "access": "yes",
        "operator": "Ville de Bordeaux"
      }
    },
    {
      "type": "Feature",
      "geometry": {
        "type": "Point",
        "coordinates": [
          1.00807,
          45.8291537
        ]
      },
      "properties": {
        "id": 12993922274,
        "osm_type": "node",
        "access": "yes",
        "fee": "no"
      }
    },
    {
      "type": "Feature",
      "geometry": {
        "type": "Point",
        "coordinates": [
          1.0051242,
          45.8345153
        ]
      },
      "properties": {
        "id": 12993970657,
        "osm_type": "node",
        "access": "yes",
        "fee": "no"
      }
    },
    {
      "type": "Feature",
      "geometry": {
        "type": "Point",
        "coordinates": [
          1.0444778,
          45.8709042
        ]
      },
      "properties": {
        "id": 12993997685,
        "osm_type": "node",
        "access": "yes",
        "fee": "no"
      }
    },
    {
      "type": "Feature",
      "geometry": {
        "type": "Point",
        "coordinates": [
          1.0072725,
          45.8340564
        ]
      },
      "properties": {
        "id": 12994003264,
        "osm_type": "node",
        "access": "yes",
        "fee": "no"
      }
    },
    {
      "type": "Feature",
      "geometry": {
        "type": "Point",
        "coordinates": [
          1.0054925,
          45.8339801
        ]
      },
      "properties": {
        "id": 12994011006,
        "osm_type": "node",
        "access": "yes",
        "fee": "no"
      }
    },
    {
      "type": "Feature",
      "geometry": {
        "type": "Point",
        "coordinates": [
          1.0101116,
          45.8284764
        ]
      },
      "properties": {
        "id": 12994011304,
        "osm_type": "node",
        "access": "yes",
        "fee": "no"
      }
    },
    {
      "type": "Feature",
      "geometry": {
        "type": "Point",
        "coordinates": [
          0.9345204,
          45.8037147
        ]
      },
      "properties": {
        "id": 12994019354,
        "osm_type": "node",
        "access": "yes",
        "fee": "no"
      }
    },
    {
      "type": "Feature",
      "geometry": {
        "type": "Point",
        "coordinates": [
          0.9600241,
          45.7982619
        ]
      },
      "properties": {
        "id": 12994039395,
        "osm_type": "node",
        "access": "yes",
        "fee": "no"
      }
    },
    {
      "type": "Feature",
      "geometry": {
        "type": "Point",
        "coordinates": [
          0.9272153,
          45.8088263
        ]
      },
      "properties": {
        "id": 12994053975,
        "osm_type": "node",
        "access": "yes",
        "fee": "no"
      }
    },
    {
      "type": "Feature",
      "geometry": {
        "type": "Point",
        "coordinates": [
          0.9633222,
          45.7695446
        ]
      },
      "properties": {
        "id": 12994304642,
        "osm_type": "node",
        "access": "yes",
        "fee": "no"
      }
    },
    {
      "type": "Feature",
      "geometry": {
        "type": "Point",
        "coordinates": [
          0.865932,
          45.7339321
        ]
      },
      "properties": {
        "id": 12994408417,
        "osm_type": "node",
        "access": "yes",
        "fee": "no"
      }
    },
    {
      "type": "Feature",
      "geometry": {
        "type": "Point",
        "coordinates": [
          0.8657923,
          45.7326821
        ]
      },
      "properties": {
        "id": 12994410307,
        "osm_type": "node",
        "access": "yes",
        "fee": "no"
      }
    },
    {
      "type": "Feature",
      "geometry": {
        "type": "Point",
        "coordinates": [
          -0.5988096,
          44.8540785
        ]
      },
      "properties": {
        "id": 12995457674,
        "osm_type": "node",
        "fee": "no"
      }
    },
    {
      "type": "Feature",
      "geometry": {
        "type": "Point",
        "coordinates": [
          -1.1954315,
          45.0123319
        ]
      },
      "properties": {
        "id": 12996046117,
        "osm_type": "node",
        "access": "yes",
        "fee": "no"
      }
    },
    {
      "type": "Feature",
      "geometry": {
        "type": "Point",
        "coordinates": [
          0.3407297,
          44.3007185
        ]
      },
      "properties": {
        "id": 12996881198,
        "osm_type": "node"
      }
    },
    {
      "type": "Feature",
      "geometry": {
        "type": "Point",
        "coordinates": [
          -0.4049994,
          43.3226687
        ]
      },
      "properties": {
        "id": 12997336096,
        "osm_type": "node"
      }
    },
    {
      "type": "Feature",
      "geometry": {
        "type": "Point",
        "coordinates": [
          -0.4053552,
          43.3222447
        ]
      },
      "properties": {
        "id": 12999248310,
        "osm_type": "node"
      }
    },
    {
      "type": "Feature",
      "geometry": {
        "type": "Point",
        "coordinates": [
          -0.8585547,
          43.5026582
        ]
      },
      "properties": {
        "id": 12999627338,
        "osm_type": "node",
        "name": "Eau potable"
      }
    },
    {
      "type": "Feature",
      "geometry": {
        "type": "Point",
        "coordinates": [
          0.9111611,
          45.7100799
        ]
      },
      "properties": {
        "id": 13001126070,
        "osm_type": "node",
        "access": "yes",
        "fee": "no"
      }
    },
    {
      "type": "Feature",
      "geometry": {
        "type": "Point",
        "coordinates": [
          0.9859969,
          45.7381157
        ]
      },
      "properties": {
        "id": 13001149844,
        "osm_type": "node",
        "access": "yes",
        "fee": "no"
      }
    },
    {
      "type": "Feature",
      "geometry": {
        "type": "Point",
        "coordinates": [
          0.957344,
          45.7058555
        ]
      },
      "properties": {
        "id": 13001161945,
        "osm_type": "node",
        "access": "yes",
        "fee": "no"
      }
    },
    {
      "type": "Feature",
      "geometry": {
        "type": "Point",
        "coordinates": [
          0.8247361,
          45.7330989
        ]
      },
      "properties": {
        "id": 13001162128,
        "osm_type": "node",
        "access": "yes",
        "fee": "no"
      }
    },
    {
      "type": "Feature",
      "geometry": {
        "type": "Point",
        "coordinates": [
          1.1815767,
          45.6791288
        ]
      },
      "properties": {
        "id": 13001241978,
        "osm_type": "node",
        "access": "yes",
        "fee": "no"
      }
    },
    {
      "type": "Feature",
      "geometry": {
        "type": "Point",
        "coordinates": [
          1.1836386,
          45.6801021
        ]
      },
      "properties": {
        "id": 13001241979,
        "osm_type": "node",
        "access": "yes",
        "fee": "no"
      }
    },
    {
      "type": "Feature",
      "geometry": {
        "type": "Point",
        "coordinates": [
          1.1833703,
          45.6801952
        ]
      },
      "properties": {
        "id": 13001241980,
        "osm_type": "node",
        "access": "yes",
        "fee": "no"
      }
    },
    {
      "type": "Feature",
      "geometry": {
        "type": "Point",
        "coordinates": [
          -0.5786616,
          44.8133791
        ]
      },
      "properties": {
        "id": 13004229942,
        "osm_type": "node",
        "access": "yes",
        "fee": "no"
      }
    },
    {
      "type": "Feature",
      "geometry": {
        "type": "Point",
        "coordinates": [
          0.1795431,
          45.8768591
        ]
      },
      "properties": {
        "id": 13005991081,
        "osm_type": "node",
        "operator": "Office de tourisme Destination Nord Charente",
        "indoor": "yes"
      }
    },
    {
      "type": "Feature",
      "geometry": {
        "type": "Point",
        "coordinates": [
          -0.4361909,
          45.4497563
        ]
      },
      "properties": {
        "id": 13006250280,
        "osm_type": "node"
      }
    },
    {
      "type": "Feature",
      "geometry": {
        "type": "Point",
        "coordinates": [
          -0.4359994,
          45.4498794
        ]
      },
      "properties": {
        "id": 13006250281,
        "osm_type": "node"
      }
    },
    {
      "type": "Feature",
      "geometry": {
        "type": "Point",
        "coordinates": [
          -0.4370234,
          45.4497779
        ]
      },
      "properties": {
        "id": 13006251750,
        "osm_type": "node"
      }
    },
    {
      "type": "Feature",
      "geometry": {
        "type": "Point",
        "coordinates": [
          -0.4361909,
          45.4497563
        ]
      },
      "properties": {
        "id": 13006262127,
        "osm_type": "node"
      }
    },
    {
      "type": "Feature",
      "geometry": {
        "type": "Point",
        "coordinates": [
          -0.4364106,
          45.4497563
        ]
      },
      "properties": {
        "id": 13006276704,
        "osm_type": "node"
      }
    },
    {
      "type": "Feature",
      "geometry": {
        "type": "Point",
        "coordinates": [
          0.2285956,
          45.9210945
        ]
      },
      "properties": {
        "id": 13011963962,
        "osm_type": "node"
      }
    },
    {
      "type": "Feature",
      "geometry": {
        "type": "Point",
        "coordinates": [
          0.0036946,
          45.6688598
        ]
      },
      "properties": {
        "id": 13012017463,
        "osm_type": "node"
      }
    },
    {
      "type": "Feature",
      "geometry": {
        "type": "Point",
        "coordinates": [
          0.6625556,
          44.4160195
        ]
      },
      "properties": {
        "id": 13012196459,
        "osm_type": "node",
        "indoor": "yes"
      }
    },
    {
      "type": "Feature",
      "geometry": {
        "type": "Point",
        "coordinates": [
          -0.1481613,
          45.4732537
        ]
      },
      "properties": {
        "id": 13013136308,
        "osm_type": "node"
      }
    },
    {
      "type": "Feature",
      "geometry": {
        "type": "Point",
        "coordinates": [
          -1.2270496,
          43.6873233
        ]
      },
      "properties": {
        "id": 13013663543,
        "osm_type": "node"
      }
    },
    {
      "type": "Feature",
      "geometry": {
        "type": "Point",
        "coordinates": [
          -1.1423325,
          45.0702931
        ]
      },
      "properties": {
        "id": 13017194753,
        "osm_type": "node",
        "name": "Fontaine pour gourde"
      }
    },
    {
      "type": "Feature",
      "geometry": {
        "type": "Point",
        "coordinates": [
          -1.1415659,
          45.0701008
        ]
      },
      "properties": {
        "id": 13017229787,
        "osm_type": "node",
        "name": "Fontaine à gourde"
      }
    },
    {
      "type": "Feature",
      "geometry": {
        "type": "Point",
        "coordinates": [
          -0.4734544,
          43.2206736
        ]
      },
      "properties": {
        "id": 13017770427,
        "osm_type": "node"
      }
    },
    {
      "type": "Feature",
      "geometry": {
        "type": "Point",
        "coordinates": [
          -0.4762577,
          43.2224777
        ]
      },
      "properties": {
        "id": 13017795645,
        "osm_type": "node",
        "access": "yes",
        "fee": "no",
        "indoor": "no"
      }
    },
    {
      "type": "Feature",
      "geometry": {
        "type": "Point",
        "coordinates": [
          -1.5371149,
          43.5061177
        ]
      },
      "properties": {
        "id": 13018091772,
        "osm_type": "node",
        "access": "yes",
        "fee": "no",
        "operator": "Ville d'Anglet"
      }
    },
    {
      "type": "Feature",
      "geometry": {
        "type": "Point",
        "coordinates": [
          -1.5371043,
          43.5061053
        ]
      },
      "properties": {
        "id": 13018091773,
        "osm_type": "node",
        "access": "yes",
        "fee": "no",
        "operator": "Ville d'Anglet"
      }
    },
    {
      "type": "Feature",
      "geometry": {
        "type": "Point",
        "coordinates": [
          0.5532894,
          44.7799812
        ]
      },
      "properties": {
        "id": 13019598423,
        "osm_type": "node"
      }
    },
    {
      "type": "Feature",
      "geometry": {
        "type": "Point",
        "coordinates": [
          0.3753097,
          46.5693914
        ]
      },
      "properties": {
        "id": 13022932197,
        "osm_type": "node",
        "fee": "no",
        "seasonal": "no"
      }
    },
    {
      "type": "Feature",
      "geometry": {
        "type": "Point",
        "coordinates": [
          -0.4099563,
          45.285189
        ]
      },
      "properties": {
        "id": 13023363714,
        "osm_type": "node"
      }
    },
    {
      "type": "Feature",
      "geometry": {
        "type": "Point",
        "coordinates": [
          1.8254618,
          45.6421064
        ]
      },
      "properties": {
        "id": 13025364491,
        "osm_type": "node"
      }
    },
    {
      "type": "Feature",
      "geometry": {
        "type": "Point",
        "coordinates": [
          1.8255383,
          45.641812
        ]
      },
      "properties": {
        "id": 13025364492,
        "osm_type": "node"
      }
    },
    {
      "type": "Feature",
      "geometry": {
        "type": "Point",
        "coordinates": [
          0.9770684,
          45.6530016
        ]
      },
      "properties": {
        "id": 13025432707,
        "osm_type": "node"
      }
    },
    {
      "type": "Feature",
      "geometry": {
        "type": "Point",
        "coordinates": [
          0.1867138,
          44.8653507
        ]
      },
      "properties": {
        "id": 13026042601,
        "osm_type": "node"
      }
    },
    {
      "type": "Feature",
      "geometry": {
        "type": "Point",
        "coordinates": [
          -1.4726234,
          43.599492
        ]
      },
      "properties": {
        "id": 13027285457,
        "osm_type": "node",
        "access": "yes"
      }
    },
    {
      "type": "Feature",
      "geometry": {
        "type": "Point",
        "coordinates": [
          0.8136411,
          44.8876407
        ]
      },
      "properties": {
        "id": 13030056302,
        "osm_type": "node"
      }
    },
    {
      "type": "Feature",
      "geometry": {
        "type": "Point",
        "coordinates": [
          0.5990383,
          44.9940471
        ]
      },
      "properties": {
        "id": 13032030804,
        "osm_type": "node"
      }
    },
    {
      "type": "Feature",
      "geometry": {
        "type": "Point",
        "coordinates": [
          -0.0119692,
          44.6795931
        ]
      },
      "properties": {
        "id": 13036959073,
        "osm_type": "node"
      }
    },
    {
      "type": "Feature",
      "geometry": {
        "type": "Point",
        "coordinates": [
          -0.8203806,
          45.3246485
        ]
      },
      "properties": {
        "id": 13038010480,
        "osm_type": "node",
        "fee": "no"
      }
    },
    {
      "type": "Feature",
      "geometry": {
        "type": "Point",
        "coordinates": [
          0.9032576,
          45.9082776
        ]
      },
      "properties": {
        "id": 13040049368,
        "osm_type": "node"
      }
    },
    {
      "type": "Feature",
      "geometry": {
        "type": "Point",
        "coordinates": [
          0.9033143,
          45.9085717
        ]
      },
      "properties": {
        "id": 13040062750,
        "osm_type": "node"
      }
    },
    {
      "type": "Feature",
      "geometry": {
        "type": "Point",
        "coordinates": [
          -0.3632932,
          45.5314469
        ]
      },
      "properties": {
        "id": 13040983402,
        "osm_type": "node"
      }
    },
    {
      "type": "Feature",
      "geometry": {
        "type": "Point",
        "coordinates": [
          -0.5336872,
          44.823252
        ]
      },
      "properties": {
        "id": 13046312648,
        "osm_type": "node"
      }
    },
    {
      "type": "Feature",
      "geometry": {
        "type": "Point",
        "coordinates": [
          -0.5919179,
          44.8481889
        ]
      },
      "properties": {
        "id": 13046372549,
        "osm_type": "node",
        "access": "yes",
        "fee": "no"
      }
    },
    {
      "type": "Feature",
      "geometry": {
        "type": "Point",
        "coordinates": [
          0.4906292,
          44.7941585
        ]
      },
      "properties": {
        "id": 13046533201,
        "osm_type": "node"
      }
    },
    {
      "type": "Feature",
      "geometry": {
        "type": "Point",
        "coordinates": [
          -1.3214183,
          44.0905734
        ]
      },
      "properties": {
        "id": 13047999887,
        "osm_type": "node"
      }
    },
    {
      "type": "Feature",
      "geometry": {
        "type": "Point",
        "coordinates": [
          -1.3984469,
          43.7980259
        ]
      },
      "properties": {
        "id": 13048818354,
        "osm_type": "node"
      }
    },
    {
      "type": "Feature",
      "geometry": {
        "type": "Point",
        "coordinates": [
          -1.4467383,
          43.6356537
        ]
      },
      "properties": {
        "id": 13049839281,
        "osm_type": "node"
      }
    },
    {
      "type": "Feature",
      "geometry": {
        "type": "Point",
        "coordinates": [
          -0.3635903,
          43.3019248
        ]
      },
      "properties": {
        "id": 13050503593,
        "osm_type": "node",
        "access": "yes",
        "fee": "no",
        "operator": "Pau"
      }
    },
    {
      "type": "Feature",
      "geometry": {
        "type": "Point",
        "coordinates": [
          0.1162849,
          46.5393106
        ]
      },
      "properties": {
        "id": 13055717262,
        "osm_type": "node",
        "access": "yes"
      }
    },
    {
      "type": "Feature",
      "geometry": {
        "type": "Point",
        "coordinates": [
          -0.8661839,
          44.5501937
        ]
      },
      "properties": {
        "id": 13055970599,
        "osm_type": "node"
      }
    },
    {
      "type": "Feature",
      "geometry": {
        "type": "Point",
        "coordinates": [
          0.3620159,
          46.4592827
        ]
      },
      "properties": {
        "id": 13056336591,
        "osm_type": "node",
        "access": "yes",
        "fee": "no"
      }
    },
    {
      "type": "Feature",
      "geometry": {
        "type": "Point",
        "coordinates": [
          -1.2559546,
          44.4422532
        ]
      },
      "properties": {
        "id": 13057584426,
        "osm_type": "node"
      }
    },
    {
      "type": "Feature",
      "geometry": {
        "type": "Point",
        "coordinates": [
          -0.5415289,
          43.3582295
        ]
      },
      "properties": {
        "id": 13057977632,
        "osm_type": "node"
      }
    },
    {
      "type": "Feature",
      "geometry": {
        "type": "Point",
        "coordinates": [
          0.3677788,
          46.6678332
        ]
      },
      "properties": {
        "id": 13058007203,
        "osm_type": "node"
      }
    },
    {
      "type": "Feature",
      "geometry": {
        "type": "Point",
        "coordinates": [
          -1.3401664,
          44.0388461
        ]
      },
      "properties": {
        "id": 13060042883,
        "osm_type": "node"
      }
    },
    {
      "type": "Feature",
      "geometry": {
        "type": "Point",
        "coordinates": [
          -0.331682,
          45.6985467
        ]
      },
      "properties": {
        "id": 13061479736,
        "osm_type": "node"
      }
    },
    {
      "type": "Feature",
      "geometry": {
        "type": "Point",
        "coordinates": [
          1.0509447,
          45.3367477
        ]
      },
      "properties": {
        "id": 13063382501,
        "osm_type": "node"
      }
    },
    {
      "type": "Feature",
      "geometry": {
        "type": "Point",
        "coordinates": [
          -1.5800273,
          43.31279
        ]
      },
      "properties": {
        "id": 13063460501,
        "osm_type": "node"
      }
    },
    {
      "type": "Feature",
      "geometry": {
        "type": "Point",
        "coordinates": [
          1.1668372,
          46.2149979
        ]
      },
      "properties": {
        "id": 13063655566,
        "osm_type": "node"
      }
    },
    {
      "type": "Feature",
      "geometry": {
        "type": "Point",
        "coordinates": [
          -0.8479948,
          45.8047195
        ]
      },
      "properties": {
        "id": 13063715531,
        "osm_type": "node",
        "indoor": "no"
      }
    },
    {
      "type": "Feature",
      "geometry": {
        "type": "Point",
        "coordinates": [
          -0.9217894,
          43.466544
        ]
      },
      "properties": {
        "id": 13065790802,
        "osm_type": "node"
      }
    },
    {
      "type": "Feature",
      "geometry": {
        "type": "Point",
        "coordinates": [
          -0.4964288,
          45.6992247
        ]
      },
      "properties": {
        "id": 13069267918,
        "osm_type": "node",
        "access": "yes"
      }
    },
    {
      "type": "Feature",
      "geometry": {
        "type": "Point",
        "coordinates": [
          -1.3460614,
          43.2693279
        ]
      },
      "properties": {
        "id": 13070900095,
        "osm_type": "node"
      }
    },
    {
      "type": "Feature",
      "geometry": {
        "type": "Point",
        "coordinates": [
          0.8183431,
          45.5438992
        ]
      },
      "properties": {
        "id": 13072210101,
        "osm_type": "node"
      }
    },
    {
      "type": "Feature",
      "geometry": {
        "type": "Point",
        "coordinates": [
          -0.3710172,
          43.3123889
        ]
      },
      "properties": {
        "id": 13073177237,
        "osm_type": "node",
        "access": "yes",
        "fee": "no",
        "operator": "Pau"
      }
    },
    {
      "type": "Feature",
      "geometry": {
        "type": "Point",
        "coordinates": [
          -0.2484243,
          44.912671
        ]
      },
      "properties": {
        "id": 13075630724,
        "osm_type": "node"
      }
    },
    {
      "type": "Feature",
      "geometry": {
        "type": "Point",
        "coordinates": [
          -0.2484125,
          44.9126685
        ]
      },
      "properties": {
        "id": 13075663311,
        "osm_type": "node"
      }
    },
    {
      "type": "Feature",
      "geometry": {
        "type": "Point",
        "coordinates": [
          0.5233964,
          44.1049966
        ]
      },
      "properties": {
        "id": 13075937401,
        "osm_type": "node"
      }
    },
    {
      "type": "Feature",
      "geometry": {
        "type": "Point",
        "coordinates": [
          1.6250497,
          45.798394
        ]
      },
      "properties": {
        "id": 13077799062,
        "osm_type": "node",
        "fee": "no"
      }
    },
    {
      "type": "Feature",
      "geometry": {
        "type": "Point",
        "coordinates": [
          1.6250646,
          45.7984004
        ]
      },
      "properties": {
        "id": 13077799063,
        "osm_type": "node",
        "fee": "no",
        "indoor": "no"
      }
    },
    {
      "type": "Feature",
      "geometry": {
        "type": "Point",
        "coordinates": [
          -0.529376,
          44.7556017
        ]
      },
      "properties": {
        "id": 13078183134,
        "osm_type": "node",
        "access": "yes",
        "fee": "no"
      }
    },
    {
      "type": "Feature",
      "geometry": {
        "type": "Point",
        "coordinates": [
          0.2958454,
          46.1480663
        ]
      },
      "properties": {
        "id": 13078216135,
        "osm_type": "node"
      }
    },
    {
      "type": "Feature",
      "geometry": {
        "type": "Point",
        "coordinates": [
          -0.5471969,
          45.5789241
        ]
      },
      "properties": {
        "id": 13078573730,
        "osm_type": "node"
      }
    },
    {
      "type": "Feature",
      "geometry": {
        "type": "Point",
        "coordinates": [
          1.9074517,
          45.0815031
        ]
      },
      "properties": {
        "id": 13081357619,
        "osm_type": "node"
      }
    },
    {
      "type": "Feature",
      "geometry": {
        "type": "Point",
        "coordinates": [
          1.9091158,
          45.0820612
        ]
      },
      "properties": {
        "id": 13081370667,
        "osm_type": "node"
      }
    },
    {
      "type": "Feature",
      "geometry": {
        "type": "Point",
        "coordinates": [
          -0.6398534,
          44.4924684
        ]
      },
      "properties": {
        "id": 13081632486,
        "osm_type": "node"
      }
    },
    {
      "type": "Feature",
      "geometry": {
        "type": "Point",
        "coordinates": [
          -0.4365444,
          43.1088402
        ]
      },
      "properties": {
        "id": 13084158867,
        "osm_type": "node"
      }
    },
    {
      "type": "Feature",
      "geometry": {
        "type": "Point",
        "coordinates": [
          -1.1423181,
          45.0702798
        ]
      },
      "properties": {
        "id": 13084298401,
        "osm_type": "node"
      }
    },
    {
      "type": "Feature",
      "geometry": {
        "type": "Point",
        "coordinates": [
          -1.2557956,
          44.4458943
        ]
      },
      "properties": {
        "id": 13084298501,
        "osm_type": "node"
      }
    },
    {
      "type": "Feature",
      "geometry": {
        "type": "Point",
        "coordinates": [
          1.7424171,
          45.001446
        ]
      },
      "properties": {
        "id": 13087170945,
        "osm_type": "node"
      }
    },
    {
      "type": "Feature",
      "geometry": {
        "type": "Point",
        "coordinates": [
          -0.5697622,
          44.8437753
        ]
      },
      "properties": {
        "id": 13089208159,
        "osm_type": "node"
      }
    },
    {
      "type": "Feature",
      "geometry": {
        "type": "Point",
        "coordinates": [
          1.8379234,
          44.9793061
        ]
      },
      "properties": {
        "id": 13092861724,
        "osm_type": "node"
      }
    },
    {
      "type": "Feature",
      "geometry": {
        "type": "Point",
        "coordinates": [
          -0.0367094,
          44.5821867
        ]
      },
      "properties": {
        "id": 13092921673,
        "osm_type": "node",
        "fee": "no",
        "indoor": "no"
      }
    },
    {
      "type": "Feature",
      "geometry": {
        "type": "Point",
        "coordinates": [
          -0.035959,
          44.5815634
        ]
      },
      "properties": {
        "id": 13092921674,
        "osm_type": "node",
        "fee": "no",
        "indoor": "no"
      }
    },
    {
      "type": "Feature",
      "geometry": {
        "type": "Point",
        "coordinates": [
          -0.6026042,
          45.893
        ]
      },
      "properties": {
        "id": 13092926713,
        "osm_type": "node",
        "access": "yes"
      }
    },
    {
      "type": "Feature",
      "geometry": {
        "type": "Point",
        "coordinates": [
          -1.4277075,
          43.6499735
        ]
      },
      "properties": {
        "id": 13098365801,
        "osm_type": "node"
      }
    },
    {
      "type": "Feature",
      "geometry": {
        "type": "Point",
        "coordinates": [
          -1.0534278,
          44.7138333
        ]
      },
      "properties": {
        "id": 13098427320,
        "osm_type": "node",
        "access": "yes",
        "fee": "no"
      }
    },
    {
      "type": "Feature",
      "geometry": {
        "type": "Point",
        "coordinates": [
          -1.117943,
          46.1307005
        ]
      },
      "properties": {
        "id": 13098468815,
        "osm_type": "node"
      }
    },
    {
      "type": "Feature",
      "geometry": {
        "type": "Point",
        "coordinates": [
          -0.3718273,
          43.2978267
        ]
      },
      "properties": {
        "id": 13099020422,
        "osm_type": "node",
        "access": "yes",
        "fee": "no",
        "operator": "Pau"
      }
    },
    {
      "type": "Feature",
      "geometry": {
        "type": "Point",
        "coordinates": [
          2.1464016,
          45.5363152
        ]
      },
      "properties": {
        "id": 13100356686,
        "osm_type": "node"
      }
    },
    {
      "type": "Feature",
      "geometry": {
        "type": "Point",
        "coordinates": [
          1.8071767,
          45.1863368
        ]
      },
      "properties": {
        "id": 13101597530,
        "osm_type": "node",
        "name": "Point d'eau"
      }
    },
    {
      "type": "Feature",
      "geometry": {
        "type": "Point",
        "coordinates": [
          -1.4276788,
          43.6505476
        ]
      },
      "properties": {
        "id": 13103988401,
        "osm_type": "node"
      }
    },
    {
      "type": "Feature",
      "geometry": {
        "type": "Point",
        "coordinates": [
          -0.7471037,
          44.8921517
        ]
      },
      "properties": {
        "id": 13104477179,
        "osm_type": "node",
        "access": "yes",
        "fee": "no"
      }
    },
    {
      "type": "Feature",
      "geometry": {
        "type": "Point",
        "coordinates": [
          -1.1868764,
          45.0847716
        ]
      },
      "properties": {
        "id": 13105543501,
        "osm_type": "node"
      }
    },
    {
      "type": "Feature",
      "geometry": {
        "type": "Point",
        "coordinates": [
          -0.7496692,
          44.893513
        ]
      },
      "properties": {
        "id": 13105791535,
        "osm_type": "node",
        "fee": "no"
      }
    },
    {
      "type": "Feature",
      "geometry": {
        "type": "Point",
        "coordinates": [
          -0.3900308,
          43.3110076
        ]
      },
      "properties": {
        "id": 13110841324,
        "osm_type": "node",
        "access": "yes",
        "fee": "no"
      }
    },
    {
      "type": "Feature",
      "geometry": {
        "type": "Point",
        "coordinates": [
          -0.0933212,
          45.5263947
        ]
      },
      "properties": {
        "id": 13111914422,
        "osm_type": "node"
      }
    },
    {
      "type": "Feature",
      "geometry": {
        "type": "Point",
        "coordinates": [
          1.2740797,
          44.9639351
        ]
      },
      "properties": {
        "id": 13113021440,
        "osm_type": "node"
      }
    },
    {
      "type": "Feature",
      "geometry": {
        "type": "Point",
        "coordinates": [
          0.5175515,
          44.3797766
        ]
      },
      "properties": {
        "id": 13119579589,
        "osm_type": "node",
        "indoor": "no"
      }
    },
    {
      "type": "Feature",
      "geometry": {
        "type": "Point",
        "coordinates": [
          -0.1157447,
          44.5497027
        ]
      },
      "properties": {
        "id": 13121786714,
        "osm_type": "node"
      }
    },
    {
      "type": "Feature",
      "geometry": {
        "type": "Point",
        "coordinates": [
          -1.39702,
          46.1797362
        ]
      },
      "properties": {
        "id": 13123498014,
        "osm_type": "node",
        "access": "yes",
        "fee": "no"
      }
    },
    {
      "type": "Feature",
      "geometry": {
        "type": "Point",
        "coordinates": [
          -1.1559007,
          43.0782634
        ]
      },
      "properties": {
        "id": 13124513301,
        "osm_type": "node",
        "name": "Iturranburuko borda robinet eau potable."
      }
    },
    {
      "type": "Feature",
      "geometry": {
        "type": "Point",
        "coordinates": [
          -1.1359672,
          43.0558386
        ]
      },
      "properties": {
        "id": 13124809801,
        "osm_type": "node",
        "name": "Robinet derrière maison"
      }
    },
    {
      "type": "Feature",
      "geometry": {
        "type": "Point",
        "coordinates": [
          -0.5305762,
          44.8253486
        ]
      },
      "properties": {
        "id": 13128640176,
        "osm_type": "node"
      }
    },
    {
      "type": "Feature",
      "geometry": {
        "type": "Point",
        "coordinates": [
          -1.6383954,
          43.4080738
        ]
      },
      "properties": {
        "id": 13130894643,
        "osm_type": "node"
      }
    },
    {
      "type": "Feature",
      "geometry": {
        "type": "Point",
        "coordinates": [
          -1.638246,
          43.4081661
        ]
      },
      "properties": {
        "id": 13130894644,
        "osm_type": "node"
      }
    },
    {
      "type": "Feature",
      "geometry": {
        "type": "Point",
        "coordinates": [
          -1.6380376,
          43.4082776
        ]
      },
      "properties": {
        "id": 13130894645,
        "osm_type": "node"
      }
    },
    {
      "type": "Feature",
      "geometry": {
        "type": "Point",
        "coordinates": [
          -1.6377754,
          43.408316
        ]
      },
      "properties": {
        "id": 13130894646,
        "osm_type": "node"
      }
    },
    {
      "type": "Feature",
      "geometry": {
        "type": "Point",
        "coordinates": [
          -1.6376301,
          43.4081735
        ]
      },
      "properties": {
        "id": 13130894647,
        "osm_type": "node"
      }
    },
    {
      "type": "Feature",
      "geometry": {
        "type": "Point",
        "coordinates": [
          -1.6381789,
          43.4079025
        ]
      },
      "properties": {
        "id": 13130894648,
        "osm_type": "node"
      }
    },
    {
      "type": "Feature",
      "geometry": {
        "type": "Point",
        "coordinates": [
          -1.6380051,
          43.4080162
        ]
      },
      "properties": {
        "id": 13130894649,
        "osm_type": "node"
      }
    },
    {
      "type": "Feature",
      "geometry": {
        "type": "Point",
        "coordinates": [
          -1.6378771,
          43.4081004
        ]
      },
      "properties": {
        "id": 13130894650,
        "osm_type": "node"
      }
    },
    {
      "type": "Feature",
      "geometry": {
        "type": "Point",
        "coordinates": [
          -1.6378557,
          43.4080761
        ]
      },
      "properties": {
        "id": 13130894651,
        "osm_type": "node"
      }
    },
    {
      "type": "Feature",
      "geometry": {
        "type": "Point",
        "coordinates": [
          -1.6379767,
          43.4079971
        ]
      },
      "properties": {
        "id": 13130894652,
        "osm_type": "node"
      }
    },
    {
      "type": "Feature",
      "geometry": {
        "type": "Point",
        "coordinates": [
          -1.6381627,
          43.4078819
        ]
      },
      "properties": {
        "id": 13130894653,
        "osm_type": "node"
      }
    },
    {
      "type": "Feature",
      "geometry": {
        "type": "Point",
        "coordinates": [
          -1.637749,
          43.4079579
        ]
      },
      "properties": {
        "id": 13130894654,
        "osm_type": "node"
      }
    },
    {
      "type": "Feature",
      "geometry": {
        "type": "Point",
        "coordinates": [
          -1.6378882,
          43.4078708
        ]
      },
      "properties": {
        "id": 13130894655,
        "osm_type": "node"
      }
    },
    {
      "type": "Feature",
      "geometry": {
        "type": "Point",
        "coordinates": [
          -1.6380041,
          43.4077837
        ]
      },
      "properties": {
        "id": 13130894656,
        "osm_type": "node"
      }
    },
    {
      "type": "Feature",
      "geometry": {
        "type": "Point",
        "coordinates": [
          -1.637564,
          43.4076286
        ]
      },
      "properties": {
        "id": 13130894657,
        "osm_type": "node"
      }
    },
    {
      "type": "Feature",
      "geometry": {
        "type": "Point",
        "coordinates": [
          -1.6373892,
          43.4076485
        ]
      },
      "properties": {
        "id": 13130894658,
        "osm_type": "node"
      }
    },
    {
      "type": "Feature",
      "geometry": {
        "type": "Point",
        "coordinates": [
          -1.6372398,
          43.4071952
        ]
      },
      "properties": {
        "id": 13130894659,
        "osm_type": "node"
      }
    },
    {
      "type": "Feature",
      "geometry": {
        "type": "Point",
        "coordinates": [
          0.711817,
          45.1883225
        ]
      },
      "properties": {
        "id": 13131136938,
        "osm_type": "node"
      }
    },
    {
      "type": "Feature",
      "geometry": {
        "type": "Point",
        "coordinates": [
          0.7115243,
          45.1883887
        ]
      },
      "properties": {
        "id": 13131136939,
        "osm_type": "node"
      }
    },
    {
      "type": "Feature",
      "geometry": {
        "type": "Point",
        "coordinates": [
          0.494502,
          44.3998589
        ]
      },
      "properties": {
        "id": 13133897786,
        "osm_type": "node",
        "indoor": "no"
      }
    },
    {
      "type": "Feature",
      "geometry": {
        "type": "Point",
        "coordinates": [
          -0.5548496,
          44.8384953
        ]
      },
      "properties": {
        "id": 13143137869,
        "osm_type": "node"
      }
    },
    {
      "type": "Feature",
      "geometry": {
        "type": "Point",
        "coordinates": [
          -0.5613842,
          44.8506699
        ]
      },
      "properties": {
        "id": 13146022102,
        "osm_type": "node"
      }
    },
    {
      "type": "Feature",
      "geometry": {
        "type": "Point",
        "coordinates": [
          -0.0655034,
          44.7453072
        ]
      },
      "properties": {
        "id": 13155709408,
        "osm_type": "node",
        "name": "Eau potable"
      }
    },
    {
      "type": "Feature",
      "geometry": {
        "type": "Point",
        "coordinates": [
          -1.561646,
          43.4823163
        ]
      },
      "properties": {
        "id": 13155823067,
        "osm_type": "node"
      }
    },
    {
      "type": "Feature",
      "geometry": {
        "type": "Point",
        "coordinates": [
          -0.5889465,
          44.8383673
        ]
      },
      "properties": {
        "id": 13169409040,
        "osm_type": "node",
        "access": "yes",
        "fee": "no",
        "indoor": "no"
      }
    },
    {
      "type": "Feature",
      "geometry": {
        "type": "Point",
        "coordinates": [
          -0.5935335,
          44.8416305
        ]
      },
      "properties": {
        "id": 13169546923,
        "osm_type": "node",
        "access": "yes",
        "fee": "no"
      }
    },
    {
      "type": "Feature",
      "geometry": {
        "type": "Point",
        "coordinates": [
          -0.5283371,
          44.7967262
        ]
      },
      "properties": {
        "id": 13171597370,
        "osm_type": "node"
      }
    },
    {
      "type": "Feature",
      "geometry": {
        "type": "Point",
        "coordinates": [
          -0.5281513,
          44.7957816
        ]
      },
      "properties": {
        "id": 13171625390,
        "osm_type": "node"
      }
    },
    {
      "type": "Feature",
      "geometry": {
        "type": "Point",
        "coordinates": [
          -0.5278123,
          44.794771
        ]
      },
      "properties": {
        "id": 13171626475,
        "osm_type": "node"
      }
    },
    {
      "type": "Feature",
      "geometry": {
        "type": "Point",
        "coordinates": [
          -0.5275573,
          44.7931717
        ]
      },
      "properties": {
        "id": 13171675816,
        "osm_type": "node"
      }
    },
    {
      "type": "Feature",
      "geometry": {
        "type": "Point",
        "coordinates": [
          -0.6031216,
          44.8160079
        ]
      },
      "properties": {
        "id": 13175024488,
        "osm_type": "node"
      }
    },
    {
      "type": "Feature",
      "geometry": {
        "type": "Point",
        "coordinates": [
          -0.6004142,
          44.8154541
        ]
      },
      "properties": {
        "id": 13183742719,
        "osm_type": "node"
      }
    },
    {
      "type": "Feature",
      "geometry": {
        "type": "Point",
        "coordinates": [
          -0.5951514,
          44.8484469
        ]
      },
      "properties": {
        "id": 13184453824,
        "osm_type": "node",
        "access": "yes",
        "fee": "no"
      }
    },
    {
      "type": "Feature",
      "geometry": {
        "type": "Point",
        "coordinates": [
          -1.1725055,
          44.6635941
        ]
      },
      "properties": {
        "id": 13186337260,
        "osm_type": "node"
      }
    },
    {
      "type": "Feature",
      "geometry": {
        "type": "Point",
        "coordinates": [
          2.2147147,
          46.3483115
        ]
      },
      "properties": {
        "id": 13186516994,
        "osm_type": "node"
      }
    },
    {
      "type": "Feature",
      "geometry": {
        "type": "Point",
        "coordinates": [
          -0.7872304,
          44.5002632
        ]
      },
      "properties": {
        "id": 13189285116,
        "osm_type": "node"
      }
    },
    {
      "type": "Feature",
      "geometry": {
        "type": "Point",
        "coordinates": [
          2.2306812,
          46.350657
        ]
      },
      "properties": {
        "id": 13190252612,
        "osm_type": "node"
      }
    },
    {
      "type": "Feature",
      "geometry": {
        "type": "Point",
        "coordinates": [
          2.2306798,
          46.3508261
        ]
      },
      "properties": {
        "id": 13190252614,
        "osm_type": "node"
      }
    },
    {
      "type": "Feature",
      "geometry": {
        "type": "Point",
        "coordinates": [
          -0.5857934,
          44.8550807
        ]
      },
      "properties": {
        "id": 13195741485,
        "osm_type": "node",
        "access": "yes",
        "fee": "no"
      }
    },
    {
      "type": "Feature",
      "geometry": {
        "type": "Point",
        "coordinates": [
          -1.4591143,
          43.4954534
        ]
      },
      "properties": {
        "id": 13201276814,
        "osm_type": "node"
      }
    },
    {
      "type": "Feature",
      "geometry": {
        "type": "Point",
        "coordinates": [
          1.2157986,
          44.8912924
        ]
      },
      "properties": {
        "id": 13205392921,
        "osm_type": "node"
      }
    },
    {
      "type": "Feature",
      "geometry": {
        "type": "Point",
        "coordinates": [
          0.9486173,
          44.8121076
        ]
      },
      "properties": {
        "id": 13206506794,
        "osm_type": "node"
      }
    },
    {
      "type": "Feature",
      "geometry": {
        "type": "Point",
        "coordinates": [
          -1.6837929,
          43.3899969
        ]
      },
      "properties": {
        "id": 13228022101,
        "osm_type": "node"
      }
    },
    {
      "type": "Feature",
      "geometry": {
        "type": "Point",
        "coordinates": [
          -1.6848931,
          43.3899672
        ]
      },
      "properties": {
        "id": 13228022102,
        "osm_type": "node"
      }
    },
    {
      "type": "Feature",
      "geometry": {
        "type": "Point",
        "coordinates": [
          -1.3698205,
          43.6031383
        ]
      },
      "properties": {
        "id": 13240785602,
        "osm_type": "node",
        "opening_hours": "24/7",
        "fee": "no",
        "seasonal": "no"
      }
    },
    {
      "type": "Feature",
      "geometry": {
        "type": "Point",
        "coordinates": [
          -0.501119,
          44.821181
        ]
      },
      "properties": {
        "id": 13243354637,
        "osm_type": "node"
      }
    },
    {
      "type": "Feature",
      "geometry": {
        "type": "Point",
        "coordinates": [
          -1.5253744,
          43.4827138
        ]
      },
      "properties": {
        "id": 13246056736,
        "osm_type": "node",
        "access": "yes",
        "fee": "no",
        "operator": "Ville d'Anglet"
      }
    },
    {
      "type": "Feature",
      "geometry": {
        "type": "Point",
        "coordinates": [
          -1.5240385,
          43.4835478
        ]
      },
      "properties": {
        "id": 13249399026,
        "osm_type": "node",
        "access": "yes",
        "fee": "no",
        "operator": "Ville d'Anglet"
      }
    },
    {
      "type": "Feature",
      "geometry": {
        "type": "Point",
        "coordinates": [
          0.2839464,
          45.9279152
        ]
      },
      "properties": {
        "id": 13251341526,
        "osm_type": "node",
        "access": "permissive",
        "fee": "no"
      }
    },
    {
      "type": "Feature",
      "geometry": {
        "type": "Point",
        "coordinates": [
          -1.4784084,
          43.4908617
        ]
      },
      "properties": {
        "id": 13254416015,
        "osm_type": "node",
        "opening_hours": "24/7",
        "fee": "no",
        "seasonal": "no"
      }
    },
    {
      "type": "Feature",
      "geometry": {
        "type": "Point",
        "coordinates": [
          -0.3629518,
          43.3020285
        ]
      },
      "properties": {
        "id": 13255723733,
        "osm_type": "node",
        "access": "yes",
        "fee": "no",
        "operator": "Pau"
      }
    },
    {
      "type": "Feature",
      "geometry": {
        "type": "Point",
        "coordinates": [
          0.496418,
          45.2538189
        ]
      },
      "properties": {
        "id": 13260928416,
        "osm_type": "node"
      }
    },
    {
      "type": "Feature",
      "geometry": {
        "type": "Point",
        "coordinates": [
          -1.1441584,
          43.8811094
        ]
      },
      "properties": {
        "id": 13261292563,
        "osm_type": "node",
        "fee": "no",
        "indoor": "no"
      }
    },
    {
      "type": "Feature",
      "geometry": {
        "type": "Point",
        "coordinates": [
          -0.3960758,
          43.2998767
        ]
      },
      "properties": {
        "id": 13275398513,
        "osm_type": "node",
        "access": "yes",
        "fee": "no",
        "operator": "Billère"
      }
    },
    {
      "type": "Feature",
      "geometry": {
        "type": "Point",
        "coordinates": [
          -0.3852285,
          43.2282702
        ]
      },
      "properties": {
        "id": 13297072901,
        "osm_type": "node"
      }
    },
    {
      "type": "Feature",
      "geometry": {
        "type": "Point",
        "coordinates": [
          -0.4330051,
          44.6220906
        ]
      },
      "properties": {
        "id": 13299803212,
        "osm_type": "node"
      }
    },
    {
      "type": "Feature",
      "geometry": {
        "type": "Point",
        "coordinates": [
          -0.5562169,
          44.8699403
        ]
      },
      "properties": {
        "id": 13306438772,
        "osm_type": "node",
        "access": "yes",
        "fee": "no"
      }
    },
    {
      "type": "Feature",
      "geometry": {
        "type": "Point",
        "coordinates": [
          -0.5562593,
          44.8697134
        ]
      },
      "properties": {
        "id": 13306506667,
        "osm_type": "node",
        "access": "yes",
        "fee": "no"
      }
    },
    {
      "type": "Feature",
      "geometry": {
        "type": "Point",
        "coordinates": [
          0.9928808,
          45.341902
        ]
      },
      "properties": {
        "id": 13311255727,
        "osm_type": "node"
      }
    },
    {
      "type": "Feature",
      "geometry": {
        "type": "Point",
        "coordinates": [
          -1.2883521,
          43.6773768
        ]
      },
      "properties": {
        "id": 13330336223,
        "osm_type": "node"
      }
    },
    {
      "type": "Feature",
      "geometry": {
        "type": "Point",
        "coordinates": [
          -1.567627,
          43.4754445
        ]
      },
      "properties": {
        "id": 13343099392,
        "osm_type": "node"
      }
    },
    {
      "type": "Feature",
      "geometry": {
        "type": "Point",
        "coordinates": [
          -0.5449178,
          44.8490433
        ]
      },
      "properties": {
        "id": 13369876985,
        "osm_type": "node"
      }
    },
    {
      "type": "Feature",
      "geometry": {
        "type": "Point",
        "coordinates": [
          -0.3761607,
          43.3348916
        ]
      },
      "properties": {
        "id": 13373763392,
        "osm_type": "node",
        "access": "yes",
        "fee": "no",
        "operator": "Pau"
      }
    },
    {
      "type": "Feature",
      "geometry": {
        "type": "Point",
        "coordinates": [
          0.1662018,
          44.4988029
        ]
      },
      "properties": {
        "id": 13374209392,
        "osm_type": "node",
        "access": "yes",
        "fee": "no"
      }
    },
    {
      "type": "Feature",
      "geometry": {
        "type": "Point",
        "coordinates": [
          0.5088164,
          44.2881623
        ]
      },
      "properties": {
        "id": 13376286198,
        "osm_type": "node"
      }
    },
    {
      "type": "Feature",
      "geometry": {
        "type": "Point",
        "coordinates": [
          -0.6780927,
          45.7467138
        ]
      },
      "properties": {
        "id": 13383827858,
        "osm_type": "node"
      }
    },
    {
      "type": "Feature",
      "geometry": {
        "type": "Point",
        "coordinates": [
          -0.5542264,
          44.8625243
        ]
      },
      "properties": {
        "id": 13397732679,
        "osm_type": "node"
      }
    },
    {
      "type": "Feature",
      "geometry": {
        "type": "Point",
        "coordinates": [
          -0.2348692,
          44.9129356
        ]
      },
      "properties": {
        "id": 13410568652,
        "osm_type": "node"
      }
    },
    {
      "type": "Feature",
      "geometry": {
        "type": "Point",
        "coordinates": [
          -1.1390665,
          45.7676636
        ]
      },
      "properties": {
        "id": 13428864670,
        "osm_type": "node"
      }
    },
    {
      "type": "Feature",
      "geometry": {
        "type": "Point",
        "coordinates": [
          0.4842325,
          44.8504453
        ]
      },
      "properties": {
        "id": 13477326652,
        "osm_type": "node"
      }
    },
    {
      "type": "Feature",
      "geometry": {
        "type": "Point",
        "coordinates": [
          -0.0231614,
          44.5619366
        ]
      },
      "properties": {
        "id": 13514132770,
        "osm_type": "node",
        "access": "yes",
        "fee": "no",
        "operator": "Commune de Fontet"
      }
    },
    {
      "type": "Feature",
      "geometry": {
        "type": "Point",
        "coordinates": [
          -0.5494599,
          44.8736523
        ]
      },
      "properties": {
        "id": 13526085659,
        "osm_type": "node",
        "fee": "no",
        "indoor": "no"
      }
    },
    {
      "type": "Feature",
      "geometry": {
        "type": "Point",
        "coordinates": [
          -1.147071,
          46.15286
        ]
      },
      "properties": {
        "id": 13570590116,
        "osm_type": "node",
        "name": "Parc de la Gare"
      }
    },
    {
      "type": "Feature",
      "geometry": {
        "type": "Point",
        "coordinates": [
          -1.160456,
          46.158264
        ]
      },
      "properties": {
        "id": 13570590117,
        "osm_type": "node",
        "name": "Parc Animalier"
      }
    },
    {
      "type": "Feature",
      "geometry": {
        "type": "Point",
        "coordinates": [
          -1.153759,
          46.157065
        ]
      },
      "properties": {
        "id": 13570590118,
        "osm_type": "node",
        "name": "Cour des Dames"
      }
    },
    {
      "type": "Feature",
      "geometry": {
        "type": "Point",
        "coordinates": [
          -1.149946,
          46.158258
        ]
      },
      "properties": {
        "id": 13570590119,
        "osm_type": "node",
        "name": "Rue Saint-Nicolas"
      }
    },
    {
      "type": "Feature",
      "geometry": {
        "type": "Point",
        "coordinates": [
          -1.123933,
          46.166534
        ]
      },
      "properties": {
        "id": 13570590120,
        "osm_type": "node",
        "name": "PILATRE DE ROZIER"
      }
    },
    {
      "type": "Feature",
      "geometry": {
        "type": "Point",
        "coordinates": [
          -1.121623,
          46.150892
        ]
      },
      "properties": {
        "id": 13570590121,
        "osm_type": "node",
        "name": "RUE MIRABEAU"
      }
    },
    {
      "type": "Feature",
      "geometry": {
        "type": "Point",
        "coordinates": [
          -1.152816,
          46.155117
        ]
      },
      "properties": {
        "id": 13570590122,
        "osm_type": "node",
        "name": "Rue de l'Armide"
      }
    },
    {
      "type": "Feature",
      "geometry": {
        "type": "Point",
        "coordinates": [
          -1.208656,
          46.147659
        ]
      },
      "properties": {
        "id": 13570590123,
        "osm_type": "node",
        "name": "PLAGE CHEF DE BAIE"
      }
    },
    {
      "type": "Feature",
      "geometry": {
        "type": "Point",
        "coordinates": [
          -1.17125,
          46.155576
        ]
      },
      "properties": {
        "id": 13570590124,
        "osm_type": "node",
        "name": "Parc Franck Delmas"
      }
    },
    {
      "type": "Feature",
      "geometry": {
        "type": "Point",
        "coordinates": [
          -1.205478,
          46.165749
        ]
      },
      "properties": {
        "id": 13570590125,
        "osm_type": "node",
        "name": "PARC DU BOIS FLEURI"
      }
    },
    {
      "type": "Feature",
      "geometry": {
        "type": "Point",
        "coordinates": [
          -1.201666,
          46.16709
        ]
      },
      "properties": {
        "id": 13570590126,
        "osm_type": "node",
        "name": "PARC DE LALEU"
      }
    },
    {
      "type": "Feature",
      "geometry": {
        "type": "Point",
        "coordinates": [
          -1.15869,
          46.152493
        ]
      },
      "properties": {
        "id": 13570590127,
        "osm_type": "node",
        "name": "Allée des Tamaris"
      }
    },
    {
      "type": "Feature",
      "geometry": {
        "type": "Point",
        "coordinates": [
          -1.147945,
          46.143116
        ]
      },
      "properties": {
        "id": 13570590128,
        "osm_type": "node",
        "name": "CENTRE SOCIAL DE TASDON"
      }
    },
    {
      "type": "Feature",
      "geometry": {
        "type": "Point",
        "coordinates": [
          -1.170793,
          46.141184
        ]
      },
      "properties": {
        "id": 13570590129,
        "osm_type": "node",
        "name": "PARVIS DES MINIMES"
      }
    },
    {
      "type": "Feature",
      "geometry": {
        "type": "Point",
        "coordinates": [
          -1.161039,
          46.155576
        ]
      },
      "properties": {
        "id": 13570590130,
        "osm_type": "node",
        "name": "Promenade de la Concurrence"
      }
    },
    {
      "type": "Feature",
      "geometry": {
        "type": "Point",
        "coordinates": [
          -1.5149652,
          43.5244115
        ]
      },
      "properties": {
        "id": 13584824987,
        "osm_type": "node",
        "access": "yes",
        "fee": "no",
        "seasonal": "no",
        "operator": "Ville d'Anglet"
      }
    },
    {
      "type": "Feature",
      "geometry": {
        "type": "Point",
        "coordinates": [
          -1.3485967,
          46.0152308
        ]
      },
      "properties": {
        "id": 13590711143,
        "osm_type": "node"
      }
    },
    {
      "type": "Feature",
      "geometry": {
        "type": "Point",
        "coordinates": [
          0.1546041,
          44.8477688
        ]
      },
      "properties": {
        "id": 13607535332,
        "osm_type": "node"
      }
    },
    {
      "type": "Feature",
      "geometry": {
        "type": "Point",
        "coordinates": [
          -0.9306757,
          43.5672631
        ]
      },
      "properties": {
        "id": 13611204078,
        "osm_type": "node",
        "access": "yes"
      }
    },
    {
      "type": "Feature",
      "geometry": {
        "type": "Point",
        "coordinates": [
          -0.5643739,
          44.8344556
        ]
      },
      "properties": {
        "id": 13614822686,
        "osm_type": "node"
      }
    },
    {
      "type": "Feature",
      "geometry": {
        "type": "Point",
        "coordinates": [
          -0.3562968,
          43.3055835
        ]
      },
      "properties": {
        "id": 13623279707,
        "osm_type": "node"
      }
    },
    {
      "type": "Feature",
      "geometry": {
        "type": "Point",
        "coordinates": [
          -0.5598751,
          44.8424103
        ]
      },
      "properties": {
        "id": 13624110158,
        "osm_type": "node"
      }
    },
    {
      "type": "Feature",
      "geometry": {
        "type": "Point",
        "coordinates": [
          0.2068267,
          46.3442023
        ]
      },
      "properties": {
        "id": 13625879127,
        "osm_type": "node"
      }
    },
    {
      "type": "Feature",
      "geometry": {
        "type": "Point",
        "coordinates": [
          -0.5461824,
          44.8733893
        ]
      },
      "properties": {
        "id": 13630123157,
        "osm_type": "node",
        "fee": "no",
        "indoor": "no"
      }
    },
    {
      "type": "Feature",
      "geometry": {
        "type": "Point",
        "coordinates": [
          -1.4800073,
          43.4889659
        ]
      },
      "properties": {
        "id": 13635152901,
        "osm_type": "node"
      }
    },
    {
      "type": "Feature",
      "geometry": {
        "type": "Point",
        "coordinates": [
          1.837998,
          45.3192047
        ]
      },
      "properties": {
        "id": 13641300645,
        "osm_type": "node"
      }
    },
    {
      "type": "Feature",
      "geometry": {
        "type": "Point",
        "coordinates": [
          -1.5237728,
          43.4779947
        ]
      },
      "properties": {
        "id": 13641379527,
        "osm_type": "node"
      }
    },
    {
      "type": "Feature",
      "geometry": {
        "type": "Point",
        "coordinates": [
          -0.5119091,
          44.9025717
        ]
      },
      "properties": {
        "id": 13655169850,
        "osm_type": "node",
        "fee": "no"
      }
    },
    {
      "type": "Feature",
      "geometry": {
        "type": "Point",
        "coordinates": [
          -0.4059652,
          44.7211251
        ]
      },
      "properties": {
        "id": 13668544588,
        "osm_type": "node",
        "name": "Water"
      }
    },
    {
      "type": "Feature",
      "geometry": {
        "type": "Point",
        "coordinates": [
          -0.3872774,
          43.3101444
        ]
      },
      "properties": {
        "id": 13669286147,
        "osm_type": "node"
      }
    },
    {
      "type": "Feature",
      "geometry": {
        "type": "Point",
        "coordinates": [
          -0.3874721,
          43.3098852
        ]
      },
      "properties": {
        "id": 13669289811,
        "osm_type": "node"
      }
    },
    {
      "type": "Feature",
      "geometry": {
        "type": "Point",
        "coordinates": [
          -0.3877985,
          43.3101534
        ]
      },
      "properties": {
        "id": 13669308473,
        "osm_type": "node"
      }
    },
    {
      "type": "Feature",
      "geometry": {
        "type": "Point",
        "coordinates": [
          -0.3881648,
          43.3102658
        ]
      },
      "properties": {
        "id": 13669323291,
        "osm_type": "node"
      }
    },
    {
      "type": "Feature",
      "geometry": {
        "type": "Point",
        "coordinates": [
          -0.9278299,
          43.5716254
        ]
      },
      "properties": {
        "id": 13677254128,
        "osm_type": "node"
      }
    },
    {
      "type": "Feature",
      "geometry": {
        "type": "Point",
        "coordinates": [
          -0.9309154,
          43.5714055
        ]
      },
      "properties": {
        "id": 13677260917,
        "osm_type": "node"
      }
    },
    {
      "type": "Feature",
      "geometry": {
        "type": "Point",
        "coordinates": [
          -0.4800785,
          43.8971514
        ]
      },
      "properties": {
        "id": 13679659107,
        "osm_type": "node",
        "access": "yes",
        "fee": "no"
      }
    },
    {
      "type": "Feature",
      "geometry": {
        "type": "Point",
        "coordinates": [
          -1.1579574,
          46.1500738
        ]
      },
      "properties": {
        "id": 13681191286,
        "osm_type": "node",
        "access": "customers",
        "fee": "no",
        "operator": "Camping Municipal Le Soleil"
      }
    },
    {
      "type": "Feature",
      "geometry": {
        "type": "Point",
        "coordinates": [
          -0.4672616,
          45.0171136
        ]
      },
      "properties": {
        "id": 13688177732,
        "osm_type": "node",
        "name": "Water"
      }
    },
    {
      "type": "Feature",
      "geometry": {
        "type": "Point",
        "coordinates": [
          -1.4660257,
          43.4941497
        ]
      },
      "properties": {
        "id": 13689102195,
        "osm_type": "node"
      }
    },
    {
      "type": "Feature",
      "geometry": {
        "type": "Point",
        "coordinates": [
          -1.0508108,
          43.4419328
        ]
      },
      "properties": {
        "id": 13703165502,
        "osm_type": "node"
      }
    },
    {
      "type": "Feature",
      "geometry": {
        "type": "Point",
        "coordinates": [
          -1.0509377,
          43.4420023
        ]
      },
      "properties": {
        "id": 13703165701,
        "osm_type": "node"
      }
    },
    {
      "type": "Feature",
      "geometry": {
        "type": "Point",
        "coordinates": [
          0.7007441,
          45.1856838
        ]
      },
      "properties": {
        "id": 13706129970,
        "osm_type": "node"
      }
    },
    {
      "type": "Feature",
      "geometry": {
        "type": "Point",
        "coordinates": [
          -0.5701741,
          44.7633083
        ]
      },
      "properties": {
        "id": 13708220700,
        "osm_type": "node"
      }
    },
    {
      "type": "Feature",
      "geometry": {
        "type": "Point",
        "coordinates": [
          -0.5705223,
          44.7636681
        ]
      },
      "properties": {
        "id": 13708267701,
        "osm_type": "node"
      }
    },
    {
      "type": "Feature",
      "geometry": {
        "type": "Point",
        "coordinates": [
          -0.5777099,
          45.2212969
        ]
      },
      "properties": {
        "id": 13709425929,
        "osm_type": "node",
        "fee": "no"
      }
    },
    {
      "type": "Feature",
      "geometry": {
        "type": "Point",
        "coordinates": [
          0.6389223,
          45.1290758
        ]
      },
      "properties": {
        "id": 13711342001,
        "osm_type": "node"
      }
    },
    {
      "type": "Feature",
      "geometry": {
        "type": "Point",
        "coordinates": [
          -0.658276,
          44.8856393
        ]
      },
      "properties": {
        "id": 13711748385,
        "osm_type": "node"
      }
    },
    {
      "type": "Feature",
      "geometry": {
        "type": "Point",
        "coordinates": [
          -1.2669839,
          46.1592774
        ]
      },
      "properties": {
        "id": 13714240720,
        "osm_type": "node",
        "access": "customers"
      }
    },
    {
      "type": "Feature",
      "geometry": {
        "type": "Point",
        "coordinates": [
          1.1596808,
          45.0619068
        ]
      },
      "properties": {
        "id": 13715593932,
        "osm_type": "node"
      }
    },
    {
      "type": "Feature",
      "geometry": {
        "type": "Point",
        "coordinates": [
          -0.616078,
          44.7980139
        ]
      },
      "properties": {
        "id": 13716483269,
        "osm_type": "node",
        "access": "yes",
        "fee": "no"
      }
    },
    {
      "type": "Feature",
      "geometry": {
        "type": "Point",
        "coordinates": [
          -0.6148304,
          44.7985486
        ]
      },
      "properties": {
        "id": 13716547239,
        "osm_type": "node",
        "access": "yes"
      }
    },
    {
      "type": "Feature",
      "geometry": {
        "type": "Point",
        "coordinates": [
          -0.579605,
          44.7661243
        ]
      },
      "properties": {
        "id": 13719463044,
        "osm_type": "node"
      }
    },
    {
      "type": "Feature",
      "geometry": {
        "type": "Point",
        "coordinates": [
          -0.572424,
          42.9084866
        ]
      },
      "properties": {
        "id": 228356877,
        "osm_type": "way",
        "name": "Lavoir"
      }
    },
    {
      "type": "Feature",
      "geometry": {
        "type": "Point",
        "coordinates": [
          0.8601518,
          45.9536001
        ]
      },
      "properties": {
        "id": 301512583,
        "osm_type": "way"
      }
    },
    {
      "type": "Feature",
      "geometry": {
        "type": "Point",
        "coordinates": [
          1.5422493,
          45.665268
        ]
      },
      "properties": {
        "id": 1089467394,
        "osm_type": "way",
        "fee": "no"
      }
    }
  ]
}