{
  "type": "FeatureCollection",
  "features": [
    {
      "type": "Feature",
      "geometry": {
        "type": "Point",
        "coordinates": [
          25.3261193,
          45.5608643
        ]
      },
      "properties": {
        "id": 534110030,
        "osm_type": "node",
        "name": "Magazin Alimentar"
      }
    },
    {
      "type": "Feature",
      "geometry": {
        "type": "Point",
        "coordinates": [
          25.5063683,
          45.6636047
        ]
      },
      "properties": {
        "id": 565429910,
        "osm_type": "node",
        "name": "La Doi Pași",
        "brand": "La Doi Pași"
      }
    },
    {
      "type": "Feature",
      "geometry": {
        "type": "Point",
        "coordinates": [
          25.3403962,
          45.5704684
        ]
      },
      "properties": {
        "id": 732709886,
        "osm_type": "node",
        "name": "Magazin Alimentar"
      }
    },
    {
      "type": "Feature",
      "geometry": {
        "type": "Point",
        "coordinates": [
          25.1299446,
          45.8661627
        ]
      },
      "properties": {
        "id": 980243013,
        "osm_type": "node",
        "name": "Magazin Mixt"
      }
    },
    {
      "type": "Feature",
      "geometry": {
        "type": "Point",
        "coordinates": [
          25.3241871,
          45.5587705
        ]
      },
      "properties": {
        "id": 1305127322,
        "osm_type": "node",
        "name": "Magazin Alimentar"
      }
    },
    {
      "type": "Feature",
      "geometry": {
        "type": "Point",
        "coordinates": [
          25.7629725,
          45.649375
        ]
      },
      "properties": {
        "id": 1390199132,
        "osm_type": "node",
        "name": "LaDoiPasi"
      }
    },
    {
      "type": "Feature",
      "geometry": {
        "type": "Point",
        "coordinates": [
          25.9801095,
          45.5766893
        ]
      },
      "properties": {
        "id": 1652675065,
        "osm_type": "node"
      }
    },
    {
      "type": "Feature",
      "geometry": {
        "type": "Point",
        "coordinates": [
          25.5918306,
          45.6430687
        ]
      },
      "properties": {
        "id": 1779232513,
        "osm_type": "node"
      }
    },
    {
      "type": "Feature",
      "geometry": {
        "type": "Point",
        "coordinates": [
          25.4039881,
          46.025042
        ]
      },
      "properties": {
        "id": 1835929726,
        "osm_type": "node",
        "name": "magazin ABC"
      }
    },
    {
      "type": "Feature",
      "geometry": {
        "type": "Point",
        "coordinates": [
          25.4402319,
          45.6966816
        ]
      },
      "properties": {
        "id": 1894649128,
        "osm_type": "node",
        "name": "Magazin Alimentar"
      }
    },
    {
      "type": "Feature",
      "geometry": {
        "type": "Point",
        "coordinates": [
          25.4414708,
          45.703916
        ]
      },
      "properties": {
        "id": 1894940490,
        "osm_type": "node"
      }
    },
    {
      "type": "Feature",
      "geometry": {
        "type": "Point",
        "coordinates": [
          25.6053094,
          45.6531511
        ]
      },
      "properties": {
        "id": 1923401923,
        "osm_type": "node"
      }
    },
    {
      "type": "Feature",
      "geometry": {
        "type": "Point",
        "coordinates": [
          25.6053517,
          45.6527914
        ]
      },
      "properties": {
        "id": 1923401925,
        "osm_type": "node"
      }
    },
    {
      "type": "Feature",
      "geometry": {
        "type": "Point",
        "coordinates": [
          25.605231,
          45.6531964
        ]
      },
      "properties": {
        "id": 1923401927,
        "osm_type": "node"
      }
    },
    {
      "type": "Feature",
      "geometry": {
        "type": "Point",
        "coordinates": [
          25.6057479,
          45.6330119
        ]
      },
      "properties": {
        "id": 1923428326,
        "osm_type": "node",
        "name": "Shop&Go",
        "brand": "Shop&Go",
        "opening_hours": "Mo-Su 08:00-21:00"
      }
    },
    {
      "type": "Feature",
      "geometry": {
        "type": "Point",
        "coordinates": [
          25.6106417,
          45.6367174
        ]
      },
      "properties": {
        "id": 1923428327,
        "osm_type": "node",
        "name": "Arieșul",
        "opening_hours": "Mo-Fr 08:00-20:30; Sa 08:00-16:00; Su 08:00-14:00"
      }
    },
    {
      "type": "Feature",
      "geometry": {
        "type": "Point",
        "coordinates": [
          25.6108483,
          45.6368918
        ]
      },
      "properties": {
        "id": 1923428332,
        "osm_type": "node",
        "name": "LeFruMarin"
      }
    },
    {
      "type": "Feature",
      "geometry": {
        "type": "Point",
        "coordinates": [
          25.6113498,
          45.6369711
        ]
      },
      "properties": {
        "id": 1923428333,
        "osm_type": "node",
        "name": "Shop&Go",
        "brand": "Shop&Go"
      }
    },
    {
      "type": "Feature",
      "geometry": {
        "type": "Point",
        "coordinates": [
          25.3711827,
          45.5283283
        ]
      },
      "properties": {
        "id": 1935253000,
        "osm_type": "node",
        "name": "la  Romeo"
      }
    },
    {
      "type": "Feature",
      "geometry": {
        "type": "Point",
        "coordinates": [
          25.3695481,
          45.5161978
        ]
      },
      "properties": {
        "id": 1935315610,
        "osm_type": "node",
        "name": "Supermarket Nansy SRL"
      }
    },
    {
      "type": "Feature",
      "geometry": {
        "type": "Point",
        "coordinates": [
          25.68449,
          45.7135756
        ]
      },
      "properties": {
        "id": 2088377629,
        "osm_type": "node",
        "name": "La Doi Pași"
      }
    },
    {
      "type": "Feature",
      "geometry": {
        "type": "Point",
        "coordinates": [
          25.6845695,
          45.7140981
        ]
      },
      "properties": {
        "id": 2088379135,
        "osm_type": "node",
        "name": "magazin"
      }
    },
    {
      "type": "Feature",
      "geometry": {
        "type": "Point",
        "coordinates": [
          25.6850684,
          45.714351
        ]
      },
      "properties": {
        "id": 2088389833,
        "osm_type": "node",
        "name": "Paul"
      }
    },
    {
      "type": "Feature",
      "geometry": {
        "type": "Point",
        "coordinates": [
          25.6856022,
          45.7183474
        ]
      },
      "properties": {
        "id": 2088406979,
        "osm_type": "node",
        "name": "Ady"
      }
    },
    {
      "type": "Feature",
      "geometry": {
        "type": "Point",
        "coordinates": [
          25.6868897,
          45.715233
        ]
      },
      "properties": {
        "id": 2088410158,
        "osm_type": "node",
        "name": "Elis"
      }
    },
    {
      "type": "Feature",
      "geometry": {
        "type": "Point",
        "coordinates": [
          25.6868937,
          45.7045174
        ]
      },
      "properties": {
        "id": 2088433535,
        "osm_type": "node"
      }
    },
    {
      "type": "Feature",
      "geometry": {
        "type": "Point",
        "coordinates": [
          25.5738319,
          45.5083906
        ]
      },
      "properties": {
        "id": 2098524242,
        "osm_type": "node",
        "name": "Casa Ana - Non-stop",
        "opening_hours": "24/7"
      }
    },
    {
      "type": "Feature",
      "geometry": {
        "type": "Point",
        "coordinates": [
          25.3355114,
          45.5028424
        ]
      },
      "properties": {
        "id": 2335410739,
        "osm_type": "node"
      }
    },
    {
      "type": "Feature",
      "geometry": {
        "type": "Point",
        "coordinates": [
          25.3357068,
          45.5028994
        ]
      },
      "properties": {
        "id": 2335410743,
        "osm_type": "node"
      }
    },
    {
      "type": "Feature",
      "geometry": {
        "type": "Point",
        "coordinates": [
          25.6350615,
          45.638924
        ]
      },
      "properties": {
        "id": 2376398481,
        "osm_type": "node"
      }
    },
    {
      "type": "Feature",
      "geometry": {
        "type": "Point",
        "coordinates": [
          25.636121,
          45.6383126
        ]
      },
      "properties": {
        "id": 2376398489,
        "osm_type": "node"
      }
    },
    {
      "type": "Feature",
      "geometry": {
        "type": "Point",
        "coordinates": [
          24.9325591,
          45.9284321
        ]
      },
      "properties": {
        "id": 2399825072,
        "osm_type": "node",
        "name": "Magazin Non-Stop"
      }
    },
    {
      "type": "Feature",
      "geometry": {
        "type": "Point",
        "coordinates": [
          25.5936817,
          45.6636874
        ]
      },
      "properties": {
        "id": 2401493314,
        "osm_type": "node",
        "name": "La Doi Pași",
        "brand": "La Doi Pași"
      }
    },
    {
      "type": "Feature",
      "geometry": {
        "type": "Point",
        "coordinates": [
          24.9812173,
          45.8580438
        ]
      },
      "properties": {
        "id": 2437747340,
        "osm_type": "node"
      }
    },
    {
      "type": "Feature",
      "geometry": {
        "type": "Point",
        "coordinates": [
          24.9573575,
          45.8410683
        ]
      },
      "properties": {
        "id": 2437987590,
        "osm_type": "node"
      }
    },
    {
      "type": "Feature",
      "geometry": {
        "type": "Point",
        "coordinates": [
          24.9574618,
          45.8408271
        ]
      },
      "properties": {
        "id": 2437989728,
        "osm_type": "node"
      }
    },
    {
      "type": "Feature",
      "geometry": {
        "type": "Point",
        "coordinates": [
          24.9710434,
          45.8432184
        ]
      },
      "properties": {
        "id": 2438049148,
        "osm_type": "node",
        "name": "Cortina"
      }
    },
    {
      "type": "Feature",
      "geometry": {
        "type": "Point",
        "coordinates": [
          25.7729808,
          45.7200366
        ]
      },
      "properties": {
        "id": 2541454427,
        "osm_type": "node",
        "name": "Magazin Mixt"
      }
    },
    {
      "type": "Feature",
      "geometry": {
        "type": "Point",
        "coordinates": [
          25.618396,
          45.6494256
        ]
      },
      "properties": {
        "id": 2613797091,
        "osm_type": "node",
        "name": "Magazin Alimentar",
        "opening_hours": "09:00-18:00"
      }
    },
    {
      "type": "Feature",
      "geometry": {
        "type": "Point",
        "coordinates": [
          25.5870326,
          45.6410473
        ]
      },
      "properties": {
        "id": 2907876688,
        "osm_type": "node",
        "name": "Magazin alimentar"
      }
    },
    {
      "type": "Feature",
      "geometry": {
        "type": "Point",
        "coordinates": [
          25.121524,
          45.7460708
        ]
      },
      "properties": {
        "id": 3073192607,
        "osm_type": "node",
        "name": "Magazin"
      }
    },
    {
      "type": "Feature",
      "geometry": {
        "type": "Point",
        "coordinates": [
          25.3707339,
          45.5162266
        ]
      },
      "properties": {
        "id": 3164450277,
        "osm_type": "node",
        "name": "Magazin - Chioșc"
      }
    },
    {
      "type": "Feature",
      "geometry": {
        "type": "Point",
        "coordinates": [
          25.3659609,
          45.5213646
        ]
      },
      "properties": {
        "id": 3164450294,
        "osm_type": "node"
      }
    },
    {
      "type": "Feature",
      "geometry": {
        "type": "Point",
        "coordinates": [
          25.5986845,
          45.6478878
        ]
      },
      "properties": {
        "id": 3199000521,
        "osm_type": "node",
        "name": "Magazin Alimentar"
      }
    },
    {
      "type": "Feature",
      "geometry": {
        "type": "Point",
        "coordinates": [
          25.5952271,
          45.6595614
        ]
      },
      "properties": {
        "id": 3355381357,
        "osm_type": "node",
        "name": "Shop&Go",
        "brand": "Shop&Go"
      }
    },
    {
      "type": "Feature",
      "geometry": {
        "type": "Point",
        "coordinates": [
          25.6166841,
          45.6507939
        ]
      },
      "properties": {
        "id": 3401625109,
        "osm_type": "node",
        "name": "Carrefour Express",
        "brand": "Carrefour Express",
        "opening_hours": "Mo-Fr 07:00-22:00; Sa 07:00-21:00"
      }
    },
    {
      "type": "Feature",
      "geometry": {
        "type": "Point",
        "coordinates": [
          25.5915434,
          45.6427081
        ]
      },
      "properties": {
        "id": 3413913416,
        "osm_type": "node",
        "name": "Shop&Go",
        "brand": "Shop&Go"
      }
    },
    {
      "type": "Feature",
      "geometry": {
        "type": "Point",
        "coordinates": [
          25.5979609,
          45.65768
        ]
      },
      "properties": {
        "id": 3430064281,
        "osm_type": "node",
        "name": "Carrefour Express",
        "brand": "Carrefour Express"
      }
    },
    {
      "type": "Feature",
      "geometry": {
        "type": "Point",
        "coordinates": [
          25.5973092,
          45.6580796
        ]
      },
      "properties": {
        "id": 3430064292,
        "osm_type": "node",
        "name": "Calliope"
      }
    },
    {
      "type": "Feature",
      "geometry": {
        "type": "Point",
        "coordinates": [
          25.6124296,
          45.6577172
        ]
      },
      "properties": {
        "id": 3475362484,
        "osm_type": "node",
        "name": "Carrefour Market",
        "brand": "Carrefour Market"
      }
    },
    {
      "type": "Feature",
      "geometry": {
        "type": "Point",
        "coordinates": [
          24.9710037,
          45.8387365
        ]
      },
      "properties": {
        "id": 3656192968,
        "osm_type": "node",
        "name": "Regalo Glacial"
      }
    },
    {
      "type": "Feature",
      "geometry": {
        "type": "Point",
        "coordinates": [
          24.973331,
          45.8329927
        ]
      },
      "properties": {
        "id": 3656192969,
        "osm_type": "node",
        "name": "Cortina"
      }
    },
    {
      "type": "Feature",
      "geometry": {
        "type": "Point",
        "coordinates": [
          24.9757931,
          45.8341013
        ]
      },
      "properties": {
        "id": 3658380469,
        "osm_type": "node"
      }
    },
    {
      "type": "Feature",
      "geometry": {
        "type": "Point",
        "coordinates": [
          25.6225615,
          45.6537356
        ]
      },
      "properties": {
        "id": 3756075084,
        "osm_type": "node",
        "name": "Anitud"
      }
    },
    {
      "type": "Feature",
      "geometry": {
        "type": "Point",
        "coordinates": [
          25.6250736,
          45.6535299
        ]
      },
      "properties": {
        "id": 3756114089,
        "osm_type": "node",
        "name": "Carrefour Market",
        "brand": "Carrefour Market",
        "opening_hours": "Mo-Su 07:00-21:00"
      }
    },
    {
      "type": "Feature",
      "geometry": {
        "type": "Point",
        "coordinates": [
          25.5739071,
          45.5005566
        ]
      },
      "properties": {
        "id": 3764895808,
        "osm_type": "node",
        "name": "Carrefour Market",
        "brand": "Carrefour Market"
      }
    },
    {
      "type": "Feature",
      "geometry": {
        "type": "Point",
        "coordinates": [
          25.6125808,
          45.6392554
        ]
      },
      "properties": {
        "id": 3895785133,
        "osm_type": "node",
        "name": "Complex Comercial Padina",
        "opening_hours": "Mo-Fr 09:30-18:30; Sa 09:00-14:00; Su off"
      }
    },
    {
      "type": "Feature",
      "geometry": {
        "type": "Point",
        "coordinates": [
          25.612822,
          45.6394325
        ]
      },
      "properties": {
        "id": 3895785134,
        "osm_type": "node",
        "name": "La Doi Pași",
        "brand": "La Doi Pași",
        "opening_hours": "Mo-Fr 07:00-21:00; Sa 08:00-21:00; Su 09:00-21:00"
      }
    },
    {
      "type": "Feature",
      "geometry": {
        "type": "Point",
        "coordinates": [
          24.96508,
          45.84179
        ]
      },
      "properties": {
        "id": 4062120941,
        "osm_type": "node",
        "name": "Mini market"
      }
    },
    {
      "type": "Feature",
      "geometry": {
        "type": "Point",
        "coordinates": [
          25.1668265,
          45.7633354
        ]
      },
      "properties": {
        "id": 4162682629,
        "osm_type": "node",
        "name": "LaDoiPași Șinca Veche"
      }
    },
    {
      "type": "Feature",
      "geometry": {
        "type": "Point",
        "coordinates": [
          25.5893584,
          45.6446253
        ]
      },
      "properties": {
        "id": 4290377689,
        "osm_type": "node",
        "name": "Sergiana",
        "opening_hours": "Mo-Fr 07:00-20:00; Sa 07:30-16:00; Su 07:00-14:00; PH closed"
      }
    },
    {
      "type": "Feature",
      "geometry": {
        "type": "Point",
        "coordinates": [
          25.5741981,
          45.5032348
        ]
      },
      "properties": {
        "id": 4316712563,
        "osm_type": "node",
        "name": "Petrom market"
      }
    },
    {
      "type": "Feature",
      "geometry": {
        "type": "Point",
        "coordinates": [
          25.5741015,
          45.5044792
        ]
      },
      "properties": {
        "id": 4316712578,
        "osm_type": "node"
      }
    },
    {
      "type": "Feature",
      "geometry": {
        "type": "Point",
        "coordinates": [
          25.600813,
          45.630478
        ]
      },
      "properties": {
        "id": 4340949790,
        "osm_type": "node",
        "name": "Tâmpa Market",
        "opening_hours": "Mo-Sa 08:30-22:00; Su 08:30-20:00"
      }
    },
    {
      "type": "Feature",
      "geometry": {
        "type": "Point",
        "coordinates": [
          25.6029065,
          45.6309986
        ]
      },
      "properties": {
        "id": 4340949806,
        "osm_type": "node"
      }
    },
    {
      "type": "Feature",
      "geometry": {
        "type": "Point",
        "coordinates": [
          25.6028316,
          45.6310657
        ]
      },
      "properties": {
        "id": 4340949807,
        "osm_type": "node"
      }
    },
    {
      "type": "Feature",
      "geometry": {
        "type": "Point",
        "coordinates": [
          25.6246898,
          45.6543122
        ]
      },
      "properties": {
        "id": 4382872399,
        "osm_type": "node",
        "name": "Carrefour Express",
        "brand": "Carrefour Express"
      }
    },
    {
      "type": "Feature",
      "geometry": {
        "type": "Point",
        "coordinates": [
          25.6776276,
          45.6223623
        ]
      },
      "properties": {
        "id": 4391555691,
        "osm_type": "node"
      }
    },
    {
      "type": "Feature",
      "geometry": {
        "type": "Point",
        "coordinates": [
          25.5645178,
          45.4792903
        ]
      },
      "properties": {
        "id": 4412010679,
        "osm_type": "node",
        "name": "OMV shop"
      }
    },
    {
      "type": "Feature",
      "geometry": {
        "type": "Point",
        "coordinates": [
          25.4544158,
          45.5884596
        ]
      },
      "properties": {
        "id": 4445360735,
        "osm_type": "node",
        "name": "OMV"
      }
    },
    {
      "type": "Feature",
      "geometry": {
        "type": "Point",
        "coordinates": [
          25.6814579,
          45.618754
        ]
      },
      "properties": {
        "id": 4475364790,
        "osm_type": "node"
      }
    },
    {
      "type": "Feature",
      "geometry": {
        "type": "Point",
        "coordinates": [
          25.6218875,
          45.6410716
        ]
      },
      "properties": {
        "id": 4607459094,
        "osm_type": "node",
        "name": "Mega Image Shop and Go",
        "opening_hours": "Mo-Fr 08:00-20:00; Sa 09:00-18:00; Su 09:00-14:00"
      }
    },
    {
      "type": "Feature",
      "geometry": {
        "type": "Point",
        "coordinates": [
          25.6043223,
          45.6326315
        ]
      },
      "properties": {
        "id": 4630842982,
        "osm_type": "node",
        "name": "Filvek",
        "opening_hours": "Mo-Fr 8:00-21:00, Sa 8:00-18:00, Su 9:00-15:00"
      }
    },
    {
      "type": "Feature",
      "geometry": {
        "type": "Point",
        "coordinates": [
          25.7745855,
          45.6371396
        ]
      },
      "properties": {
        "id": 4726073965,
        "osm_type": "node",
        "name": "Magazin"
      }
    },
    {
      "type": "Feature",
      "geometry": {
        "type": "Point",
        "coordinates": [
          24.6684085,
          45.7872402
        ]
      },
      "properties": {
        "id": 4881558331,
        "osm_type": "node",
        "name": "Magazin Mixt"
      }
    },
    {
      "type": "Feature",
      "geometry": {
        "type": "Point",
        "coordinates": [
          25.0464895,
          45.8222174
        ]
      },
      "properties": {
        "id": 4881567684,
        "osm_type": "node",
        "name": "La Doi Pa;i"
      }
    },
    {
      "type": "Feature",
      "geometry": {
        "type": "Point",
        "coordinates": [
          25.0459305,
          45.822298
        ]
      },
      "properties": {
        "id": 4881567685,
        "osm_type": "node",
        "name": "Mini Market"
      }
    },
    {
      "type": "Feature",
      "geometry": {
        "type": "Point",
        "coordinates": [
          24.9727276,
          45.84243
        ]
      },
      "properties": {
        "id": 4892162995,
        "osm_type": "node",
        "name": "Carrefour Market",
        "brand": "Carrefour Market"
      }
    },
    {
      "type": "Feature",
      "geometry": {
        "type": "Point",
        "coordinates": [
          25.620821,
          45.6517958
        ]
      },
      "properties": {
        "id": 4898832963,
        "osm_type": "node",
        "name": "Carrefour Express",
        "brand": "Carrefour Express",
        "opening_hours": "Mo-Fr 07:00-22:00; Sa 07:00-21:00"
      }
    },
    {
      "type": "Feature",
      "geometry": {
        "type": "Point",
        "coordinates": [
          25.6213259,
          45.6494199
        ]
      },
      "properties": {
        "id": 5022615437,
        "osm_type": "node",
        "name": "Rosmarkt"
      }
    },
    {
      "type": "Feature",
      "geometry": {
        "type": "Point",
        "coordinates": [
          25.6216674,
          45.6495256
        ]
      },
      "properties": {
        "id": 5022615439,
        "osm_type": "node",
        "name": "Carrefour Market",
        "brand": "Carrefour Market",
        "opening_hours": "Mo-Sa 08:00-22:00; Su 08:00-20:00"
      }
    },
    {
      "type": "Feature",
      "geometry": {
        "type": "Point",
        "coordinates": [
          25.5897122,
          45.6446025
        ]
      },
      "properties": {
        "id": 5032754867,
        "osm_type": "node",
        "name": "Carrefour Express",
        "brand": "Carrefour Express",
        "opening_hours": "Mo-Su 07:00-22:00"
      }
    },
    {
      "type": "Feature",
      "geometry": {
        "type": "Point",
        "coordinates": [
          25.6399387,
          45.6405209
        ]
      },
      "properties": {
        "id": 5054233084,
        "osm_type": "node"
      }
    },
    {
      "type": "Feature",
      "geometry": {
        "type": "Point",
        "coordinates": [
          25.0746524,
          46.0011036
        ]
      },
      "properties": {
        "id": 5153111349,
        "osm_type": "node",
        "opening_hours": "Mo-Su 07:00-22:00"
      }
    },
    {
      "type": "Feature",
      "geometry": {
        "type": "Point",
        "coordinates": [
          25.0724155,
          46.0010626
        ]
      },
      "properties": {
        "id": 5153111350,
        "osm_type": "node",
        "opening_hours": "Mo-Su 07:00-22:00"
      }
    },
    {
      "type": "Feature",
      "geometry": {
        "type": "Point",
        "coordinates": [
          25.0727668,
          46.0011148
        ]
      },
      "properties": {
        "id": 5153111351,
        "osm_type": "node",
        "opening_hours": "Mo-Su 07:00-22:00"
      }
    },
    {
      "type": "Feature",
      "geometry": {
        "type": "Point",
        "coordinates": [
          25.5879986,
          45.6492532
        ]
      },
      "properties": {
        "id": 5226707221,
        "osm_type": "node",
        "name": "Magazin Alimentar Ravel",
        "opening_hours": "Mo-Fr 08:30-18:00; Sa 08:30-15:00"
      }
    },
    {
      "type": "Feature",
      "geometry": {
        "type": "Point",
        "coordinates": [
          25.3809462,
          45.5074177
        ]
      },
      "properties": {
        "id": 5270245721,
        "osm_type": "node",
        "name": "Alimentară",
        "opening_hours": "Mo-Su 07:00-20:00"
      }
    },
    {
      "type": "Feature",
      "geometry": {
        "type": "Point",
        "coordinates": [
          25.3666404,
          45.7670589
        ]
      },
      "properties": {
        "id": 5300094691,
        "osm_type": "node",
        "name": "Magazin"
      }
    },
    {
      "type": "Feature",
      "geometry": {
        "type": "Point",
        "coordinates": [
          25.6095411,
          45.654637
        ]
      },
      "properties": {
        "id": 5306325253,
        "osm_type": "node",
        "name": "Plăcintărie \"Casa Plăcintelor\"",
        "opening_hours": "09:00-17:00"
      }
    },
    {
      "type": "Feature",
      "geometry": {
        "type": "Point",
        "coordinates": [
          24.7209205,
          45.7949428
        ]
      },
      "properties": {
        "id": 5340721550,
        "osm_type": "node",
        "name": "Magazin mixt"
      }
    },
    {
      "type": "Feature",
      "geometry": {
        "type": "Point",
        "coordinates": [
          25.5901221,
          45.6445171
        ]
      },
      "properties": {
        "id": 5651618321,
        "osm_type": "node",
        "name": "Paradisul Verde",
        "opening_hours": "Mo-Fr 08:30-19:30; Sa 09:00-14:00; PH closed"
      }
    },
    {
      "type": "Feature",
      "geometry": {
        "type": "Point",
        "coordinates": [
          25.2920325,
          45.5278728
        ]
      },
      "properties": {
        "id": 5655371667,
        "osm_type": "node",
        "name": "Minimarket"
      }
    },
    {
      "type": "Feature",
      "geometry": {
        "type": "Point",
        "coordinates": [
          25.7216092,
          45.7602434
        ]
      },
      "properties": {
        "id": 5713966319,
        "osm_type": "node",
        "name": "La Doi Pași",
        "brand": "La Doi Pași"
      }
    },
    {
      "type": "Feature",
      "geometry": {
        "type": "Point",
        "coordinates": [
          25.349889,
          45.5691341
        ]
      },
      "properties": {
        "id": 5737419607,
        "osm_type": "node",
        "name": "Minimarket"
      }
    },
    {
      "type": "Feature",
      "geometry": {
        "type": "Point",
        "coordinates": [
          25.6297469,
          45.6416897
        ]
      },
      "properties": {
        "id": 5957316376,
        "osm_type": "node",
        "name": "Shop&Go",
        "brand": "Shop&Go"
      }
    },
    {
      "type": "Feature",
      "geometry": {
        "type": "Point",
        "coordinates": [
          25.5817838,
          45.6543694
        ]
      },
      "properties": {
        "id": 6008635087,
        "osm_type": "node",
        "name": "La Simo"
      }
    },
    {
      "type": "Feature",
      "geometry": {
        "type": "Point",
        "coordinates": [
          25.5816886,
          45.6544744
        ]
      },
      "properties": {
        "id": 6008635088,
        "osm_type": "node",
        "name": "La Doi Pași",
        "brand": "La Doi Pași",
        "opening_hours": "Mo-Fr 08:00-00:00; Sa-Su 09:00-00:00"
      }
    },
    {
      "type": "Feature",
      "geometry": {
        "type": "Point",
        "coordinates": [
          25.3620518,
          45.5121203
        ]
      },
      "properties": {
        "id": 6054060088,
        "osm_type": "node"
      }
    },
    {
      "type": "Feature",
      "geometry": {
        "type": "Point",
        "coordinates": [
          24.9762201,
          45.8317772
        ]
      },
      "properties": {
        "id": 6542663977,
        "osm_type": "node",
        "name": "Happy Event"
      }
    },
    {
      "type": "Feature",
      "geometry": {
        "type": "Point",
        "coordinates": [
          25.3080624,
          45.6037638
        ]
      },
      "properties": {
        "id": 6657883785,
        "osm_type": "node",
        "name": "MiniMarket Poiana Mărului",
        "opening_hours": "Mo-Sa 07:00-21:00"
      }
    },
    {
      "type": "Feature",
      "geometry": {
        "type": "Point",
        "coordinates": [
          25.6066217,
          45.6593932
        ]
      },
      "properties": {
        "id": 6948577186,
        "osm_type": "node",
        "name": "Carrefour Market",
        "brand": "Carrefour Market"
      }
    },
    {
      "type": "Feature",
      "geometry": {
        "type": "Point",
        "coordinates": [
          25.5702544,
          45.6598006
        ]
      },
      "properties": {
        "id": 7021963725,
        "osm_type": "node"
      }
    },
    {
      "type": "Feature",
      "geometry": {
        "type": "Point",
        "coordinates": [
          25.5700131,
          45.6596477
        ]
      },
      "properties": {
        "id": 7021974151,
        "osm_type": "node"
      }
    },
    {
      "type": "Feature",
      "geometry": {
        "type": "Point",
        "coordinates": [
          25.5742946,
          45.5048519
        ]
      },
      "properties": {
        "id": 7271601821,
        "osm_type": "node",
        "name": "Prăvălie Mare"
      }
    },
    {
      "type": "Feature",
      "geometry": {
        "type": "Point",
        "coordinates": [
          25.574082,
          45.5041739
        ]
      },
      "properties": {
        "id": 7271632707,
        "osm_type": "node",
        "name": "Prăvălia cu detoate"
      }
    },
    {
      "type": "Feature",
      "geometry": {
        "type": "Point",
        "coordinates": [
          25.5738003,
          45.499907
        ]
      },
      "properties": {
        "id": 7271636369,
        "osm_type": "node",
        "name": "Minimarket"
      }
    },
    {
      "type": "Feature",
      "geometry": {
        "type": "Point",
        "coordinates": [
          25.6136038,
          45.6613254
        ]
      },
      "properties": {
        "id": 7809053085,
        "osm_type": "node"
      }
    },
    {
      "type": "Feature",
      "geometry": {
        "type": "Point",
        "coordinates": [
          25.6141766,
          45.6617903
        ]
      },
      "properties": {
        "id": 7809053186,
        "osm_type": "node"
      }
    },
    {
      "type": "Feature",
      "geometry": {
        "type": "Point",
        "coordinates": [
          25.0068623,
          45.9287202
        ]
      },
      "properties": {
        "id": 7827797734,
        "osm_type": "node"
      }
    },
    {
      "type": "Feature",
      "geometry": {
        "type": "Point",
        "coordinates": [
          25.5750962,
          45.5050379
        ]
      },
      "properties": {
        "id": 7834933885,
        "osm_type": "node"
      }
    },
    {
      "type": "Feature",
      "geometry": {
        "type": "Point",
        "coordinates": [
          25.6722138,
          45.6125626
        ]
      },
      "properties": {
        "id": 8195967217,
        "osm_type": "node",
        "name": "La Doi Pași"
      }
    },
    {
      "type": "Feature",
      "geometry": {
        "type": "Point",
        "coordinates": [
          25.2620805,
          46.0236145
        ]
      },
      "properties": {
        "id": 8865072239,
        "osm_type": "node",
        "name": "MOL shop"
      }
    },
    {
      "type": "Feature",
      "geometry": {
        "type": "Point",
        "coordinates": [
          25.0924557,
          46.0542882
        ]
      },
      "properties": {
        "id": 8995336876,
        "osm_type": "node",
        "name": "Magazin mixt"
      }
    },
    {
      "type": "Feature",
      "geometry": {
        "type": "Point",
        "coordinates": [
          25.5566355,
          45.8384438
        ]
      },
      "properties": {
        "id": 9000490569,
        "osm_type": "node",
        "name": "La Doi Pași",
        "brand": "La Doi Pași"
      }
    },
    {
      "type": "Feature",
      "geometry": {
        "type": "Point",
        "coordinates": [
          25.5695752,
          45.8268008
        ]
      },
      "properties": {
        "id": 9000496831,
        "osm_type": "node",
        "name": "La Doi Pași",
        "brand": "La Doi Pași"
      }
    },
    {
      "type": "Feature",
      "geometry": {
        "type": "Point",
        "coordinates": [
          25.4112162,
          46.0248432
        ]
      },
      "properties": {
        "id": 9001753624,
        "osm_type": "node",
        "name": "La Doi Pași",
        "brand": "La Doi Pași"
      }
    },
    {
      "type": "Feature",
      "geometry": {
        "type": "Point",
        "coordinates": [
          25.4106121,
          46.0250911
        ]
      },
      "properties": {
        "id": 9001753627,
        "osm_type": "node",
        "name": "Magazin Universal"
      }
    },
    {
      "type": "Feature",
      "geometry": {
        "type": "Point",
        "coordinates": [
          25.3809674,
          45.702312
        ]
      },
      "properties": {
        "id": 9022893435,
        "osm_type": "node",
        "name": "La Vasi"
      }
    },
    {
      "type": "Feature",
      "geometry": {
        "type": "Point",
        "coordinates": [
          25.3084337,
          45.6040941
        ]
      },
      "properties": {
        "id": 9047993818,
        "osm_type": "node"
      }
    },
    {
      "type": "Feature",
      "geometry": {
        "type": "Point",
        "coordinates": [
          25.5794871,
          45.6357339
        ]
      },
      "properties": {
        "id": 9053612317,
        "osm_type": "node"
      }
    },
    {
      "type": "Feature",
      "geometry": {
        "type": "Point",
        "coordinates": [
          25.3387654,
          45.5694657
        ]
      },
      "properties": {
        "id": 9069928717,
        "osm_type": "node",
        "name": "LeFruMarin market"
      }
    },
    {
      "type": "Feature",
      "geometry": {
        "type": "Point",
        "coordinates": [
          25.6291168,
          45.6471073
        ]
      },
      "properties": {
        "id": 9229371783,
        "osm_type": "node",
        "name": "Saturn Market"
      }
    },
    {
      "type": "Feature",
      "geometry": {
        "type": "Point",
        "coordinates": [
          25.4584834,
          45.5780393
        ]
      },
      "properties": {
        "id": 9274873984,
        "osm_type": "node",
        "name": "La Doi Pași",
        "brand": "La Doi Pași"
      }
    },
    {
      "type": "Feature",
      "geometry": {
        "type": "Point",
        "coordinates": [
          25.4595949,
          45.5893942
        ]
      },
      "properties": {
        "id": 9274874001,
        "osm_type": "node"
      }
    },
    {
      "type": "Feature",
      "geometry": {
        "type": "Point",
        "coordinates": [
          25.3036342,
          45.6069291
        ]
      },
      "properties": {
        "id": 9681111794,
        "osm_type": "node",
        "name": "Magazin"
      }
    },
    {
      "type": "Feature",
      "geometry": {
        "type": "Point",
        "coordinates": [
          25.3008148,
          45.6084869
        ]
      },
      "properties": {
        "id": 9681111814,
        "osm_type": "node",
        "name": "Magazin alimentar"
      }
    },
    {
      "type": "Feature",
      "geometry": {
        "type": "Point",
        "coordinates": [
          25.2416927,
          45.6980894
        ]
      },
      "properties": {
        "id": 9684504810,
        "osm_type": "node",
        "name": "LaDoiPași"
      }
    },
    {
      "type": "Feature",
      "geometry": {
        "type": "Point",
        "coordinates": [
          25.1660038,
          45.7633168
        ]
      },
      "properties": {
        "id": 9687189231,
        "osm_type": "node",
        "name": "Aldea Trans",
        "brand": "Orange"
      }
    },
    {
      "type": "Feature",
      "geometry": {
        "type": "Point",
        "coordinates": [
          25.481109,
          45.6247056
        ]
      },
      "properties": {
        "id": 9702136461,
        "osm_type": "node",
        "name": "La Doi Pași",
        "brand": "La Doi Pași"
      }
    },
    {
      "type": "Feature",
      "geometry": {
        "type": "Point",
        "coordinates": [
          25.3623348,
          45.5748754
        ]
      },
      "properties": {
        "id": 9703890728,
        "osm_type": "node",
        "name": "SC Dumirar SRL - magazin alimentar"
      }
    },
    {
      "type": "Feature",
      "geometry": {
        "type": "Point",
        "coordinates": [
          25.3416143,
          45.5708467
        ]
      },
      "properties": {
        "id": 9704623507,
        "osm_type": "node"
      }
    },
    {
      "type": "Feature",
      "geometry": {
        "type": "Point",
        "coordinates": [
          25.4809318,
          45.6265796
        ]
      },
      "properties": {
        "id": 9730660887,
        "osm_type": "node",
        "name": "Magazin mixt Moti"
      }
    },
    {
      "type": "Feature",
      "geometry": {
        "type": "Point",
        "coordinates": [
          25.4841625,
          45.6297321
        ]
      },
      "properties": {
        "id": 9730665750,
        "osm_type": "node",
        "name": "Prăvalie Sergiana - Poiana Mărului",
        "opening_hours": "08:00-20:00"
      }
    },
    {
      "type": "Feature",
      "geometry": {
        "type": "Point",
        "coordinates": [
          25.5070346,
          45.6630865
        ]
      },
      "properties": {
        "id": 9730771241,
        "osm_type": "node",
        "name": "Shop&Go",
        "brand": "Shop&Go"
      }
    },
    {
      "type": "Feature",
      "geometry": {
        "type": "Point",
        "coordinates": [
          25.3186217,
          45.5593116
        ]
      },
      "properties": {
        "id": 9741613357,
        "osm_type": "node",
        "name": "Magazin Mixt"
      }
    },
    {
      "type": "Feature",
      "geometry": {
        "type": "Point",
        "coordinates": [
          25.3193488,
          45.5585087
        ]
      },
      "properties": {
        "id": 9742754420,
        "osm_type": "node",
        "name": "Magazin alimentar - La Badea"
      }
    },
    {
      "type": "Feature",
      "geometry": {
        "type": "Point",
        "coordinates": [
          25.3190864,
          45.5583231
        ]
      },
      "properties": {
        "id": 9742754421,
        "osm_type": "node",
        "name": "Sergiana"
      }
    },
    {
      "type": "Feature",
      "geometry": {
        "type": "Point",
        "coordinates": [
          25.316242,
          45.5610305
        ]
      },
      "properties": {
        "id": 9742954457,
        "osm_type": "node",
        "name": "Magazin Alimentar",
        "opening_hours": "Mo-Fr 07:00-21:00; Sa 07:00-19:00; Su 08:00-15:00"
      }
    },
    {
      "type": "Feature",
      "geometry": {
        "type": "Point",
        "coordinates": [
          25.3173122,
          45.560662
        ]
      },
      "properties": {
        "id": 9742956735,
        "osm_type": "node",
        "name": "Sergiana - Prăvălie",
        "opening_hours": "Mo-Fr 07:00-20:30; Sa 07:30-17:00; Su 07:30-14:00"
      }
    },
    {
      "type": "Feature",
      "geometry": {
        "type": "Point",
        "coordinates": [
          25.3108305,
          45.5570008
        ]
      },
      "properties": {
        "id": 9750888132,
        "osm_type": "node",
        "name": "Minimarket Kyfana"
      }
    },
    {
      "type": "Feature",
      "geometry": {
        "type": "Point",
        "coordinates": [
          25.3118812,
          45.5609191
        ]
      },
      "properties": {
        "id": 9752712872,
        "osm_type": "node",
        "name": "LaDoiPași"
      }
    },
    {
      "type": "Feature",
      "geometry": {
        "type": "Point",
        "coordinates": [
          25.4662715,
          45.5935924
        ]
      },
      "properties": {
        "id": 9779790139,
        "osm_type": "node",
        "name": "La doi pași"
      }
    },
    {
      "type": "Feature",
      "geometry": {
        "type": "Point",
        "coordinates": [
          25.4663671,
          45.5935621
        ]
      },
      "properties": {
        "id": 9779790140,
        "osm_type": "node",
        "name": "Magazin ABC"
      }
    },
    {
      "type": "Feature",
      "geometry": {
        "type": "Point",
        "coordinates": [
          25.5072485,
          45.6669009
        ]
      },
      "properties": {
        "id": 9788888849,
        "osm_type": "node"
      }
    },
    {
      "type": "Feature",
      "geometry": {
        "type": "Point",
        "coordinates": [
          25.5060294,
          45.6645592
        ]
      },
      "properties": {
        "id": 9788888900,
        "osm_type": "node",
        "name": "Arieșul"
      }
    },
    {
      "type": "Feature",
      "geometry": {
        "type": "Point",
        "coordinates": [
          25.5090027,
          45.6585282
        ]
      },
      "properties": {
        "id": 9789699422,
        "osm_type": "node",
        "name": "La Parter"
      }
    },
    {
      "type": "Feature",
      "geometry": {
        "type": "Point",
        "coordinates": [
          25.3844903,
          45.6605656
        ]
      },
      "properties": {
        "id": 9790891041,
        "osm_type": "node",
        "name": "MiniMarket - Octavian"
      }
    },
    {
      "type": "Feature",
      "geometry": {
        "type": "Point",
        "coordinates": [
          25.4735881,
          45.6161012
        ]
      },
      "properties": {
        "id": 9813651941,
        "osm_type": "node",
        "name": "Balfednis"
      }
    },
    {
      "type": "Feature",
      "geometry": {
        "type": "Point",
        "coordinates": [
          25.6087466,
          45.664607
        ]
      },
      "properties": {
        "id": 9816427769,
        "osm_type": "node",
        "name": "Shop&Go",
        "brand": "Shop&Go"
      }
    },
    {
      "type": "Feature",
      "geometry": {
        "type": "Point",
        "coordinates": [
          25.604641,
          45.6504901
        ]
      },
      "properties": {
        "id": 9832400445,
        "osm_type": "node",
        "name": "Carrefour Express",
        "brand": "Carrefour Express",
        "opening_hours": "Mo-Su 07:00-22:00"
      }
    },
    {
      "type": "Feature",
      "geometry": {
        "type": "Point",
        "coordinates": [
          25.3426366,
          45.5084608
        ]
      },
      "properties": {
        "id": 9849396847,
        "osm_type": "node",
        "name": "LaDoiPași"
      }
    },
    {
      "type": "Feature",
      "geometry": {
        "type": "Point",
        "coordinates": [
          25.6224818,
          45.6586679
        ]
      },
      "properties": {
        "id": 9889846363,
        "osm_type": "node"
      }
    },
    {
      "type": "Feature",
      "geometry": {
        "type": "Point",
        "coordinates": [
          25.6228323,
          45.645209
        ]
      },
      "properties": {
        "id": 9896880281,
        "osm_type": "node",
        "name": "Shop&Go",
        "brand": "Shop&Go",
        "opening_hours": "Mo-Su 07:00-22:00"
      }
    },
    {
      "type": "Feature",
      "geometry": {
        "type": "Point",
        "coordinates": [
          25.4800088,
          45.6297459
        ]
      },
      "properties": {
        "id": 9918726772,
        "osm_type": "node",
        "name": "Magazin mixt"
      }
    },
    {
      "type": "Feature",
      "geometry": {
        "type": "Point",
        "coordinates": [
          25.6151753,
          45.6423099
        ]
      },
      "properties": {
        "id": 9923848971,
        "osm_type": "node",
        "name": "La Doi Pași",
        "brand": "La Doi Pași"
      }
    },
    {
      "type": "Feature",
      "geometry": {
        "type": "Point",
        "coordinates": [
          25.3359878,
          45.5029887
        ]
      },
      "properties": {
        "id": 9934958878,
        "osm_type": "node",
        "name": "La Doi Pași",
        "brand": "La Doi Pași"
      }
    },
    {
      "type": "Feature",
      "geometry": {
        "type": "Point",
        "coordinates": [
          25.3360125,
          45.5027555
        ]
      },
      "properties": {
        "id": 9934958880,
        "osm_type": "node",
        "name": "Market Cristina"
      }
    },
    {
      "type": "Feature",
      "geometry": {
        "type": "Point",
        "coordinates": [
          25.3358887,
          45.5027159
        ]
      },
      "properties": {
        "id": 9934958881,
        "osm_type": "node",
        "name": "Shop&Go",
        "brand": "Shop&Go"
      }
    },
    {
      "type": "Feature",
      "geometry": {
        "type": "Point",
        "coordinates": [
          25.3762069,
          45.5348636
        ]
      },
      "properties": {
        "id": 9934959855,
        "osm_type": "node",
        "name": "Cămara cu produse tradiționale"
      }
    },
    {
      "type": "Feature",
      "geometry": {
        "type": "Point",
        "coordinates": [
          25.369319,
          45.5160479
        ]
      },
      "properties": {
        "id": 9937018835,
        "osm_type": "node",
        "name": "Prăvălia Brănenilor"
      }
    },
    {
      "type": "Feature",
      "geometry": {
        "type": "Point",
        "coordinates": [
          25.3703089,
          45.5161904
        ]
      },
      "properties": {
        "id": 9937120900,
        "osm_type": "node",
        "name": "Prăvălie - Sergiana"
      }
    },
    {
      "type": "Feature",
      "geometry": {
        "type": "Point",
        "coordinates": [
          25.5638779,
          45.6657109
        ]
      },
      "properties": {
        "id": 9939602152,
        "osm_type": "node",
        "name": "Carrefour Express",
        "brand": "Carrefour Express",
        "opening_hours": "Mo-Fr 07:00-22:00; Sa 07:00-21:00"
      }
    },
    {
      "type": "Feature",
      "geometry": {
        "type": "Point",
        "coordinates": [
          25.4622424,
          45.5927984
        ]
      },
      "properties": {
        "id": 9946895327,
        "osm_type": "node",
        "name": "Băcănia lui Toniță"
      }
    },
    {
      "type": "Feature",
      "geometry": {
        "type": "Point",
        "coordinates": [
          25.4628623,
          45.5927611
        ]
      },
      "properties": {
        "id": 9946931269,
        "osm_type": "node",
        "name": "Shop&Go",
        "brand": "Shop&Go"
      }
    },
    {
      "type": "Feature",
      "geometry": {
        "type": "Point",
        "coordinates": [
          25.4635175,
          45.5925371
        ]
      },
      "properties": {
        "id": 9946931281,
        "osm_type": "node",
        "name": "Tudor - patiserie covrigărie"
      }
    },
    {
      "type": "Feature",
      "geometry": {
        "type": "Point",
        "coordinates": [
          25.4653978,
          45.5915068
        ]
      },
      "properties": {
        "id": 9947067154,
        "osm_type": "node",
        "name": "Magazin mixt"
      }
    },
    {
      "type": "Feature",
      "geometry": {
        "type": "Point",
        "coordinates": [
          25.4545398,
          45.5886956
        ]
      },
      "properties": {
        "id": 9947215448,
        "osm_type": "node",
        "name": "Viva"
      }
    },
    {
      "type": "Feature",
      "geometry": {
        "type": "Point",
        "coordinates": [
          25.3863441,
          45.5499671
        ]
      },
      "properties": {
        "id": 9952188211,
        "osm_type": "node",
        "name": "LaDoiPași"
      }
    },
    {
      "type": "Feature",
      "geometry": {
        "type": "Point",
        "coordinates": [
          25.4604519,
          45.593578
        ]
      },
      "properties": {
        "id": 9952205900,
        "osm_type": "node",
        "name": "La Doi Pași",
        "brand": "La Doi Pași"
      }
    },
    {
      "type": "Feature",
      "geometry": {
        "type": "Point",
        "coordinates": [
          25.4632478,
          45.5978163
        ]
      },
      "properties": {
        "id": 9952269453,
        "osm_type": "node",
        "name": "Prăvălie - Sergiana"
      }
    },
    {
      "type": "Feature",
      "geometry": {
        "type": "Point",
        "coordinates": [
          25.463351,
          45.5978894
        ]
      },
      "properties": {
        "id": 9952284156,
        "osm_type": "node",
        "name": "Magazin mixt"
      }
    },
    {
      "type": "Feature",
      "geometry": {
        "type": "Point",
        "coordinates": [
          25.8527575,
          45.7010574
        ]
      },
      "properties": {
        "id": 9956425086,
        "osm_type": "node"
      }
    },
    {
      "type": "Feature",
      "geometry": {
        "type": "Point",
        "coordinates": [
          25.855235,
          45.6995842
        ]
      },
      "properties": {
        "id": 9956425087,
        "osm_type": "node",
        "name": "La Doi Pași",
        "brand": "La Doi Pași",
        "opening_hours": "Mo-Sa 09:00-20:00"
      }
    },
    {
      "type": "Feature",
      "geometry": {
        "type": "Point",
        "coordinates": [
          25.87382,
          45.6932052
        ]
      },
      "properties": {
        "id": 9956538784,
        "osm_type": "node",
        "name": "Costea"
      }
    },
    {
      "type": "Feature",
      "geometry": {
        "type": "Point",
        "coordinates": [
          25.3350988,
          45.5016196
        ]
      },
      "properties": {
        "id": 9971763965,
        "osm_type": "node",
        "name": "Magazin alimentar"
      }
    },
    {
      "type": "Feature",
      "geometry": {
        "type": "Point",
        "coordinates": [
          25.3271215,
          45.4917958
        ]
      },
      "properties": {
        "id": 9972732783,
        "osm_type": "node",
        "name": "Magazin mixt"
      }
    },
    {
      "type": "Feature",
      "geometry": {
        "type": "Point",
        "coordinates": [
          25.3194299,
          45.482492
        ]
      },
      "properties": {
        "id": 9972984798,
        "osm_type": "node",
        "name": "DFG MINI MARKET"
      }
    },
    {
      "type": "Feature",
      "geometry": {
        "type": "Point",
        "coordinates": [
          25.3108183,
          45.4593509
        ]
      },
      "properties": {
        "id": 9974210474,
        "osm_type": "node",
        "name": "Magazin"
      }
    },
    {
      "type": "Feature",
      "geometry": {
        "type": "Point",
        "coordinates": [
          25.3253742,
          45.451203
        ]
      },
      "properties": {
        "id": 9979195983,
        "osm_type": "node",
        "name": "Magazin"
      }
    },
    {
      "type": "Feature",
      "geometry": {
        "type": "Point",
        "coordinates": [
          25.3272234,
          45.4504212
        ]
      },
      "properties": {
        "id": 9979229568,
        "osm_type": "node",
        "name": "Magazin mixt"
      }
    },
    {
      "type": "Feature",
      "geometry": {
        "type": "Point",
        "coordinates": [
          25.3342846,
          45.4413907
        ]
      },
      "properties": {
        "id": 9985484688,
        "osm_type": "node",
        "name": "Magazin mixt"
      }
    },
    {
      "type": "Feature",
      "geometry": {
        "type": "Point",
        "coordinates": [
          25.2989888,
          45.4364225
        ]
      },
      "properties": {
        "id": 9988727585,
        "osm_type": "node",
        "name": "LaDoiPași"
      }
    },
    {
      "type": "Feature",
      "geometry": {
        "type": "Point",
        "coordinates": [
          25.3071361,
          45.438583
        ]
      },
      "properties": {
        "id": 9988784615,
        "osm_type": "node",
        "name": "Magazin alimentar"
      }
    },
    {
      "type": "Feature",
      "geometry": {
        "type": "Point",
        "coordinates": [
          25.597748,
          45.657806
        ]
      },
      "properties": {
        "id": 9990622876,
        "osm_type": "node",
        "name": "Profi",
        "brand": "Profi",
        "opening_hours": "Mo-Su 07:00-22:00"
      }
    },
    {
      "type": "Feature",
      "geometry": {
        "type": "Point",
        "coordinates": [
          25.4867061,
          45.6295629
        ]
      },
      "properties": {
        "id": 10001055066,
        "osm_type": "node",
        "name": "Shop&Go",
        "brand": "Shop&Go"
      }
    },
    {
      "type": "Feature",
      "geometry": {
        "type": "Point",
        "coordinates": [
          25.6016973,
          45.6578624
        ]
      },
      "properties": {
        "id": 10060653169,
        "osm_type": "node",
        "name": "Carrefour Express",
        "brand": "Carrefour Express",
        "opening_hours": "Mo-Fr 07:00-22:00; Sa 07:00-21:00"
      }
    },
    {
      "type": "Feature",
      "geometry": {
        "type": "Point",
        "coordinates": [
          25.6009453,
          45.6300071
        ]
      },
      "properties": {
        "id": 10143080932,
        "osm_type": "node",
        "name": "Shop&Go",
        "brand": "Shop&Go",
        "opening_hours": "Mo-Su 07:00-22:00"
      }
    },
    {
      "type": "Feature",
      "geometry": {
        "type": "Point",
        "coordinates": [
          25.6468785,
          45.6757305
        ]
      },
      "properties": {
        "id": 10143080935,
        "osm_type": "node",
        "name": "Shop&Go",
        "brand": "Shop&Go"
      }
    },
    {
      "type": "Feature",
      "geometry": {
        "type": "Point",
        "coordinates": [
          24.9750522,
          45.8370914
        ]
      },
      "properties": {
        "id": 10301352003,
        "osm_type": "node",
        "name": "Riovirg",
        "opening_hours": "Mo-Su 07:00-22:00"
      }
    },
    {
      "type": "Feature",
      "geometry": {
        "type": "Point",
        "coordinates": [
          25.3122881,
          45.56384
        ]
      },
      "properties": {
        "id": 10302490434,
        "osm_type": "node",
        "name": "Mini market"
      }
    },
    {
      "type": "Feature",
      "geometry": {
        "type": "Point",
        "coordinates": [
          25.3087752,
          45.5644579
        ]
      },
      "properties": {
        "id": 10304269792,
        "osm_type": "node"
      }
    },
    {
      "type": "Feature",
      "geometry": {
        "type": "Point",
        "coordinates": [
          25.3446851,
          45.5723974
        ]
      },
      "properties": {
        "id": 10309443984,
        "osm_type": "node",
        "name": "La Doi Pași",
        "brand": "La Doi Pași"
      }
    },
    {
      "type": "Feature",
      "geometry": {
        "type": "Point",
        "coordinates": [
          25.3408227,
          45.5709954
        ]
      },
      "properties": {
        "id": 10309443985,
        "osm_type": "node",
        "name": "EasyGO",
        "opening_hours": "Mo-Fr 09:00-20:00; Sa 09:00-19:00; Su 09:00-17:00"
      }
    },
    {
      "type": "Feature",
      "geometry": {
        "type": "Point",
        "coordinates": [
          25.3414887,
          45.5713198
        ]
      },
      "properties": {
        "id": 10309443988,
        "osm_type": "node",
        "name": "Sergiana"
      }
    },
    {
      "type": "Feature",
      "geometry": {
        "type": "Point",
        "coordinates": [
          25.3383219,
          45.5693827
        ]
      },
      "properties": {
        "id": 10309443999,
        "osm_type": "node",
        "name": "Prăvălie - Sergiana"
      }
    },
    {
      "type": "Feature",
      "geometry": {
        "type": "Point",
        "coordinates": [
          25.3696591,
          45.5762325
        ]
      },
      "properties": {
        "id": 10382260897,
        "osm_type": "node",
        "name": "Magazin alimentar"
      }
    },
    {
      "type": "Feature",
      "geometry": {
        "type": "Point",
        "coordinates": [
          25.3602271,
          45.5750663
        ]
      },
      "properties": {
        "id": 10557258544,
        "osm_type": "node",
        "name": "Magazin alimentar"
      }
    },
    {
      "type": "Feature",
      "geometry": {
        "type": "Point",
        "coordinates": [
          24.9674398,
          45.8385928
        ]
      },
      "properties": {
        "id": 10570844392,
        "osm_type": "node",
        "name": "Riovirg",
        "opening_hours": "Mo-Su 07:00-22:00"
      }
    },
    {
      "type": "Feature",
      "geometry": {
        "type": "Point",
        "coordinates": [
          25.627808,
          45.6403736
        ]
      },
      "properties": {
        "id": 10576840182,
        "osm_type": "node"
      }
    },
    {
      "type": "Feature",
      "geometry": {
        "type": "Point",
        "coordinates": [
          25.4559149,
          45.5729075
        ]
      },
      "properties": {
        "id": 10580986824,
        "osm_type": "node",
        "name": "La Prăvălie"
      }
    },
    {
      "type": "Feature",
      "geometry": {
        "type": "Point",
        "coordinates": [
          25.6276947,
          45.6405425
        ]
      },
      "properties": {
        "id": 10583916090,
        "osm_type": "node"
      }
    },
    {
      "type": "Feature",
      "geometry": {
        "type": "Point",
        "coordinates": [
          25.4815154,
          45.6242218
        ]
      },
      "properties": {
        "id": 10596504143,
        "osm_type": "node",
        "name": "Rural Market"
      }
    },
    {
      "type": "Feature",
      "geometry": {
        "type": "Point",
        "coordinates": [
          25.4884669,
          45.630829
        ]
      },
      "properties": {
        "id": 10598467720,
        "osm_type": "node",
        "name": "La Doi Pași",
        "brand": "La Doi Pași"
      }
    },
    {
      "type": "Feature",
      "geometry": {
        "type": "Point",
        "coordinates": [
          25.4847099,
          45.6296141
        ]
      },
      "properties": {
        "id": 10598467760,
        "osm_type": "node"
      }
    },
    {
      "type": "Feature",
      "geometry": {
        "type": "Point",
        "coordinates": [
          25.7395368,
          45.6015653
        ]
      },
      "properties": {
        "id": 10610528734,
        "osm_type": "node",
        "name": "La Doi Pași",
        "brand": "La Doi Pași"
      }
    },
    {
      "type": "Feature",
      "geometry": {
        "type": "Point",
        "coordinates": [
          25.7397744,
          45.601383
        ]
      },
      "properties": {
        "id": 10610528735,
        "osm_type": "node",
        "name": "LeFruMarin"
      }
    },
    {
      "type": "Feature",
      "geometry": {
        "type": "Point",
        "coordinates": [
          25.7342259,
          45.6053313
        ]
      },
      "properties": {
        "id": 10610528736,
        "osm_type": "node",
        "name": "Market Anghel"
      }
    },
    {
      "type": "Feature",
      "geometry": {
        "type": "Point",
        "coordinates": [
          25.7318897,
          45.6084367
        ]
      },
      "properties": {
        "id": 10610528737,
        "osm_type": "node"
      }
    },
    {
      "type": "Feature",
      "geometry": {
        "type": "Point",
        "coordinates": [
          25.7314684,
          45.6088281
        ]
      },
      "properties": {
        "id": 10610528739,
        "osm_type": "node",
        "name": "Market A.B.C."
      }
    },
    {
      "type": "Feature",
      "geometry": {
        "type": "Point",
        "coordinates": [
          25.6930331,
          45.6173373
        ]
      },
      "properties": {
        "id": 10610528762,
        "osm_type": "node",
        "name": "Shop&Go",
        "brand": "Shop&Go"
      }
    },
    {
      "type": "Feature",
      "geometry": {
        "type": "Point",
        "coordinates": [
          25.6930301,
          45.6180393
        ]
      },
      "properties": {
        "id": 10610528764,
        "osm_type": "node",
        "name": "Paprika"
      }
    },
    {
      "type": "Feature",
      "geometry": {
        "type": "Point",
        "coordinates": [
          25.6692781,
          45.612603
        ]
      },
      "properties": {
        "id": 10610528774,
        "osm_type": "node",
        "name": "La Doi Pași",
        "brand": "La Doi Pași"
      }
    },
    {
      "type": "Feature",
      "geometry": {
        "type": "Point",
        "coordinates": [
          25.5985179,
          45.6569044
        ]
      },
      "properties": {
        "id": 10631235012,
        "osm_type": "node",
        "name": "Super Mercato"
      }
    },
    {
      "type": "Feature",
      "geometry": {
        "type": "Point",
        "coordinates": [
          25.5970692,
          45.6614577
        ]
      },
      "properties": {
        "id": 10632459005,
        "osm_type": "node",
        "name": "La Doi Pași",
        "brand": "La Doi Pași"
      }
    },
    {
      "type": "Feature",
      "geometry": {
        "type": "Point",
        "coordinates": [
          25.6240213,
          45.6476456
        ]
      },
      "properties": {
        "id": 10632593304,
        "osm_type": "node",
        "name": "La Doi Pași",
        "brand": "La Doi Pași"
      }
    },
    {
      "type": "Feature",
      "geometry": {
        "type": "Point",
        "coordinates": [
          25.6209197,
          45.6462621
        ]
      },
      "properties": {
        "id": 10632617310,
        "osm_type": "node",
        "name": "Shop&Go",
        "brand": "Shop&Go"
      }
    },
    {
      "type": "Feature",
      "geometry": {
        "type": "Point",
        "coordinates": [
          25.6067155,
          45.6505424
        ]
      },
      "properties": {
        "id": 10635723729,
        "osm_type": "node",
        "name": "Mini Market"
      }
    },
    {
      "type": "Feature",
      "geometry": {
        "type": "Point",
        "coordinates": [
          25.5998015,
          45.6708145
        ]
      },
      "properties": {
        "id": 10638399158,
        "osm_type": "node",
        "name": "La Doi Pași",
        "brand": "La Doi Pași"
      }
    },
    {
      "type": "Feature",
      "geometry": {
        "type": "Point",
        "coordinates": [
          25.5025747,
          45.6691604
        ]
      },
      "properties": {
        "id": 10700026395,
        "osm_type": "node",
        "name": "Profi",
        "brand": "Profi",
        "opening_hours": "Mo-Sa 07:00-22:00; Su 08:00-22:00"
      }
    },
    {
      "type": "Feature",
      "geometry": {
        "type": "Point",
        "coordinates": [
          25.6020836,
          45.6752548
        ]
      },
      "properties": {
        "id": 10738823905,
        "osm_type": "node",
        "name": "Shop&Go",
        "brand": "Shop&Go",
        "opening_hours": "Su-Sa 07:00-22:00"
      }
    },
    {
      "type": "Feature",
      "geometry": {
        "type": "Point",
        "coordinates": [
          25.6068038,
          45.6747807
        ]
      },
      "properties": {
        "id": 10738835305,
        "osm_type": "node",
        "name": "Magazin Mixt",
        "opening_hours": "Mo-Sa 08:00-21:00; Su 14:00-21:00"
      }
    },
    {
      "type": "Feature",
      "geometry": {
        "type": "Point",
        "coordinates": [
          25.6361744,
          45.6414123
        ]
      },
      "properties": {
        "id": 10803814256,
        "osm_type": "node",
        "name": "Carrefour Express",
        "brand": "Carrefour Express"
      }
    },
    {
      "type": "Feature",
      "geometry": {
        "type": "Point",
        "coordinates": [
          25.63599,
          45.6383161
        ]
      },
      "properties": {
        "id": 10805601790,
        "osm_type": "node",
        "name": "Glovo Express"
      }
    },
    {
      "type": "Feature",
      "geometry": {
        "type": "Point",
        "coordinates": [
          25.6427994,
          45.7653432
        ]
      },
      "properties": {
        "id": 10839883682,
        "osm_type": "node",
        "name": "La Doi Pași",
        "brand": "La Doi Pași"
      }
    },
    {
      "type": "Feature",
      "geometry": {
        "type": "Point",
        "coordinates": [
          25.5958004,
          45.7540284
        ]
      },
      "properties": {
        "id": 10839910114,
        "osm_type": "node"
      }
    },
    {
      "type": "Feature",
      "geometry": {
        "type": "Point",
        "coordinates": [
          25.2218153,
          46.0385628
        ]
      },
      "properties": {
        "id": 10845493910,
        "osm_type": "node",
        "name": "LeFruMarin"
      }
    },
    {
      "type": "Feature",
      "geometry": {
        "type": "Point",
        "coordinates": [
          25.2216012,
          46.0384458
        ]
      },
      "properties": {
        "id": 10845493911,
        "osm_type": "node",
        "name": "Sergiana"
      }
    },
    {
      "type": "Feature",
      "geometry": {
        "type": "Point",
        "coordinates": [
          25.6188124,
          45.6589957
        ]
      },
      "properties": {
        "id": 10889534319,
        "osm_type": "node",
        "name": "La Doi Pași",
        "brand": "La Doi Pași"
      }
    },
    {
      "type": "Feature",
      "geometry": {
        "type": "Point",
        "coordinates": [
          25.5424746,
          45.7610904
        ]
      },
      "properties": {
        "id": 11051547303,
        "osm_type": "node",
        "name": "Magazin alimentar"
      }
    },
    {
      "type": "Feature",
      "geometry": {
        "type": "Point",
        "coordinates": [
          25.5528666,
          45.5935252
        ]
      },
      "properties": {
        "id": 11056977558,
        "osm_type": "node",
        "name": "Pulsar"
      }
    },
    {
      "type": "Feature",
      "geometry": {
        "type": "Point",
        "coordinates": [
          25.5475681,
          45.7601539
        ]
      },
      "properties": {
        "id": 11064344872,
        "osm_type": "node",
        "name": "La Doi Pași",
        "brand": "La Doi Pași"
      }
    },
    {
      "type": "Feature",
      "geometry": {
        "type": "Point",
        "coordinates": [
          25.5452205,
          45.7643392
        ]
      },
      "properties": {
        "id": 11068628832,
        "osm_type": "node",
        "name": "La nea Bebe"
      }
    },
    {
      "type": "Feature",
      "geometry": {
        "type": "Point",
        "coordinates": [
          25.6041936,
          45.6680644
        ]
      },
      "properties": {
        "id": 11083378320,
        "osm_type": "node",
        "name": "Dragomir Ionel I I"
      }
    },
    {
      "type": "Feature",
      "geometry": {
        "type": "Point",
        "coordinates": [
          25.6039549,
          45.6680761
        ]
      },
      "properties": {
        "id": 11083378321,
        "osm_type": "node",
        "name": "Shop&Go",
        "brand": "Shop&Go"
      }
    },
    {
      "type": "Feature",
      "geometry": {
        "type": "Point",
        "coordinates": [
          25.3550791,
          45.510412
        ]
      },
      "properties": {
        "id": 11088881549,
        "osm_type": "node",
        "name": "La Doi Pași",
        "brand": "La Doi Pași"
      }
    },
    {
      "type": "Feature",
      "geometry": {
        "type": "Point",
        "coordinates": [
          25.6118192,
          45.674914
        ]
      },
      "properties": {
        "id": 11092101505,
        "osm_type": "node",
        "name": "La Doi Pași",
        "brand": "La Doi Pași",
        "opening_hours": "Mo-Fr 08:00-22:00; Sa 09:00-21:00; Su 09:00-16:00"
      }
    },
    {
      "type": "Feature",
      "geometry": {
        "type": "Point",
        "coordinates": [
          25.6123737,
          45.6490836
        ]
      },
      "properties": {
        "id": 11099268305,
        "osm_type": "node"
      }
    },
    {
      "type": "Feature",
      "geometry": {
        "type": "Point",
        "coordinates": [
          25.6151794,
          45.6688446
        ]
      },
      "properties": {
        "id": 11109069162,
        "osm_type": "node",
        "name": "Băcănia lui Tomită"
      }
    },
    {
      "type": "Feature",
      "geometry": {
        "type": "Point",
        "coordinates": [
          25.6156072,
          45.6686484
        ]
      },
      "properties": {
        "id": 11109069163,
        "osm_type": "node",
        "name": "Davili Shop"
      }
    },
    {
      "type": "Feature",
      "geometry": {
        "type": "Point",
        "coordinates": [
          25.6145704,
          45.668422
        ]
      },
      "properties": {
        "id": 11109069164,
        "osm_type": "node",
        "name": "Shop&Go",
        "brand": "Shop&Go",
        "opening_hours": "Mo-Fr 07:00-22:00"
      }
    },
    {
      "type": "Feature",
      "geometry": {
        "type": "Point",
        "coordinates": [
          25.6149462,
          45.6679759
        ]
      },
      "properties": {
        "id": 11109069165,
        "osm_type": "node",
        "name": "XPress",
        "opening_hours": "Mo-Sa 08:00-21:00"
      }
    },
    {
      "type": "Feature",
      "geometry": {
        "type": "Point",
        "coordinates": [
          25.6377218,
          45.5928799
        ]
      },
      "properties": {
        "id": 11109069909,
        "osm_type": "node",
        "name": "Magazin",
        "opening_hours": "Mo-Fr 08:00-20:00"
      }
    },
    {
      "type": "Feature",
      "geometry": {
        "type": "Point",
        "coordinates": [
          25.5794625,
          45.6633561
        ]
      },
      "properties": {
        "id": 11109073920,
        "osm_type": "node",
        "name": "Prăvălie",
        "opening_hours": "Mo-Fr 07:00-20:00; Sa 07:00-16:00; Su 07:30-14:00"
      }
    },
    {
      "type": "Feature",
      "geometry": {
        "type": "Point",
        "coordinates": [
          25.5777067,
          45.66532
        ]
      },
      "properties": {
        "id": 11109073924,
        "osm_type": "node"
      }
    },
    {
      "type": "Feature",
      "geometry": {
        "type": "Point",
        "coordinates": [
          25.6045176,
          45.6669765
        ]
      },
      "properties": {
        "id": 11109073939,
        "osm_type": "node",
        "name": "Magazin Mixt"
      }
    },
    {
      "type": "Feature",
      "geometry": {
        "type": "Point",
        "coordinates": [
          25.6044456,
          45.6662073
        ]
      },
      "properties": {
        "id": 11109073940,
        "osm_type": "node"
      }
    },
    {
      "type": "Feature",
      "geometry": {
        "type": "Point",
        "coordinates": [
          24.9868067,
          46.0862882
        ]
      },
      "properties": {
        "id": 11124987875,
        "osm_type": "node"
      }
    },
    {
      "type": "Feature",
      "geometry": {
        "type": "Point",
        "coordinates": [
          25.59982,
          45.6741545
        ]
      },
      "properties": {
        "id": 11170150937,
        "osm_type": "node",
        "name": "Carrefour Express",
        "brand": "Carrefour Express",
        "opening_hours": "Mo-Su 07:00-21:00; PH closed"
      }
    },
    {
      "type": "Feature",
      "geometry": {
        "type": "Point",
        "coordinates": [
          25.5985473,
          45.6733453
        ]
      },
      "properties": {
        "id": 11210142125,
        "osm_type": "node",
        "name": "4U Market"
      }
    },
    {
      "type": "Feature",
      "geometry": {
        "type": "Point",
        "coordinates": [
          25.612664,
          45.6770935
        ]
      },
      "properties": {
        "id": 11235299430,
        "osm_type": "node",
        "name": "Navagio"
      }
    },
    {
      "type": "Feature",
      "geometry": {
        "type": "Point",
        "coordinates": [
          25.6096642,
          45.6736963
        ]
      },
      "properties": {
        "id": 11337818174,
        "osm_type": "node",
        "name": "Ciao market"
      }
    },
    {
      "type": "Feature",
      "geometry": {
        "type": "Point",
        "coordinates": [
          25.6102244,
          45.6714513
        ]
      },
      "properties": {
        "id": 11370720048,
        "osm_type": "node",
        "name": "La Doi Pași",
        "brand": "La Doi Pași"
      }
    },
    {
      "type": "Feature",
      "geometry": {
        "type": "Point",
        "coordinates": [
          25.2792989,
          46.0415469
        ]
      },
      "properties": {
        "id": 11379744718,
        "osm_type": "node"
      }
    },
    {
      "type": "Feature",
      "geometry": {
        "type": "Point",
        "coordinates": [
          25.2750594,
          46.0164701
        ]
      },
      "properties": {
        "id": 11379784618,
        "osm_type": "node"
      }
    },
    {
      "type": "Feature",
      "geometry": {
        "type": "Point",
        "coordinates": [
          25.2749467,
          46.0161925
        ]
      },
      "properties": {
        "id": 11379784619,
        "osm_type": "node",
        "name": "La Doi Pași",
        "brand": "La Doi Pași"
      }
    },
    {
      "type": "Feature",
      "geometry": {
        "type": "Point",
        "coordinates": [
          25.2692868,
          45.9443158
        ]
      },
      "properties": {
        "id": 11379840782,
        "osm_type": "node",
        "name": "La Doi Pași",
        "brand": "La Doi Pași"
      }
    },
    {
      "type": "Feature",
      "geometry": {
        "type": "Point",
        "coordinates": [
          25.5991359,
          45.6658833
        ]
      },
      "properties": {
        "id": 11409310857,
        "osm_type": "node",
        "name": "Shop&Go",
        "brand": "Shop&Go",
        "opening_hours": "24/7"
      }
    },
    {
      "type": "Feature",
      "geometry": {
        "type": "Point",
        "coordinates": [
          25.599345,
          45.6655788
        ]
      },
      "properties": {
        "id": 11409336006,
        "osm_type": "node",
        "name": "Carrefour Express",
        "brand": "Carrefour Express"
      }
    },
    {
      "type": "Feature",
      "geometry": {
        "type": "Point",
        "coordinates": [
          25.4173899,
          45.6326059
        ]
      },
      "properties": {
        "id": 11420827539,
        "osm_type": "node",
        "name": "La Doi Pași",
        "brand": "La Doi Pași"
      }
    },
    {
      "type": "Feature",
      "geometry": {
        "type": "Point",
        "coordinates": [
          25.1903213,
          45.8464807
        ]
      },
      "properties": {
        "id": 11607566924,
        "osm_type": "node",
        "name": "Magazin Mixt"
      }
    },
    {
      "type": "Feature",
      "geometry": {
        "type": "Point",
        "coordinates": [
          25.6214281,
          45.651466
        ]
      },
      "properties": {
        "id": 11618978112,
        "osm_type": "node",
        "name": "Shop&Go",
        "brand": "Shop&Go",
        "opening_hours": "07:00-22:00"
      }
    },
    {
      "type": "Feature",
      "geometry": {
        "type": "Point",
        "coordinates": [
          25.2803409,
          46.0906297
        ]
      },
      "properties": {
        "id": 11653261311,
        "osm_type": "node",
        "name": "La Doi Pași"
      }
    },
    {
      "type": "Feature",
      "geometry": {
        "type": "Point",
        "coordinates": [
          25.6256949,
          45.6455898
        ]
      },
      "properties": {
        "id": 11653355703,
        "osm_type": "node",
        "name": "Market Mixt"
      }
    },
    {
      "type": "Feature",
      "geometry": {
        "type": "Point",
        "coordinates": [
          25.3380865,
          45.570582
        ]
      },
      "properties": {
        "id": 11673334666,
        "osm_type": "node"
      }
    },
    {
      "type": "Feature",
      "geometry": {
        "type": "Point",
        "coordinates": [
          24.8716058,
          45.9120127
        ]
      },
      "properties": {
        "id": 11730350975,
        "osm_type": "node",
        "name": "Magazin Mixt"
      }
    },
    {
      "type": "Feature",
      "geometry": {
        "type": "Point",
        "coordinates": [
          25.6218952,
          45.6393405
        ]
      },
      "properties": {
        "id": 11917520720,
        "osm_type": "node",
        "name": "La Doi Pași",
        "brand": "La Doi Pași"
      }
    },
    {
      "type": "Feature",
      "geometry": {
        "type": "Point",
        "coordinates": [
          25.6218523,
          45.63932
        ]
      },
      "properties": {
        "id": 11917520721,
        "osm_type": "node",
        "name": "Super Mercato"
      }
    },
    {
      "type": "Feature",
      "geometry": {
        "type": "Point",
        "coordinates": [
          25.6215904,
          45.6391955
        ]
      },
      "properties": {
        "id": 11917726122,
        "osm_type": "node",
        "name": "Shop&Go",
        "brand": "Shop&Go",
        "opening_hours": "24/7"
      }
    },
    {
      "type": "Feature",
      "geometry": {
        "type": "Point",
        "coordinates": [
          25.6217614,
          45.6392696
        ]
      },
      "properties": {
        "id": 11917726127,
        "osm_type": "node",
        "name": "Băcănia Ana"
      }
    },
    {
      "type": "Feature",
      "geometry": {
        "type": "Point",
        "coordinates": [
          25.621813,
          45.6392958
        ]
      },
      "properties": {
        "id": 11917726128,
        "osm_type": "node",
        "name": "Non-stop Cafe"
      }
    },
    {
      "type": "Feature",
      "geometry": {
        "type": "Point",
        "coordinates": [
          25.624803,
          45.6407778
        ]
      },
      "properties": {
        "id": 11917726137,
        "osm_type": "node",
        "name": "Amigos"
      }
    },
    {
      "type": "Feature",
      "geometry": {
        "type": "Point",
        "coordinates": [
          25.6280219,
          45.6425533
        ]
      },
      "properties": {
        "id": 11917782827,
        "osm_type": "node",
        "name": "Alimentara"
      }
    },
    {
      "type": "Feature",
      "geometry": {
        "type": "Point",
        "coordinates": [
          25.6202473,
          45.6423151
        ]
      },
      "properties": {
        "id": 11928802313,
        "osm_type": "node",
        "name": "Hard Discord Market"
      }
    },
    {
      "type": "Feature",
      "geometry": {
        "type": "Point",
        "coordinates": [
          25.6261605,
          45.650746
        ]
      },
      "properties": {
        "id": 11949305480,
        "osm_type": "node",
        "name": "Carrefour Express",
        "brand": "Carrefour Express"
      }
    },
    {
      "type": "Feature",
      "geometry": {
        "type": "Point",
        "coordinates": [
          25.6007848,
          45.6464245
        ]
      },
      "properties": {
        "id": 11952133829,
        "osm_type": "node",
        "name": "quick"
      }
    },
    {
      "type": "Feature",
      "geometry": {
        "type": "Point",
        "coordinates": [
          25.6058336,
          45.6487947
        ]
      },
      "properties": {
        "id": 11952152550,
        "osm_type": "node",
        "name": "Alimentară"
      }
    },
    {
      "type": "Feature",
      "geometry": {
        "type": "Point",
        "coordinates": [
          25.6016225,
          45.646302
        ]
      },
      "properties": {
        "id": 11952211606,
        "osm_type": "node",
        "name": "La Moshu"
      }
    },
    {
      "type": "Feature",
      "geometry": {
        "type": "Point",
        "coordinates": [
          25.5891831,
          45.6442322
        ]
      },
      "properties": {
        "id": 11958224952,
        "osm_type": "node",
        "name": "Magazin Alimentar",
        "opening_hours": "Mo-Fr 08:00-21:00; Sa-Su 09:00-19:00; PH closed"
      }
    },
    {
      "type": "Feature",
      "geometry": {
        "type": "Point",
        "coordinates": [
          25.588594,
          45.6428153
        ]
      },
      "properties": {
        "id": 11958270255,
        "osm_type": "node",
        "name": "La Doi Pași",
        "brand": "La Doi Pași"
      }
    },
    {
      "type": "Feature",
      "geometry": {
        "type": "Point",
        "coordinates": [
          25.5895576,
          45.6425906
        ]
      },
      "properties": {
        "id": 11999527869,
        "osm_type": "node"
      }
    },
    {
      "type": "Feature",
      "geometry": {
        "type": "Point",
        "coordinates": [
          25.591552,
          45.6550381
        ]
      },
      "properties": {
        "id": 12019060894,
        "osm_type": "node",
        "name": "La Doi Pași",
        "brand": "La Doi Pași",
        "opening_hours": "Mo-Fr 06:30:00-21:00; Sa 08:00-18:00; Su 08:00-16:00"
      }
    },
    {
      "type": "Feature",
      "geometry": {
        "type": "Point",
        "coordinates": [
          25.6189863,
          45.6383198
        ]
      },
      "properties": {
        "id": 12051383412,
        "osm_type": "node",
        "name": "La Sibieni"
      }
    },
    {
      "type": "Feature",
      "geometry": {
        "type": "Point",
        "coordinates": [
          25.6189006,
          45.6382593
        ]
      },
      "properties": {
        "id": 12051383413,
        "osm_type": "node",
        "name": "German Shop"
      }
    },
    {
      "type": "Feature",
      "geometry": {
        "type": "Point",
        "coordinates": [
          25.7086669,
          45.6602102
        ]
      },
      "properties": {
        "id": 12055347898,
        "osm_type": "node",
        "name": "Shop&Go",
        "brand": "Shop&Go"
      }
    },
    {
      "type": "Feature",
      "geometry": {
        "type": "Point",
        "coordinates": [
          25.6295749,
          45.6346816
        ]
      },
      "properties": {
        "id": 12058747974,
        "osm_type": "node",
        "name": "La Doi Pași",
        "brand": "La Doi Pași"
      }
    },
    {
      "type": "Feature",
      "geometry": {
        "type": "Point",
        "coordinates": [
          25.6577741,
          45.6092351
        ]
      },
      "properties": {
        "id": 12064586728,
        "osm_type": "node",
        "name": "Viva"
      }
    },
    {
      "type": "Feature",
      "geometry": {
        "type": "Point",
        "coordinates": [
          25.6508861,
          45.6180326
        ]
      },
      "properties": {
        "id": 12064632335,
        "osm_type": "node"
      }
    },
    {
      "type": "Feature",
      "geometry": {
        "type": "Point",
        "coordinates": [
          25.6507628,
          45.6177033
        ]
      },
      "properties": {
        "id": 12064632337,
        "osm_type": "node",
        "name": "Anisia 2002"
      }
    },
    {
      "type": "Feature",
      "geometry": {
        "type": "Point",
        "coordinates": [
          25.639004,
          45.6169839
        ]
      },
      "properties": {
        "id": 12064862179,
        "osm_type": "node",
        "name": "Mega Shop & Go"
      }
    },
    {
      "type": "Feature",
      "geometry": {
        "type": "Point",
        "coordinates": [
          25.6371023,
          45.6190813
        ]
      },
      "properties": {
        "id": 12064862183,
        "osm_type": "node",
        "name": "Carrefour Express"
      }
    },
    {
      "type": "Feature",
      "geometry": {
        "type": "Point",
        "coordinates": [
          25.6374402,
          45.6192417
        ]
      },
      "properties": {
        "id": 12064862186,
        "osm_type": "node"
      }
    },
    {
      "type": "Feature",
      "geometry": {
        "type": "Point",
        "coordinates": [
          25.6359556,
          45.6217845
        ]
      },
      "properties": {
        "id": 12064862192,
        "osm_type": "node",
        "name": "Mega Shop & Go"
      }
    },
    {
      "type": "Feature",
      "geometry": {
        "type": "Point",
        "coordinates": [
          25.6323655,
          45.6353608
        ]
      },
      "properties": {
        "id": 12066259659,
        "osm_type": "node",
        "name": "La Doi Pași",
        "brand": "La Doi Pași",
        "opening_hours": "Mo-Fr 08:00-21:30; Sa 08:30-20:30; Su 08:30-20:30"
      }
    },
    {
      "type": "Feature",
      "geometry": {
        "type": "Point",
        "coordinates": [
          25.6329596,
          45.6348474
        ]
      },
      "properties": {
        "id": 12066292476,
        "osm_type": "node",
        "name": "Shop&Go",
        "brand": "Shop&Go",
        "opening_hours": "Mo-Su 07:00-24:00"
      }
    },
    {
      "type": "Feature",
      "geometry": {
        "type": "Point",
        "coordinates": [
          25.6394961,
          45.6370891
        ]
      },
      "properties": {
        "id": 12075346207,
        "osm_type": "node",
        "name": "Mini Market"
      }
    },
    {
      "type": "Feature",
      "geometry": {
        "type": "Point",
        "coordinates": [
          25.601108,
          45.6537067
        ]
      },
      "properties": {
        "id": 12086831244,
        "osm_type": "node",
        "name": "Shop&Go",
        "brand": "Shop&Go",
        "opening_hours": "Mo-Su 07:00-22:00"
      }
    },
    {
      "type": "Feature",
      "geometry": {
        "type": "Point",
        "coordinates": [
          25.620476,
          45.6684782
        ]
      },
      "properties": {
        "id": 12094811246,
        "osm_type": "node",
        "name": "Carrefour Express",
        "brand": "Carrefour Express"
      }
    },
    {
      "type": "Feature",
      "geometry": {
        "type": "Point",
        "coordinates": [
          25.5890934,
          45.6477234
        ]
      },
      "properties": {
        "id": 12096535093,
        "osm_type": "node",
        "name": "non stop",
        "opening_hours": "24/7"
      }
    },
    {
      "type": "Feature",
      "geometry": {
        "type": "Point",
        "coordinates": [
          25.0940592,
          46.0556313
        ]
      },
      "properties": {
        "id": 12102651384,
        "osm_type": "node",
        "name": "Magazin Mixt",
        "opening_hours": "Mo-Su 08:00-13:00, 14:30-21:30"
      }
    },
    {
      "type": "Feature",
      "geometry": {
        "type": "Point",
        "coordinates": [
          25.6241689,
          45.6432658
        ]
      },
      "properties": {
        "id": 12137134309,
        "osm_type": "node",
        "name": "Shop&Go",
        "brand": "Shop&Go"
      }
    },
    {
      "type": "Feature",
      "geometry": {
        "type": "Point",
        "coordinates": [
          25.6019619,
          45.6790094
        ]
      },
      "properties": {
        "id": 12160229817,
        "osm_type": "node",
        "name": "La Doi Pași",
        "brand": "La Doi Pași",
        "opening_hours": "Mo-Fr 07:00-22:00; Sa 08:00-19:00; Su 08:00-17:00"
      }
    },
    {
      "type": "Feature",
      "geometry": {
        "type": "Point",
        "coordinates": [
          25.6017921,
          45.6790754
        ]
      },
      "properties": {
        "id": 12194473209,
        "osm_type": "node",
        "name": "Cartier Market",
        "opening_hours": "Mo-Sa 07:00-22:00; Su 08:00-22:00"
      }
    },
    {
      "type": "Feature",
      "geometry": {
        "type": "Point",
        "coordinates": [
          25.6089737,
          45.6605157
        ]
      },
      "properties": {
        "id": 12328267464,
        "osm_type": "node",
        "name": "La Doi Pași",
        "brand": "La Doi Pași"
      }
    },
    {
      "type": "Feature",
      "geometry": {
        "type": "Point",
        "coordinates": [
          25.6286994,
          45.6483373
        ]
      },
      "properties": {
        "id": 12367325427,
        "osm_type": "node"
      }
    },
    {
      "type": "Feature",
      "geometry": {
        "type": "Point",
        "coordinates": [
          25.6017717,
          45.679019
        ]
      },
      "properties": {
        "id": 12430346334,
        "osm_type": "node",
        "name": "Băcănia Pofte de Odinioară",
        "opening_hours": "Mo-Sa 09:00-21:00"
      }
    },
    {
      "type": "Feature",
      "geometry": {
        "type": "Point",
        "coordinates": [
          25.544664,
          45.75977
        ]
      },
      "properties": {
        "id": 12444819101,
        "osm_type": "node",
        "name": "Aprozar"
      }
    },
    {
      "type": "Feature",
      "geometry": {
        "type": "Point",
        "coordinates": [
          25.553135,
          45.5947214
        ]
      },
      "properties": {
        "id": 12961379071,
        "osm_type": "node",
        "name": "Magazin JH Shop"
      }
    },
    {
      "type": "Feature",
      "geometry": {
        "type": "Point",
        "coordinates": [
          25.3693344,
          45.5162297
        ]
      },
      "properties": {
        "id": 13056234532,
        "osm_type": "node",
        "name": "La Doi Pași",
        "brand": "La Doi Pași"
      }
    },
    {
      "type": "Feature",
      "geometry": {
        "type": "Point",
        "coordinates": [
          25.3709427,
          45.5218279
        ]
      },
      "properties": {
        "id": 13058263559,
        "osm_type": "node",
        "name": "La Săndel"
      }
    },
    {
      "type": "Feature",
      "geometry": {
        "type": "Point",
        "coordinates": [
          25.3304688,
          45.4987522
        ]
      },
      "properties": {
        "id": 13064193128,
        "osm_type": "node",
        "name": "Magazin alimentar și industrial"
      }
    },
    {
      "type": "Feature",
      "geometry": {
        "type": "Point",
        "coordinates": [
          25.6395679,
          45.6321699
        ]
      },
      "properties": {
        "id": 13065178167,
        "osm_type": "node",
        "name": "Carrefour",
        "brand": "Carrefour"
      }
    },
    {
      "type": "Feature",
      "geometry": {
        "type": "Point",
        "coordinates": [
          25.60122,
          45.6534159
        ]
      },
      "properties": {
        "id": 13073801770,
        "osm_type": "node",
        "name": "Carrefour Express",
        "brand": "Carrefour Express",
        "opening_hours": "Mo-Su 07:00-22:00"
      }
    },
    {
      "type": "Feature",
      "geometry": {
        "type": "Point",
        "coordinates": [
          25.6199366,
          45.6693604
        ]
      },
      "properties": {
        "id": 13083941435,
        "osm_type": "node",
        "name": "La Doi Pași",
        "brand": "La Doi Pași"
      }
    },
    {
      "type": "Feature",
      "geometry": {
        "type": "Point",
        "coordinates": [
          25.6119897,
          45.6788077
        ]
      },
      "properties": {
        "id": 13103966249,
        "osm_type": "node",
        "name": "Shop&Go",
        "brand": "Shop&Go"
      }
    },
    {
      "type": "Feature",
      "geometry": {
        "type": "Point",
        "coordinates": [
          25.5709593,
          45.6610246
        ]
      },
      "properties": {
        "id": 13137954946,
        "osm_type": "node",
        "name": "My Auchan",
        "brand": "My Auchan"
      }
    },
    {
      "type": "Feature",
      "geometry": {
        "type": "Point",
        "coordinates": [
          25.6296953,
          45.6532686
        ]
      },
      "properties": {
        "id": 13240832695,
        "osm_type": "node",
        "name": "Aprozar"
      }
    },
    {
      "type": "Feature",
      "geometry": {
        "type": "Point",
        "coordinates": [
          25.6270194,
          45.6513322
        ]
      },
      "properties": {
        "id": 13240848303,
        "osm_type": "node",
        "name": "Bro Mate Squad",
        "opening_hours": "Mo-Fr 07:00-21:00; Sa-Su 09:00-21:00"
      }
    },
    {
      "type": "Feature",
      "geometry": {
        "type": "Point",
        "coordinates": [
          25.6261301,
          45.6548907
        ]
      },
      "properties": {
        "id": 13240904874,
        "osm_type": "node"
      }
    },
    {
      "type": "Feature",
      "geometry": {
        "type": "Point",
        "coordinates": [
          25.6264893,
          45.6547741
        ]
      },
      "properties": {
        "id": 13240904876,
        "osm_type": "node",
        "opening_hours": "07:00-21:00"
      }
    },
    {
      "type": "Feature",
      "geometry": {
        "type": "Point",
        "coordinates": [
          25.629457,
          45.6551181
        ]
      },
      "properties": {
        "id": 13240904885,
        "osm_type": "node",
        "name": "Maribor",
        "opening_hours": "Mo-Fr 08:00-20:00"
      }
    },
    {
      "type": "Feature",
      "geometry": {
        "type": "Point",
        "coordinates": [
          25.6187033,
          45.6420732
        ]
      },
      "properties": {
        "id": 13301361281,
        "osm_type": "node",
        "name": "Temelia Market"
      }
    },
    {
      "type": "Feature",
      "geometry": {
        "type": "Point",
        "coordinates": [
          25.6194788,
          45.6449602
        ]
      },
      "properties": {
        "id": 13395242019,
        "osm_type": "node",
        "name": "Fresh Market"
      }
    },
    {
      "type": "Feature",
      "geometry": {
        "type": "Point",
        "coordinates": [
          25.510023,
          45.6579379
        ]
      },
      "properties": {
        "id": 13545756196,
        "osm_type": "node",
        "name": "Carrefour Express",
        "brand": "Carrefour Express"
      }
    },
    {
      "type": "Feature",
      "geometry": {
        "type": "Point",
        "coordinates": [
          25.6144643,
          45.6543968
        ]
      },
      "properties": {
        "id": 13607750937,
        "osm_type": "node",
        "name": "Minimarket"
      }
    },
    {
      "type": "Feature",
      "geometry": {
        "type": "Point",
        "coordinates": [
          25.631091,
          45.6517492
        ]
      },
      "properties": {
        "id": 13669511461,
        "osm_type": "node",
        "opening_hours": "07:00-20:00"
      }
    },
    {
      "type": "Feature",
      "geometry": {
        "type": "Point",
        "coordinates": [
          25.6140469,
          45.6610703
        ]
      },
      "properties": {
        "id": 13706789130,
        "osm_type": "node",
        "name": "La Doi Pași",
        "brand": "La Doi Pași"
      }
    },
    {
      "type": "Feature",
      "geometry": {
        "type": "Point",
        "coordinates": [
          24.9233099,
          45.8314009
        ]
      },
      "properties": {
        "id": 123344345,
        "osm_type": "way",
        "name": "Magazin Mixt"
      }
    },
    {
      "type": "Feature",
      "geometry": {
        "type": "Point",
        "coordinates": [
          25.4942348,
          45.5856613
        ]
      },
      "properties": {
        "id": 224148937,
        "osm_type": "way"
      }
    },
    {
      "type": "Feature",
      "geometry": {
        "type": "Point",
        "coordinates": [
          25.6308237,
          45.6431992
        ]
      },
      "properties": {
        "id": 264558526,
        "osm_type": "way",
        "name": "Carrefour Market",
        "brand": "Carrefour Market",
        "opening_hours": "Mo-Sa 07:00-22:00; Su 08:00-22:00"
      }
    },
    {
      "type": "Feature",
      "geometry": {
        "type": "Point",
        "coordinates": [
          25.5506022,
          45.5969564
        ]
      },
      "properties": {
        "id": 272570598,
        "osm_type": "way",
        "name": "Mini Market"
      }
    },
    {
      "type": "Feature",
      "geometry": {
        "type": "Point",
        "coordinates": [
          25.6012388,
          45.6541408
        ]
      },
      "properties": {
        "id": 272866820,
        "osm_type": "way",
        "name": "Mini Market - Flori de Cămp",
        "opening_hours": "Mo-Sa 07:00-13:00, 16:00-21:00; Su 11:00-13:00, 16:00-21:00"
      }
    },
    {
      "type": "Feature",
      "geometry": {
        "type": "Point",
        "coordinates": [
          25.5734147,
          45.5040812
        ]
      },
      "properties": {
        "id": 321690546,
        "osm_type": "way",
        "name": "Froo",
        "brand": "Froo"
      }
    },
    {
      "type": "Feature",
      "geometry": {
        "type": "Point",
        "coordinates": [
          25.5076937,
          45.5471411
        ]
      },
      "properties": {
        "id": 618575998,
        "osm_type": "way"
      }
    },
    {
      "type": "Feature",
      "geometry": {
        "type": "Point",
        "coordinates": [
          25.2759322,
          45.5064586
        ]
      },
      "properties": {
        "id": 680828027,
        "osm_type": "way",
        "name": "Magazin mixt"
      }
    },
    {
      "type": "Feature",
      "geometry": {
        "type": "Point",
        "coordinates": [
          25.0960606,
          45.7411908
        ]
      },
      "properties": {
        "id": 1056155916,
        "osm_type": "way",
        "name": "Motzu Star"
      }
    },
    {
      "type": "Feature",
      "geometry": {
        "type": "Point",
        "coordinates": [
          25.4680745,
          45.6282718
        ]
      },
      "properties": {
        "id": 1057260972,
        "osm_type": "way",
        "name": "La Doi Pași",
        "brand": "La Doi Pași"
      }
    },
    {
      "type": "Feature",
      "geometry": {
        "type": "Point",
        "coordinates": [
          25.4450237,
          45.7032771
        ]
      },
      "properties": {
        "id": 1095902829,
        "osm_type": "way"
      }
    },
    {
      "type": "Feature",
      "geometry": {
        "type": "Point",
        "coordinates": [
          25.6194213,
          45.6452232
        ]
      },
      "properties": {
        "id": 1098736842,
        "osm_type": "way",
        "name": "Deea Market"
      }
    },
    {
      "type": "Feature",
      "geometry": {
        "type": "Point",
        "coordinates": [
          25.0948353,
          45.7402661
        ]
      },
      "properties": {
        "id": 1130725091,
        "osm_type": "way",
        "name": "Alen & Julia"
      }
    },
    {
      "type": "Feature",
      "geometry": {
        "type": "Point",
        "coordinates": [
          24.9691889,
          45.8437356
        ]
      },
      "properties": {
        "id": 1134081339,
        "osm_type": "way",
        "name": "Regalo Glacial",
        "opening_hours": "05:00-01:00"
      }
    }
  ]
}