{
  "type": "FeatureCollection",
  "features": [
    {
      "type": "Feature",
      "geometry": {
        "type": "Point",
        "coordinates": [
          26.1093877,
          44.6233178
        ]
      },
      "properties": {
        "id": 1817675182,
        "osm_type": "node"
      }
    },
    {
      "type": "Feature",
      "geometry": {
        "type": "Point",
        "coordinates": [
          26.1089585,
          44.6228367
        ]
      },
      "properties": {
        "id": 1817675185,
        "osm_type": "node",
        "name": "La Doi Pași",
        "brand": "La Doi Pași"
      }
    },
    {
      "type": "Feature",
      "geometry": {
        "type": "Point",
        "coordinates": [
          26.1122657,
          44.6307129
        ]
      },
      "properties": {
        "id": 1817675774,
        "osm_type": "node"
      }
    },
    {
      "type": "Feature",
      "geometry": {
        "type": "Point",
        "coordinates": [
          26.113116,
          44.636878
        ]
      },
      "properties": {
        "id": 1817675775,
        "osm_type": "node"
      }
    },
    {
      "type": "Feature",
      "geometry": {
        "type": "Point",
        "coordinates": [
          26.1127217,
          44.6324842
        ]
      },
      "properties": {
        "id": 1817675776,
        "osm_type": "node"
      }
    },
    {
      "type": "Feature",
      "geometry": {
        "type": "Point",
        "coordinates": [
          26.0082348,
          44.3872249
        ]
      },
      "properties": {
        "id": 2023715939,
        "osm_type": "node",
        "name": "Geny Com"
      }
    },
    {
      "type": "Feature",
      "geometry": {
        "type": "Point",
        "coordinates": [
          26.3104862,
          44.3787632
        ]
      },
      "properties": {
        "id": 2422237628,
        "osm_type": "node"
      }
    },
    {
      "type": "Feature",
      "geometry": {
        "type": "Point",
        "coordinates": [
          26.1715597,
          44.4658729
        ]
      },
      "properties": {
        "id": 2459742729,
        "osm_type": "node",
        "name": "Shop&Go"
      }
    },
    {
      "type": "Feature",
      "geometry": {
        "type": "Point",
        "coordinates": [
          26.1673442,
          44.3798117
        ]
      },
      "properties": {
        "id": 2815558863,
        "osm_type": "node"
      }
    },
    {
      "type": "Feature",
      "geometry": {
        "type": "Point",
        "coordinates": [
          25.8759809,
          44.4428497
        ]
      },
      "properties": {
        "id": 2954881675,
        "osm_type": "node",
        "name": "Magazin"
      }
    },
    {
      "type": "Feature",
      "geometry": {
        "type": "Point",
        "coordinates": [
          26.1562603,
          44.3750642
        ]
      },
      "properties": {
        "id": 2963471044,
        "osm_type": "node",
        "name": "Green Market Non-Stop",
        "opening_hours": "24/7",
        "check_date": "2024-12-29"
      }
    },
    {
      "type": "Feature",
      "geometry": {
        "type": "Point",
        "coordinates": [
          26.1452412,
          44.4944932
        ]
      },
      "properties": {
        "id": 3134082384,
        "osm_type": "node",
        "name": "Shop & Go"
      }
    },
    {
      "type": "Feature",
      "geometry": {
        "type": "Point",
        "coordinates": [
          26.0359686,
          44.3580387
        ]
      },
      "properties": {
        "id": 3363203433,
        "osm_type": "node",
        "name": "Magazin alimentar"
      }
    },
    {
      "type": "Feature",
      "geometry": {
        "type": "Point",
        "coordinates": [
          26.1515584,
          44.3677633
        ]
      },
      "properties": {
        "id": 3468648593,
        "osm_type": "node",
        "name": "Froo",
        "brand": "Froo",
        "opening_hours": "Mo-Su 06:00-23:00",
        "check_date": "2024-10-20"
      }
    },
    {
      "type": "Feature",
      "geometry": {
        "type": "Point",
        "coordinates": [
          25.9780631,
          44.372473
        ]
      },
      "properties": {
        "id": 3564779633,
        "osm_type": "node",
        "name": "Magazin alimentar"
      }
    },
    {
      "type": "Feature",
      "geometry": {
        "type": "Point",
        "coordinates": [
          25.9814319,
          44.3751839
        ]
      },
      "properties": {
        "id": 3564781981,
        "osm_type": "node",
        "name": "Minimarket"
      }
    },
    {
      "type": "Feature",
      "geometry": {
        "type": "Point",
        "coordinates": [
          25.9815902,
          44.37532
        ]
      },
      "properties": {
        "id": 3564781984,
        "osm_type": "node",
        "name": "Magazin alimentar"
      }
    },
    {
      "type": "Feature",
      "geometry": {
        "type": "Point",
        "coordinates": [
          26.1502996,
          44.3734006
        ]
      },
      "properties": {
        "id": 3648019451,
        "osm_type": "node",
        "name": "Froo",
        "brand": "Froo"
      }
    },
    {
      "type": "Feature",
      "geometry": {
        "type": "Point",
        "coordinates": [
          26.0248725,
          44.3872417
        ]
      },
      "properties": {
        "id": 3706469013,
        "osm_type": "node",
        "name": "Magazin Cartierul Verde",
        "opening_hours": "08:00-23:00"
      }
    },
    {
      "type": "Feature",
      "geometry": {
        "type": "Point",
        "coordinates": [
          26.0117201,
          44.4493706
        ]
      },
      "properties": {
        "id": 3754970627,
        "osm_type": "node",
        "name": "Minimarket"
      }
    },
    {
      "type": "Feature",
      "geometry": {
        "type": "Point",
        "coordinates": [
          25.986871,
          44.4480589
        ]
      },
      "properties": {
        "id": 3757927653,
        "osm_type": "node",
        "name": "Shop&Go"
      }
    },
    {
      "type": "Feature",
      "geometry": {
        "type": "Point",
        "coordinates": [
          26.2031725,
          44.3897095
        ]
      },
      "properties": {
        "id": 3885140881,
        "osm_type": "node",
        "name": "Minimarket nonstop"
      }
    },
    {
      "type": "Feature",
      "geometry": {
        "type": "Point",
        "coordinates": [
          26.2170484,
          44.4041547
        ]
      },
      "properties": {
        "id": 3886530598,
        "osm_type": "node",
        "name": "Minimarket"
      }
    },
    {
      "type": "Feature",
      "geometry": {
        "type": "Point",
        "coordinates": [
          26.2241804,
          44.4051339
        ]
      },
      "properties": {
        "id": 3886530605,
        "osm_type": "node",
        "name": "Minimarket"
      }
    },
    {
      "type": "Feature",
      "geometry": {
        "type": "Point",
        "coordinates": [
          25.9860494,
          44.4010312
        ]
      },
      "properties": {
        "id": 3917162401,
        "osm_type": "node",
        "name": "Minimarket"
      }
    },
    {
      "type": "Feature",
      "geometry": {
        "type": "Point",
        "coordinates": [
          26.0082496,
          44.3906244
        ]
      },
      "properties": {
        "id": 3919003224,
        "osm_type": "node",
        "name": "Shop&Go",
        "brand": "Shop&Go"
      }
    },
    {
      "type": "Feature",
      "geometry": {
        "type": "Point",
        "coordinates": [
          26.0034753,
          44.3981304
        ]
      },
      "properties": {
        "id": 3926767956,
        "osm_type": "node",
        "name": "Minimarket"
      }
    },
    {
      "type": "Feature",
      "geometry": {
        "type": "Point",
        "coordinates": [
          26.1290807,
          44.5002187
        ]
      },
      "properties": {
        "id": 4081823614,
        "osm_type": "node",
        "name": "Mini Market Pipera"
      }
    },
    {
      "type": "Feature",
      "geometry": {
        "type": "Point",
        "coordinates": [
          26.1706947,
          44.3790759
        ]
      },
      "properties": {
        "id": 4086002351,
        "osm_type": "node"
      }
    },
    {
      "type": "Feature",
      "geometry": {
        "type": "Point",
        "coordinates": [
          26.1714001,
          44.3785928
        ]
      },
      "properties": {
        "id": 4086002370,
        "osm_type": "node"
      }
    },
    {
      "type": "Feature",
      "geometry": {
        "type": "Point",
        "coordinates": [
          26.1668424,
          44.3801404
        ]
      },
      "properties": {
        "id": 4086003166,
        "osm_type": "node"
      }
    },
    {
      "type": "Feature",
      "geometry": {
        "type": "Point",
        "coordinates": [
          25.9485385,
          44.5628528
        ]
      },
      "properties": {
        "id": 4097897964,
        "osm_type": "node",
        "name": "Magazin Mixt"
      }
    },
    {
      "type": "Feature",
      "geometry": {
        "type": "Point",
        "coordinates": [
          26.2160831,
          44.4587778
        ]
      },
      "properties": {
        "id": 4108146529,
        "osm_type": "node",
        "name": "Magazin mixt"
      }
    },
    {
      "type": "Feature",
      "geometry": {
        "type": "Point",
        "coordinates": [
          26.1950063,
          44.4548416
        ]
      },
      "properties": {
        "id": 4108197374,
        "osm_type": "node",
        "name": "Mini market"
      }
    },
    {
      "type": "Feature",
      "geometry": {
        "type": "Point",
        "coordinates": [
          26.1971199,
          44.4524675
        ]
      },
      "properties": {
        "id": 4108218917,
        "osm_type": "node",
        "name": "Mini market"
      }
    },
    {
      "type": "Feature",
      "geometry": {
        "type": "Point",
        "coordinates": [
          26.1789259,
          44.3810965
        ]
      },
      "properties": {
        "id": 4120800992,
        "osm_type": "node",
        "name": "Mini market"
      }
    },
    {
      "type": "Feature",
      "geometry": {
        "type": "Point",
        "coordinates": [
          26.1464532,
          44.3744472
        ]
      },
      "properties": {
        "id": 4120855102,
        "osm_type": "node"
      }
    },
    {
      "type": "Feature",
      "geometry": {
        "type": "Point",
        "coordinates": [
          26.1720821,
          44.3821468
        ]
      },
      "properties": {
        "id": 4133620053,
        "osm_type": "node"
      }
    },
    {
      "type": "Feature",
      "geometry": {
        "type": "Point",
        "coordinates": [
          26.1712103,
          44.3815822
        ]
      },
      "properties": {
        "id": 4133620054,
        "osm_type": "node"
      }
    },
    {
      "type": "Feature",
      "geometry": {
        "type": "Point",
        "coordinates": [
          26.1682859,
          44.3813802
        ]
      },
      "properties": {
        "id": 4133655790,
        "osm_type": "node"
      }
    },
    {
      "type": "Feature",
      "geometry": {
        "type": "Point",
        "coordinates": [
          26.0721878,
          44.5512232
        ]
      },
      "properties": {
        "id": 4148797516,
        "osm_type": "node",
        "name": "La Doi Pași",
        "brand": "La Doi Pași"
      }
    },
    {
      "type": "Feature",
      "geometry": {
        "type": "Point",
        "coordinates": [
          26.0766236,
          44.5509143
        ]
      },
      "properties": {
        "id": 4151400949,
        "osm_type": "node",
        "name": "Magazin alimentar"
      }
    },
    {
      "type": "Feature",
      "geometry": {
        "type": "Point",
        "coordinates": [
          26.3293092,
          44.4610195
        ]
      },
      "properties": {
        "id": 4161817467,
        "osm_type": "node",
        "name": "Shop&Go",
        "brand": "Shop&Go",
        "opening_hours": "Mo-Su 07:00-22:00"
      }
    },
    {
      "type": "Feature",
      "geometry": {
        "type": "Point",
        "coordinates": [
          26.0868995,
          44.3626815
        ]
      },
      "properties": {
        "id": 4190364189,
        "osm_type": "node",
        "name": "Petrom market"
      }
    },
    {
      "type": "Feature",
      "geometry": {
        "type": "Point",
        "coordinates": [
          26.0707117,
          44.5810145
        ]
      },
      "properties": {
        "id": 4321709260,
        "osm_type": "node",
        "name": "My Auchan",
        "brand": "My Auchan",
        "opening_hours": "06:00-22:00"
      }
    },
    {
      "type": "Feature",
      "geometry": {
        "type": "Point",
        "coordinates": [
          26.1686538,
          44.4897774
        ]
      },
      "properties": {
        "id": 4339025891,
        "osm_type": "node",
        "name": "Magazin",
        "opening_hours": "24/7"
      }
    },
    {
      "type": "Feature",
      "geometry": {
        "type": "Point",
        "coordinates": [
          26.1535818,
          44.3714261
        ]
      },
      "properties": {
        "id": 4340411295,
        "osm_type": "node",
        "name": "Annabella",
        "brand": "Annabella"
      }
    },
    {
      "type": "Feature",
      "geometry": {
        "type": "Point",
        "coordinates": [
          26.2184437,
          44.4024663
        ]
      },
      "properties": {
        "id": 4356710400,
        "osm_type": "node",
        "name": "Mini Market Non-Stop",
        "opening_hours": "24/7"
      }
    },
    {
      "type": "Feature",
      "geometry": {
        "type": "Point",
        "coordinates": [
          25.9737184,
          44.3691703
        ]
      },
      "properties": {
        "id": 4388756447,
        "osm_type": "node",
        "name": "Magazin alimentar"
      }
    },
    {
      "type": "Feature",
      "geometry": {
        "type": "Point",
        "coordinates": [
          25.9748646,
          44.3702902
        ]
      },
      "properties": {
        "id": 4388756448,
        "osm_type": "node",
        "name": "Minimarket Kokett"
      }
    },
    {
      "type": "Feature",
      "geometry": {
        "type": "Point",
        "coordinates": [
          26.1541221,
          44.371747
        ]
      },
      "properties": {
        "id": 4398736092,
        "osm_type": "node",
        "name": "Simply"
      }
    },
    {
      "type": "Feature",
      "geometry": {
        "type": "Point",
        "coordinates": [
          26.1502939,
          44.3658114
        ]
      },
      "properties": {
        "id": 4398736093,
        "osm_type": "node",
        "name": "Amedeea Store"
      }
    },
    {
      "type": "Feature",
      "geometry": {
        "type": "Point",
        "coordinates": [
          26.1477636,
          44.3699468
        ]
      },
      "properties": {
        "id": 4400761390,
        "osm_type": "node",
        "name": "Simplu (Superlimon Store)"
      }
    },
    {
      "type": "Feature",
      "geometry": {
        "type": "Point",
        "coordinates": [
          26.1528181,
          44.3696259
        ]
      },
      "properties": {
        "id": 4400899292,
        "osm_type": "node",
        "name": "La Doi Pași",
        "brand": "La Doi Pași",
        "opening_hours": "Mo-Su 07:0-22:0"
      }
    },
    {
      "type": "Feature",
      "geometry": {
        "type": "Point",
        "coordinates": [
          26.1451821,
          44.369461
        ]
      },
      "properties": {
        "id": 4400914189,
        "osm_type": "node",
        "name": "Market 22"
      }
    },
    {
      "type": "Feature",
      "geometry": {
        "type": "Point",
        "coordinates": [
          26.0927404,
          44.7223279
        ]
      },
      "properties": {
        "id": 4415275100,
        "osm_type": "node",
        "name": "Brândușa Market"
      }
    },
    {
      "type": "Feature",
      "geometry": {
        "type": "Point",
        "coordinates": [
          26.0715605,
          44.5509913
        ]
      },
      "properties": {
        "id": 4466101305,
        "osm_type": "node",
        "name": "Beauty Zoom Studio"
      }
    },
    {
      "type": "Feature",
      "geometry": {
        "type": "Point",
        "coordinates": [
          26.0803806,
          44.5515394
        ]
      },
      "properties": {
        "id": 4466141690,
        "osm_type": "node",
        "name": "Beauty Zone Studio 2"
      }
    },
    {
      "type": "Feature",
      "geometry": {
        "type": "Point",
        "coordinates": [
          26.072573,
          44.5515584
        ]
      },
      "properties": {
        "id": 4467456189,
        "osm_type": "node",
        "name": "Impex Meryon"
      }
    },
    {
      "type": "Feature",
      "geometry": {
        "type": "Point",
        "coordinates": [
          26.0897931,
          44.5533883
        ]
      },
      "properties": {
        "id": 4467480489,
        "osm_type": "node",
        "name": "Alex Grand Prest"
      }
    },
    {
      "type": "Feature",
      "geometry": {
        "type": "Point",
        "coordinates": [
          26.0700245,
          44.546628
        ]
      },
      "properties": {
        "id": 4467655511,
        "osm_type": "node",
        "name": "Petrache Ion"
      }
    },
    {
      "type": "Feature",
      "geometry": {
        "type": "Point",
        "coordinates": [
          26.0693601,
          44.5482741
        ]
      },
      "properties": {
        "id": 4467655697,
        "osm_type": "node",
        "name": "Erika Matei Serv"
      }
    },
    {
      "type": "Feature",
      "geometry": {
        "type": "Point",
        "coordinates": [
          26.1537892,
          44.3718144
        ]
      },
      "properties": {
        "id": 4517094797,
        "osm_type": "node",
        "name": "Shop&Go",
        "brand": "Shop&Go"
      }
    },
    {
      "type": "Feature",
      "geometry": {
        "type": "Point",
        "coordinates": [
          25.984809,
          44.4037562
        ]
      },
      "properties": {
        "id": 4550864690,
        "osm_type": "node",
        "name": "Shop&Go",
        "brand": "Shop&Go",
        "opening_hours": "07:00-22:00"
      }
    },
    {
      "type": "Feature",
      "geometry": {
        "type": "Point",
        "coordinates": [
          25.9947195,
          44.447817
        ]
      },
      "properties": {
        "id": 4556191191,
        "osm_type": "node",
        "name": "Shop&Go",
        "opening_hours": "Mo-Su 07:00-22:00"
      }
    },
    {
      "type": "Feature",
      "geometry": {
        "type": "Point",
        "coordinates": [
          25.9889804,
          44.3632873
        ]
      },
      "properties": {
        "id": 4713265399,
        "osm_type": "node",
        "name": "Fraguta (Patiserie)"
      }
    },
    {
      "type": "Feature",
      "geometry": {
        "type": "Point",
        "coordinates": [
          25.9921588,
          44.3582592
        ]
      },
      "properties": {
        "id": 4713278333,
        "osm_type": "node",
        "name": "La Baba"
      }
    },
    {
      "type": "Feature",
      "geometry": {
        "type": "Point",
        "coordinates": [
          25.9536908,
          44.4559178
        ]
      },
      "properties": {
        "id": 4831054623,
        "osm_type": "node"
      }
    },
    {
      "type": "Feature",
      "geometry": {
        "type": "Point",
        "coordinates": [
          26.0771178,
          44.5713683
        ]
      },
      "properties": {
        "id": 4836899630,
        "osm_type": "node",
        "name": "Press One",
        "opening_hours": "24/7"
      }
    },
    {
      "type": "Feature",
      "geometry": {
        "type": "Point",
        "coordinates": [
          26.0812362,
          44.5708933
        ]
      },
      "properties": {
        "id": 4836899658,
        "osm_type": "node",
        "name": "El Unico",
        "opening_hours": "24/7"
      }
    },
    {
      "type": "Feature",
      "geometry": {
        "type": "Point",
        "coordinates": [
          25.9407483,
          44.4739778
        ]
      },
      "properties": {
        "id": 4847001023,
        "osm_type": "node",
        "name": "I.d Luca concept"
      }
    },
    {
      "type": "Feature",
      "geometry": {
        "type": "Point",
        "coordinates": [
          25.9438261,
          44.4711946
        ]
      },
      "properties": {
        "id": 4847001024,
        "osm_type": "node",
        "name": "Ghiță market"
      }
    },
    {
      "type": "Feature",
      "geometry": {
        "type": "Point",
        "coordinates": [
          25.9699532,
          44.4569984
        ]
      },
      "properties": {
        "id": 4847001025,
        "osm_type": "node",
        "name": "Comptorpedo"
      }
    },
    {
      "type": "Feature",
      "geometry": {
        "type": "Point",
        "coordinates": [
          25.9784664,
          44.4984213
        ]
      },
      "properties": {
        "id": 4858881223,
        "osm_type": "node",
        "name": "Leonte Anca. Ma"
      }
    },
    {
      "type": "Feature",
      "geometry": {
        "type": "Point",
        "coordinates": [
          25.9833,
          44.5017596
        ]
      },
      "properties": {
        "id": 4858881224,
        "osm_type": "node",
        "name": "Constantin D Gina. Ma"
      }
    },
    {
      "type": "Feature",
      "geometry": {
        "type": "Point",
        "coordinates": [
          25.9771152,
          44.4980999
        ]
      },
      "properties": {
        "id": 4858890023,
        "osm_type": "node",
        "name": "Popa Sorin. Ma"
      }
    },
    {
      "type": "Feature",
      "geometry": {
        "type": "Point",
        "coordinates": [
          26.0602384,
          44.2882706
        ]
      },
      "properties": {
        "id": 4884311679,
        "osm_type": "node",
        "name": "Magazin alimentar"
      }
    },
    {
      "type": "Feature",
      "geometry": {
        "type": "Point",
        "coordinates": [
          25.942627,
          44.4594066
        ]
      },
      "properties": {
        "id": 4887125922,
        "osm_type": "node",
        "name": "Calin&Flori. Mi"
      }
    },
    {
      "type": "Feature",
      "geometry": {
        "type": "Point",
        "coordinates": [
          26.1000692,
          44.3370634
        ]
      },
      "properties": {
        "id": 4887251961,
        "osm_type": "node",
        "name": "Lukoil Shop"
      }
    },
    {
      "type": "Feature",
      "geometry": {
        "type": "Point",
        "coordinates": [
          26.0778708,
          44.5685392
        ]
      },
      "properties": {
        "id": 4892173053,
        "osm_type": "node",
        "name": "Carrefour Express",
        "brand": "Carrefour Express",
        "opening_hours": "24/7"
      }
    },
    {
      "type": "Feature",
      "geometry": {
        "type": "Point",
        "coordinates": [
          25.9101944,
          44.4920045
        ]
      },
      "properties": {
        "id": 4931447522,
        "osm_type": "node",
        "name": "Alexandra com."
      }
    },
    {
      "type": "Feature",
      "geometry": {
        "type": "Point",
        "coordinates": [
          26.2273239,
          44.7253919
        ]
      },
      "properties": {
        "id": 4948400823,
        "osm_type": "node",
        "name": "Teo"
      }
    },
    {
      "type": "Feature",
      "geometry": {
        "type": "Point",
        "coordinates": [
          26.2408066,
          44.7216786
        ]
      },
      "properties": {
        "id": 4948400824,
        "osm_type": "node",
        "name": "H stern"
      }
    },
    {
      "type": "Feature",
      "geometry": {
        "type": "Point",
        "coordinates": [
          26.0827938,
          44.6684039
        ]
      },
      "properties": {
        "id": 4948401635,
        "osm_type": "node",
        "name": "La Gesi"
      }
    },
    {
      "type": "Feature",
      "geometry": {
        "type": "Point",
        "coordinates": [
          26.1418873,
          44.6904611
        ]
      },
      "properties": {
        "id": 4948401636,
        "osm_type": "node",
        "name": "Stoica Rodica. Lu-jo"
      }
    },
    {
      "type": "Feature",
      "geometry": {
        "type": "Point",
        "coordinates": [
          26.1421422,
          44.6899386
        ]
      },
      "properties": {
        "id": 4948401637,
        "osm_type": "node",
        "name": "Vital Stil. Jo"
      }
    },
    {
      "type": "Feature",
      "geometry": {
        "type": "Point",
        "coordinates": [
          26.1450316,
          44.6912482
        ]
      },
      "properties": {
        "id": 4948401638,
        "osm_type": "node",
        "name": "Sara Ingrid . Lu"
      }
    },
    {
      "type": "Feature",
      "geometry": {
        "type": "Point",
        "coordinates": [
          26.1445771,
          44.6896722
        ]
      },
      "properties": {
        "id": 4948401639,
        "osm_type": "node",
        "name": "Simo Shop Go"
      }
    },
    {
      "type": "Feature",
      "geometry": {
        "type": "Point",
        "coordinates": [
          26.1727591,
          44.7089056
        ]
      },
      "properties": {
        "id": 4948401640,
        "osm_type": "node",
        "name": "Lotus. Lu-jo"
      }
    },
    {
      "type": "Feature",
      "geometry": {
        "type": "Point",
        "coordinates": [
          26.2350707,
          44.7251893
        ]
      },
      "properties": {
        "id": 4948401641,
        "osm_type": "node",
        "name": "Ramis"
      }
    },
    {
      "type": "Feature",
      "geometry": {
        "type": "Point",
        "coordinates": [
          26.1162245,
          44.680044
        ]
      },
      "properties": {
        "id": 4948401927,
        "osm_type": "node",
        "name": "Mido. Lu-jo"
      }
    },
    {
      "type": "Feature",
      "geometry": {
        "type": "Point",
        "coordinates": [
          26.1208458,
          44.6849356
        ]
      },
      "properties": {
        "id": 4948401928,
        "osm_type": "node",
        "name": "Lexandra. Lu-jo"
      }
    },
    {
      "type": "Feature",
      "geometry": {
        "type": "Point",
        "coordinates": [
          26.1724056,
          44.7063444
        ]
      },
      "properties": {
        "id": 4948401929,
        "osm_type": "node",
        "name": "Alstef. Lu-jo"
      }
    },
    {
      "type": "Feature",
      "geometry": {
        "type": "Point",
        "coordinates": [
          26.2629694,
          44.7097133
        ]
      },
      "properties": {
        "id": 4948424023,
        "osm_type": "node",
        "name": "Silvi com. Lu-jo"
      }
    },
    {
      "type": "Feature",
      "geometry": {
        "type": "Point",
        "coordinates": [
          26.0918088,
          44.6691641
        ]
      },
      "properties": {
        "id": 4948437121,
        "osm_type": "node",
        "name": "Bobi market. Lu-jo"
      }
    },
    {
      "type": "Feature",
      "geometry": {
        "type": "Point",
        "coordinates": [
          26.1162225,
          44.684984
        ]
      },
      "properties": {
        "id": 4948437122,
        "osm_type": "node",
        "name": "Bella. Lu-jo"
      }
    },
    {
      "type": "Feature",
      "geometry": {
        "type": "Point",
        "coordinates": [
          26.2594815,
          44.7142192
        ]
      },
      "properties": {
        "id": 4948437150,
        "osm_type": "node",
        "name": "Radim. Lu-jo"
      }
    },
    {
      "type": "Feature",
      "geometry": {
        "type": "Point",
        "coordinates": [
          26.2621356,
          44.7139271
        ]
      },
      "properties": {
        "id": 4948443149,
        "osm_type": "node",
        "name": "Nemis"
      }
    },
    {
      "type": "Feature",
      "geometry": {
        "type": "Point",
        "coordinates": [
          26.2632032,
          44.7056673
        ]
      },
      "properties": {
        "id": 4948467823,
        "osm_type": "node",
        "name": "Marini"
      }
    },
    {
      "type": "Feature",
      "geometry": {
        "type": "Point",
        "coordinates": [
          26.2689573,
          44.7085894
        ]
      },
      "properties": {
        "id": 4948479321,
        "osm_type": "node",
        "name": "Mega flo"
      }
    },
    {
      "type": "Feature",
      "geometry": {
        "type": "Point",
        "coordinates": [
          26.2749642,
          44.7144663
        ]
      },
      "properties": {
        "id": 4948516821,
        "osm_type": "node",
        "name": "Ned  conserv"
      }
    },
    {
      "type": "Feature",
      "geometry": {
        "type": "Point",
        "coordinates": [
          26.2778236,
          44.7136355
        ]
      },
      "properties": {
        "id": 4948523621,
        "osm_type": "node",
        "name": "Nascoapa"
      }
    },
    {
      "type": "Feature",
      "geometry": {
        "type": "Point",
        "coordinates": [
          26.3012886,
          44.6988177
        ]
      },
      "properties": {
        "id": 4948528521,
        "osm_type": "node",
        "name": "Lord shetarons. Lu"
      }
    },
    {
      "type": "Feature",
      "geometry": {
        "type": "Point",
        "coordinates": [
          26.3177233,
          44.7121185
        ]
      },
      "properties": {
        "id": 4948528528,
        "osm_type": "node",
        "name": "Manta. Lu"
      }
    },
    {
      "type": "Feature",
      "geometry": {
        "type": "Point",
        "coordinates": [
          26.323939,
          44.702109
        ]
      },
      "properties": {
        "id": 4948529133,
        "osm_type": "node",
        "name": "Cainaru Marian.  Lu"
      }
    },
    {
      "type": "Feature",
      "geometry": {
        "type": "Point",
        "coordinates": [
          26.3038903,
          44.7206232
        ]
      },
      "properties": {
        "id": 4948535226,
        "osm_type": "node",
        "name": "Ady business. Lu-jo"
      }
    },
    {
      "type": "Feature",
      "geometry": {
        "type": "Point",
        "coordinates": [
          26.3047422,
          44.7421303
        ]
      },
      "properties": {
        "id": 4948544367,
        "osm_type": "node",
        "name": "Roman clarisa . Lu-jo"
      }
    },
    {
      "type": "Feature",
      "geometry": {
        "type": "Point",
        "coordinates": [
          26.3094283,
          44.7418434
        ]
      },
      "properties": {
        "id": 4948552232,
        "osm_type": "node",
        "name": "Gemi virad. Lu-jo"
      }
    },
    {
      "type": "Feature",
      "geometry": {
        "type": "Point",
        "coordinates": [
          26.3273511,
          44.7020864
        ]
      },
      "properties": {
        "id": 4948692324,
        "osm_type": "node",
        "name": "Constantin . Lu-jo"
      }
    },
    {
      "type": "Feature",
      "geometry": {
        "type": "Point",
        "coordinates": [
          26.3300483,
          44.66785
        ]
      },
      "properties": {
        "id": 4948692325,
        "osm_type": "node",
        "name": "Ana pufu"
      }
    },
    {
      "type": "Feature",
      "geometry": {
        "type": "Point",
        "coordinates": [
          26.3568488,
          44.6926534
        ]
      },
      "properties": {
        "id": 4948708421,
        "osm_type": "node",
        "name": "Mova - AzzOn72",
        "opening_hours": "Mo-Su 07:00-22:00"
      }
    },
    {
      "type": "Feature",
      "geometry": {
        "type": "Point",
        "coordinates": [
          26.296714,
          44.6618015
        ]
      },
      "properties": {
        "id": 4948708422,
        "osm_type": "node",
        "name": "Daniell's. Lu-jo"
      }
    },
    {
      "type": "Feature",
      "geometry": {
        "type": "Point",
        "coordinates": [
          26.2956008,
          44.6622352
        ]
      },
      "properties": {
        "id": 4948708423,
        "osm_type": "node",
        "name": "Excel gold. Lu-jo"
      }
    },
    {
      "type": "Feature",
      "geometry": {
        "type": "Point",
        "coordinates": [
          26.2964816,
          44.6618477
        ]
      },
      "properties": {
        "id": 4948708521,
        "osm_type": "node",
        "name": "Astra grup. Lu-jo"
      }
    },
    {
      "type": "Feature",
      "geometry": {
        "type": "Point",
        "coordinates": [
          26.2788392,
          44.6604781
        ]
      },
      "properties": {
        "id": 4948708721,
        "osm_type": "node",
        "name": "Zah Market. Lu-jo"
      }
    },
    {
      "type": "Feature",
      "geometry": {
        "type": "Point",
        "coordinates": [
          26.2166908,
          44.6407176
        ]
      },
      "properties": {
        "id": 4952012629,
        "osm_type": "node",
        "name": "Oprea Vasile"
      }
    },
    {
      "type": "Feature",
      "geometry": {
        "type": "Point",
        "coordinates": [
          26.2110567,
          44.6402673
        ]
      },
      "properties": {
        "id": 4952017521,
        "osm_type": "node",
        "name": "Mari Cris"
      }
    },
    {
      "type": "Feature",
      "geometry": {
        "type": "Point",
        "coordinates": [
          26.2236198,
          44.6425709
        ]
      },
      "properties": {
        "id": 4952017522,
        "osm_type": "node",
        "name": "Clar activ"
      }
    },
    {
      "type": "Feature",
      "geometry": {
        "type": "Point",
        "coordinates": [
          26.2261251,
          44.6431472
        ]
      },
      "properties": {
        "id": 4952017523,
        "osm_type": "node",
        "name": "Mari Cris 2"
      }
    },
    {
      "type": "Feature",
      "geometry": {
        "type": "Point",
        "coordinates": [
          26.2322625,
          44.6471343
        ]
      },
      "properties": {
        "id": 4952042321,
        "osm_type": "node",
        "name": "Canela"
      }
    },
    {
      "type": "Feature",
      "geometry": {
        "type": "Point",
        "coordinates": [
          26.2317131,
          44.6454571
        ]
      },
      "properties": {
        "id": 4952052121,
        "osm_type": "node",
        "name": "Comi com"
      }
    },
    {
      "type": "Feature",
      "geometry": {
        "type": "Point",
        "coordinates": [
          26.2248015,
          44.6431273
        ]
      },
      "properties": {
        "id": 4952057121,
        "osm_type": "node",
        "name": "Reimbest"
      }
    },
    {
      "type": "Feature",
      "geometry": {
        "type": "Point",
        "coordinates": [
          26.2056678,
          44.6407702
        ]
      },
      "properties": {
        "id": 4952063921,
        "osm_type": "node",
        "name": "Lenione"
      }
    },
    {
      "type": "Feature",
      "geometry": {
        "type": "Point",
        "coordinates": [
          26.2051743,
          44.640647
        ]
      },
      "properties": {
        "id": 4952065521,
        "osm_type": "node",
        "name": "Pma"
      }
    },
    {
      "type": "Feature",
      "geometry": {
        "type": "Point",
        "coordinates": [
          26.1807583,
          44.7329468
        ]
      },
      "properties": {
        "id": 4952167677,
        "osm_type": "node",
        "name": "Luca. Mi"
      }
    },
    {
      "type": "Feature",
      "geometry": {
        "type": "Point",
        "coordinates": [
          26.1159644,
          44.6996594
        ]
      },
      "properties": {
        "id": 4952188822,
        "osm_type": "node",
        "name": "Gift. Mi"
      }
    },
    {
      "type": "Feature",
      "geometry": {
        "type": "Point",
        "coordinates": [
          26.195825,
          44.637487
        ]
      },
      "properties": {
        "id": 4952189421,
        "osm_type": "node",
        "name": "Levi"
      }
    },
    {
      "type": "Feature",
      "geometry": {
        "type": "Point",
        "coordinates": [
          26.1203535,
          44.6930402
        ]
      },
      "properties": {
        "id": 4952189721,
        "osm_type": "node",
        "name": "Ada cons. Mi"
      }
    },
    {
      "type": "Feature",
      "geometry": {
        "type": "Point",
        "coordinates": [
          26.1035258,
          44.7192894
        ]
      },
      "properties": {
        "id": 4952189722,
        "osm_type": "node",
        "name": "Sandu Monica. Mi"
      }
    },
    {
      "type": "Feature",
      "geometry": {
        "type": "Point",
        "coordinates": [
          26.1120198,
          44.7303195
        ]
      },
      "properties": {
        "id": 4952189821,
        "osm_type": "node",
        "name": "Niki. Mi"
      }
    },
    {
      "type": "Feature",
      "geometry": {
        "type": "Point",
        "coordinates": [
          26.1693869,
          44.7328698
        ]
      },
      "properties": {
        "id": 4952190124,
        "osm_type": "node",
        "name": "Nicolae"
      }
    },
    {
      "type": "Feature",
      "geometry": {
        "type": "Point",
        "coordinates": [
          26.0906235,
          44.7258705
        ]
      },
      "properties": {
        "id": 4952282822,
        "osm_type": "node",
        "name": "La Radu am. Mi"
      }
    },
    {
      "type": "Feature",
      "geometry": {
        "type": "Point",
        "coordinates": [
          26.0733873,
          44.73557
        ]
      },
      "properties": {
        "id": 4952287522,
        "osm_type": "node",
        "name": "Cami Șerban. Mi"
      }
    },
    {
      "type": "Feature",
      "geometry": {
        "type": "Point",
        "coordinates": [
          26.069523,
          44.7358726
        ]
      },
      "properties": {
        "id": 4952287523,
        "osm_type": "node",
        "name": "Almar 2001. Mi"
      }
    },
    {
      "type": "Feature",
      "geometry": {
        "type": "Point",
        "coordinates": [
          26.0922439,
          44.7290986
        ]
      },
      "properties": {
        "id": 4952287822,
        "osm_type": "node",
        "name": "Flori Georgi. Mi"
      }
    },
    {
      "type": "Feature",
      "geometry": {
        "type": "Point",
        "coordinates": [
          26.1627964,
          44.7363647
        ]
      },
      "properties": {
        "id": 4952288721,
        "osm_type": "node",
        "name": "Mega Image"
      }
    },
    {
      "type": "Feature",
      "geometry": {
        "type": "Point",
        "coordinates": [
          26.1029872,
          44.7262518
        ]
      },
      "properties": {
        "id": 4952288722,
        "osm_type": "node",
        "name": "Denis. Mi"
      }
    },
    {
      "type": "Feature",
      "geometry": {
        "type": "Point",
        "coordinates": [
          26.1285791,
          44.7431581
        ]
      },
      "properties": {
        "id": 4952288921,
        "osm_type": "node",
        "name": "Mir proiect. Mi"
      }
    },
    {
      "type": "Feature",
      "geometry": {
        "type": "Point",
        "coordinates": [
          26.0904673,
          44.7258877
        ]
      },
      "properties": {
        "id": 4952288922,
        "osm_type": "node",
        "name": "Sara Răzvan. Mi"
      }
    },
    {
      "type": "Feature",
      "geometry": {
        "type": "Point",
        "coordinates": [
          26.0706762,
          44.7354985
        ]
      },
      "properties": {
        "id": 4952310221,
        "osm_type": "node",
        "name": "Ioniță Paul. Mi"
      }
    },
    {
      "type": "Feature",
      "geometry": {
        "type": "Point",
        "coordinates": [
          26.0641076,
          44.7425017
        ]
      },
      "properties": {
        "id": 4952341399,
        "osm_type": "node",
        "name": "Laceanu. Mi"
      }
    },
    {
      "type": "Feature",
      "geometry": {
        "type": "Point",
        "coordinates": [
          26.0886053,
          44.7238486
        ]
      },
      "properties": {
        "id": 4952342041,
        "osm_type": "node",
        "name": "Gheorghe Ion. Mi"
      }
    },
    {
      "type": "Feature",
      "geometry": {
        "type": "Point",
        "coordinates": [
          26.1080403,
          44.7256225
        ]
      },
      "properties": {
        "id": 4952369821,
        "osm_type": "node",
        "name": "Mother son. Mi"
      }
    },
    {
      "type": "Feature",
      "geometry": {
        "type": "Point",
        "coordinates": [
          26.0791987,
          44.685744
        ]
      },
      "properties": {
        "id": 4952410521,
        "osm_type": "node",
        "name": "Geo Sim"
      }
    },
    {
      "type": "Feature",
      "geometry": {
        "type": "Point",
        "coordinates": [
          26.1395425,
          44.6906037
        ]
      },
      "properties": {
        "id": 4954409221,
        "osm_type": "node",
        "name": "Duna grup. Jo"
      }
    },
    {
      "type": "Feature",
      "geometry": {
        "type": "Point",
        "coordinates": [
          26.2073195,
          44.734404
        ]
      },
      "properties": {
        "id": 4954409222,
        "osm_type": "node",
        "name": "Ninvas"
      }
    },
    {
      "type": "Feature",
      "geometry": {
        "type": "Point",
        "coordinates": [
          26.1717448,
          44.7017485
        ]
      },
      "properties": {
        "id": 4954409321,
        "osm_type": "node",
        "name": "Dwn GM. Miercuri. Pl"
      }
    },
    {
      "type": "Feature",
      "geometry": {
        "type": "Point",
        "coordinates": [
          26.1702129,
          44.7084548
        ]
      },
      "properties": {
        "id": 4954409421,
        "osm_type": "node",
        "name": "Cotrork. Joi Pl T"
      }
    },
    {
      "type": "Feature",
      "geometry": {
        "type": "Point",
        "coordinates": [
          26.2151111,
          44.7229449
        ]
      },
      "properties": {
        "id": 4954409422,
        "osm_type": "node",
        "name": "Bognar. Joi T"
      }
    },
    {
      "type": "Feature",
      "geometry": {
        "type": "Point",
        "coordinates": [
          26.2119698,
          44.7224055
        ]
      },
      "properties": {
        "id": 4954409521,
        "osm_type": "node",
        "name": "Lori Clau. Joi Pl"
      }
    },
    {
      "type": "Feature",
      "geometry": {
        "type": "Point",
        "coordinates": [
          26.2272624,
          44.7175657
        ]
      },
      "properties": {
        "id": 4954414821,
        "osm_type": "node",
        "name": "La costel. Joi T"
      }
    },
    {
      "type": "Feature",
      "geometry": {
        "type": "Point",
        "coordinates": [
          26.2537812,
          44.7127186
        ]
      },
      "properties": {
        "id": 4954592123,
        "osm_type": "node",
        "name": "Everest"
      }
    },
    {
      "type": "Feature",
      "geometry": {
        "type": "Point",
        "coordinates": [
          25.9804999,
          44.6802735
        ]
      },
      "properties": {
        "id": 4956275423,
        "osm_type": "node",
        "name": "Tănase. Vineri pl"
      }
    },
    {
      "type": "Feature",
      "geometry": {
        "type": "Point",
        "coordinates": [
          25.9787287,
          44.68282
        ]
      },
      "properties": {
        "id": 4956279121,
        "osm_type": "node",
        "name": "Albert Rubin. Vineri"
      }
    },
    {
      "type": "Feature",
      "geometry": {
        "type": "Point",
        "coordinates": [
          25.9844417,
          44.6750674
        ]
      },
      "properties": {
        "id": 4956283021,
        "osm_type": "node",
        "name": "Greta market. Vineri T"
      }
    },
    {
      "type": "Feature",
      "geometry": {
        "type": "Point",
        "coordinates": [
          25.9913317,
          44.6743242
        ]
      },
      "properties": {
        "id": 4956283022,
        "osm_type": "node",
        "name": "Vladexim. Vineri Pl"
      }
    },
    {
      "type": "Feature",
      "geometry": {
        "type": "Point",
        "coordinates": [
          25.9930561,
          44.674653
        ]
      },
      "properties": {
        "id": 4956288721,
        "osm_type": "node",
        "name": "Cris Grup. Marți vineri. T"
      }
    },
    {
      "type": "Feature",
      "geometry": {
        "type": "Point",
        "coordinates": [
          25.9929628,
          44.6750722
        ]
      },
      "properties": {
        "id": 4956294921,
        "osm_type": "node",
        "name": "Ade Mar. Marți vineri. Pl"
      }
    },
    {
      "type": "Feature",
      "geometry": {
        "type": "Point",
        "coordinates": [
          25.9935009,
          44.6751789
        ]
      },
      "properties": {
        "id": 4956294922,
        "osm_type": "node",
        "name": "Alin prod. Marți-Vineri Pl"
      }
    },
    {
      "type": "Feature",
      "geometry": {
        "type": "Point",
        "coordinates": [
          26.0094941,
          44.678877
        ]
      },
      "properties": {
        "id": 4956300144,
        "osm_type": "node",
        "name": "Stan. Marți-Vineri Pl"
      }
    },
    {
      "type": "Feature",
      "geometry": {
        "type": "Point",
        "coordinates": [
          26.0050149,
          44.6814125
        ]
      },
      "properties": {
        "id": 4956310221,
        "osm_type": "node",
        "name": "Sami. Marți-Vineri T"
      }
    },
    {
      "type": "Feature",
      "geometry": {
        "type": "Point",
        "coordinates": [
          26.0052079,
          44.6818378
        ]
      },
      "properties": {
        "id": 4956320569,
        "osm_type": "node",
        "name": "Saca canela. Marți-Vineri T"
      }
    },
    {
      "type": "Feature",
      "geometry": {
        "type": "Point",
        "coordinates": [
          26.0140566,
          44.6809186
        ]
      },
      "properties": {
        "id": 4956326725,
        "osm_type": "node",
        "name": "Vio Daiana. Vineri"
      }
    },
    {
      "type": "Feature",
      "geometry": {
        "type": "Point",
        "coordinates": [
          26.0295359,
          44.678008
        ]
      },
      "properties": {
        "id": 4956330022,
        "osm_type": "node",
        "name": "La Crețu"
      }
    },
    {
      "type": "Feature",
      "geometry": {
        "type": "Point",
        "coordinates": [
          26.0263696,
          44.6781971
        ]
      },
      "properties": {
        "id": 4956330625,
        "osm_type": "node",
        "name": "Gheorghe Viorel. Marți-Vineri T"
      }
    },
    {
      "type": "Feature",
      "geometry": {
        "type": "Point",
        "coordinates": [
          26.0050738,
          44.6786211
        ]
      },
      "properties": {
        "id": 4956332321,
        "osm_type": "node",
        "name": "Zenobia. Marți-Vineri T"
      }
    },
    {
      "type": "Feature",
      "geometry": {
        "type": "Point",
        "coordinates": [
          26.0244628,
          44.6692836
        ]
      },
      "properties": {
        "id": 4956374021,
        "osm_type": "node",
        "name": "Stenic. Marți-Vineri T (pana la 13)"
      }
    },
    {
      "type": "Feature",
      "geometry": {
        "type": "Point",
        "coordinates": [
          26.0334268,
          44.668378
        ]
      },
      "properties": {
        "id": 4956376121,
        "osm_type": "node",
        "name": "La Crețu"
      }
    },
    {
      "type": "Feature",
      "geometry": {
        "type": "Point",
        "coordinates": [
          26.0324107,
          44.6686808
        ]
      },
      "properties": {
        "id": 4956389322,
        "osm_type": "node",
        "name": "La Plante"
      }
    },
    {
      "type": "Feature",
      "geometry": {
        "type": "Point",
        "coordinates": [
          26.0301957,
          44.6813741
        ]
      },
      "properties": {
        "id": 4956398422,
        "osm_type": "node",
        "name": "Babu"
      }
    },
    {
      "type": "Feature",
      "geometry": {
        "type": "Point",
        "coordinates": [
          26.1709233,
          44.4692905
        ]
      },
      "properties": {
        "id": 4985374425,
        "osm_type": "node",
        "name": "La Doi Pasi"
      }
    },
    {
      "type": "Feature",
      "geometry": {
        "type": "Point",
        "coordinates": [
          26.1718081,
          44.4688116
        ]
      },
      "properties": {
        "id": 4985378627,
        "osm_type": "node",
        "name": "Shop&Go",
        "brand": "Shop&Go"
      }
    },
    {
      "type": "Feature",
      "geometry": {
        "type": "Point",
        "coordinates": [
          26.0387115,
          44.7162877
        ]
      },
      "properties": {
        "id": 4991638826,
        "osm_type": "node",
        "name": "Scrovisal t"
      }
    },
    {
      "type": "Feature",
      "geometry": {
        "type": "Point",
        "coordinates": [
          25.9782461,
          44.7326318
        ]
      },
      "properties": {
        "id": 4991662822,
        "osm_type": "node",
        "name": "Maricom  pl"
      }
    },
    {
      "type": "Feature",
      "geometry": {
        "type": "Point",
        "coordinates": [
          25.9825952,
          44.7340284
        ]
      },
      "properties": {
        "id": 4991662823,
        "osm_type": "node",
        "name": "Alex d stil pl"
      }
    },
    {
      "type": "Feature",
      "geometry": {
        "type": "Point",
        "coordinates": [
          25.9849255,
          44.7351768
        ]
      },
      "properties": {
        "id": 4991662824,
        "osm_type": "node",
        "name": "Global pl"
      }
    },
    {
      "type": "Feature",
      "geometry": {
        "type": "Point",
        "coordinates": [
          25.9840696,
          44.7354141
        ]
      },
      "properties": {
        "id": 4991662922,
        "osm_type": "node",
        "name": "Sandu marchet pl"
      }
    },
    {
      "type": "Feature",
      "geometry": {
        "type": "Point",
        "coordinates": [
          25.990335,
          44.7330641
        ]
      },
      "properties": {
        "id": 4991662923,
        "osm_type": "node",
        "name": "Orlando pl"
      }
    },
    {
      "type": "Feature",
      "geometry": {
        "type": "Point",
        "coordinates": [
          25.9754713,
          44.7319829
        ]
      },
      "properties": {
        "id": 4991663121,
        "osm_type": "node",
        "name": "Dan fuziona pl"
      }
    },
    {
      "type": "Feature",
      "geometry": {
        "type": "Point",
        "coordinates": [
          26.0771016,
          44.5719266
        ]
      },
      "properties": {
        "id": 5014628425,
        "osm_type": "node"
      }
    },
    {
      "type": "Feature",
      "geometry": {
        "type": "Point",
        "coordinates": [
          26.1911808,
          44.2971402
        ]
      },
      "properties": {
        "id": 5110566424,
        "osm_type": "node",
        "name": "Ok"
      }
    },
    {
      "type": "Feature",
      "geometry": {
        "type": "Point",
        "coordinates": [
          26.0865796,
          44.3585629
        ]
      },
      "properties": {
        "id": 5187842497,
        "osm_type": "node",
        "name": "Magazin mixt"
      }
    },
    {
      "type": "Feature",
      "geometry": {
        "type": "Point",
        "coordinates": [
          26.2058598,
          44.4483441
        ]
      },
      "properties": {
        "id": 5375705622,
        "osm_type": "node"
      }
    },
    {
      "type": "Feature",
      "geometry": {
        "type": "Point",
        "coordinates": [
          26.1489636,
          44.3642524
        ]
      },
      "properties": {
        "id": 5485256546,
        "osm_type": "node",
        "name": "Shop&Go",
        "brand": "Shop&Go",
        "opening_hours": "Mo-Su 08:00-22:00"
      }
    },
    {
      "type": "Feature",
      "geometry": {
        "type": "Point",
        "coordinates": [
          25.9690861,
          44.3615402
        ]
      },
      "properties": {
        "id": 5561670217,
        "osm_type": "node",
        "name": "Magazin alimentar"
      }
    },
    {
      "type": "Feature",
      "geometry": {
        "type": "Point",
        "coordinates": [
          26.1558136,
          44.3802819
        ]
      },
      "properties": {
        "id": 5736080021,
        "osm_type": "node"
      }
    },
    {
      "type": "Feature",
      "geometry": {
        "type": "Point",
        "coordinates": [
          26.0974418,
          44.3368593
        ]
      },
      "properties": {
        "id": 5846540086,
        "osm_type": "node",
        "name": "Magazin mixt"
      }
    },
    {
      "type": "Feature",
      "geometry": {
        "type": "Point",
        "coordinates": [
          26.0977182,
          44.3371868
        ]
      },
      "properties": {
        "id": 5846555785,
        "osm_type": "node",
        "name": "Magazin mixt"
      }
    },
    {
      "type": "Feature",
      "geometry": {
        "type": "Point",
        "coordinates": [
          26.1048823,
          44.3426571
        ]
      },
      "properties": {
        "id": 5856317789,
        "osm_type": "node",
        "name": "Magazin mixt"
      }
    },
    {
      "type": "Feature",
      "geometry": {
        "type": "Point",
        "coordinates": [
          26.0966443,
          44.3364464
        ]
      },
      "properties": {
        "id": 5856318088,
        "osm_type": "node",
        "name": "Magazin Miraj"
      }
    },
    {
      "type": "Feature",
      "geometry": {
        "type": "Point",
        "coordinates": [
          26.1442767,
          44.3685847
        ]
      },
      "properties": {
        "id": 6053541831,
        "osm_type": "node",
        "name": "Luna Market"
      }
    },
    {
      "type": "Feature",
      "geometry": {
        "type": "Point",
        "coordinates": [
          26.1444274,
          44.368896
        ]
      },
      "properties": {
        "id": 6053541832,
        "osm_type": "node"
      }
    },
    {
      "type": "Feature",
      "geometry": {
        "type": "Point",
        "coordinates": [
          26.1593867,
          44.3809781
        ]
      },
      "properties": {
        "id": 6256022185,
        "osm_type": "node",
        "name": "Shop&Go",
        "brand": "Shop&Go"
      }
    },
    {
      "type": "Feature",
      "geometry": {
        "type": "Point",
        "coordinates": [
          26.1656397,
          44.4658857
        ]
      },
      "properties": {
        "id": 6264864910,
        "osm_type": "node",
        "name": "Sayo Market"
      }
    },
    {
      "type": "Feature",
      "geometry": {
        "type": "Point",
        "coordinates": [
          26.0948633,
          44.5392388
        ]
      },
      "properties": {
        "id": 6279637690,
        "osm_type": "node",
        "name": "Viva"
      }
    },
    {
      "type": "Feature",
      "geometry": {
        "type": "Point",
        "coordinates": [
          26.0613989,
          44.3008255
        ]
      },
      "properties": {
        "id": 6557040112,
        "osm_type": "node",
        "name": "Viva",
        "brand": "Viva"
      }
    },
    {
      "type": "Feature",
      "geometry": {
        "type": "Point",
        "coordinates": [
          25.9433435,
          44.3426982
        ]
      },
      "properties": {
        "id": 6618478886,
        "osm_type": "node",
        "name": "Daminuta"
      }
    },
    {
      "type": "Feature",
      "geometry": {
        "type": "Point",
        "coordinates": [
          25.9528048,
          44.3723547
        ]
      },
      "properties": {
        "id": 6618633723,
        "osm_type": "node",
        "name": "Privighetoarea albastra"
      }
    },
    {
      "type": "Feature",
      "geometry": {
        "type": "Point",
        "coordinates": [
          25.9606486,
          44.403349
        ]
      },
      "properties": {
        "id": 6618633724,
        "osm_type": "node",
        "name": "Market Capucino"
      }
    },
    {
      "type": "Feature",
      "geometry": {
        "type": "Point",
        "coordinates": [
          25.8731011,
          44.4180255
        ]
      },
      "properties": {
        "id": 6618633725,
        "osm_type": "node",
        "name": "Becotip"
      }
    },
    {
      "type": "Feature",
      "geometry": {
        "type": "Point",
        "coordinates": [
          25.8712413,
          44.4198241
        ]
      },
      "properties": {
        "id": 6618635492,
        "osm_type": "node",
        "name": "Elly Teodora"
      }
    },
    {
      "type": "Feature",
      "geometry": {
        "type": "Point",
        "coordinates": [
          25.887761,
          44.4071994
        ]
      },
      "properties": {
        "id": 6618636888,
        "osm_type": "node",
        "name": "Alexp"
      }
    },
    {
      "type": "Feature",
      "geometry": {
        "type": "Point",
        "coordinates": [
          26.2024444,
          44.3898573
        ]
      },
      "properties": {
        "id": 6867530786,
        "osm_type": "node",
        "name": "DCZ SHOP"
      }
    },
    {
      "type": "Feature",
      "geometry": {
        "type": "Point",
        "coordinates": [
          26.1902674,
          44.3184509
        ]
      },
      "properties": {
        "id": 7033297496,
        "osm_type": "node",
        "name": "Nimar Unic"
      }
    },
    {
      "type": "Feature",
      "geometry": {
        "type": "Point",
        "coordinates": [
          26.1906201,
          44.3185507
        ]
      },
      "properties": {
        "id": 7033297497,
        "osm_type": "node"
      }
    },
    {
      "type": "Feature",
      "geometry": {
        "type": "Point",
        "coordinates": [
          25.998245,
          44.6781259
        ]
      },
      "properties": {
        "id": 7142573885,
        "osm_type": "node",
        "name": "Shop&Go",
        "brand": "Shop&Go",
        "opening_hours": "24/7"
      }
    },
    {
      "type": "Feature",
      "geometry": {
        "type": "Point",
        "coordinates": [
          25.9543327,
          44.3744747
        ]
      },
      "properties": {
        "id": 7211787285,
        "osm_type": "node",
        "name": "Clinceni mag"
      }
    },
    {
      "type": "Feature",
      "geometry": {
        "type": "Point",
        "coordinates": [
          26.1475072,
          44.3690638
        ]
      },
      "properties": {
        "id": 7294510985,
        "osm_type": "node",
        "name": "Shop&Go",
        "brand": "Shop&Go",
        "opening_hours": "Mo-Su 07:00-22:00"
      }
    },
    {
      "type": "Feature",
      "geometry": {
        "type": "Point",
        "coordinates": [
          26.0033468,
          44.3983414
        ]
      },
      "properties": {
        "id": 7736449310,
        "osm_type": "node",
        "name": "Minimarket"
      }
    },
    {
      "type": "Feature",
      "geometry": {
        "type": "Point",
        "coordinates": [
          26.1854732,
          44.4550857
        ]
      },
      "properties": {
        "id": 7804557822,
        "osm_type": "node",
        "name": "La Marius"
      }
    },
    {
      "type": "Feature",
      "geometry": {
        "type": "Point",
        "coordinates": [
          26.1695885,
          44.5316889
        ]
      },
      "properties": {
        "id": 7822445350,
        "osm_type": "node",
        "name": "Carrefour Express",
        "brand": "Carrefour Express"
      }
    },
    {
      "type": "Feature",
      "geometry": {
        "type": "Point",
        "coordinates": [
          26.0778329,
          44.3302398
        ]
      },
      "properties": {
        "id": 7881208285,
        "osm_type": "node",
        "name": "Magazin mixt"
      }
    },
    {
      "type": "Feature",
      "geometry": {
        "type": "Point",
        "coordinates": [
          26.007034,
          44.4443618
        ]
      },
      "properties": {
        "id": 8075227320,
        "osm_type": "node",
        "name": "Carrefour Express",
        "brand": "Carrefour Express"
      }
    },
    {
      "type": "Feature",
      "geometry": {
        "type": "Point",
        "coordinates": [
          25.9832875,
          44.4433429
        ]
      },
      "properties": {
        "id": 8414937084,
        "osm_type": "node",
        "name": "Carrefour Express",
        "brand": "Carrefour Express",
        "opening_hours": "Mo-Fr 07:00-22:00; Sa-Su 07:00-21:00"
      }
    },
    {
      "type": "Feature",
      "geometry": {
        "type": "Point",
        "coordinates": [
          26.0769528,
          44.6818519
        ]
      },
      "properties": {
        "id": 8654880156,
        "osm_type": "node",
        "name": "Minimarket"
      }
    },
    {
      "type": "Feature",
      "geometry": {
        "type": "Point",
        "coordinates": [
          25.9565243,
          44.5647721
        ]
      },
      "properties": {
        "id": 8663882364,
        "osm_type": "node",
        "name": "PROD COM IMPEX"
      }
    },
    {
      "type": "Feature",
      "geometry": {
        "type": "Point",
        "coordinates": [
          26.1511997,
          44.3748786
        ]
      },
      "properties": {
        "id": 8715134417,
        "osm_type": "node",
        "name": "Market 1"
      }
    },
    {
      "type": "Feature",
      "geometry": {
        "type": "Point",
        "coordinates": [
          26.0727577,
          44.5512684
        ]
      },
      "properties": {
        "id": 8849732941,
        "osm_type": "node",
        "name": "Shop&Go",
        "brand": "Shop&Go"
      }
    },
    {
      "type": "Feature",
      "geometry": {
        "type": "Point",
        "coordinates": [
          26.0731289,
          44.5512318
        ]
      },
      "properties": {
        "id": 8849732942,
        "osm_type": "node",
        "name": "Băcănia cu Inimă"
      }
    },
    {
      "type": "Feature",
      "geometry": {
        "type": "Point",
        "coordinates": [
          26.1718035,
          44.7057165
        ]
      },
      "properties": {
        "id": 8901998789,
        "osm_type": "node",
        "name": "Shop&Go",
        "brand": "Shop&Go"
      }
    },
    {
      "type": "Feature",
      "geometry": {
        "type": "Point",
        "coordinates": [
          26.0794991,
          44.5438981
        ]
      },
      "properties": {
        "id": 9014981897,
        "osm_type": "node",
        "name": "RiV Market"
      }
    },
    {
      "type": "Feature",
      "geometry": {
        "type": "Point",
        "coordinates": [
          26.1548969,
          44.367813
        ]
      },
      "properties": {
        "id": 9105834661,
        "osm_type": "node",
        "name": "La Doi Pași",
        "brand": "La Doi Pași",
        "opening_hours": "Mo-Su 07:00-22:00",
        "check_date": "2025-02-22"
      }
    },
    {
      "type": "Feature",
      "geometry": {
        "type": "Point",
        "coordinates": [
          26.1512427,
          44.3626588
        ]
      },
      "properties": {
        "id": 9316004776,
        "osm_type": "node",
        "name": "La Doi Pași",
        "brand": "La Doi Pași",
        "opening_hours": "Mo-Sa 07:0-22:30; Su 08:0-22:30"
      }
    },
    {
      "type": "Feature",
      "geometry": {
        "type": "Point",
        "coordinates": [
          26.1515419,
          44.3817061
        ]
      },
      "properties": {
        "id": 9397151307,
        "osm_type": "node",
        "name": "Shop&Go",
        "brand": "Mega Image"
      }
    },
    {
      "type": "Feature",
      "geometry": {
        "type": "Point",
        "coordinates": [
          26.147849,
          44.3654223
        ]
      },
      "properties": {
        "id": 9416100952,
        "osm_type": "node"
      }
    },
    {
      "type": "Feature",
      "geometry": {
        "type": "Point",
        "coordinates": [
          26.1502501,
          44.3737558
        ]
      },
      "properties": {
        "id": 9582677960,
        "osm_type": "node",
        "name": "La Ieftin si Bun"
      }
    },
    {
      "type": "Feature",
      "geometry": {
        "type": "Point",
        "coordinates": [
          26.1533227,
          44.3657766
        ]
      },
      "properties": {
        "id": 9846921909,
        "osm_type": "node"
      }
    },
    {
      "type": "Feature",
      "geometry": {
        "type": "Point",
        "coordinates": [
          26.0411093,
          44.5294581
        ]
      },
      "properties": {
        "id": 9847985760,
        "osm_type": "node"
      }
    },
    {
      "type": "Feature",
      "geometry": {
        "type": "Point",
        "coordinates": [
          25.9882063,
          44.5037821
        ]
      },
      "properties": {
        "id": 9949780042,
        "osm_type": "node",
        "name": "Shop&Go",
        "brand": "Shop&Go",
        "opening_hours": "Mo-Su 07:00-22:00"
      }
    },
    {
      "type": "Feature",
      "geometry": {
        "type": "Point",
        "coordinates": [
          26.1360394,
          44.503265
        ]
      },
      "properties": {
        "id": 9990580256,
        "osm_type": "node",
        "name": "Profi Go",
        "brand": "Profi",
        "opening_hours": "24/7"
      }
    },
    {
      "type": "Feature",
      "geometry": {
        "type": "Point",
        "coordinates": [
          26.0744732,
          44.6102966
        ]
      },
      "properties": {
        "id": 10068164502,
        "osm_type": "node",
        "name": "La Doi Pași",
        "brand": "La Doi Pași"
      }
    },
    {
      "type": "Feature",
      "geometry": {
        "type": "Point",
        "coordinates": [
          26.1497913,
          44.3622782
        ]
      },
      "properties": {
        "id": 10084796568,
        "osm_type": "node"
      }
    },
    {
      "type": "Feature",
      "geometry": {
        "type": "Point",
        "coordinates": [
          25.9855653,
          44.5027637
        ]
      },
      "properties": {
        "id": 10111382036,
        "osm_type": "node",
        "name": "Market Valentino"
      }
    },
    {
      "type": "Feature",
      "geometry": {
        "type": "Point",
        "coordinates": [
          25.9858267,
          44.5025899
        ]
      },
      "properties": {
        "id": 10111382037,
        "osm_type": "node"
      }
    },
    {
      "type": "Feature",
      "geometry": {
        "type": "Point",
        "coordinates": [
          26.2058154,
          44.3840083
        ]
      },
      "properties": {
        "id": 10143514901,
        "osm_type": "node",
        "name": "TERRA"
      }
    },
    {
      "type": "Feature",
      "geometry": {
        "type": "Point",
        "coordinates": [
          26.1838491,
          44.380569
        ]
      },
      "properties": {
        "id": 10143533337,
        "osm_type": "node",
        "name": "TERRA"
      }
    },
    {
      "type": "Feature",
      "geometry": {
        "type": "Point",
        "coordinates": [
          26.1776121,
          44.3240078
        ]
      },
      "properties": {
        "id": 10199011183,
        "osm_type": "node",
        "name": "Aseyda Boutique"
      }
    },
    {
      "type": "Feature",
      "geometry": {
        "type": "Point",
        "coordinates": [
          26.1827771,
          44.3173717
        ]
      },
      "properties": {
        "id": 10199374296,
        "osm_type": "node",
        "name": "La Doi Pași",
        "brand": "La Doi Pași"
      }
    },
    {
      "type": "Feature",
      "geometry": {
        "type": "Point",
        "coordinates": [
          26.1839201,
          44.3166077
        ]
      },
      "properties": {
        "id": 10199405261,
        "osm_type": "node",
        "name": "Alimentară"
      }
    },
    {
      "type": "Feature",
      "geometry": {
        "type": "Point",
        "coordinates": [
          26.2085487,
          44.3824286
        ]
      },
      "properties": {
        "id": 10210712649,
        "osm_type": "node"
      }
    },
    {
      "type": "Feature",
      "geometry": {
        "type": "Point",
        "coordinates": [
          26.1545239,
          44.3803538
        ]
      },
      "properties": {
        "id": 10219212530,
        "osm_type": "node"
      }
    },
    {
      "type": "Feature",
      "geometry": {
        "type": "Point",
        "coordinates": [
          26.1550636,
          44.36855
        ]
      },
      "properties": {
        "id": 10228896724,
        "osm_type": "node",
        "name": "Marvis Market"
      }
    },
    {
      "type": "Feature",
      "geometry": {
        "type": "Point",
        "coordinates": [
          26.1579478,
          44.3666316
        ]
      },
      "properties": {
        "id": 10266444346,
        "osm_type": "node",
        "name": "La Pasică",
        "opening_hours": "24/7",
        "check_date": "2025-05-18"
      }
    },
    {
      "type": "Feature",
      "geometry": {
        "type": "Point",
        "coordinates": [
          26.1693943,
          44.4692238
        ]
      },
      "properties": {
        "id": 10278440103,
        "osm_type": "node"
      }
    },
    {
      "type": "Feature",
      "geometry": {
        "type": "Point",
        "coordinates": [
          26.2159319,
          44.4467817
        ]
      },
      "properties": {
        "id": 10278467012,
        "osm_type": "node",
        "name": "La Doi Pași",
        "brand": "La Doi Pași"
      }
    },
    {
      "type": "Feature",
      "geometry": {
        "type": "Point",
        "coordinates": [
          26.3304622,
          44.4628425
        ]
      },
      "properties": {
        "id": 10284926333,
        "osm_type": "node",
        "name": "La Doi Pași",
        "brand": "La Doi Pași"
      }
    },
    {
      "type": "Feature",
      "geometry": {
        "type": "Point",
        "coordinates": [
          26.3311727,
          44.4629296
        ]
      },
      "properties": {
        "id": 10284926334,
        "osm_type": "node",
        "name": "China Shop"
      }
    },
    {
      "type": "Feature",
      "geometry": {
        "type": "Point",
        "coordinates": [
          26.3283561,
          44.462306
        ]
      },
      "properties": {
        "id": 10284926339,
        "osm_type": "node",
        "name": "Magazin mixt"
      }
    },
    {
      "type": "Feature",
      "geometry": {
        "type": "Point",
        "coordinates": [
          26.3346942,
          44.4602211
        ]
      },
      "properties": {
        "id": 10285605686,
        "osm_type": "node",
        "name": "Magazin mixt"
      }
    },
    {
      "type": "Feature",
      "geometry": {
        "type": "Point",
        "coordinates": [
          26.3026986,
          44.3892635
        ]
      },
      "properties": {
        "id": 10294723690,
        "osm_type": "node",
        "name": "Magazin mixt"
      }
    },
    {
      "type": "Feature",
      "geometry": {
        "type": "Point",
        "coordinates": [
          26.1866707,
          44.2913008
        ]
      },
      "properties": {
        "id": 10304958487,
        "osm_type": "node"
      }
    },
    {
      "type": "Feature",
      "geometry": {
        "type": "Point",
        "coordinates": [
          26.1888336,
          44.309899
        ]
      },
      "properties": {
        "id": 10304963025,
        "osm_type": "node",
        "name": "Shop&Go",
        "brand": "Shop&Go"
      }
    },
    {
      "type": "Feature",
      "geometry": {
        "type": "Point",
        "coordinates": [
          26.1892464,
          44.3091151
        ]
      },
      "properties": {
        "id": 10304963026,
        "osm_type": "node",
        "name": "Andrea's market"
      }
    },
    {
      "type": "Feature",
      "geometry": {
        "type": "Point",
        "coordinates": [
          26.1521315,
          44.2648148
        ]
      },
      "properties": {
        "id": 10305004099,
        "osm_type": "node"
      }
    },
    {
      "type": "Feature",
      "geometry": {
        "type": "Point",
        "coordinates": [
          26.1542581,
          44.2647089
        ]
      },
      "properties": {
        "id": 10305038182,
        "osm_type": "node"
      }
    },
    {
      "type": "Feature",
      "geometry": {
        "type": "Point",
        "coordinates": [
          26.2908815,
          44.3928898
        ]
      },
      "properties": {
        "id": 10559790144,
        "osm_type": "node",
        "name": "Magazin alimentar"
      }
    },
    {
      "type": "Feature",
      "geometry": {
        "type": "Point",
        "coordinates": [
          26.0839357,
          44.6685289
        ]
      },
      "properties": {
        "id": 10729301511,
        "osm_type": "node",
        "name": "Trei Purceluși"
      }
    },
    {
      "type": "Feature",
      "geometry": {
        "type": "Point",
        "coordinates": [
          26.1723087,
          44.705667
        ]
      },
      "properties": {
        "id": 10731549641,
        "osm_type": "node",
        "name": "Băcănie"
      }
    },
    {
      "type": "Feature",
      "geometry": {
        "type": "Point",
        "coordinates": [
          26.1769605,
          44.3749328
        ]
      },
      "properties": {
        "id": 10747658538,
        "osm_type": "node",
        "name": "Shop&Go",
        "brand": "Shop&Go"
      }
    },
    {
      "type": "Feature",
      "geometry": {
        "type": "Point",
        "coordinates": [
          26.259978,
          44.414047
        ]
      },
      "properties": {
        "id": 10862429838,
        "osm_type": "node"
      }
    },
    {
      "type": "Feature",
      "geometry": {
        "type": "Point",
        "coordinates": [
          26.2396086,
          44.5959671
        ]
      },
      "properties": {
        "id": 10981369852,
        "osm_type": "node"
      }
    },
    {
      "type": "Feature",
      "geometry": {
        "type": "Point",
        "coordinates": [
          26.2024773,
          44.4531011
        ]
      },
      "properties": {
        "id": 11120042958,
        "osm_type": "node",
        "name": "Shop&Go",
        "brand": "Shop&Go"
      }
    },
    {
      "type": "Feature",
      "geometry": {
        "type": "Point",
        "coordinates": [
          25.9488369,
          44.5617886
        ]
      },
      "properties": {
        "id": 11150527431,
        "osm_type": "node",
        "name": "Shop&Go",
        "brand": "Shop&Go"
      }
    },
    {
      "type": "Feature",
      "geometry": {
        "type": "Point",
        "coordinates": [
          25.9450187,
          44.5623269
        ]
      },
      "properties": {
        "id": 11150527470,
        "osm_type": "node",
        "name": "La Doi Pași",
        "brand": "La Doi Pași"
      }
    },
    {
      "type": "Feature",
      "geometry": {
        "type": "Point",
        "coordinates": [
          25.9420023,
          44.5754091
        ]
      },
      "properties": {
        "id": 11150527477,
        "osm_type": "node",
        "name": "Shop&Go",
        "brand": "Shop&Go"
      }
    },
    {
      "type": "Feature",
      "geometry": {
        "type": "Point",
        "coordinates": [
          25.9871566,
          44.4423233
        ]
      },
      "properties": {
        "id": 11229743737,
        "osm_type": "node",
        "name": "Mega Image Shop&Go"
      }
    },
    {
      "type": "Feature",
      "geometry": {
        "type": "Point",
        "coordinates": [
          25.9829126,
          44.4458657
        ]
      },
      "properties": {
        "id": 11229751037,
        "osm_type": "node",
        "name": "Mega Image Shop&Go"
      }
    },
    {
      "type": "Feature",
      "geometry": {
        "type": "Point",
        "coordinates": [
          26.0775448,
          44.5694603
        ]
      },
      "properties": {
        "id": 11257054230,
        "osm_type": "node",
        "name": "Press & GO",
        "opening_hours": "24/7"
      }
    },
    {
      "type": "Feature",
      "geometry": {
        "type": "Point",
        "coordinates": [
          26.2505225,
          44.4450476
        ]
      },
      "properties": {
        "id": 11287848869,
        "osm_type": "node",
        "name": "La Doi Pași",
        "brand": "La Doi Pași"
      }
    },
    {
      "type": "Feature",
      "geometry": {
        "type": "Point",
        "coordinates": [
          26.1432384,
          44.5308203
        ]
      },
      "properties": {
        "id": 11292763729,
        "osm_type": "node",
        "name": "Carrefour Express",
        "brand": "Carrefour Express",
        "opening_hours": "Mo-Su 07:00-22:00"
      }
    },
    {
      "type": "Feature",
      "geometry": {
        "type": "Point",
        "coordinates": [
          26.0369302,
          44.3453584
        ]
      },
      "properties": {
        "id": 11301683169,
        "osm_type": "node",
        "name": "Carai Ionut"
      }
    },
    {
      "type": "Feature",
      "geometry": {
        "type": "Point",
        "coordinates": [
          26.0429339,
          44.3430666
        ]
      },
      "properties": {
        "id": 11301687669,
        "osm_type": "node",
        "name": "Florimar"
      }
    },
    {
      "type": "Feature",
      "geometry": {
        "type": "Point",
        "coordinates": [
          26.0165206,
          44.3105754
        ]
      },
      "properties": {
        "id": 11301695869,
        "osm_type": "node",
        "name": "Ana Maria Corina"
      }
    },
    {
      "type": "Feature",
      "geometry": {
        "type": "Point",
        "coordinates": [
          26.0226598,
          44.3081957
        ]
      },
      "properties": {
        "id": 11301711069,
        "osm_type": "node",
        "name": "Stanciu Anisoara"
      }
    },
    {
      "type": "Feature",
      "geometry": {
        "type": "Point",
        "coordinates": [
          26.065625,
          44.2819214
        ]
      },
      "properties": {
        "id": 11301852070,
        "osm_type": "node",
        "name": "Dany MNC"
      }
    },
    {
      "type": "Feature",
      "geometry": {
        "type": "Point",
        "coordinates": [
          26.0723614,
          44.2756902
        ]
      },
      "properties": {
        "id": 11301852171,
        "osm_type": "node",
        "name": "TERMO BORASIM"
      }
    },
    {
      "type": "Feature",
      "geometry": {
        "type": "Point",
        "coordinates": [
          26.1130371,
          44.4897989
        ]
      },
      "properties": {
        "id": 11307582092,
        "osm_type": "node",
        "name": "La Doi Pași",
        "brand": "La Doi Pași"
      }
    },
    {
      "type": "Feature",
      "geometry": {
        "type": "Point",
        "coordinates": [
          26.0266486,
          44.3427901
        ]
      },
      "properties": {
        "id": 11380927569,
        "osm_type": "node",
        "name": "Bogdan Constantin"
      }
    },
    {
      "type": "Feature",
      "geometry": {
        "type": "Point",
        "coordinates": [
          26.2229631,
          44.6426971
        ]
      },
      "properties": {
        "id": 11443028502,
        "osm_type": "node",
        "name": "La Doi Pași",
        "brand": "La Doi Pași"
      }
    },
    {
      "type": "Feature",
      "geometry": {
        "type": "Point",
        "coordinates": [
          26.2224909,
          44.642725
        ]
      },
      "properties": {
        "id": 11443028511,
        "osm_type": "node"
      }
    },
    {
      "type": "Feature",
      "geometry": {
        "type": "Point",
        "coordinates": [
          25.9607967,
          44.4033773
        ]
      },
      "properties": {
        "id": 11514826290,
        "osm_type": "node",
        "name": "Minimarket Viomady",
        "opening_hours": "Mo-Sa 07:30-22:00; Su 08:00-20:00"
      }
    },
    {
      "type": "Feature",
      "geometry": {
        "type": "Point",
        "coordinates": [
          25.9963431,
          44.4424821
        ]
      },
      "properties": {
        "id": 11530459995,
        "osm_type": "node",
        "name": "Acvilei Shop"
      }
    },
    {
      "type": "Feature",
      "geometry": {
        "type": "Point",
        "coordinates": [
          25.9997881,
          44.4463584
        ]
      },
      "properties": {
        "id": 11530519199,
        "osm_type": "node",
        "name": "La Doi Pași",
        "brand": "La Doi Pași"
      }
    },
    {
      "type": "Feature",
      "geometry": {
        "type": "Point",
        "coordinates": [
          26.1476426,
          44.3645814
        ]
      },
      "properties": {
        "id": 11558027669,
        "osm_type": "node",
        "name": "La Doi Pași",
        "brand": "La Doi Pași"
      }
    },
    {
      "type": "Feature",
      "geometry": {
        "type": "Point",
        "coordinates": [
          26.2201135,
          44.402311
        ]
      },
      "properties": {
        "id": 11677394910,
        "osm_type": "node",
        "name": "Ideal market"
      }
    },
    {
      "type": "Feature",
      "geometry": {
        "type": "Point",
        "coordinates": [
          26.2196951,
          44.4022018
        ]
      },
      "properties": {
        "id": 11677394911,
        "osm_type": "node"
      }
    },
    {
      "type": "Feature",
      "geometry": {
        "type": "Point",
        "coordinates": [
          26.1545609,
          44.3673266
        ]
      },
      "properties": {
        "id": 11701238834,
        "osm_type": "node",
        "name": "Froo",
        "brand": "Froo",
        "opening_hours": "Mo-Su 06:00-23:00",
        "check_date": "2025-04-10"
      }
    },
    {
      "type": "Feature",
      "geometry": {
        "type": "Point",
        "coordinates": [
          26.1507989,
          44.3741464
        ]
      },
      "properties": {
        "id": 11882268158,
        "osm_type": "node",
        "name": "La Doi Pași",
        "brand": "La Doi Pași",
        "opening_hours": "Mo-Su 07:0-22:0"
      }
    },
    {
      "type": "Feature",
      "geometry": {
        "type": "Point",
        "coordinates": [
          26.0391441,
          44.3630785
        ]
      },
      "properties": {
        "id": 11941733536,
        "osm_type": "node",
        "name": "Karin Market"
      }
    },
    {
      "type": "Feature",
      "geometry": {
        "type": "Point",
        "coordinates": [
          25.9771574,
          44.4435769
        ]
      },
      "properties": {
        "id": 11942460311,
        "osm_type": "node",
        "name": "Shop&Go",
        "brand": "Shop&Go",
        "opening_hours": "Mo-Su 07:00-22:00"
      }
    },
    {
      "type": "Feature",
      "geometry": {
        "type": "Point",
        "coordinates": [
          26.1483199,
          44.5162765
        ]
      },
      "properties": {
        "id": 11998930417,
        "osm_type": "node",
        "name": "La Doi Pași",
        "brand": "La Doi Pași"
      }
    },
    {
      "type": "Feature",
      "geometry": {
        "type": "Point",
        "coordinates": [
          26.0733114,
          44.5495393
        ]
      },
      "properties": {
        "id": 11998972131,
        "osm_type": "node",
        "name": "La Doi Pași",
        "brand": "La Doi Pași"
      }
    },
    {
      "type": "Feature",
      "geometry": {
        "type": "Point",
        "coordinates": [
          26.1265262,
          44.4939818
        ]
      },
      "properties": {
        "id": 11998986797,
        "osm_type": "node",
        "name": "Closed"
      }
    },
    {
      "type": "Feature",
      "geometry": {
        "type": "Point",
        "coordinates": [
          26.0049594,
          44.3835328
        ]
      },
      "properties": {
        "id": 12069488256,
        "osm_type": "node",
        "name": "La Doi Pași",
        "brand": "La Doi Pași"
      }
    },
    {
      "type": "Feature",
      "geometry": {
        "type": "Point",
        "coordinates": [
          25.9761233,
          44.4470659
        ]
      },
      "properties": {
        "id": 12071471343,
        "osm_type": "node",
        "name": "La Doi Pași",
        "brand": "La Doi Pași"
      }
    },
    {
      "type": "Feature",
      "geometry": {
        "type": "Point",
        "coordinates": [
          25.9339495,
          44.4756019
        ]
      },
      "properties": {
        "id": 12071700439,
        "osm_type": "node",
        "name": "La Doi Pași",
        "brand": "La Doi Pași"
      }
    },
    {
      "type": "Feature",
      "geometry": {
        "type": "Point",
        "coordinates": [
          25.9830217,
          44.4514572
        ]
      },
      "properties": {
        "id": 12107943396,
        "osm_type": "node",
        "name": "La Doi Pași",
        "brand": "La Doi Pași"
      }
    },
    {
      "type": "Feature",
      "geometry": {
        "type": "Point",
        "coordinates": [
          26.1569131,
          44.3709241
        ]
      },
      "properties": {
        "id": 12194806432,
        "osm_type": "node",
        "name": "Infinity Market"
      }
    },
    {
      "type": "Feature",
      "geometry": {
        "type": "Point",
        "coordinates": [
          26.0688783,
          44.5673593
        ]
      },
      "properties": {
        "id": 12238896056,
        "osm_type": "node",
        "name": "Frescia Store",
        "opening_hours": "Mo-Fr 08:00-21:00; Sa-Su 09:00-21:00"
      }
    },
    {
      "type": "Feature",
      "geometry": {
        "type": "Point",
        "coordinates": [
          26.1519688,
          44.3815569
        ]
      },
      "properties": {
        "id": 12256276248,
        "osm_type": "node",
        "name": "Froo",
        "brand": "Froo",
        "opening_hours": "Mo-Su 06:00-23:00",
        "check_date": "2025-04-19"
      }
    },
    {
      "type": "Feature",
      "geometry": {
        "type": "Point",
        "coordinates": [
          26.1697634,
          44.3807547
        ]
      },
      "properties": {
        "id": 12330943186,
        "osm_type": "node",
        "name": "Froo",
        "brand": "Froo",
        "opening_hours": "Mo-Su 06:00-23:00",
        "check_date": "2025-01-05"
      }
    },
    {
      "type": "Feature",
      "geometry": {
        "type": "Point",
        "coordinates": [
          26.1514845,
          44.3622994
        ]
      },
      "properties": {
        "id": 12368170836,
        "osm_type": "node",
        "name": "Froo",
        "brand": "Froo",
        "opening_hours": "Mo-Su 06:00-23:00",
        "check_date": "2025-05-18"
      }
    },
    {
      "type": "Feature",
      "geometry": {
        "type": "Point",
        "coordinates": [
          26.0603639,
          44.5357207
        ]
      },
      "properties": {
        "id": 12382038589,
        "osm_type": "node",
        "name": "Shop&Go",
        "brand": "Shop&Go"
      }
    },
    {
      "type": "Feature",
      "geometry": {
        "type": "Point",
        "coordinates": [
          25.9436287,
          44.3777134
        ]
      },
      "properties": {
        "id": 12393575957,
        "osm_type": "node"
      }
    },
    {
      "type": "Feature",
      "geometry": {
        "type": "Point",
        "coordinates": [
          25.9440939,
          44.377207
        ]
      },
      "properties": {
        "id": 12393575959,
        "osm_type": "node",
        "name": "Shop&Go",
        "brand": "Shop&Go"
      }
    },
    {
      "type": "Feature",
      "geometry": {
        "type": "Point",
        "coordinates": [
          26.1698562,
          44.5370901
        ]
      },
      "properties": {
        "id": 12419171806,
        "osm_type": "node",
        "name": "Carrefour Express",
        "brand": "Carrefour Express"
      }
    },
    {
      "type": "Feature",
      "geometry": {
        "type": "Point",
        "coordinates": [
          25.9811631,
          44.3781314
        ]
      },
      "properties": {
        "id": 12578625471,
        "osm_type": "node"
      }
    },
    {
      "type": "Feature",
      "geometry": {
        "type": "Point",
        "coordinates": [
          26.09105,
          44.3318883
        ]
      },
      "properties": {
        "id": 12693573581,
        "osm_type": "node",
        "name": "Magazin Mixt"
      }
    },
    {
      "type": "Feature",
      "geometry": {
        "type": "Point",
        "coordinates": [
          26.0871686,
          44.3285978
        ]
      },
      "properties": {
        "id": 12703548128,
        "osm_type": "node",
        "name": "Magazin Mixt"
      }
    },
    {
      "type": "Feature",
      "geometry": {
        "type": "Point",
        "coordinates": [
          26.2022791,
          44.3911359
        ]
      },
      "properties": {
        "id": 12754111339,
        "osm_type": "node",
        "name": "La Doi Pași",
        "brand": "La Doi Pași"
      }
    },
    {
      "type": "Feature",
      "geometry": {
        "type": "Point",
        "coordinates": [
          25.9857559,
          44.4536933
        ]
      },
      "properties": {
        "id": 12799949907,
        "osm_type": "node",
        "name": "Shop&Go",
        "brand": "Shop&Go"
      }
    },
    {
      "type": "Feature",
      "geometry": {
        "type": "Point",
        "coordinates": [
          26.1180328,
          44.4920535
        ]
      },
      "properties": {
        "id": 12813941040,
        "osm_type": "node",
        "name": "Expresaki Market"
      }
    },
    {
      "type": "Feature",
      "geometry": {
        "type": "Point",
        "coordinates": [
          26.1941665,
          44.3791854
        ]
      },
      "properties": {
        "id": 12870825966,
        "osm_type": "node",
        "name": "La Doi Pași",
        "brand": "La Doi Pași"
      }
    },
    {
      "type": "Feature",
      "geometry": {
        "type": "Point",
        "coordinates": [
          25.8979002,
          44.4422552
        ]
      },
      "properties": {
        "id": 12899503256,
        "osm_type": "node"
      }
    },
    {
      "type": "Feature",
      "geometry": {
        "type": "Point",
        "coordinates": [
          26.0242941,
          44.384384
        ]
      },
      "properties": {
        "id": 12913436035,
        "osm_type": "node",
        "name": "Shop&Go",
        "brand": "Shop&Go"
      }
    },
    {
      "type": "Feature",
      "geometry": {
        "type": "Point",
        "coordinates": [
          26.0240737,
          44.3845997
        ]
      },
      "properties": {
        "id": 12913436036,
        "osm_type": "node",
        "name": "La Doi Pași",
        "brand": "La Doi Pași"
      }
    },
    {
      "type": "Feature",
      "geometry": {
        "type": "Point",
        "coordinates": [
          26.0050654,
          44.3899157
        ]
      },
      "properties": {
        "id": 12951147085,
        "osm_type": "node",
        "name": "Shop&Go",
        "brand": "Shop&Go"
      }
    },
    {
      "type": "Feature",
      "geometry": {
        "type": "Point",
        "coordinates": [
          26.1519109,
          44.3624057
        ]
      },
      "properties": {
        "id": 13031458665,
        "osm_type": "node",
        "name": "Carrefour Express",
        "brand": "Carrefour Express",
        "check_date": "2025-11-22"
      }
    },
    {
      "type": "Feature",
      "geometry": {
        "type": "Point",
        "coordinates": [
          25.9564299,
          44.4388088
        ]
      },
      "properties": {
        "id": 13065210739,
        "osm_type": "node",
        "name": "Carrefour",
        "brand": "Carrefour"
      }
    },
    {
      "type": "Feature",
      "geometry": {
        "type": "Point",
        "coordinates": [
          26.0097704,
          44.4497635
        ]
      },
      "properties": {
        "id": 13154806561,
        "osm_type": "node",
        "name": "Shop&Go",
        "brand": "Shop&Go"
      }
    },
    {
      "type": "Feature",
      "geometry": {
        "type": "Point",
        "coordinates": [
          26.2050917,
          44.4491895
        ]
      },
      "properties": {
        "id": 13234254227,
        "osm_type": "node",
        "name": "Shop&Go",
        "brand": "Shop&Go"
      }
    },
    {
      "type": "Feature",
      "geometry": {
        "type": "Point",
        "coordinates": [
          26.1618049,
          44.5460234
        ]
      },
      "properties": {
        "id": 13250024695,
        "osm_type": "node",
        "name": "La Doi Pași",
        "brand": "La Doi Pași"
      }
    },
    {
      "type": "Feature",
      "geometry": {
        "type": "Point",
        "coordinates": [
          26.1682902,
          44.5378647
        ]
      },
      "properties": {
        "id": 13283155302,
        "osm_type": "node",
        "name": "Supermercato Italia Uno",
        "opening_hours": "Mo-Su 07:00-23:00"
      }
    },
    {
      "type": "Feature",
      "geometry": {
        "type": "Point",
        "coordinates": [
          26.1720955,
          44.3306962
        ]
      },
      "properties": {
        "id": 13334202911,
        "osm_type": "node",
        "name": "Froo",
        "brand": "Froo"
      }
    },
    {
      "type": "Feature",
      "geometry": {
        "type": "Point",
        "coordinates": [
          26.1906467,
          44.3002897
        ]
      },
      "properties": {
        "id": 13378312441,
        "osm_type": "node",
        "name": "Simply"
      }
    },
    {
      "type": "Feature",
      "geometry": {
        "type": "Point",
        "coordinates": [
          26.1447227,
          44.5480418
        ]
      },
      "properties": {
        "id": 13432053201,
        "osm_type": "node",
        "name": "La Doi Paşi",
        "opening_hours": "Mo-Sa 06:00-21:00; Su 07:00-19:00"
      }
    },
    {
      "type": "Feature",
      "geometry": {
        "type": "Point",
        "coordinates": [
          26.2529131,
          44.5251749
        ]
      },
      "properties": {
        "id": 13453089689,
        "osm_type": "node",
        "name": "La Doi Pași",
        "brand": "La Doi Pași"
      }
    },
    {
      "type": "Feature",
      "geometry": {
        "type": "Point",
        "coordinates": [
          26.2534924,
          44.5249272
        ]
      },
      "properties": {
        "id": 13453089692,
        "osm_type": "node"
      }
    },
    {
      "type": "Feature",
      "geometry": {
        "type": "Point",
        "coordinates": [
          26.2823322,
          44.4146675
        ]
      },
      "properties": {
        "id": 13474185523,
        "osm_type": "node",
        "name": "Froo",
        "brand": "Froo",
        "opening_hours": "Mo-Su 06:00-23:00"
      }
    },
    {
      "type": "Feature",
      "geometry": {
        "type": "Point",
        "coordinates": [
          25.9762489,
          44.4466642
        ]
      },
      "properties": {
        "id": 13509366858,
        "osm_type": "node",
        "name": "Shop&Go",
        "brand": "Shop&Go"
      }
    },
    {
      "type": "Feature",
      "geometry": {
        "type": "Point",
        "coordinates": [
          25.9744735,
          44.3692651
        ]
      },
      "properties": {
        "id": 13526170944,
        "osm_type": "node",
        "name": "Shop&Go",
        "brand": "Shop&Go"
      }
    },
    {
      "type": "Feature",
      "geometry": {
        "type": "Point",
        "coordinates": [
          25.9819678,
          44.4481712
        ]
      },
      "properties": {
        "id": 13540336638,
        "osm_type": "node",
        "name": "La Doi Pași",
        "brand": "La Doi Pași"
      }
    },
    {
      "type": "Feature",
      "geometry": {
        "type": "Point",
        "coordinates": [
          26.1185111,
          44.491594
        ]
      },
      "properties": {
        "id": 13707938998,
        "osm_type": "node",
        "name": "Froo",
        "brand": "Froo"
      }
    },
    {
      "type": "Feature",
      "geometry": {
        "type": "Point",
        "coordinates": [
          26.2823463,
          44.4156031
        ]
      },
      "properties": {
        "id": 13730291780,
        "osm_type": "node",
        "name": "Shop&Go",
        "brand": "Shop&Go"
      }
    },
    {
      "type": "Feature",
      "geometry": {
        "type": "Point",
        "coordinates": [
          26.1947819,
          44.3790854
        ]
      },
      "properties": {
        "id": 13734025937,
        "osm_type": "node",
        "name": "Yupo"
      }
    },
    {
      "type": "Feature",
      "geometry": {
        "type": "Point",
        "coordinates": [
          26.1070747,
          44.6223082
        ]
      },
      "properties": {
        "id": 13782071041,
        "osm_type": "node",
        "name": "Shop&Go",
        "brand": "Shop&Go"
      }
    },
    {
      "type": "Feature",
      "geometry": {
        "type": "Point",
        "coordinates": [
          26.0712118,
          44.6027653
        ]
      },
      "properties": {
        "id": 231084524,
        "osm_type": "way"
      }
    },
    {
      "type": "Feature",
      "geometry": {
        "type": "Point",
        "coordinates": [
          26.2234623,
          44.3972406
        ]
      },
      "properties": {
        "id": 231811751,
        "osm_type": "way",
        "name": "Lukoil",
        "brand": "Lukoil"
      }
    },
    {
      "type": "Feature",
      "geometry": {
        "type": "Point",
        "coordinates": [
          26.2225539,
          44.3984389
        ]
      },
      "properties": {
        "id": 231811753,
        "osm_type": "way",
        "name": "Lukoil",
        "brand": "Lukoil"
      }
    },
    {
      "type": "Feature",
      "geometry": {
        "type": "Point",
        "coordinates": [
          26.0704073,
          44.5670745
        ]
      },
      "properties": {
        "id": 244429094,
        "osm_type": "way",
        "name": "Viva",
        "brand": "Viva",
        "opening_hours": "24/7"
      }
    },
    {
      "type": "Feature",
      "geometry": {
        "type": "Point",
        "coordinates": [
          26.0683014,
          44.5465255
        ]
      },
      "properties": {
        "id": 244431527,
        "osm_type": "way"
      }
    },
    {
      "type": "Feature",
      "geometry": {
        "type": "Point",
        "coordinates": [
          26.003821,
          44.3857421
        ]
      },
      "properties": {
        "id": 251662387,
        "osm_type": "way",
        "opening_hours": "24/7"
      }
    },
    {
      "type": "Feature",
      "geometry": {
        "type": "Point",
        "coordinates": [
          26.1266181,
          44.4932046
        ]
      },
      "properties": {
        "id": 260131470,
        "osm_type": "way",
        "name": "Viva",
        "brand": "Viva",
        "opening_hours": "24/7"
      }
    },
    {
      "type": "Feature",
      "geometry": {
        "type": "Point",
        "coordinates": [
          26.1270088,
          44.4934121
        ]
      },
      "properties": {
        "id": 260131471,
        "osm_type": "way",
        "name": "hei",
        "brand": "hei",
        "opening_hours": "24/7"
      }
    },
    {
      "type": "Feature",
      "geometry": {
        "type": "Point",
        "coordinates": [
          26.1828286,
          44.3708931
        ]
      },
      "properties": {
        "id": 261742823,
        "osm_type": "way",
        "name": "Mini Market Gazoil",
        "opening_hours": "24/7"
      }
    },
    {
      "type": "Feature",
      "geometry": {
        "type": "Point",
        "coordinates": [
          26.047484,
          44.533844
        ]
      },
      "properties": {
        "id": 285880112,
        "osm_type": "way",
        "name": "Cornelia Olive Oil"
      }
    },
    {
      "type": "Feature",
      "geometry": {
        "type": "Point",
        "coordinates": [
          26.0989555,
          44.7141286
        ]
      },
      "properties": {
        "id": 305298090,
        "osm_type": "way",
        "name": "Mini market"
      }
    },
    {
      "type": "Feature",
      "geometry": {
        "type": "Point",
        "coordinates": [
          26.1002435,
          44.7158175
        ]
      },
      "properties": {
        "id": 305668205,
        "osm_type": "way",
        "name": "Mini market"
      }
    },
    {
      "type": "Feature",
      "geometry": {
        "type": "Point",
        "coordinates": [
          26.0992766,
          44.7139037
        ]
      },
      "properties": {
        "id": 305765540,
        "osm_type": "way",
        "name": "Mini market"
      }
    },
    {
      "type": "Feature",
      "geometry": {
        "type": "Point",
        "coordinates": [
          26.0570587,
          44.5335711
        ]
      },
      "properties": {
        "id": 315809718,
        "osm_type": "way",
        "name": "Magazin Nae Sercom",
        "opening_hours": "Mo-Fr 07:00-20:00"
      }
    },
    {
      "type": "Feature",
      "geometry": {
        "type": "Point",
        "coordinates": [
          26.0764206,
          44.611786
        ]
      },
      "properties": {
        "id": 333843119,
        "osm_type": "way",
        "name": "La Virgil"
      }
    },
    {
      "type": "Feature",
      "geometry": {
        "type": "Point",
        "coordinates": [
          26.0730527,
          44.6094443
        ]
      },
      "properties": {
        "id": 336956772,
        "osm_type": "way",
        "opening_hours": "24/7"
      }
    },
    {
      "type": "Feature",
      "geometry": {
        "type": "Point",
        "coordinates": [
          25.9608047,
          44.4529352
        ]
      },
      "properties": {
        "id": 374822925,
        "osm_type": "way"
      }
    },
    {
      "type": "Feature",
      "geometry": {
        "type": "Point",
        "coordinates": [
          26.0119661,
          44.4028414
        ]
      },
      "properties": {
        "id": 394308007,
        "osm_type": "way",
        "name": "Shop&Go",
        "brand": "Shop&Go"
      }
    },
    {
      "type": "Feature",
      "geometry": {
        "type": "Point",
        "coordinates": [
          25.9506225,
          44.5605334
        ]
      },
      "properties": {
        "id": 408493005,
        "osm_type": "way",
        "name": "Shop&Go",
        "brand": "Shop&Go",
        "opening_hours": "24/7"
      }
    },
    {
      "type": "Feature",
      "geometry": {
        "type": "Point",
        "coordinates": [
          26.223548,
          44.3994204
        ]
      },
      "properties": {
        "id": 410235065,
        "osm_type": "way",
        "name": "Rompetrol shop",
        "opening_hours": "24/7"
      }
    },
    {
      "type": "Feature",
      "geometry": {
        "type": "Point",
        "coordinates": [
          25.9616086,
          44.4533407
        ]
      },
      "properties": {
        "id": 414245997,
        "osm_type": "way"
      }
    },
    {
      "type": "Feature",
      "geometry": {
        "type": "Point",
        "coordinates": [
          26.2193074,
          44.4028827
        ]
      },
      "properties": {
        "id": 511924033,
        "osm_type": "way",
        "name": "Profi Go",
        "brand": "Profi"
      }
    },
    {
      "type": "Feature",
      "geometry": {
        "type": "Point",
        "coordinates": [
          26.020029,
          44.391155
        ]
      },
      "properties": {
        "id": 548682931,
        "osm_type": "way"
      }
    },
    {
      "type": "Feature",
      "geometry": {
        "type": "Point",
        "coordinates": [
          26.2161774,
          44.402897
        ]
      },
      "properties": {
        "id": 554239294,
        "osm_type": "way",
        "name": "La Doi Pași",
        "brand": "La Doi Pași"
      }
    },
    {
      "type": "Feature",
      "geometry": {
        "type": "Point",
        "coordinates": [
          26.1758728,
          44.4962276
        ]
      },
      "properties": {
        "id": 560058371,
        "osm_type": "way"
      }
    },
    {
      "type": "Feature",
      "geometry": {
        "type": "Point",
        "coordinates": [
          25.9727049,
          44.4598599
        ]
      },
      "properties": {
        "id": 667052615,
        "osm_type": "way",
        "name": "Shop&Go",
        "brand": "Shop&Go"
      }
    },
    {
      "type": "Feature",
      "geometry": {
        "type": "Point",
        "coordinates": [
          26.2175207,
          44.5052844
        ]
      },
      "properties": {
        "id": 669766001,
        "osm_type": "way"
      }
    },
    {
      "type": "Feature",
      "geometry": {
        "type": "Point",
        "coordinates": [
          26.2212916,
          44.5071111
        ]
      },
      "properties": {
        "id": 669766003,
        "osm_type": "way",
        "name": "Lukoil"
      }
    },
    {
      "type": "Feature",
      "geometry": {
        "type": "Point",
        "coordinates": [
          26.2338069,
          44.5145127
        ]
      },
      "properties": {
        "id": 669766011,
        "osm_type": "way",
        "name": "Rompetrol"
      }
    },
    {
      "type": "Feature",
      "geometry": {
        "type": "Point",
        "coordinates": [
          26.2362782,
          44.5157865
        ]
      },
      "properties": {
        "id": 669766014,
        "osm_type": "way",
        "name": "TSV Shop",
        "opening_hours": "24/7"
      }
    },
    {
      "type": "Feature",
      "geometry": {
        "type": "Point",
        "coordinates": [
          26.2389881,
          44.5170213
        ]
      },
      "properties": {
        "id": 669766016,
        "osm_type": "way"
      }
    },
    {
      "type": "Feature",
      "geometry": {
        "type": "Point",
        "coordinates": [
          25.9666528,
          44.4338553
        ]
      },
      "properties": {
        "id": 681777588,
        "osm_type": "way",
        "name": "Socar",
        "brand": "Socar",
        "opening_hours": "24/7"
      }
    },
    {
      "type": "Feature",
      "geometry": {
        "type": "Point",
        "coordinates": [
          26.0218677,
          44.3916649
        ]
      },
      "properties": {
        "id": 700396683,
        "osm_type": "way"
      }
    },
    {
      "type": "Feature",
      "geometry": {
        "type": "Point",
        "coordinates": [
          26.008377,
          44.5100788
        ]
      },
      "properties": {
        "id": 760818389,
        "osm_type": "way",
        "name": "Market Rompetrol"
      }
    },
    {
      "type": "Feature",
      "geometry": {
        "type": "Point",
        "coordinates": [
          26.1916524,
          44.5382544
        ]
      },
      "properties": {
        "id": 854553264,
        "osm_type": "way"
      }
    },
    {
      "type": "Feature",
      "geometry": {
        "type": "Point",
        "coordinates": [
          26.1632323,
          44.4821079
        ]
      },
      "properties": {
        "id": 908472919,
        "osm_type": "way"
      }
    },
    {
      "type": "Feature",
      "geometry": {
        "type": "Point",
        "coordinates": [
          26.0705583,
          44.5933533
        ]
      },
      "properties": {
        "id": 913169265,
        "osm_type": "way",
        "opening_hours": "24/7"
      }
    },
    {
      "type": "Feature",
      "geometry": {
        "type": "Point",
        "coordinates": [
          26.0700861,
          44.560778
        ]
      },
      "properties": {
        "id": 918040920,
        "osm_type": "way",
        "name": "hei",
        "brand": "hei",
        "opening_hours": "24/7"
      }
    },
    {
      "type": "Feature",
      "geometry": {
        "type": "Point",
        "coordinates": [
          26.0686952,
          44.5613866
        ]
      },
      "properties": {
        "id": 918040923,
        "osm_type": "way",
        "name": "hei",
        "brand": "hei",
        "opening_hours": "24/7"
      }
    },
    {
      "type": "Feature",
      "geometry": {
        "type": "Point",
        "coordinates": [
          26.0698524,
          44.5582667
        ]
      },
      "properties": {
        "id": 918040927,
        "osm_type": "way",
        "name": "Gazprom"
      }
    },
    {
      "type": "Feature",
      "geometry": {
        "type": "Point",
        "coordinates": [
          26.1269328,
          44.4919829
        ]
      },
      "properties": {
        "id": 936925706,
        "osm_type": "way",
        "name": "MOL Shop",
        "brand": "MOL Shop",
        "opening_hours": "24/7"
      }
    },
    {
      "type": "Feature",
      "geometry": {
        "type": "Point",
        "coordinates": [
          26.1279516,
          44.490893
        ]
      },
      "properties": {
        "id": 941119953,
        "osm_type": "way",
        "name": "Real Foods",
        "opening_hours": "Mo-Fr 09:00-21:00; Sa-Su 09:00-20:00"
      }
    },
    {
      "type": "Feature",
      "geometry": {
        "type": "Point",
        "coordinates": [
          26.1928197,
          44.5380238
        ]
      },
      "properties": {
        "id": 976401761,
        "osm_type": "way"
      }
    },
    {
      "type": "Feature",
      "geometry": {
        "type": "Point",
        "coordinates": [
          26.198433,
          44.5044393
        ]
      },
      "properties": {
        "id": 977944114,
        "osm_type": "way"
      }
    },
    {
      "type": "Feature",
      "geometry": {
        "type": "Point",
        "coordinates": [
          25.9411025,
          44.5757666
        ]
      },
      "properties": {
        "id": 985525117,
        "osm_type": "way"
      }
    },
    {
      "type": "Feature",
      "geometry": {
        "type": "Point",
        "coordinates": [
          25.9394627,
          44.5735009
        ]
      },
      "properties": {
        "id": 986515797,
        "osm_type": "way",
        "name": "Chira"
      }
    },
    {
      "type": "Feature",
      "geometry": {
        "type": "Point",
        "coordinates": [
          26.1415673,
          44.5397261
        ]
      },
      "properties": {
        "id": 1015977072,
        "osm_type": "way"
      }
    },
    {
      "type": "Feature",
      "geometry": {
        "type": "Point",
        "coordinates": [
          25.9703466,
          44.5147537
        ]
      },
      "properties": {
        "id": 1086223942,
        "osm_type": "way"
      }
    },
    {
      "type": "Feature",
      "geometry": {
        "type": "Point",
        "coordinates": [
          25.9103871,
          44.4413624
        ]
      },
      "properties": {
        "id": 1134039075,
        "osm_type": "way",
        "opening_hours": "24/7"
      }
    },
    {
      "type": "Feature",
      "geometry": {
        "type": "Point",
        "coordinates": [
          25.8964537,
          44.4422543
        ]
      },
      "properties": {
        "id": 1134272746,
        "osm_type": "way",
        "opening_hours": "24/7"
      }
    },
    {
      "type": "Feature",
      "geometry": {
        "type": "Point",
        "coordinates": [
          25.8620825,
          44.4456871
        ]
      },
      "properties": {
        "id": 1134272797,
        "osm_type": "way",
        "opening_hours": "24/7"
      }
    },
    {
      "type": "Feature",
      "geometry": {
        "type": "Point",
        "coordinates": [
          25.957174,
          44.4685319
        ]
      },
      "properties": {
        "id": 1202585142,
        "osm_type": "way",
        "name": "hei",
        "opening_hours": "24/7"
      }
    },
    {
      "type": "Feature",
      "geometry": {
        "type": "Point",
        "coordinates": [
          26.0257146,
          44.5904857
        ]
      },
      "properties": {
        "id": 1203139332,
        "osm_type": "way",
        "name": "hei",
        "opening_hours": "24/7"
      }
    },
    {
      "type": "Feature",
      "geometry": {
        "type": "Point",
        "coordinates": [
          25.9554449,
          44.4686316
        ]
      },
      "properties": {
        "id": 1206860476,
        "osm_type": "way",
        "name": "Fresh Corner",
        "opening_hours": "24/7"
      }
    },
    {
      "type": "Feature",
      "geometry": {
        "type": "Point",
        "coordinates": [
          26.2364141,
          44.4563914
        ]
      },
      "properties": {
        "id": 1207208063,
        "osm_type": "way",
        "opening_hours": "24/7"
      }
    },
    {
      "type": "Feature",
      "geometry": {
        "type": "Point",
        "coordinates": [
          25.9657297,
          44.4039339
        ]
      },
      "properties": {
        "id": 1239493678,
        "osm_type": "way",
        "opening_hours": "24/7"
      }
    },
    {
      "type": "Feature",
      "geometry": {
        "type": "Point",
        "coordinates": [
          26.0794687,
          44.5707233
        ]
      },
      "properties": {
        "id": 1360350030,
        "osm_type": "way",
        "name": "Duty Free",
        "opening_hours": "24/7",
        "check_date": "2025-06-07"
      }
    },
    {
      "type": "Feature",
      "geometry": {
        "type": "Point",
        "coordinates": [
          26.0800042,
          44.5705393
        ]
      },
      "properties": {
        "id": 1360350043,
        "osm_type": "way",
        "name": "Aelia Bucharest",
        "opening_hours": "24/7",
        "check_date": "2025-06-07"
      }
    },
    {
      "type": "Feature",
      "geometry": {
        "type": "Point",
        "coordinates": [
          26.0787665,
          44.570645
        ]
      },
      "properties": {
        "id": 1360350063,
        "osm_type": "way",
        "name": "Relay",
        "brand": "Relay",
        "opening_hours": "24/7",
        "check_date": "2025-06-07"
      }
    },
    {
      "type": "Feature",
      "geometry": {
        "type": "Point",
        "coordinates": [
          26.0776418,
          44.5721994
        ]
      },
      "properties": {
        "id": 1360387422,
        "osm_type": "way",
        "name": "Aelia Bucharest",
        "opening_hours": "24/7",
        "check_date": "2025-06-07"
      }
    },
    {
      "type": "Feature",
      "geometry": {
        "type": "Point",
        "coordinates": [
          26.0511277,
          44.5401654
        ]
      },
      "properties": {
        "id": 1460434629,
        "osm_type": "way",
        "name": "Supermarket Odai - Alcool Discount",
        "opening_hours": "Mo-Su 07:00-20:00"
      }
    },
    {
      "type": "Feature",
      "geometry": {
        "type": "Point",
        "coordinates": [
          26.04098,
          44.5295435
        ]
      },
      "properties": {
        "id": 1462062466,
        "osm_type": "way"
      }
    }
  ]
}