{
  "type": "FeatureCollection",
  "features": [
    {
      "type": "Feature",
      "geometry": {
        "type": "Point",
        "coordinates": [
          13.3354981,
          52.5250027
        ]
      },
      "properties": {
        "id": 29040668,
        "osm_type": "node",
        "opening_hours": "24/7"
      }
    },
    {
      "type": "Feature",
      "geometry": {
        "type": "Point",
        "coordinates": [
          13.4063232,
          52.5185392
        ]
      },
      "properties": {
        "id": 60240150,
        "osm_type": "node",
        "access": "yes"
      }
    },
    {
      "type": "Feature",
      "geometry": {
        "type": "Point",
        "coordinates": [
          13.3738695,
          52.5175448
        ]
      },
      "properties": {
        "id": 71180687,
        "osm_type": "node",
        "access": "permissive"
      }
    },
    {
      "type": "Feature",
      "geometry": {
        "type": "Point",
        "coordinates": [
          13.2725671,
          52.5096874
        ]
      },
      "properties": {
        "id": 81362621,
        "osm_type": "node",
        "name": "Berliner Toilette",
        "opening_hours": "Mo-Su 08:00-20:00",
        "access": "yes"
      }
    },
    {
      "type": "Feature",
      "geometry": {
        "type": "Point",
        "coordinates": [
          13.2288157,
          52.4477899
        ]
      },
      "properties": {
        "id": 88456311,
        "osm_type": "node"
      }
    },
    {
      "type": "Feature",
      "geometry": {
        "type": "Point",
        "coordinates": [
          13.1772821,
          52.4395401
        ]
      },
      "properties": {
        "id": 253775733,
        "osm_type": "node",
        "access": "customers"
      }
    },
    {
      "type": "Feature",
      "geometry": {
        "type": "Point",
        "coordinates": [
          13.1773459,
          52.4373163
        ]
      },
      "properties": {
        "id": 253775734,
        "osm_type": "node",
        "access": "customers"
      }
    },
    {
      "type": "Feature",
      "geometry": {
        "type": "Point",
        "coordinates": [
          13.1773664,
          52.4405511
        ]
      },
      "properties": {
        "id": 253775735,
        "osm_type": "node",
        "access": "customers"
      }
    },
    {
      "type": "Feature",
      "geometry": {
        "type": "Point",
        "coordinates": [
          13.4642879,
          52.4874875
        ]
      },
      "properties": {
        "id": 257372882,
        "osm_type": "node",
        "name": "Berliner Toilette",
        "opening_hours": "24/7",
        "access": "yes"
      }
    },
    {
      "type": "Feature",
      "geometry": {
        "type": "Point",
        "coordinates": [
          13.3633629,
          52.4811845
        ]
      },
      "properties": {
        "id": 258604531,
        "osm_type": "node",
        "name": "Historische Toilette (Café Achteck)",
        "opening_hours": "24/7",
        "access": "yes"
      }
    },
    {
      "type": "Feature",
      "geometry": {
        "type": "Point",
        "coordinates": [
          13.1214072,
          52.4303983
        ]
      },
      "properties": {
        "id": 271938947,
        "osm_type": "node"
      }
    },
    {
      "type": "Feature",
      "geometry": {
        "type": "Point",
        "coordinates": [
          13.2050138,
          52.5368873
        ]
      },
      "properties": {
        "id": 278139236,
        "osm_type": "node",
        "name": "Öffentliche Toilette"
      }
    },
    {
      "type": "Feature",
      "geometry": {
        "type": "Point",
        "coordinates": [
          13.2163673,
          52.4238362
        ]
      },
      "properties": {
        "id": 286472700,
        "osm_type": "node"
      }
    },
    {
      "type": "Feature",
      "geometry": {
        "type": "Point",
        "coordinates": [
          13.5138306,
          52.5172132
        ]
      },
      "properties": {
        "id": 286976952,
        "osm_type": "node",
        "access": "yes"
      }
    },
    {
      "type": "Feature",
      "geometry": {
        "type": "Point",
        "coordinates": [
          13.2855929,
          52.4982552
        ]
      },
      "properties": {
        "id": 287525643,
        "osm_type": "node",
        "access": "yes"
      }
    },
    {
      "type": "Feature",
      "geometry": {
        "type": "Point",
        "coordinates": [
          13.294005,
          52.5361522
        ]
      },
      "properties": {
        "id": 287809080,
        "osm_type": "node",
        "name": "Berliner Toilette",
        "opening_hours": "24/7",
        "access": "yes"
      }
    },
    {
      "type": "Feature",
      "geometry": {
        "type": "Point",
        "coordinates": [
          13.3536181,
          52.4948726
        ]
      },
      "properties": {
        "id": 294583209,
        "osm_type": "node",
        "opening_hours": "24/7",
        "access": "yes"
      }
    },
    {
      "type": "Feature",
      "geometry": {
        "type": "Point",
        "coordinates": [
          13.2276499,
          52.5064309
        ]
      },
      "properties": {
        "id": 308003239,
        "osm_type": "node",
        "access": "yes"
      }
    },
    {
      "type": "Feature",
      "geometry": {
        "type": "Point",
        "coordinates": [
          13.325066,
          52.494001
        ]
      },
      "properties": {
        "id": 309363218,
        "osm_type": "node",
        "name": "Berliner Toilette",
        "opening_hours": "24/7",
        "access": "yes"
      }
    },
    {
      "type": "Feature",
      "geometry": {
        "type": "Point",
        "coordinates": [
          13.3174167,
          52.5015328
        ]
      },
      "properties": {
        "id": 309371016,
        "osm_type": "node",
        "name": "Berliner Toilette",
        "opening_hours": "24/7",
        "access": "yes"
      }
    },
    {
      "type": "Feature",
      "geometry": {
        "type": "Point",
        "coordinates": [
          13.2311127,
          52.5252987
        ]
      },
      "properties": {
        "id": 315896534,
        "osm_type": "node",
        "access": "yes"
      }
    },
    {
      "type": "Feature",
      "geometry": {
        "type": "Point",
        "coordinates": [
          13.3586017,
          52.5469956
        ]
      },
      "properties": {
        "id": 317179422,
        "osm_type": "node",
        "name": "Berliner Toilette",
        "opening_hours": "08:00-18:00",
        "access": "yes"
      }
    },
    {
      "type": "Feature",
      "geometry": {
        "type": "Point",
        "coordinates": [
          13.4136041,
          52.5598709
        ]
      },
      "properties": {
        "id": 333944057,
        "osm_type": "node",
        "name": "Berliner Toilette",
        "opening_hours": "24/7",
        "access": "yes"
      }
    },
    {
      "type": "Feature",
      "geometry": {
        "type": "Point",
        "coordinates": [
          13.3120206,
          52.442552
        ]
      },
      "properties": {
        "id": 347422928,
        "osm_type": "node"
      }
    },
    {
      "type": "Feature",
      "geometry": {
        "type": "Point",
        "coordinates": [
          13.3909712,
          52.488515
        ]
      },
      "properties": {
        "id": 353202022,
        "osm_type": "node",
        "name": "Historische Toilette (Café Achteck)",
        "opening_hours": "24/7",
        "access": "yes"
      }
    },
    {
      "type": "Feature",
      "geometry": {
        "type": "Point",
        "coordinates": [
          13.3984484,
          52.386553
        ]
      },
      "properties": {
        "id": 364123000,
        "osm_type": "node",
        "name": "City Toilette",
        "opening_hours": "24/7"
      }
    },
    {
      "type": "Feature",
      "geometry": {
        "type": "Point",
        "coordinates": [
          13.3305814,
          52.5273789
        ]
      },
      "properties": {
        "id": 365605621,
        "osm_type": "node",
        "opening_hours": "24/7"
      }
    },
    {
      "type": "Feature",
      "geometry": {
        "type": "Point",
        "coordinates": [
          13.3631454,
          52.413518
        ]
      },
      "properties": {
        "id": 371097628,
        "osm_type": "node"
      }
    },
    {
      "type": "Feature",
      "geometry": {
        "type": "Point",
        "coordinates": [
          13.3567345,
          52.5163479
        ]
      },
      "properties": {
        "id": 377120370,
        "osm_type": "node",
        "opening_hours": "24/7",
        "access": "yes"
      }
    },
    {
      "type": "Feature",
      "geometry": {
        "type": "Point",
        "coordinates": [
          13.4129034,
          52.5324627
        ]
      },
      "properties": {
        "id": 377675091,
        "osm_type": "node",
        "opening_hours": "24/7",
        "access": "yes"
      }
    },
    {
      "type": "Feature",
      "geometry": {
        "type": "Point",
        "coordinates": [
          13.5801517,
          52.4588404
        ]
      },
      "properties": {
        "id": 388125800,
        "osm_type": "node",
        "opening_hours": "24/7",
        "access": "yes"
      }
    },
    {
      "type": "Feature",
      "geometry": {
        "type": "Point",
        "coordinates": [
          13.4086361,
          52.4326
        ]
      },
      "properties": {
        "id": 390428248,
        "osm_type": "node",
        "access": "customers"
      }
    },
    {
      "type": "Feature",
      "geometry": {
        "type": "Point",
        "coordinates": [
          13.306683,
          52.5078805
        ]
      },
      "properties": {
        "id": 401552930,
        "osm_type": "node",
        "name": "Berliner Toilette",
        "opening_hours": "24/7",
        "access": "yes"
      }
    },
    {
      "type": "Feature",
      "geometry": {
        "type": "Point",
        "coordinates": [
          13.3527277,
          52.5444528
        ]
      },
      "properties": {
        "id": 408469307,
        "osm_type": "node",
        "access": "customers"
      }
    },
    {
      "type": "Feature",
      "geometry": {
        "type": "Point",
        "coordinates": [
          13.3527791,
          52.5444267
        ]
      },
      "properties": {
        "id": 408469602,
        "osm_type": "node",
        "name": "Herren WC"
      }
    },
    {
      "type": "Feature",
      "geometry": {
        "type": "Point",
        "coordinates": [
          13.3389963,
          52.5096006
        ]
      },
      "properties": {
        "id": 413653260,
        "osm_type": "node",
        "access": "customers"
      }
    },
    {
      "type": "Feature",
      "geometry": {
        "type": "Point",
        "coordinates": [
          13.3379653,
          52.5069243
        ]
      },
      "properties": {
        "id": 413653263,
        "osm_type": "node",
        "name": "Öffentliche Toilette",
        "access": "customers"
      }
    },
    {
      "type": "Feature",
      "geometry": {
        "type": "Point",
        "coordinates": [
          13.3420774,
          52.5068545
        ]
      },
      "properties": {
        "id": 413653264,
        "osm_type": "node",
        "access": "customers"
      }
    },
    {
      "type": "Feature",
      "geometry": {
        "type": "Point",
        "coordinates": [
          13.3366833,
          52.5126724
        ]
      },
      "properties": {
        "id": 419275395,
        "osm_type": "node"
      }
    },
    {
      "type": "Feature",
      "geometry": {
        "type": "Point",
        "coordinates": [
          13.3427061,
          52.5024723
        ]
      },
      "properties": {
        "id": 426687394,
        "osm_type": "node",
        "name": "City Toilette",
        "opening_hours": "24/7"
      }
    },
    {
      "type": "Feature",
      "geometry": {
        "type": "Point",
        "coordinates": [
          13.4839872,
          52.5030205
        ]
      },
      "properties": {
        "id": 429461039,
        "osm_type": "node",
        "name": "Berliner Toilette",
        "opening_hours": "24/7",
        "access": "yes"
      }
    },
    {
      "type": "Feature",
      "geometry": {
        "type": "Point",
        "coordinates": [
          13.4129793,
          52.5214681
        ]
      },
      "properties": {
        "id": 437290305,
        "osm_type": "node",
        "opening_hours": "Mo-Sa 07:00-22:00; Su,PH 10:00-22:00"
      }
    },
    {
      "type": "Feature",
      "geometry": {
        "type": "Point",
        "coordinates": [
          13.6243922,
          52.4506304
        ]
      },
      "properties": {
        "id": 439239170,
        "osm_type": "node",
        "opening_hours": "Apr-Sep: 07:00-22:00; Oct-Mar: 07:00-20:00",
        "access": "yes"
      }
    },
    {
      "type": "Feature",
      "geometry": {
        "type": "Point",
        "coordinates": [
          13.5444405,
          52.4623565
        ]
      },
      "properties": {
        "id": 441257129,
        "osm_type": "node",
        "access": "customers"
      }
    },
    {
      "type": "Feature",
      "geometry": {
        "type": "Point",
        "coordinates": [
          13.5464636,
          52.4622142
        ]
      },
      "properties": {
        "id": 441257192,
        "osm_type": "node",
        "access": "customers"
      }
    },
    {
      "type": "Feature",
      "geometry": {
        "type": "Point",
        "coordinates": [
          13.5464644,
          52.4626505
        ]
      },
      "properties": {
        "id": 441257332,
        "osm_type": "node",
        "access": "customers"
      }
    },
    {
      "type": "Feature",
      "geometry": {
        "type": "Point",
        "coordinates": [
          13.2661804,
          52.4717284
        ]
      },
      "properties": {
        "id": 449372452,
        "osm_type": "node",
        "opening_hours": "24/7",
        "access": "yes"
      }
    },
    {
      "type": "Feature",
      "geometry": {
        "type": "Point",
        "coordinates": [
          13.237256,
          52.5617805
        ]
      },
      "properties": {
        "id": 450573181,
        "osm_type": "node"
      }
    },
    {
      "type": "Feature",
      "geometry": {
        "type": "Point",
        "coordinates": [
          13.240167,
          52.442337
        ]
      },
      "properties": {
        "id": 451759262,
        "osm_type": "node",
        "opening_hours": "24/7"
      }
    },
    {
      "type": "Feature",
      "geometry": {
        "type": "Point",
        "coordinates": [
          13.419243,
          52.4333412
        ]
      },
      "properties": {
        "id": 469165335,
        "osm_type": "node"
      }
    },
    {
      "type": "Feature",
      "geometry": {
        "type": "Point",
        "coordinates": [
          13.1814906,
          52.469885
        ]
      },
      "properties": {
        "id": 477427675,
        "osm_type": "node"
      }
    },
    {
      "type": "Feature",
      "geometry": {
        "type": "Point",
        "coordinates": [
          13.4303336,
          52.5000023
        ]
      },
      "properties": {
        "id": 477532020,
        "osm_type": "node",
        "name": "Berliner Toilette",
        "opening_hours": "24/7",
        "access": "yes"
      }
    },
    {
      "type": "Feature",
      "geometry": {
        "type": "Point",
        "coordinates": [
          13.5272161,
          52.4989912
        ]
      },
      "properties": {
        "id": 480350451,
        "osm_type": "node"
      }
    },
    {
      "type": "Feature",
      "geometry": {
        "type": "Point",
        "coordinates": [
          13.5293754,
          52.5047637
        ]
      },
      "properties": {
        "id": 480350458,
        "osm_type": "node"
      }
    },
    {
      "type": "Feature",
      "geometry": {
        "type": "Point",
        "coordinates": [
          13.5321081,
          52.5077371
        ]
      },
      "properties": {
        "id": 480350479,
        "osm_type": "node",
        "access": "customers"
      }
    },
    {
      "type": "Feature",
      "geometry": {
        "type": "Point",
        "coordinates": [
          13.3031103,
          52.4526043
        ]
      },
      "properties": {
        "id": 503360880,
        "osm_type": "node"
      }
    },
    {
      "type": "Feature",
      "geometry": {
        "type": "Point",
        "coordinates": [
          13.1295214,
          52.4294068
        ]
      },
      "properties": {
        "id": 506836884,
        "osm_type": "node"
      }
    },
    {
      "type": "Feature",
      "geometry": {
        "type": "Point",
        "coordinates": [
          13.1431416,
          52.432479
        ]
      },
      "properties": {
        "id": 506836885,
        "osm_type": "node"
      }
    },
    {
      "type": "Feature",
      "geometry": {
        "type": "Point",
        "coordinates": [
          13.4572669,
          52.490337
        ]
      },
      "properties": {
        "id": 515660597,
        "osm_type": "node"
      }
    },
    {
      "type": "Feature",
      "geometry": {
        "type": "Point",
        "coordinates": [
          13.5264868,
          52.4688798
        ]
      },
      "properties": {
        "id": 539477774,
        "osm_type": "node",
        "access": "yes"
      }
    },
    {
      "type": "Feature",
      "geometry": {
        "type": "Point",
        "coordinates": [
          13.3366834,
          52.5331964
        ]
      },
      "properties": {
        "id": 558361430,
        "osm_type": "node",
        "access": "yes"
      }
    },
    {
      "type": "Feature",
      "geometry": {
        "type": "Point",
        "coordinates": [
          13.2536585,
          52.5122982
        ]
      },
      "properties": {
        "id": 559576305,
        "osm_type": "node",
        "access": "yes"
      }
    },
    {
      "type": "Feature",
      "geometry": {
        "type": "Point",
        "coordinates": [
          13.3710387,
          52.4224713
        ]
      },
      "properties": {
        "id": 603054378,
        "osm_type": "node",
        "opening_hours": "24/7"
      }
    },
    {
      "type": "Feature",
      "geometry": {
        "type": "Point",
        "coordinates": [
          13.3275441,
          52.4864199
        ]
      },
      "properties": {
        "id": 606334104,
        "osm_type": "node",
        "name": "Berliner Toilette",
        "opening_hours": "24/7",
        "access": "yes"
      }
    },
    {
      "type": "Feature",
      "geometry": {
        "type": "Point",
        "coordinates": [
          13.2903586,
          52.5188014
        ]
      },
      "properties": {
        "id": 606347840,
        "osm_type": "node",
        "name": "Berliner Toilette",
        "opening_hours": "24/7",
        "access": "yes"
      }
    },
    {
      "type": "Feature",
      "geometry": {
        "type": "Point",
        "coordinates": [
          13.4955184,
          52.6342587
        ]
      },
      "properties": {
        "id": 618048318,
        "osm_type": "node"
      }
    },
    {
      "type": "Feature",
      "geometry": {
        "type": "Point",
        "coordinates": [
          13.3593853,
          52.5489567
        ]
      },
      "properties": {
        "id": 648910282,
        "osm_type": "node",
        "opening_hours": "Mo-Fr 09:00-17:00"
      }
    },
    {
      "type": "Feature",
      "geometry": {
        "type": "Point",
        "coordinates": [
          13.3768184,
          52.4676202
        ]
      },
      "properties": {
        "id": 650378255,
        "osm_type": "node",
        "access": "customers"
      }
    },
    {
      "type": "Feature",
      "geometry": {
        "type": "Point",
        "coordinates": [
          13.1957661,
          52.5337539
        ]
      },
      "properties": {
        "id": 674124305,
        "osm_type": "node",
        "access": "yes"
      }
    },
    {
      "type": "Feature",
      "geometry": {
        "type": "Point",
        "coordinates": [
          13.1978942,
          52.5337721
        ]
      },
      "properties": {
        "id": 674124307,
        "osm_type": "node",
        "access": "yes"
      }
    },
    {
      "type": "Feature",
      "geometry": {
        "type": "Point",
        "coordinates": [
          13.3348708,
          52.507782
        ]
      },
      "properties": {
        "id": 690485727,
        "osm_type": "node",
        "name": "Toilette im Elefantenhaus",
        "access": "customers"
      }
    },
    {
      "type": "Feature",
      "geometry": {
        "type": "Point",
        "coordinates": [
          13.2368708,
          52.51063
        ]
      },
      "properties": {
        "id": 718143708,
        "osm_type": "node",
        "name": "Berliner Toilette",
        "access": "yes"
      }
    },
    {
      "type": "Feature",
      "geometry": {
        "type": "Point",
        "coordinates": [
          13.2798062,
          52.5070807
        ]
      },
      "properties": {
        "id": 718143802,
        "osm_type": "node",
        "opening_hours": "24/7"
      }
    },
    {
      "type": "Feature",
      "geometry": {
        "type": "Point",
        "coordinates": [
          13.3147401,
          52.4733785
        ]
      },
      "properties": {
        "id": 726126780,
        "osm_type": "node",
        "opening_hours": "24/7",
        "access": "yes"
      }
    },
    {
      "type": "Feature",
      "geometry": {
        "type": "Point",
        "coordinates": [
          13.4002477,
          52.5806679
        ]
      },
      "properties": {
        "id": 747395207,
        "osm_type": "node",
        "name": "Berliner Toilette",
        "opening_hours": "24/7",
        "access": "yes"
      }
    },
    {
      "type": "Feature",
      "geometry": {
        "type": "Point",
        "coordinates": [
          13.4435508,
          52.529256
        ]
      },
      "properties": {
        "id": 783433120,
        "osm_type": "node",
        "name": "Berliner Toilette",
        "opening_hours": "24/7",
        "access": "yes"
      }
    },
    {
      "type": "Feature",
      "geometry": {
        "type": "Point",
        "coordinates": [
          13.303623,
          52.4820017
        ]
      },
      "properties": {
        "id": 821587328,
        "osm_type": "node",
        "access": "customers"
      }
    },
    {
      "type": "Feature",
      "geometry": {
        "type": "Point",
        "coordinates": [
          13.3033906,
          52.4822756
        ]
      },
      "properties": {
        "id": 821587335,
        "osm_type": "node",
        "access": "customers"
      }
    },
    {
      "type": "Feature",
      "geometry": {
        "type": "Point",
        "coordinates": [
          13.3015349,
          52.4815187
        ]
      },
      "properties": {
        "id": 821588546,
        "osm_type": "node"
      }
    },
    {
      "type": "Feature",
      "geometry": {
        "type": "Point",
        "coordinates": [
          13.4085276,
          52.4928344
        ]
      },
      "properties": {
        "id": 840325608,
        "osm_type": "node",
        "name": "Berliner Toilette",
        "opening_hours": "24/7",
        "access": "yes"
      }
    },
    {
      "type": "Feature",
      "geometry": {
        "type": "Point",
        "coordinates": [
          13.4143571,
          52.4344222
        ]
      },
      "properties": {
        "id": 851492389,
        "osm_type": "node",
        "access": "customers"
      }
    },
    {
      "type": "Feature",
      "geometry": {
        "type": "Point",
        "coordinates": [
          13.375985,
          52.4559388
        ]
      },
      "properties": {
        "id": 853887530,
        "osm_type": "node",
        "opening_hours": "24/7"
      }
    },
    {
      "type": "Feature",
      "geometry": {
        "type": "Point",
        "coordinates": [
          13.5275176,
          52.4109899
        ]
      },
      "properties": {
        "id": 855355995,
        "osm_type": "node",
        "name": "Berliner Toilette",
        "access": "yes"
      }
    },
    {
      "type": "Feature",
      "geometry": {
        "type": "Point",
        "coordinates": [
          13.586615,
          52.522858
        ]
      },
      "properties": {
        "id": 897675464,
        "osm_type": "node",
        "name": "SpreeCenter"
      }
    },
    {
      "type": "Feature",
      "geometry": {
        "type": "Point",
        "coordinates": [
          13.1899148,
          52.454525
        ]
      },
      "properties": {
        "id": 932522039,
        "osm_type": "node"
      }
    },
    {
      "type": "Feature",
      "geometry": {
        "type": "Point",
        "coordinates": [
          13.4977615,
          52.4157484
        ]
      },
      "properties": {
        "id": 948654855,
        "osm_type": "node"
      }
    },
    {
      "type": "Feature",
      "geometry": {
        "type": "Point",
        "coordinates": [
          13.3197571,
          52.528251
        ]
      },
      "properties": {
        "id": 960164646,
        "osm_type": "node",
        "access": "no"
      }
    },
    {
      "type": "Feature",
      "geometry": {
        "type": "Point",
        "coordinates": [
          13.369056,
          52.5250818
        ]
      },
      "properties": {
        "id": 976553355,
        "osm_type": "node",
        "name": "WC Center Berlin-Hauptbahnhof",
        "opening_hours": "24/7",
        "access": "yes"
      }
    },
    {
      "type": "Feature",
      "geometry": {
        "type": "Point",
        "coordinates": [
          13.3320816,
          52.5071296
        ]
      },
      "properties": {
        "id": 976596829,
        "osm_type": "node"
      }
    },
    {
      "type": "Feature",
      "geometry": {
        "type": "Point",
        "coordinates": [
          13.3868943,
          52.4387075
        ]
      },
      "properties": {
        "id": 1030895309,
        "osm_type": "node",
        "name": "Historische Toilette (Café Achteck)",
        "opening_hours": "\"Geschlossen von Januar bis März und bei Dauerfrost\"",
        "access": "yes"
      }
    },
    {
      "type": "Feature",
      "geometry": {
        "type": "Point",
        "coordinates": [
          13.2783634,
          52.5049204
        ]
      },
      "properties": {
        "id": 1070919487,
        "osm_type": "node"
      }
    },
    {
      "type": "Feature",
      "geometry": {
        "type": "Point",
        "coordinates": [
          13.2004467,
          52.53547
        ]
      },
      "properties": {
        "id": 1096930211,
        "osm_type": "node",
        "name": "City Toilette",
        "opening_hours": "24/7"
      }
    },
    {
      "type": "Feature",
      "geometry": {
        "type": "Point",
        "coordinates": [
          13.4031859,
          52.4977579
        ]
      },
      "properties": {
        "id": 1205048326,
        "osm_type": "node",
        "access": "customers"
      }
    },
    {
      "type": "Feature",
      "geometry": {
        "type": "Point",
        "coordinates": [
          13.4056681,
          52.4977557
        ]
      },
      "properties": {
        "id": 1205705420,
        "osm_type": "node",
        "access": "customers"
      }
    },
    {
      "type": "Feature",
      "geometry": {
        "type": "Point",
        "coordinates": [
          13.3510031,
          52.4559444
        ]
      },
      "properties": {
        "id": 1206287825,
        "osm_type": "node",
        "access": "customers"
      }
    },
    {
      "type": "Feature",
      "geometry": {
        "type": "Point",
        "coordinates": [
          13.3067134,
          52.5102053
        ]
      },
      "properties": {
        "id": 1229446777,
        "osm_type": "node",
        "access": "yes"
      }
    },
    {
      "type": "Feature",
      "geometry": {
        "type": "Point",
        "coordinates": [
          13.4098056,
          52.5222412
        ]
      },
      "properties": {
        "id": 1249802242,
        "osm_type": "node",
        "access": "yes"
      }
    },
    {
      "type": "Feature",
      "geometry": {
        "type": "Point",
        "coordinates": [
          13.4018038,
          52.6005368
        ]
      },
      "properties": {
        "id": 1302233643,
        "osm_type": "node",
        "access": "customers"
      }
    },
    {
      "type": "Feature",
      "geometry": {
        "type": "Point",
        "coordinates": [
          13.3361659,
          52.4510263
        ]
      },
      "properties": {
        "id": 1314648134,
        "osm_type": "node",
        "opening_hours": "24/7"
      }
    },
    {
      "type": "Feature",
      "geometry": {
        "type": "Point",
        "coordinates": [
          13.5773492,
          52.539592
        ]
      },
      "properties": {
        "id": 1323444917,
        "osm_type": "node"
      }
    },
    {
      "type": "Feature",
      "geometry": {
        "type": "Point",
        "coordinates": [
          13.5797503,
          52.5386946
        ]
      },
      "properties": {
        "id": 1323444930,
        "osm_type": "node"
      }
    },
    {
      "type": "Feature",
      "geometry": {
        "type": "Point",
        "coordinates": [
          13.1985679,
          52.5538124
        ]
      },
      "properties": {
        "id": 1334651630,
        "osm_type": "node"
      }
    },
    {
      "type": "Feature",
      "geometry": {
        "type": "Point",
        "coordinates": [
          13.3068276,
          52.456435
        ]
      },
      "properties": {
        "id": 1348055726,
        "osm_type": "node"
      }
    },
    {
      "type": "Feature",
      "geometry": {
        "type": "Point",
        "coordinates": [
          13.5905933,
          52.4074596
        ]
      },
      "properties": {
        "id": 1358366757,
        "osm_type": "node"
      }
    },
    {
      "type": "Feature",
      "geometry": {
        "type": "Point",
        "coordinates": [
          13.3708178,
          52.5225436
        ]
      },
      "properties": {
        "id": 1453886966,
        "osm_type": "node"
      }
    },
    {
      "type": "Feature",
      "geometry": {
        "type": "Point",
        "coordinates": [
          13.5238162,
          52.5046955
        ]
      },
      "properties": {
        "id": 1469076897,
        "osm_type": "node"
      }
    },
    {
      "type": "Feature",
      "geometry": {
        "type": "Point",
        "coordinates": [
          13.5751048,
          52.5385816
        ]
      },
      "properties": {
        "id": 1482482347,
        "osm_type": "node",
        "access": "yes"
      }
    },
    {
      "type": "Feature",
      "geometry": {
        "type": "Point",
        "coordinates": [
          13.5047152,
          52.5480093
        ]
      },
      "properties": {
        "id": 1535094001,
        "osm_type": "node"
      }
    },
    {
      "type": "Feature",
      "geometry": {
        "type": "Point",
        "coordinates": [
          13.4072188,
          52.522335
        ]
      },
      "properties": {
        "id": 1653339120,
        "osm_type": "node",
        "opening_hours": "Mo-Sa 07:00-22:00; Su,PH off"
      }
    },
    {
      "type": "Feature",
      "geometry": {
        "type": "Point",
        "coordinates": [
          13.2100092,
          52.5852757
        ]
      },
      "properties": {
        "id": 1694286748,
        "osm_type": "node",
        "access": "yes"
      }
    },
    {
      "type": "Feature",
      "geometry": {
        "type": "Point",
        "coordinates": [
          13.214237,
          52.5407706
        ]
      },
      "properties": {
        "id": 1772989815,
        "osm_type": "node"
      }
    },
    {
      "type": "Feature",
      "geometry": {
        "type": "Point",
        "coordinates": [
          13.2637019,
          52.4875157
        ]
      },
      "properties": {
        "id": 1783747284,
        "osm_type": "node",
        "name": "Berliner Toilette",
        "opening_hours": "24/7",
        "access": "yes"
      }
    },
    {
      "type": "Feature",
      "geometry": {
        "type": "Point",
        "coordinates": [
          13.3200917,
          52.5127988
        ]
      },
      "properties": {
        "id": 1809995809,
        "osm_type": "node",
        "access": "customers"
      }
    },
    {
      "type": "Feature",
      "geometry": {
        "type": "Point",
        "coordinates": [
          13.2142552,
          52.5407294
        ]
      },
      "properties": {
        "id": 1835625932,
        "osm_type": "node"
      }
    },
    {
      "type": "Feature",
      "geometry": {
        "type": "Point",
        "coordinates": [
          13.4658533,
          52.5540885
        ]
      },
      "properties": {
        "id": 1860568005,
        "osm_type": "node",
        "access": "customers"
      }
    },
    {
      "type": "Feature",
      "geometry": {
        "type": "Point",
        "coordinates": [
          13.2748522,
          52.5061113
        ]
      },
      "properties": {
        "id": 1899025641,
        "osm_type": "node"
      }
    },
    {
      "type": "Feature",
      "geometry": {
        "type": "Point",
        "coordinates": [
          13.2731732,
          52.5066304
        ]
      },
      "properties": {
        "id": 1899025644,
        "osm_type": "node"
      }
    },
    {
      "type": "Feature",
      "geometry": {
        "type": "Point",
        "coordinates": [
          13.4386447,
          52.4918964
        ]
      },
      "properties": {
        "id": 1913867221,
        "osm_type": "node"
      }
    },
    {
      "type": "Feature",
      "geometry": {
        "type": "Point",
        "coordinates": [
          13.1651334,
          52.5489481
        ]
      },
      "properties": {
        "id": 1914161737,
        "osm_type": "node"
      }
    },
    {
      "type": "Feature",
      "geometry": {
        "type": "Point",
        "coordinates": [
          13.2704595,
          52.5049372
        ]
      },
      "properties": {
        "id": 1917330916,
        "osm_type": "node"
      }
    },
    {
      "type": "Feature",
      "geometry": {
        "type": "Point",
        "coordinates": [
          13.5460292,
          52.4409499
        ]
      },
      "properties": {
        "id": 1978519821,
        "osm_type": "node",
        "opening_hours": "Apr-Sep 07:30-20:00; Oct-Mar 07:30-18:00",
        "access": "yes"
      }
    },
    {
      "type": "Feature",
      "geometry": {
        "type": "Point",
        "coordinates": [
          13.2400893,
          52.5331943
        ]
      },
      "properties": {
        "id": 2132541603,
        "osm_type": "node"
      }
    },
    {
      "type": "Feature",
      "geometry": {
        "type": "Point",
        "coordinates": [
          13.4243168,
          52.5040691
        ]
      },
      "properties": {
        "id": 2143522429,
        "osm_type": "node"
      }
    },
    {
      "type": "Feature",
      "geometry": {
        "type": "Point",
        "coordinates": [
          13.3100691,
          52.4872037
        ]
      },
      "properties": {
        "id": 2273522804,
        "osm_type": "node",
        "opening_hours": "Mo-Fr 08:00-18:00; PH off",
        "access": "yes"
      }
    },
    {
      "type": "Feature",
      "geometry": {
        "type": "Point",
        "coordinates": [
          13.3019869,
          52.4737381
        ]
      },
      "properties": {
        "id": 2273522806,
        "osm_type": "node"
      }
    },
    {
      "type": "Feature",
      "geometry": {
        "type": "Point",
        "coordinates": [
          13.198403,
          52.4692833
        ]
      },
      "properties": {
        "id": 2295133206,
        "osm_type": "node",
        "opening_hours": "24/7",
        "access": "yes"
      }
    },
    {
      "type": "Feature",
      "geometry": {
        "type": "Point",
        "coordinates": [
          13.3792609,
          52.4943924
        ]
      },
      "properties": {
        "id": 2328392984,
        "osm_type": "node",
        "opening_hours": "24/7"
      }
    },
    {
      "type": "Feature",
      "geometry": {
        "type": "Point",
        "coordinates": [
          13.4318918,
          52.462776
        ]
      },
      "properties": {
        "id": 2332761255,
        "osm_type": "node",
        "access": "no"
      }
    },
    {
      "type": "Feature",
      "geometry": {
        "type": "Point",
        "coordinates": [
          13.397393,
          52.6039187
        ]
      },
      "properties": {
        "id": 2338749608,
        "osm_type": "node"
      }
    },
    {
      "type": "Feature",
      "geometry": {
        "type": "Point",
        "coordinates": [
          13.4459258,
          52.5544016
        ]
      },
      "properties": {
        "id": 2349795034,
        "osm_type": "node",
        "opening_hours": "Jan,Dec 08:00-16:00; Feb,Nov 08:00-17:00; Mar,Oct 08:00-18:00; Apr,Sep 08:00-19:00; May-Aug 08:00-20:00"
      }
    },
    {
      "type": "Feature",
      "geometry": {
        "type": "Point",
        "coordinates": [
          13.3812307,
          52.5165789
        ]
      },
      "properties": {
        "id": 2351691628,
        "osm_type": "node",
        "opening_hours": "24/7",
        "access": "yes"
      }
    },
    {
      "type": "Feature",
      "geometry": {
        "type": "Point",
        "coordinates": [
          13.4810464,
          52.6473175
        ]
      },
      "properties": {
        "id": 2356047927,
        "osm_type": "node"
      }
    },
    {
      "type": "Feature",
      "geometry": {
        "type": "Point",
        "coordinates": [
          13.3707318,
          52.4985527
        ]
      },
      "properties": {
        "id": 2373093362,
        "osm_type": "node",
        "opening_hours": "Mo-Su 11:00-18:00",
        "access": "yes"
      }
    },
    {
      "type": "Feature",
      "geometry": {
        "type": "Point",
        "coordinates": [
          13.3819484,
          52.410075
        ]
      },
      "properties": {
        "id": 2387056584,
        "osm_type": "node",
        "opening_hours": "Mo-Sa 07:00-22:00",
        "access": "permissive"
      }
    },
    {
      "type": "Feature",
      "geometry": {
        "type": "Point",
        "coordinates": [
          13.3263083,
          52.5096974
        ]
      },
      "properties": {
        "id": 2420832350,
        "osm_type": "node",
        "access": "customers"
      }
    },
    {
      "type": "Feature",
      "geometry": {
        "type": "Point",
        "coordinates": [
          13.2191164,
          52.5753534
        ]
      },
      "properties": {
        "id": 2421748309,
        "osm_type": "node",
        "opening_hours": "24/7",
        "access": "yes"
      }
    },
    {
      "type": "Feature",
      "geometry": {
        "type": "Point",
        "coordinates": [
          13.4159934,
          52.4826771
        ]
      },
      "properties": {
        "id": 2425536936,
        "osm_type": "node",
        "opening_hours": "Mo-Su 10:00-23:00"
      }
    },
    {
      "type": "Feature",
      "geometry": {
        "type": "Point",
        "coordinates": [
          13.1761347,
          52.4199095
        ]
      },
      "properties": {
        "id": 2459611822,
        "osm_type": "node"
      }
    },
    {
      "type": "Feature",
      "geometry": {
        "type": "Point",
        "coordinates": [
          13.6033621,
          52.5319723
        ]
      },
      "properties": {
        "id": 2654762858,
        "osm_type": "node",
        "name": "Berliner Toilette",
        "opening_hours": "24/7",
        "access": "yes"
      }
    },
    {
      "type": "Feature",
      "geometry": {
        "type": "Point",
        "coordinates": [
          13.451135,
          52.489063
        ]
      },
      "properties": {
        "id": 2696505685,
        "osm_type": "node",
        "name": "Berliner Toilette",
        "opening_hours": "24/7",
        "access": "yes"
      }
    },
    {
      "type": "Feature",
      "geometry": {
        "type": "Point",
        "coordinates": [
          13.3530335,
          52.5445729
        ]
      },
      "properties": {
        "id": 2736062782,
        "osm_type": "node",
        "access": "customers"
      }
    },
    {
      "type": "Feature",
      "geometry": {
        "type": "Point",
        "coordinates": [
          13.1777997,
          52.4362324
        ]
      },
      "properties": {
        "id": 2750387890,
        "osm_type": "node",
        "access": "customers"
      }
    },
    {
      "type": "Feature",
      "geometry": {
        "type": "Point",
        "coordinates": [
          13.3362793,
          52.5102553
        ]
      },
      "properties": {
        "id": 2755751089,
        "osm_type": "node",
        "access": "customers"
      }
    },
    {
      "type": "Feature",
      "geometry": {
        "type": "Point",
        "coordinates": [
          13.37208,
          52.4965642
        ]
      },
      "properties": {
        "id": 2780540653,
        "osm_type": "node"
      }
    },
    {
      "type": "Feature",
      "geometry": {
        "type": "Point",
        "coordinates": [
          13.3850929,
          52.4659369
        ]
      },
      "properties": {
        "id": 2782101092,
        "osm_type": "node",
        "access": "yes"
      }
    },
    {
      "type": "Feature",
      "geometry": {
        "type": "Point",
        "coordinates": [
          13.1681855,
          52.54584
        ]
      },
      "properties": {
        "id": 2802040174,
        "osm_type": "node",
        "access": "yes"
      }
    },
    {
      "type": "Feature",
      "geometry": {
        "type": "Point",
        "coordinates": [
          13.2616439,
          52.4675063
        ]
      },
      "properties": {
        "id": 2823976726,
        "osm_type": "node",
        "opening_hours": "Nov-Mar Sa,Su,PH 10:00-16:00; Apr-Oct Tu-Su 10:00-18:00",
        "access": "yes"
      }
    },
    {
      "type": "Feature",
      "geometry": {
        "type": "Point",
        "coordinates": [
          13.4573559,
          52.4296013
        ]
      },
      "properties": {
        "id": 2866359085,
        "osm_type": "node",
        "access": "customers"
      }
    },
    {
      "type": "Feature",
      "geometry": {
        "type": "Point",
        "coordinates": [
          13.3449741,
          52.5155971
        ]
      },
      "properties": {
        "id": 2877285649,
        "osm_type": "node"
      }
    },
    {
      "type": "Feature",
      "geometry": {
        "type": "Point",
        "coordinates": [
          13.1969125,
          52.5252096
        ]
      },
      "properties": {
        "id": 2906318701,
        "osm_type": "node",
        "name": "City Toilette"
      }
    },
    {
      "type": "Feature",
      "geometry": {
        "type": "Point",
        "coordinates": [
          13.676914,
          52.4428708
        ]
      },
      "properties": {
        "id": 3011404374,
        "osm_type": "node"
      }
    },
    {
      "type": "Feature",
      "geometry": {
        "type": "Point",
        "coordinates": [
          13.4115082,
          52.5029268
        ]
      },
      "properties": {
        "id": 3090410739,
        "osm_type": "node"
      }
    },
    {
      "type": "Feature",
      "geometry": {
        "type": "Point",
        "coordinates": [
          13.433836,
          52.528144
        ]
      },
      "properties": {
        "id": 3201464861,
        "osm_type": "node",
        "opening_hours": "\"wie Restaurant\""
      }
    },
    {
      "type": "Feature",
      "geometry": {
        "type": "Point",
        "coordinates": [
          13.3522975,
          52.5441039
        ]
      },
      "properties": {
        "id": 3211345892,
        "osm_type": "node",
        "access": "customers"
      }
    },
    {
      "type": "Feature",
      "geometry": {
        "type": "Point",
        "coordinates": [
          13.4582056,
          52.5454229
        ]
      },
      "properties": {
        "id": 3269400307,
        "osm_type": "node"
      }
    },
    {
      "type": "Feature",
      "geometry": {
        "type": "Point",
        "coordinates": [
          13.4610379,
          52.5544677
        ]
      },
      "properties": {
        "id": 3300507073,
        "osm_type": "node",
        "access": "customers"
      }
    },
    {
      "type": "Feature",
      "geometry": {
        "type": "Point",
        "coordinates": [
          13.3826846,
          52.5107113
        ]
      },
      "properties": {
        "id": 3338458355,
        "osm_type": "node",
        "access": "customers"
      }
    },
    {
      "type": "Feature",
      "geometry": {
        "type": "Point",
        "coordinates": [
          13.3890855,
          52.5183901
        ]
      },
      "properties": {
        "id": 3338459657,
        "osm_type": "node",
        "access": "customers"
      }
    },
    {
      "type": "Feature",
      "geometry": {
        "type": "Point",
        "coordinates": [
          13.4125455,
          52.438375
        ]
      },
      "properties": {
        "id": 3343053921,
        "osm_type": "node",
        "access": "customers"
      }
    },
    {
      "type": "Feature",
      "geometry": {
        "type": "Point",
        "coordinates": [
          13.4117384,
          52.5225796
        ]
      },
      "properties": {
        "id": 3397870263,
        "osm_type": "node",
        "access": "customers"
      }
    },
    {
      "type": "Feature",
      "geometry": {
        "type": "Point",
        "coordinates": [
          13.2431641,
          52.5759527
        ]
      },
      "properties": {
        "id": 3441428131,
        "osm_type": "node",
        "name": "Toilette (Sanitärcontainer)",
        "opening_hours": "Apr-Oct",
        "access": "yes"
      }
    },
    {
      "type": "Feature",
      "geometry": {
        "type": "Point",
        "coordinates": [
          13.4391066,
          52.5246033
        ]
      },
      "properties": {
        "id": 3454241060,
        "osm_type": "node"
      }
    },
    {
      "type": "Feature",
      "geometry": {
        "type": "Point",
        "coordinates": [
          13.4391436,
          52.524822
        ]
      },
      "properties": {
        "id": 3454241061,
        "osm_type": "node"
      }
    },
    {
      "type": "Feature",
      "geometry": {
        "type": "Point",
        "coordinates": [
          13.4289223,
          52.5416699
        ]
      },
      "properties": {
        "id": 3457159699,
        "osm_type": "node",
        "access": "yes"
      }
    },
    {
      "type": "Feature",
      "geometry": {
        "type": "Point",
        "coordinates": [
          13.4609937,
          52.5291629
        ]
      },
      "properties": {
        "id": 3490706053,
        "osm_type": "node",
        "name": "Kundentoilette Sachsen Küchen",
        "access": "customers"
      }
    },
    {
      "type": "Feature",
      "geometry": {
        "type": "Point",
        "coordinates": [
          13.3097799,
          52.451759
        ]
      },
      "properties": {
        "id": 3683994495,
        "osm_type": "node"
      }
    },
    {
      "type": "Feature",
      "geometry": {
        "type": "Point",
        "coordinates": [
          13.336666,
          52.618132
        ]
      },
      "properties": {
        "id": 3688060528,
        "osm_type": "node"
      }
    },
    {
      "type": "Feature",
      "geometry": {
        "type": "Point",
        "coordinates": [
          13.4128017,
          52.576168
        ]
      },
      "properties": {
        "id": 3715382340,
        "osm_type": "node",
        "access": "customers"
      }
    },
    {
      "type": "Feature",
      "geometry": {
        "type": "Point",
        "coordinates": [
          13.4125464,
          52.5765094
        ]
      },
      "properties": {
        "id": 3717577635,
        "osm_type": "node",
        "access": "customers"
      }
    },
    {
      "type": "Feature",
      "geometry": {
        "type": "Point",
        "coordinates": [
          13.2402322,
          52.45368
        ]
      },
      "properties": {
        "id": 3740428919,
        "osm_type": "node",
        "opening_hours": "May-Sep",
        "access": "yes"
      }
    },
    {
      "type": "Feature",
      "geometry": {
        "type": "Point",
        "coordinates": [
          13.6255275,
          52.4170873
        ]
      },
      "properties": {
        "id": 3825536180,
        "osm_type": "node"
      }
    },
    {
      "type": "Feature",
      "geometry": {
        "type": "Point",
        "coordinates": [
          13.3293855,
          52.4294522
        ]
      },
      "properties": {
        "id": 3953458282,
        "osm_type": "node",
        "opening_hours": "Mo-Fr 08:00-20:00; Sa 08:00-18:00; Su off",
        "access": "permissive"
      }
    },
    {
      "type": "Feature",
      "geometry": {
        "type": "Point",
        "coordinates": [
          13.2860887,
          52.4588617
        ]
      },
      "properties": {
        "id": 3974152809,
        "osm_type": "node"
      }
    },
    {
      "type": "Feature",
      "geometry": {
        "type": "Point",
        "coordinates": [
          13.2580463,
          52.4331023
        ]
      },
      "properties": {
        "id": 3980482214,
        "osm_type": "node"
      }
    },
    {
      "type": "Feature",
      "geometry": {
        "type": "Point",
        "coordinates": [
          13.387688,
          52.5203163
        ]
      },
      "properties": {
        "id": 4003667897,
        "osm_type": "node",
        "opening_hours": "24/7",
        "access": "yes"
      }
    },
    {
      "type": "Feature",
      "geometry": {
        "type": "Point",
        "coordinates": [
          13.304319,
          52.525402
        ]
      },
      "properties": {
        "id": 4051269792,
        "osm_type": "node",
        "name": "Berliner Toilette",
        "opening_hours": "24/7",
        "access": "yes"
      }
    },
    {
      "type": "Feature",
      "geometry": {
        "type": "Point",
        "coordinates": [
          13.3071746,
          52.5061992
        ]
      },
      "properties": {
        "id": 4061391767,
        "osm_type": "node",
        "access": "customers"
      }
    },
    {
      "type": "Feature",
      "geometry": {
        "type": "Point",
        "coordinates": [
          13.4614338,
          52.5240619
        ]
      },
      "properties": {
        "id": 4077933793,
        "osm_type": "node",
        "access": "customers"
      }
    },
    {
      "type": "Feature",
      "geometry": {
        "type": "Point",
        "coordinates": [
          13.1925318,
          52.5677071
        ]
      },
      "properties": {
        "id": 4100233311,
        "osm_type": "node"
      }
    },
    {
      "type": "Feature",
      "geometry": {
        "type": "Point",
        "coordinates": [
          13.1971549,
          52.5710801
        ]
      },
      "properties": {
        "id": 4127536103,
        "osm_type": "node"
      }
    },
    {
      "type": "Feature",
      "geometry": {
        "type": "Point",
        "coordinates": [
          13.2216519,
          52.5942503
        ]
      },
      "properties": {
        "id": 4129127606,
        "osm_type": "node",
        "name": "Toilette (Sanitärcontainer)",
        "opening_hours": "Apr-Oct"
      }
    },
    {
      "type": "Feature",
      "geometry": {
        "type": "Point",
        "coordinates": [
          13.524203,
          52.475576
        ]
      },
      "properties": {
        "id": 4172772889,
        "osm_type": "node"
      }
    },
    {
      "type": "Feature",
      "geometry": {
        "type": "Point",
        "coordinates": [
          13.2305092,
          52.5133798
        ]
      },
      "properties": {
        "id": 4218712245,
        "osm_type": "node",
        "name": "Berliner Toilette",
        "opening_hours": "24/7",
        "access": "yes"
      }
    },
    {
      "type": "Feature",
      "geometry": {
        "type": "Point",
        "coordinates": [
          13.291179,
          52.543114
        ]
      },
      "properties": {
        "id": 4225421094,
        "osm_type": "node",
        "access": "customers"
      }
    },
    {
      "type": "Feature",
      "geometry": {
        "type": "Point",
        "coordinates": [
          13.4817053,
          52.5791432
        ]
      },
      "properties": {
        "id": 4239735855,
        "osm_type": "node",
        "access": "customers"
      }
    },
    {
      "type": "Feature",
      "geometry": {
        "type": "Point",
        "coordinates": [
          13.3843208,
          52.5338737
        ]
      },
      "properties": {
        "id": 4267091448,
        "osm_type": "node"
      }
    },
    {
      "type": "Feature",
      "geometry": {
        "type": "Point",
        "coordinates": [
          13.3843725,
          52.5338236
        ]
      },
      "properties": {
        "id": 4267091449,
        "osm_type": "node",
        "access": "customers"
      }
    },
    {
      "type": "Feature",
      "geometry": {
        "type": "Point",
        "coordinates": [
          13.3928357,
          52.5128207
        ]
      },
      "properties": {
        "id": 4286130005,
        "osm_type": "node",
        "opening_hours": "May-Sep: 10:00-19:00; Oct-Apr 10:00-18:00",
        "access": "yes"
      }
    },
    {
      "type": "Feature",
      "geometry": {
        "type": "Point",
        "coordinates": [
          13.4171149,
          52.479954
        ]
      },
      "properties": {
        "id": 4290134620,
        "osm_type": "node",
        "access": "customers"
      }
    },
    {
      "type": "Feature",
      "geometry": {
        "type": "Point",
        "coordinates": [
          13.3626489,
          52.5566796
        ]
      },
      "properties": {
        "id": 4294674699,
        "osm_type": "node",
        "access": "customers"
      }
    },
    {
      "type": "Feature",
      "geometry": {
        "type": "Point",
        "coordinates": [
          13.3888535,
          52.549541
        ]
      },
      "properties": {
        "id": 4317555799,
        "osm_type": "node",
        "access": "yes"
      }
    },
    {
      "type": "Feature",
      "geometry": {
        "type": "Point",
        "coordinates": [
          13.3026807,
          52.6108952
        ]
      },
      "properties": {
        "id": 4351255327,
        "osm_type": "node",
        "access": "customers"
      }
    },
    {
      "type": "Feature",
      "geometry": {
        "type": "Point",
        "coordinates": [
          13.2937983,
          52.5199076
        ]
      },
      "properties": {
        "id": 4359607233,
        "osm_type": "node",
        "access": "yes"
      }
    },
    {
      "type": "Feature",
      "geometry": {
        "type": "Point",
        "coordinates": [
          13.2931103,
          52.5199407
        ]
      },
      "properties": {
        "id": 4359607234,
        "osm_type": "node"
      }
    },
    {
      "type": "Feature",
      "geometry": {
        "type": "Point",
        "coordinates": [
          13.5235963,
          52.4984962
        ]
      },
      "properties": {
        "id": 4381117581,
        "osm_type": "node"
      }
    },
    {
      "type": "Feature",
      "geometry": {
        "type": "Point",
        "coordinates": [
          13.3681344,
          52.5244986
        ]
      },
      "properties": {
        "id": 4389473677,
        "osm_type": "node",
        "access": "customers"
      }
    },
    {
      "type": "Feature",
      "geometry": {
        "type": "Point",
        "coordinates": [
          13.5007473,
          52.5422056
        ]
      },
      "properties": {
        "id": 4396258268,
        "osm_type": "node",
        "access": "customers"
      }
    },
    {
      "type": "Feature",
      "geometry": {
        "type": "Point",
        "coordinates": [
          13.3895979,
          52.5353146
        ]
      },
      "properties": {
        "id": 4439021889,
        "osm_type": "node",
        "opening_hours": "Tu-Su 10:00-18:00",
        "access": "permissive"
      }
    },
    {
      "type": "Feature",
      "geometry": {
        "type": "Point",
        "coordinates": [
          13.4089902,
          52.5426851
        ]
      },
      "properties": {
        "id": 4439303222,
        "osm_type": "node"
      }
    },
    {
      "type": "Feature",
      "geometry": {
        "type": "Point",
        "coordinates": [
          13.3837553,
          52.5065796
        ]
      },
      "properties": {
        "id": 4440688190,
        "osm_type": "node"
      }
    },
    {
      "type": "Feature",
      "geometry": {
        "type": "Point",
        "coordinates": [
          13.3352905,
          52.5080613
        ]
      },
      "properties": {
        "id": 4569218978,
        "osm_type": "node",
        "access": "customers"
      }
    },
    {
      "type": "Feature",
      "geometry": {
        "type": "Point",
        "coordinates": [
          13.3827697,
          52.5557777
        ]
      },
      "properties": {
        "id": 4659477540,
        "osm_type": "node"
      }
    },
    {
      "type": "Feature",
      "geometry": {
        "type": "Point",
        "coordinates": [
          13.5040252,
          52.4621098
        ]
      },
      "properties": {
        "id": 4686690326,
        "osm_type": "node",
        "opening_hours": "Mo-Fr 07:00-20:00; Sa 08:00-20:00",
        "access": "yes"
      }
    },
    {
      "type": "Feature",
      "geometry": {
        "type": "Point",
        "coordinates": [
          13.3246429,
          52.5119671
        ]
      },
      "properties": {
        "id": 4751634622,
        "osm_type": "node",
        "access": "customers"
      }
    },
    {
      "type": "Feature",
      "geometry": {
        "type": "Point",
        "coordinates": [
          13.4223052,
          52.5032102
        ]
      },
      "properties": {
        "id": 4756851873,
        "osm_type": "node"
      }
    },
    {
      "type": "Feature",
      "geometry": {
        "type": "Point",
        "coordinates": [
          13.3427221,
          52.5257159
        ]
      },
      "properties": {
        "id": 4761858226,
        "osm_type": "node"
      }
    },
    {
      "type": "Feature",
      "geometry": {
        "type": "Point",
        "coordinates": [
          13.348361,
          52.5140625
        ]
      },
      "properties": {
        "id": 4776824885,
        "osm_type": "node",
        "opening_hours": "10:00-18:30"
      }
    },
    {
      "type": "Feature",
      "geometry": {
        "type": "Point",
        "coordinates": [
          13.3484613,
          52.5140718
        ]
      },
      "properties": {
        "id": 4776824886,
        "osm_type": "node",
        "opening_hours": "10:00-18:30"
      }
    },
    {
      "type": "Feature",
      "geometry": {
        "type": "Point",
        "coordinates": [
          13.2860595,
          52.5840591
        ]
      },
      "properties": {
        "id": 4789979548,
        "osm_type": "node",
        "access": "customers"
      }
    },
    {
      "type": "Feature",
      "geometry": {
        "type": "Point",
        "coordinates": [
          13.4126228,
          52.5385085
        ]
      },
      "properties": {
        "id": 4903790021,
        "osm_type": "node"
      }
    },
    {
      "type": "Feature",
      "geometry": {
        "type": "Point",
        "coordinates": [
          13.3645964,
          52.5191114
        ]
      },
      "properties": {
        "id": 5022093422,
        "osm_type": "node"
      }
    },
    {
      "type": "Feature",
      "geometry": {
        "type": "Point",
        "coordinates": [
          13.3905213,
          52.5447049
        ]
      },
      "properties": {
        "id": 5047304280,
        "osm_type": "node",
        "opening_hours": "24/7",
        "access": "yes"
      }
    },
    {
      "type": "Feature",
      "geometry": {
        "type": "Point",
        "coordinates": [
          13.3768415,
          52.5003924
        ]
      },
      "properties": {
        "id": 5060729822,
        "osm_type": "node",
        "opening_hours": "24/7"
      }
    },
    {
      "type": "Feature",
      "geometry": {
        "type": "Point",
        "coordinates": [
          13.3886299,
          52.5443811
        ]
      },
      "properties": {
        "id": 5095774443,
        "osm_type": "node",
        "access": "customers"
      }
    },
    {
      "type": "Feature",
      "geometry": {
        "type": "Point",
        "coordinates": [
          13.5307386,
          52.4836249
        ]
      },
      "properties": {
        "id": 5119478076,
        "osm_type": "node",
        "name": "EcoToilette"
      }
    },
    {
      "type": "Feature",
      "geometry": {
        "type": "Point",
        "coordinates": [
          13.3436725,
          52.5426908
        ]
      },
      "properties": {
        "id": 5165009582,
        "osm_type": "node"
      }
    },
    {
      "type": "Feature",
      "geometry": {
        "type": "Point",
        "coordinates": [
          13.3392298,
          52.5443178
        ]
      },
      "properties": {
        "id": 5165014334,
        "osm_type": "node"
      }
    },
    {
      "type": "Feature",
      "geometry": {
        "type": "Point",
        "coordinates": [
          13.5768267,
          52.5396699
        ]
      },
      "properties": {
        "id": 5250276421,
        "osm_type": "node"
      }
    },
    {
      "type": "Feature",
      "geometry": {
        "type": "Point",
        "coordinates": [
          13.5703854,
          52.538014
        ]
      },
      "properties": {
        "id": 5250276422,
        "osm_type": "node"
      }
    },
    {
      "type": "Feature",
      "geometry": {
        "type": "Point",
        "coordinates": [
          13.5748317,
          52.5397556
        ]
      },
      "properties": {
        "id": 5250276621,
        "osm_type": "node"
      }
    },
    {
      "type": "Feature",
      "geometry": {
        "type": "Point",
        "coordinates": [
          13.3322034,
          52.4524606
        ]
      },
      "properties": {
        "id": 5268574029,
        "osm_type": "node"
      }
    },
    {
      "type": "Feature",
      "geometry": {
        "type": "Point",
        "coordinates": [
          13.2893236,
          52.4592648
        ]
      },
      "properties": {
        "id": 5272502230,
        "osm_type": "node",
        "access": "yes"
      }
    },
    {
      "type": "Feature",
      "geometry": {
        "type": "Point",
        "coordinates": [
          13.443285,
          52.4813036
        ]
      },
      "properties": {
        "id": 5339378086,
        "osm_type": "node",
        "access": "customers"
      }
    },
    {
      "type": "Feature",
      "geometry": {
        "type": "Point",
        "coordinates": [
          13.4707811,
          52.528764
        ]
      },
      "properties": {
        "id": 5368605803,
        "osm_type": "node"
      }
    },
    {
      "type": "Feature",
      "geometry": {
        "type": "Point",
        "coordinates": [
          13.511022,
          52.6313787
        ]
      },
      "properties": {
        "id": 5567268023,
        "osm_type": "node"
      }
    },
    {
      "type": "Feature",
      "geometry": {
        "type": "Point",
        "coordinates": [
          13.5098302,
          52.4576972
        ]
      },
      "properties": {
        "id": 5615530357,
        "osm_type": "node"
      }
    },
    {
      "type": "Feature",
      "geometry": {
        "type": "Point",
        "coordinates": [
          13.5419617,
          52.541743
        ]
      },
      "properties": {
        "id": 5615795932,
        "osm_type": "node",
        "access": "unknown"
      }
    },
    {
      "type": "Feature",
      "geometry": {
        "type": "Point",
        "coordinates": [
          13.5438896,
          52.5436289
        ]
      },
      "properties": {
        "id": 5618185661,
        "osm_type": "node",
        "access": "yes"
      }
    },
    {
      "type": "Feature",
      "geometry": {
        "type": "Point",
        "coordinates": [
          13.5243135,
          52.4980131
        ]
      },
      "properties": {
        "id": 5634632567,
        "osm_type": "node",
        "opening_hours": "Mo-Su,PH 09:00-18:30",
        "access": "yes"
      }
    },
    {
      "type": "Feature",
      "geometry": {
        "type": "Point",
        "coordinates": [
          13.2581794,
          52.5486791
        ]
      },
      "properties": {
        "id": 5659211474,
        "osm_type": "node"
      }
    },
    {
      "type": "Feature",
      "geometry": {
        "type": "Point",
        "coordinates": [
          13.5747007,
          52.4440832
        ]
      },
      "properties": {
        "id": 5660607347,
        "osm_type": "node",
        "access": "yes"
      }
    },
    {
      "type": "Feature",
      "geometry": {
        "type": "Point",
        "coordinates": [
          13.3929616,
          52.4967964
        ]
      },
      "properties": {
        "id": 5732104364,
        "osm_type": "node",
        "access": "yes"
      }
    },
    {
      "type": "Feature",
      "geometry": {
        "type": "Point",
        "coordinates": [
          13.4235221,
          52.5044433
        ]
      },
      "properties": {
        "id": 5774438887,
        "osm_type": "node",
        "access": "customers"
      }
    },
    {
      "type": "Feature",
      "geometry": {
        "type": "Point",
        "coordinates": [
          13.4110329,
          52.519226
        ]
      },
      "properties": {
        "id": 5792474339,
        "osm_type": "node",
        "access": "yes"
      }
    },
    {
      "type": "Feature",
      "geometry": {
        "type": "Point",
        "coordinates": [
          13.5377218,
          52.3898856
        ]
      },
      "properties": {
        "id": 5813246244,
        "osm_type": "node"
      }
    },
    {
      "type": "Feature",
      "geometry": {
        "type": "Point",
        "coordinates": [
          13.3357616,
          52.4438631
        ]
      },
      "properties": {
        "id": 5825165340,
        "osm_type": "node",
        "access": "yes"
      }
    },
    {
      "type": "Feature",
      "geometry": {
        "type": "Point",
        "coordinates": [
          13.3350525,
          52.5059204
        ]
      },
      "properties": {
        "id": 5836061885,
        "osm_type": "node"
      }
    },
    {
      "type": "Feature",
      "geometry": {
        "type": "Point",
        "coordinates": [
          13.1449893,
          52.4730539
        ]
      },
      "properties": {
        "id": 5841873608,
        "osm_type": "node",
        "access": "customers"
      }
    },
    {
      "type": "Feature",
      "geometry": {
        "type": "Point",
        "coordinates": [
          13.1439153,
          52.4728191
        ]
      },
      "properties": {
        "id": 5841873609,
        "osm_type": "node",
        "access": "customers"
      }
    },
    {
      "type": "Feature",
      "geometry": {
        "type": "Point",
        "coordinates": [
          13.1417036,
          52.4726467
        ]
      },
      "properties": {
        "id": 5841873611,
        "osm_type": "node",
        "access": "customers"
      }
    },
    {
      "type": "Feature",
      "geometry": {
        "type": "Point",
        "coordinates": [
          13.1393429,
          52.4682614
        ]
      },
      "properties": {
        "id": 5841873613,
        "osm_type": "node"
      }
    },
    {
      "type": "Feature",
      "geometry": {
        "type": "Point",
        "coordinates": [
          13.2744053,
          52.5441639
        ]
      },
      "properties": {
        "id": 5843925611,
        "osm_type": "node"
      }
    },
    {
      "type": "Feature",
      "geometry": {
        "type": "Point",
        "coordinates": [
          13.2744066,
          52.5435637
        ]
      },
      "properties": {
        "id": 5843925612,
        "osm_type": "node"
      }
    },
    {
      "type": "Feature",
      "geometry": {
        "type": "Point",
        "coordinates": [
          13.5352259,
          52.433153
        ]
      },
      "properties": {
        "id": 5866195018,
        "osm_type": "node"
      }
    },
    {
      "type": "Feature",
      "geometry": {
        "type": "Point",
        "coordinates": [
          13.1911571,
          52.434045
        ]
      },
      "properties": {
        "id": 5894774951,
        "osm_type": "node",
        "access": "yes"
      }
    },
    {
      "type": "Feature",
      "geometry": {
        "type": "Point",
        "coordinates": [
          13.3940478,
          52.5324453
        ]
      },
      "properties": {
        "id": 5922346301,
        "osm_type": "node",
        "opening_hours": "Mo-Th 08:00-15:00; Fr 08:00-13:00"
      }
    },
    {
      "type": "Feature",
      "geometry": {
        "type": "Point",
        "coordinates": [
          13.3047676,
          52.4583974
        ]
      },
      "properties": {
        "id": 5951752239,
        "osm_type": "node",
        "access": "customers"
      }
    },
    {
      "type": "Feature",
      "geometry": {
        "type": "Point",
        "coordinates": [
          13.2837148,
          52.5914342
        ]
      },
      "properties": {
        "id": 5983138546,
        "osm_type": "node"
      }
    },
    {
      "type": "Feature",
      "geometry": {
        "type": "Point",
        "coordinates": [
          13.572196,
          52.4124736
        ]
      },
      "properties": {
        "id": 6000728721,
        "osm_type": "node"
      }
    },
    {
      "type": "Feature",
      "geometry": {
        "type": "Point",
        "coordinates": [
          13.3217745,
          52.5893343
        ]
      },
      "properties": {
        "id": 6025258898,
        "osm_type": "node"
      }
    },
    {
      "type": "Feature",
      "geometry": {
        "type": "Point",
        "coordinates": [
          13.5343339,
          52.4930248
        ]
      },
      "properties": {
        "id": 6126917706,
        "osm_type": "node",
        "access": "customers"
      }
    },
    {
      "type": "Feature",
      "geometry": {
        "type": "Point",
        "coordinates": [
          13.265805,
          52.4559089
        ]
      },
      "properties": {
        "id": 6142003831,
        "osm_type": "node"
      }
    },
    {
      "type": "Feature",
      "geometry": {
        "type": "Point",
        "coordinates": [
          13.3029142,
          52.6356486
        ]
      },
      "properties": {
        "id": 6180878377,
        "osm_type": "node",
        "access": "customers"
      }
    },
    {
      "type": "Feature",
      "geometry": {
        "type": "Point",
        "coordinates": [
          13.3841346,
          52.5286524
        ]
      },
      "properties": {
        "id": 6181021246,
        "osm_type": "node",
        "access": "customers"
      }
    },
    {
      "type": "Feature",
      "geometry": {
        "type": "Point",
        "coordinates": [
          13.4973374,
          52.4995847
        ]
      },
      "properties": {
        "id": 6203262068,
        "osm_type": "node",
        "opening_hours": "Mo-Fr 07:00-24:00; Sa 07:00-23:30",
        "access": "permissive"
      }
    },
    {
      "type": "Feature",
      "geometry": {
        "type": "Point",
        "coordinates": [
          13.2116255,
          52.5402838
        ]
      },
      "properties": {
        "id": 6224644704,
        "osm_type": "node"
      }
    },
    {
      "type": "Feature",
      "geometry": {
        "type": "Point",
        "coordinates": [
          13.1961625,
          52.4781536
        ]
      },
      "properties": {
        "id": 6284480285,
        "osm_type": "node"
      }
    },
    {
      "type": "Feature",
      "geometry": {
        "type": "Point",
        "coordinates": [
          13.1790454,
          52.4212874
        ]
      },
      "properties": {
        "id": 6286715850,
        "osm_type": "node",
        "opening_hours": "24/7",
        "access": "yes"
      }
    },
    {
      "type": "Feature",
      "geometry": {
        "type": "Point",
        "coordinates": [
          13.5145569,
          52.531287
        ]
      },
      "properties": {
        "id": 6323984650,
        "osm_type": "node",
        "access": "customers"
      }
    },
    {
      "type": "Feature",
      "geometry": {
        "type": "Point",
        "coordinates": [
          13.3285889,
          52.5627503
        ]
      },
      "properties": {
        "id": 6331693120,
        "osm_type": "node"
      }
    },
    {
      "type": "Feature",
      "geometry": {
        "type": "Point",
        "coordinates": [
          13.3663499,
          52.5462805
        ]
      },
      "properties": {
        "id": 6369903405,
        "osm_type": "node"
      }
    },
    {
      "type": "Feature",
      "geometry": {
        "type": "Point",
        "coordinates": [
          13.5658297,
          52.5347186
        ]
      },
      "properties": {
        "id": 6419242905,
        "osm_type": "node",
        "access": "customers"
      }
    },
    {
      "type": "Feature",
      "geometry": {
        "type": "Point",
        "coordinates": [
          13.3675839,
          52.4910195
        ]
      },
      "properties": {
        "id": 6432842006,
        "osm_type": "node",
        "access": "permissive"
      }
    },
    {
      "type": "Feature",
      "geometry": {
        "type": "Point",
        "coordinates": [
          13.3663279,
          52.4595793
        ]
      },
      "properties": {
        "id": 6457283156,
        "osm_type": "node",
        "opening_hours": "24/7"
      }
    },
    {
      "type": "Feature",
      "geometry": {
        "type": "Point",
        "coordinates": [
          13.427438,
          52.5272114
        ]
      },
      "properties": {
        "id": 6459171117,
        "osm_type": "node",
        "name": "Berliner Toilette",
        "opening_hours": "24/7",
        "access": "yes"
      }
    },
    {
      "type": "Feature",
      "geometry": {
        "type": "Point",
        "coordinates": [
          13.3251901,
          52.462209
        ]
      },
      "properties": {
        "id": 6467060813,
        "osm_type": "node",
        "opening_hours": "Mo-Sa 10:00-20:00"
      }
    },
    {
      "type": "Feature",
      "geometry": {
        "type": "Point",
        "coordinates": [
          13.2466491,
          52.5616311
        ]
      },
      "properties": {
        "id": 6481717701,
        "osm_type": "node",
        "name": "Toilette (Sanitärcontainer)",
        "access": "yes"
      }
    },
    {
      "type": "Feature",
      "geometry": {
        "type": "Point",
        "coordinates": [
          13.3880719,
          52.4636777
        ]
      },
      "properties": {
        "id": 6534003185,
        "osm_type": "node"
      }
    },
    {
      "type": "Feature",
      "geometry": {
        "type": "Point",
        "coordinates": [
          13.3237907,
          52.5028557
        ]
      },
      "properties": {
        "id": 6534417733,
        "osm_type": "node"
      }
    },
    {
      "type": "Feature",
      "geometry": {
        "type": "Point",
        "coordinates": [
          13.3864326,
          52.5077451
        ]
      },
      "properties": {
        "id": 6535073190,
        "osm_type": "node",
        "access": "customers"
      }
    },
    {
      "type": "Feature",
      "geometry": {
        "type": "Point",
        "coordinates": [
          13.1300737,
          52.4451076
        ]
      },
      "properties": {
        "id": 6565458385,
        "osm_type": "node",
        "opening_hours": "Apr Fr[1] - Oct Fr[-1] Mo-Th 07:30-14:00; Apr Fr[1] - Oct Fr[-1] PH,Fr-Su 10:00-18:00",
        "access": "permissive"
      }
    },
    {
      "type": "Feature",
      "geometry": {
        "type": "Point",
        "coordinates": [
          13.3879119,
          52.4401659
        ]
      },
      "properties": {
        "id": 6586058192,
        "osm_type": "node",
        "opening_hours": "24/7"
      }
    },
    {
      "type": "Feature",
      "geometry": {
        "type": "Point",
        "coordinates": [
          13.1439184,
          52.4537513
        ]
      },
      "properties": {
        "id": 6586058193,
        "osm_type": "node",
        "opening_hours": "24/7"
      }
    },
    {
      "type": "Feature",
      "geometry": {
        "type": "Point",
        "coordinates": [
          13.4313662,
          52.4789669
        ]
      },
      "properties": {
        "id": 6595152133,
        "osm_type": "node",
        "access": "customers"
      }
    },
    {
      "type": "Feature",
      "geometry": {
        "type": "Point",
        "coordinates": [
          13.1304565,
          52.4446533
        ]
      },
      "properties": {
        "id": 6622008723,
        "osm_type": "node",
        "access": "permissive"
      }
    },
    {
      "type": "Feature",
      "geometry": {
        "type": "Point",
        "coordinates": [
          13.2656477,
          52.6386691
        ]
      },
      "properties": {
        "id": 6647315621,
        "osm_type": "node"
      }
    },
    {
      "type": "Feature",
      "geometry": {
        "type": "Point",
        "coordinates": [
          13.3780298,
          52.5172589
        ]
      },
      "properties": {
        "id": 6690131845,
        "osm_type": "node",
        "access": "permissive"
      }
    },
    {
      "type": "Feature",
      "geometry": {
        "type": "Point",
        "coordinates": [
          13.3325743,
          52.5056921
        ]
      },
      "properties": {
        "id": 6814022387,
        "osm_type": "node",
        "opening_hours": "24/7"
      }
    },
    {
      "type": "Feature",
      "geometry": {
        "type": "Point",
        "coordinates": [
          13.2158314,
          52.4406573
        ]
      },
      "properties": {
        "id": 6853055616,
        "osm_type": "node",
        "access": "yes"
      }
    },
    {
      "type": "Feature",
      "geometry": {
        "type": "Point",
        "coordinates": [
          13.2408742,
          52.5254933
        ]
      },
      "properties": {
        "id": 6859379262,
        "osm_type": "node",
        "name": "Berliner Toilette",
        "opening_hours": "24/7",
        "access": "yes"
      }
    },
    {
      "type": "Feature",
      "geometry": {
        "type": "Point",
        "coordinates": [
          13.4455693,
          52.5062812
        ]
      },
      "properties": {
        "id": 6928778696,
        "osm_type": "node"
      }
    },
    {
      "type": "Feature",
      "geometry": {
        "type": "Point",
        "coordinates": [
          13.4130927,
          52.538293
        ]
      },
      "properties": {
        "id": 6938936201,
        "osm_type": "node"
      }
    },
    {
      "type": "Feature",
      "geometry": {
        "type": "Point",
        "coordinates": [
          13.4381913,
          52.4955463
        ]
      },
      "properties": {
        "id": 7042598240,
        "osm_type": "node"
      }
    },
    {
      "type": "Feature",
      "geometry": {
        "type": "Point",
        "coordinates": [
          13.3734636,
          52.5101966
        ]
      },
      "properties": {
        "id": 7083941411,
        "osm_type": "node"
      }
    },
    {
      "type": "Feature",
      "geometry": {
        "type": "Point",
        "coordinates": [
          13.3030718,
          52.4526279
        ]
      },
      "properties": {
        "id": 7093950006,
        "osm_type": "node"
      }
    },
    {
      "type": "Feature",
      "geometry": {
        "type": "Point",
        "coordinates": [
          13.4566214,
          52.5334173
        ]
      },
      "properties": {
        "id": 7096084791,
        "osm_type": "node"
      }
    },
    {
      "type": "Feature",
      "geometry": {
        "type": "Point",
        "coordinates": [
          13.207764,
          52.5373511
        ]
      },
      "properties": {
        "id": 7133014683,
        "osm_type": "node",
        "access": "yes"
      }
    },
    {
      "type": "Feature",
      "geometry": {
        "type": "Point",
        "coordinates": [
          13.6492886,
          52.3757825
        ]
      },
      "properties": {
        "id": 7133149036,
        "osm_type": "node",
        "name": "Berliner Toilette",
        "access": "yes"
      }
    },
    {
      "type": "Feature",
      "geometry": {
        "type": "Point",
        "coordinates": [
          13.4039286,
          52.5699588
        ]
      },
      "properties": {
        "id": 7176856819,
        "osm_type": "node"
      }
    },
    {
      "type": "Feature",
      "geometry": {
        "type": "Point",
        "coordinates": [
          13.3891946,
          52.4902553
        ]
      },
      "properties": {
        "id": 7250781585,
        "osm_type": "node"
      }
    },
    {
      "type": "Feature",
      "geometry": {
        "type": "Point",
        "coordinates": [
          13.491681,
          52.4595927
        ]
      },
      "properties": {
        "id": 7391744622,
        "osm_type": "node",
        "opening_hours": "nur bei Öffnung des Gartens",
        "access": "yes"
      }
    },
    {
      "type": "Feature",
      "geometry": {
        "type": "Point",
        "coordinates": [
          13.4914507,
          52.459831
        ]
      },
      "properties": {
        "id": 7391744623,
        "osm_type": "node",
        "opening_hours": "nur bei Öffnung des Gartens",
        "access": "yes"
      }
    },
    {
      "type": "Feature",
      "geometry": {
        "type": "Point",
        "coordinates": [
          13.6752802,
          52.4068886
        ]
      },
      "properties": {
        "id": 7399445229,
        "osm_type": "node"
      }
    },
    {
      "type": "Feature",
      "geometry": {
        "type": "Point",
        "coordinates": [
          13.3228349,
          52.4758134
        ]
      },
      "properties": {
        "id": 7403285554,
        "osm_type": "node"
      }
    },
    {
      "type": "Feature",
      "geometry": {
        "type": "Point",
        "coordinates": [
          13.3609698,
          52.4544317
        ]
      },
      "properties": {
        "id": 7417974709,
        "osm_type": "node"
      }
    },
    {
      "type": "Feature",
      "geometry": {
        "type": "Point",
        "coordinates": [
          13.3101564,
          52.4440301
        ]
      },
      "properties": {
        "id": 7427621843,
        "osm_type": "node"
      }
    },
    {
      "type": "Feature",
      "geometry": {
        "type": "Point",
        "coordinates": [
          13.2964077,
          52.4234445
        ]
      },
      "properties": {
        "id": 7445263877,
        "osm_type": "node"
      }
    },
    {
      "type": "Feature",
      "geometry": {
        "type": "Point",
        "coordinates": [
          13.2087472,
          52.4253838
        ]
      },
      "properties": {
        "id": 7473671653,
        "osm_type": "node",
        "access": "yes"
      }
    },
    {
      "type": "Feature",
      "geometry": {
        "type": "Point",
        "coordinates": [
          13.2548467,
          52.439162
        ]
      },
      "properties": {
        "id": 7476117343,
        "osm_type": "node"
      }
    },
    {
      "type": "Feature",
      "geometry": {
        "type": "Point",
        "coordinates": [
          13.2548936,
          52.4390956
        ]
      },
      "properties": {
        "id": 7476117351,
        "osm_type": "node"
      }
    },
    {
      "type": "Feature",
      "geometry": {
        "type": "Point",
        "coordinates": [
          13.3460832,
          52.5534258
        ]
      },
      "properties": {
        "id": 7609092409,
        "osm_type": "node",
        "access": "customers"
      }
    },
    {
      "type": "Feature",
      "geometry": {
        "type": "Point",
        "coordinates": [
          13.3536993,
          52.5486078
        ]
      },
      "properties": {
        "id": 7616345671,
        "osm_type": "node",
        "access": "yes"
      }
    },
    {
      "type": "Feature",
      "geometry": {
        "type": "Point",
        "coordinates": [
          13.3297813,
          52.5467843
        ]
      },
      "properties": {
        "id": 7617579472,
        "osm_type": "node",
        "access": "yes"
      }
    },
    {
      "type": "Feature",
      "geometry": {
        "type": "Point",
        "coordinates": [
          13.425003,
          52.4684362
        ]
      },
      "properties": {
        "id": 7762393292,
        "osm_type": "node",
        "access": "customers"
      }
    },
    {
      "type": "Feature",
      "geometry": {
        "type": "Point",
        "coordinates": [
          13.2953028,
          52.6164294
        ]
      },
      "properties": {
        "id": 7784567593,
        "osm_type": "node",
        "access": "yes"
      }
    },
    {
      "type": "Feature",
      "geometry": {
        "type": "Point",
        "coordinates": [
          13.2950656,
          52.6165397
        ]
      },
      "properties": {
        "id": 7784567594,
        "osm_type": "node",
        "access": "yes"
      }
    },
    {
      "type": "Feature",
      "geometry": {
        "type": "Point",
        "coordinates": [
          13.3666041,
          52.5454455
        ]
      },
      "properties": {
        "id": 7829764992,
        "osm_type": "node",
        "access": "customers"
      }
    },
    {
      "type": "Feature",
      "geometry": {
        "type": "Point",
        "coordinates": [
          13.3054123,
          52.508525
        ]
      },
      "properties": {
        "id": 7834927219,
        "osm_type": "node"
      }
    },
    {
      "type": "Feature",
      "geometry": {
        "type": "Point",
        "coordinates": [
          13.4958566,
          52.534712
        ]
      },
      "properties": {
        "id": 7896808785,
        "osm_type": "node",
        "opening_hours": "Mo-Sa 09:30-20:00"
      }
    },
    {
      "type": "Feature",
      "geometry": {
        "type": "Point",
        "coordinates": [
          13.1418683,
          52.5250851
        ]
      },
      "properties": {
        "id": 7929121743,
        "osm_type": "node"
      }
    },
    {
      "type": "Feature",
      "geometry": {
        "type": "Point",
        "coordinates": [
          13.3021163,
          52.4562066
        ]
      },
      "properties": {
        "id": 7948796377,
        "osm_type": "node"
      }
    },
    {
      "type": "Feature",
      "geometry": {
        "type": "Point",
        "coordinates": [
          13.3021998,
          52.4561815
        ]
      },
      "properties": {
        "id": 7948796378,
        "osm_type": "node"
      }
    },
    {
      "type": "Feature",
      "geometry": {
        "type": "Point",
        "coordinates": [
          13.3082017,
          52.4538722
        ]
      },
      "properties": {
        "id": 7970041350,
        "osm_type": "node"
      }
    },
    {
      "type": "Feature",
      "geometry": {
        "type": "Point",
        "coordinates": [
          13.6684722,
          52.4471848
        ]
      },
      "properties": {
        "id": 8016198975,
        "osm_type": "node",
        "access": "yes"
      }
    },
    {
      "type": "Feature",
      "geometry": {
        "type": "Point",
        "coordinates": [
          13.1781258,
          52.585676
        ]
      },
      "properties": {
        "id": 8356957464,
        "osm_type": "node",
        "access": "yes"
      }
    },
    {
      "type": "Feature",
      "geometry": {
        "type": "Point",
        "coordinates": [
          13.3929017,
          52.4377883
        ]
      },
      "properties": {
        "id": 8497939256,
        "osm_type": "node"
      }
    },
    {
      "type": "Feature",
      "geometry": {
        "type": "Point",
        "coordinates": [
          13.4349914,
          52.5628788
        ]
      },
      "properties": {
        "id": 8544087682,
        "osm_type": "node",
        "access": "no"
      }
    },
    {
      "type": "Feature",
      "geometry": {
        "type": "Point",
        "coordinates": [
          13.4005668,
          52.5810813
        ]
      },
      "properties": {
        "id": 8546162516,
        "osm_type": "node",
        "access": "customers"
      }
    },
    {
      "type": "Feature",
      "geometry": {
        "type": "Point",
        "coordinates": [
          13.4679421,
          52.5039252
        ]
      },
      "properties": {
        "id": 8637533717,
        "osm_type": "node",
        "access": "yes"
      }
    },
    {
      "type": "Feature",
      "geometry": {
        "type": "Point",
        "coordinates": [
          13.1153923,
          52.4612335
        ]
      },
      "properties": {
        "id": 8640353418,
        "osm_type": "node",
        "opening_hours": "24/7"
      }
    },
    {
      "type": "Feature",
      "geometry": {
        "type": "Point",
        "coordinates": [
          13.3261173,
          52.4657605
        ]
      },
      "properties": {
        "id": 8735827417,
        "osm_type": "node"
      }
    },
    {
      "type": "Feature",
      "geometry": {
        "type": "Point",
        "coordinates": [
          13.4099628,
          52.4791975
        ]
      },
      "properties": {
        "id": 8849993881,
        "osm_type": "node",
        "access": "yes"
      }
    },
    {
      "type": "Feature",
      "geometry": {
        "type": "Point",
        "coordinates": [
          13.4100013,
          52.4791758
        ]
      },
      "properties": {
        "id": 8849993882,
        "osm_type": "node",
        "access": "yes"
      }
    },
    {
      "type": "Feature",
      "geometry": {
        "type": "Point",
        "coordinates": [
          13.4099244,
          52.4792191
        ]
      },
      "properties": {
        "id": 8849993883,
        "osm_type": "node",
        "access": "yes"
      }
    },
    {
      "type": "Feature",
      "geometry": {
        "type": "Point",
        "coordinates": [
          13.4005773,
          52.543873
        ]
      },
      "properties": {
        "id": 8851293917,
        "osm_type": "node",
        "opening_hours": "24/7",
        "access": "yes"
      }
    },
    {
      "type": "Feature",
      "geometry": {
        "type": "Point",
        "coordinates": [
          13.3060442,
          52.6016962
        ]
      },
      "properties": {
        "id": 8914081493,
        "osm_type": "node",
        "name": "Berliner Toilette",
        "access": "yes"
      }
    },
    {
      "type": "Feature",
      "geometry": {
        "type": "Point",
        "coordinates": [
          13.4179581,
          52.4770307
        ]
      },
      "properties": {
        "id": 8929873683,
        "osm_type": "node",
        "access": "yes"
      }
    },
    {
      "type": "Feature",
      "geometry": {
        "type": "Point",
        "coordinates": [
          13.4179504,
          52.4770623
        ]
      },
      "properties": {
        "id": 8929873685,
        "osm_type": "node"
      }
    },
    {
      "type": "Feature",
      "geometry": {
        "type": "Point",
        "coordinates": [
          13.4179426,
          52.4770939
        ]
      },
      "properties": {
        "id": 8929873686,
        "osm_type": "node",
        "access": "yes"
      }
    },
    {
      "type": "Feature",
      "geometry": {
        "type": "Point",
        "coordinates": [
          13.3808788,
          52.5109162
        ]
      },
      "properties": {
        "id": 8936337209,
        "osm_type": "node",
        "access": "customers"
      }
    },
    {
      "type": "Feature",
      "geometry": {
        "type": "Point",
        "coordinates": [
          13.4245413,
          52.5030481
        ]
      },
      "properties": {
        "id": 8936484720,
        "osm_type": "node",
        "opening_hours": "24/7",
        "access": "yes"
      }
    },
    {
      "type": "Feature",
      "geometry": {
        "type": "Point",
        "coordinates": [
          13.3220141,
          52.5004838
        ]
      },
      "properties": {
        "id": 8938024390,
        "osm_type": "node",
        "access": "customers"
      }
    },
    {
      "type": "Feature",
      "geometry": {
        "type": "Point",
        "coordinates": [
          13.4913018,
          52.4847646
        ]
      },
      "properties": {
        "id": 8946616092,
        "osm_type": "node",
        "access": "customers"
      }
    },
    {
      "type": "Feature",
      "geometry": {
        "type": "Point",
        "coordinates": [
          13.3946726,
          52.5697373
        ]
      },
      "properties": {
        "id": 8946818918,
        "osm_type": "node",
        "access": "yes"
      }
    },
    {
      "type": "Feature",
      "geometry": {
        "type": "Point",
        "coordinates": [
          13.4425507,
          52.5434797
        ]
      },
      "properties": {
        "id": 8992722510,
        "osm_type": "node",
        "access": "customers"
      }
    },
    {
      "type": "Feature",
      "geometry": {
        "type": "Point",
        "coordinates": [
          13.4972965,
          52.5092527
        ]
      },
      "properties": {
        "id": 9038400922,
        "osm_type": "node",
        "name": "WC Center",
        "access": "yes"
      }
    },
    {
      "type": "Feature",
      "geometry": {
        "type": "Point",
        "coordinates": [
          13.5272257,
          52.5570071
        ]
      },
      "properties": {
        "id": 9038402162,
        "osm_type": "node"
      }
    },
    {
      "type": "Feature",
      "geometry": {
        "type": "Point",
        "coordinates": [
          13.1412551,
          52.4010924
        ]
      },
      "properties": {
        "id": 9042598360,
        "osm_type": "node",
        "name": "Söhnel Biergarten",
        "access": "customers"
      }
    },
    {
      "type": "Feature",
      "geometry": {
        "type": "Point",
        "coordinates": [
          13.3943492,
          52.4893266
        ]
      },
      "properties": {
        "id": 9088035617,
        "osm_type": "node"
      }
    },
    {
      "type": "Feature",
      "geometry": {
        "type": "Point",
        "coordinates": [
          13.4313166,
          52.502353
        ]
      },
      "properties": {
        "id": 9094740329,
        "osm_type": "node",
        "access": "yes"
      }
    },
    {
      "type": "Feature",
      "geometry": {
        "type": "Point",
        "coordinates": [
          13.3086448,
          52.5702628
        ]
      },
      "properties": {
        "id": 9120564810,
        "osm_type": "node",
        "name": "City-Toilette",
        "access": "yes"
      }
    },
    {
      "type": "Feature",
      "geometry": {
        "type": "Point",
        "coordinates": [
          13.2517667,
          52.4489515
        ]
      },
      "properties": {
        "id": 9124651758,
        "osm_type": "node",
        "opening_hours": "24/7"
      }
    },
    {
      "type": "Feature",
      "geometry": {
        "type": "Point",
        "coordinates": [
          13.3194023,
          52.4569701
        ]
      },
      "properties": {
        "id": 9136526081,
        "osm_type": "node"
      }
    },
    {
      "type": "Feature",
      "geometry": {
        "type": "Point",
        "coordinates": [
          13.3450333,
          52.4969022
        ]
      },
      "properties": {
        "id": 9155083209,
        "osm_type": "node",
        "opening_hours": "24/7",
        "access": "yes"
      }
    },
    {
      "type": "Feature",
      "geometry": {
        "type": "Point",
        "coordinates": [
          13.1990642,
          52.436595
        ]
      },
      "properties": {
        "id": 9176577027,
        "osm_type": "node",
        "opening_hours": "24/7; Oct-Apr off"
      }
    },
    {
      "type": "Feature",
      "geometry": {
        "type": "Point",
        "coordinates": [
          13.3922267,
          52.4395316
        ]
      },
      "properties": {
        "id": 9202876985,
        "osm_type": "node"
      }
    },
    {
      "type": "Feature",
      "geometry": {
        "type": "Point",
        "coordinates": [
          13.4481365,
          52.4367379
        ]
      },
      "properties": {
        "id": 9214602724,
        "osm_type": "node"
      }
    },
    {
      "type": "Feature",
      "geometry": {
        "type": "Point",
        "coordinates": [
          13.3478636,
          52.4321219
        ]
      },
      "properties": {
        "id": 9315783302,
        "osm_type": "node",
        "opening_hours": "24/7",
        "access": "yes"
      }
    },
    {
      "type": "Feature",
      "geometry": {
        "type": "Point",
        "coordinates": [
          13.4396066,
          52.5098894
        ]
      },
      "properties": {
        "id": 9370772973,
        "osm_type": "node"
      }
    },
    {
      "type": "Feature",
      "geometry": {
        "type": "Point",
        "coordinates": [
          13.4501934,
          52.4688898
        ]
      },
      "properties": {
        "id": 9383986836,
        "osm_type": "node",
        "access": "customers"
      }
    },
    {
      "type": "Feature",
      "geometry": {
        "type": "Point",
        "coordinates": [
          13.427183,
          52.4788371
        ]
      },
      "properties": {
        "id": 9417624675,
        "osm_type": "node",
        "access": "yes"
      }
    },
    {
      "type": "Feature",
      "geometry": {
        "type": "Point",
        "coordinates": [
          13.4271995,
          52.4787828
        ]
      },
      "properties": {
        "id": 9417624676,
        "osm_type": "node",
        "access": "yes"
      }
    },
    {
      "type": "Feature",
      "geometry": {
        "type": "Point",
        "coordinates": [
          13.3836475,
          52.5592613
        ]
      },
      "properties": {
        "id": 9423083037,
        "osm_type": "node",
        "opening_hours": "24/7",
        "access": "yes"
      }
    },
    {
      "type": "Feature",
      "geometry": {
        "type": "Point",
        "coordinates": [
          13.480885,
          52.4900375
        ]
      },
      "properties": {
        "id": 9533515878,
        "osm_type": "node",
        "opening_hours": "24/7",
        "access": "yes"
      }
    },
    {
      "type": "Feature",
      "geometry": {
        "type": "Point",
        "coordinates": [
          13.5738645,
          52.4453028
        ]
      },
      "properties": {
        "id": 9534892731,
        "osm_type": "node",
        "name": "Berliner Toilette",
        "opening_hours": "24/7",
        "access": "yes"
      }
    },
    {
      "type": "Feature",
      "geometry": {
        "type": "Point",
        "coordinates": [
          13.4010819,
          52.5329693
        ]
      },
      "properties": {
        "id": 9544648492,
        "osm_type": "node",
        "opening_hours": "24/7",
        "access": "yes"
      }
    },
    {
      "type": "Feature",
      "geometry": {
        "type": "Point",
        "coordinates": [
          13.3523323,
          52.5462228
        ]
      },
      "properties": {
        "id": 9587246062,
        "osm_type": "node",
        "name": "Berliner Toilette",
        "access": "yes"
      }
    },
    {
      "type": "Feature",
      "geometry": {
        "type": "Point",
        "coordinates": [
          13.3989401,
          52.5414389
        ]
      },
      "properties": {
        "id": 9596738295,
        "osm_type": "node",
        "opening_hours": "24/7",
        "access": "yes"
      }
    },
    {
      "type": "Feature",
      "geometry": {
        "type": "Point",
        "coordinates": [
          13.4486522,
          52.4778344
        ]
      },
      "properties": {
        "id": 9706878628,
        "osm_type": "node"
      }
    },
    {
      "type": "Feature",
      "geometry": {
        "type": "Point",
        "coordinates": [
          13.5194657,
          52.4699177
        ]
      },
      "properties": {
        "id": 9727017306,
        "osm_type": "node",
        "access": "customers"
      }
    },
    {
      "type": "Feature",
      "geometry": {
        "type": "Point",
        "coordinates": [
          13.3662545,
          52.5373811
        ]
      },
      "properties": {
        "id": 9755844208,
        "osm_type": "node",
        "opening_hours": "24/7",
        "access": "yes"
      }
    },
    {
      "type": "Feature",
      "geometry": {
        "type": "Point",
        "coordinates": [
          13.3242845,
          52.4621745
        ]
      },
      "properties": {
        "id": 9794653125,
        "osm_type": "node"
      }
    },
    {
      "type": "Feature",
      "geometry": {
        "type": "Point",
        "coordinates": [
          13.4293571,
          52.4696846
        ]
      },
      "properties": {
        "id": 9799066871,
        "osm_type": "node",
        "access": "yes"
      }
    },
    {
      "type": "Feature",
      "geometry": {
        "type": "Point",
        "coordinates": [
          13.2536037,
          52.4420716
        ]
      },
      "properties": {
        "id": 9821065145,
        "osm_type": "node"
      }
    },
    {
      "type": "Feature",
      "geometry": {
        "type": "Point",
        "coordinates": [
          13.2517295,
          52.4433973
        ]
      },
      "properties": {
        "id": 9821065172,
        "osm_type": "node"
      }
    },
    {
      "type": "Feature",
      "geometry": {
        "type": "Point",
        "coordinates": [
          13.4158351,
          52.4802313
        ]
      },
      "properties": {
        "id": 9834428946,
        "osm_type": "node"
      }
    },
    {
      "type": "Feature",
      "geometry": {
        "type": "Point",
        "coordinates": [
          13.4162122,
          52.4799545
        ]
      },
      "properties": {
        "id": 9834428948,
        "osm_type": "node"
      }
    },
    {
      "type": "Feature",
      "geometry": {
        "type": "Point",
        "coordinates": [
          13.4025464,
          52.5066071
        ]
      },
      "properties": {
        "id": 9837783198,
        "osm_type": "node",
        "opening_hours": "24/7",
        "access": "yes"
      }
    },
    {
      "type": "Feature",
      "geometry": {
        "type": "Point",
        "coordinates": [
          13.4039238,
          52.5778971
        ]
      },
      "properties": {
        "id": 9862733910,
        "osm_type": "node",
        "access": "yes"
      }
    },
    {
      "type": "Feature",
      "geometry": {
        "type": "Point",
        "coordinates": [
          13.350824,
          52.4559603
        ]
      },
      "properties": {
        "id": 9864554564,
        "osm_type": "node",
        "access": "customers"
      }
    },
    {
      "type": "Feature",
      "geometry": {
        "type": "Point",
        "coordinates": [
          13.3380384,
          52.4884712
        ]
      },
      "properties": {
        "id": 9868435544,
        "osm_type": "node",
        "name": "Berliner Toilette",
        "opening_hours": "24/7",
        "access": "yes"
      }
    },
    {
      "type": "Feature",
      "geometry": {
        "type": "Point",
        "coordinates": [
          13.5192969,
          52.4698603
        ]
      },
      "properties": {
        "id": 9888361699,
        "osm_type": "node",
        "access": "customers"
      }
    },
    {
      "type": "Feature",
      "geometry": {
        "type": "Point",
        "coordinates": [
          13.6253224,
          52.4514223
        ]
      },
      "properties": {
        "id": 9893197374,
        "osm_type": "node",
        "opening_hours": "Mo-Fr 07:00-23:59; Sa 07:00-23:00",
        "access": "customers"
      }
    },
    {
      "type": "Feature",
      "geometry": {
        "type": "Point",
        "coordinates": [
          13.3586453,
          52.6209714
        ]
      },
      "properties": {
        "id": 9893230349,
        "osm_type": "node",
        "name": "Berliner Toilette",
        "access": "yes"
      }
    },
    {
      "type": "Feature",
      "geometry": {
        "type": "Point",
        "coordinates": [
          13.3122757,
          52.6061816
        ]
      },
      "properties": {
        "id": 9908132119,
        "osm_type": "node",
        "name": "Berliner Toilette",
        "opening_hours": "Mo-Su,PH 00:00-00:00",
        "access": "yes"
      }
    },
    {
      "type": "Feature",
      "geometry": {
        "type": "Point",
        "coordinates": [
          13.4740275,
          52.5140942
        ]
      },
      "properties": {
        "id": 9959872047,
        "osm_type": "node",
        "opening_hours": "Mo-Sa 08:00 - 20:00",
        "access": "yes"
      }
    },
    {
      "type": "Feature",
      "geometry": {
        "type": "Point",
        "coordinates": [
          13.52013,
          52.4339905
        ]
      },
      "properties": {
        "id": 9974784649,
        "osm_type": "node",
        "name": "Berliner Toilette",
        "opening_hours": "24/7"
      }
    },
    {
      "type": "Feature",
      "geometry": {
        "type": "Point",
        "coordinates": [
          13.1547196,
          52.4970849
        ]
      },
      "properties": {
        "id": 9983317590,
        "osm_type": "node"
      }
    },
    {
      "type": "Feature",
      "geometry": {
        "type": "Point",
        "coordinates": [
          13.3011359,
          52.5301339
        ]
      },
      "properties": {
        "id": 9994491216,
        "osm_type": "node",
        "name": "Berliner Toilette",
        "opening_hours": "24/7",
        "access": "yes"
      }
    },
    {
      "type": "Feature",
      "geometry": {
        "type": "Point",
        "coordinates": [
          13.3893805,
          52.4829619
        ]
      },
      "properties": {
        "id": 10004960721,
        "osm_type": "node",
        "access": "yes"
      }
    },
    {
      "type": "Feature",
      "geometry": {
        "type": "Point",
        "coordinates": [
          13.3690473,
          52.5235099
        ]
      },
      "properties": {
        "id": 10008684366,
        "osm_type": "node"
      }
    },
    {
      "type": "Feature",
      "geometry": {
        "type": "Point",
        "coordinates": [
          13.3766428,
          52.5526993
        ]
      },
      "properties": {
        "id": 10013676834,
        "osm_type": "node",
        "access": "yes"
      }
    },
    {
      "type": "Feature",
      "geometry": {
        "type": "Point",
        "coordinates": [
          13.3144077,
          52.4805418
        ]
      },
      "properties": {
        "id": 10013748104,
        "osm_type": "node",
        "access": "customers"
      }
    },
    {
      "type": "Feature",
      "geometry": {
        "type": "Point",
        "coordinates": [
          13.5180898,
          52.4600201
        ]
      },
      "properties": {
        "id": 10081351002,
        "osm_type": "node"
      }
    },
    {
      "type": "Feature",
      "geometry": {
        "type": "Point",
        "coordinates": [
          13.2729833,
          52.5215152
        ]
      },
      "properties": {
        "id": 10121295617,
        "osm_type": "node"
      }
    },
    {
      "type": "Feature",
      "geometry": {
        "type": "Point",
        "coordinates": [
          13.5328789,
          52.5006327
        ]
      },
      "properties": {
        "id": 10139514444,
        "osm_type": "node"
      }
    },
    {
      "type": "Feature",
      "geometry": {
        "type": "Point",
        "coordinates": [
          13.4315451,
          52.467854
        ]
      },
      "properties": {
        "id": 10224906140,
        "osm_type": "node",
        "name": "City Toilette",
        "opening_hours": "24/7",
        "access": "yes"
      }
    },
    {
      "type": "Feature",
      "geometry": {
        "type": "Point",
        "coordinates": [
          13.4316077,
          52.4678636
        ]
      },
      "properties": {
        "id": 10224906141,
        "osm_type": "node",
        "opening_hours": "24/7",
        "access": "yes"
      }
    },
    {
      "type": "Feature",
      "geometry": {
        "type": "Point",
        "coordinates": [
          13.4542276,
          52.5069602
        ]
      },
      "properties": {
        "id": 10273755909,
        "osm_type": "node"
      }
    },
    {
      "type": "Feature",
      "geometry": {
        "type": "Point",
        "coordinates": [
          13.3650646,
          52.4273886
        ]
      },
      "properties": {
        "id": 10274092967,
        "osm_type": "node",
        "access": "customers"
      }
    },
    {
      "type": "Feature",
      "geometry": {
        "type": "Point",
        "coordinates": [
          13.4735577,
          52.5037628
        ]
      },
      "properties": {
        "id": 10276097614,
        "osm_type": "node"
      }
    },
    {
      "type": "Feature",
      "geometry": {
        "type": "Point",
        "coordinates": [
          13.2855837,
          52.5706869
        ]
      },
      "properties": {
        "id": 10279858910,
        "osm_type": "node",
        "name": "Toilette (Sanitärcontainer)",
        "opening_hours": "Apr-Oct",
        "access": "yes"
      }
    },
    {
      "type": "Feature",
      "geometry": {
        "type": "Point",
        "coordinates": [
          13.3390156,
          52.5281464
        ]
      },
      "properties": {
        "id": 10554624379,
        "osm_type": "node"
      }
    },
    {
      "type": "Feature",
      "geometry": {
        "type": "Point",
        "coordinates": [
          13.3511946,
          52.5624402
        ]
      },
      "properties": {
        "id": 10556867566,
        "osm_type": "node",
        "opening_hours": "Mo-Th 07:00-14:30; Fr 07:00-13:30",
        "access": "yes"
      }
    },
    {
      "type": "Feature",
      "geometry": {
        "type": "Point",
        "coordinates": [
          13.1851419,
          52.5015941
        ]
      },
      "properties": {
        "id": 10682917568,
        "osm_type": "node",
        "access": "yes"
      }
    },
    {
      "type": "Feature",
      "geometry": {
        "type": "Point",
        "coordinates": [
          13.2857656,
          52.5845532
        ]
      },
      "properties": {
        "id": 10710019774,
        "osm_type": "node"
      }
    },
    {
      "type": "Feature",
      "geometry": {
        "type": "Point",
        "coordinates": [
          13.3305205,
          52.5104504
        ]
      },
      "properties": {
        "id": 10742890808,
        "osm_type": "node",
        "access": "customers"
      }
    },
    {
      "type": "Feature",
      "geometry": {
        "type": "Point",
        "coordinates": [
          13.327067,
          52.5094959
        ]
      },
      "properties": {
        "id": 10742893991,
        "osm_type": "node",
        "access": "customers"
      }
    },
    {
      "type": "Feature",
      "geometry": {
        "type": "Point",
        "coordinates": [
          13.3240253,
          52.5122975
        ]
      },
      "properties": {
        "id": 10742912486,
        "osm_type": "node",
        "access": "customers"
      }
    },
    {
      "type": "Feature",
      "geometry": {
        "type": "Point",
        "coordinates": [
          13.3273442,
          52.509411
        ]
      },
      "properties": {
        "id": 10742913510,
        "osm_type": "node",
        "access": "customers"
      }
    },
    {
      "type": "Feature",
      "geometry": {
        "type": "Point",
        "coordinates": [
          13.4367334,
          52.4756905
        ]
      },
      "properties": {
        "id": 10751683089,
        "osm_type": "node",
        "name": "EcoToilette Lessinghöhe, Neukölln",
        "opening_hours": "24/7",
        "access": "yes"
      }
    },
    {
      "type": "Feature",
      "geometry": {
        "type": "Point",
        "coordinates": [
          13.4175456,
          52.473992
        ]
      },
      "properties": {
        "id": 10751713765,
        "osm_type": "node",
        "access": "yes"
      }
    },
    {
      "type": "Feature",
      "geometry": {
        "type": "Point",
        "coordinates": [
          13.3895068,
          52.4904917
        ]
      },
      "properties": {
        "id": 10761412549,
        "osm_type": "node",
        "access": "customers"
      }
    },
    {
      "type": "Feature",
      "geometry": {
        "type": "Point",
        "coordinates": [
          13.3882907,
          52.5689772
        ]
      },
      "properties": {
        "id": 10763203465,
        "osm_type": "node"
      }
    },
    {
      "type": "Feature",
      "geometry": {
        "type": "Point",
        "coordinates": [
          13.5603996,
          52.5069508
        ]
      },
      "properties": {
        "id": 10769864428,
        "osm_type": "node"
      }
    },
    {
      "type": "Feature",
      "geometry": {
        "type": "Point",
        "coordinates": [
          13.331525,
          52.4486922
        ]
      },
      "properties": {
        "id": 10799216805,
        "osm_type": "node",
        "name": "Toilette",
        "opening_hours": "24/7"
      }
    },
    {
      "type": "Feature",
      "geometry": {
        "type": "Point",
        "coordinates": [
          13.3582803,
          52.4803731
        ]
      },
      "properties": {
        "id": 10804848056,
        "osm_type": "node",
        "opening_hours": "24/7",
        "access": "yes"
      }
    },
    {
      "type": "Feature",
      "geometry": {
        "type": "Point",
        "coordinates": [
          13.5741514,
          52.5343949
        ]
      },
      "properties": {
        "id": 10831883062,
        "osm_type": "node"
      }
    },
    {
      "type": "Feature",
      "geometry": {
        "type": "Point",
        "coordinates": [
          13.4302644,
          52.5859852
        ]
      },
      "properties": {
        "id": 10877827298,
        "osm_type": "node"
      }
    },
    {
      "type": "Feature",
      "geometry": {
        "type": "Point",
        "coordinates": [
          13.4460519,
          52.4836952
        ]
      },
      "properties": {
        "id": 10895311936,
        "osm_type": "node",
        "access": "yes"
      }
    },
    {
      "type": "Feature",
      "geometry": {
        "type": "Point",
        "coordinates": [
          13.3547335,
          52.5970566
        ]
      },
      "properties": {
        "id": 10968019868,
        "osm_type": "node",
        "access": "yes"
      }
    },
    {
      "type": "Feature",
      "geometry": {
        "type": "Point",
        "coordinates": [
          13.5876213,
          52.4418322
        ]
      },
      "properties": {
        "id": 10969467526,
        "osm_type": "node",
        "name": "Toilette"
      }
    },
    {
      "type": "Feature",
      "geometry": {
        "type": "Point",
        "coordinates": [
          13.5737082,
          52.4446054
        ]
      },
      "properties": {
        "id": 10983864571,
        "osm_type": "node",
        "access": "yes"
      }
    },
    {
      "type": "Feature",
      "geometry": {
        "type": "Point",
        "coordinates": [
          13.3875924,
          52.4753922
        ]
      },
      "properties": {
        "id": 10984190677,
        "osm_type": "node",
        "access": "yes"
      }
    },
    {
      "type": "Feature",
      "geometry": {
        "type": "Point",
        "coordinates": [
          13.4378573,
          52.445704
        ]
      },
      "properties": {
        "id": 10991343336,
        "osm_type": "node"
      }
    },
    {
      "type": "Feature",
      "geometry": {
        "type": "Point",
        "coordinates": [
          13.4379648,
          52.4469669
        ]
      },
      "properties": {
        "id": 10991343337,
        "osm_type": "node"
      }
    },
    {
      "type": "Feature",
      "geometry": {
        "type": "Point",
        "coordinates": [
          13.4378617,
          52.4468735
        ]
      },
      "properties": {
        "id": 10991343338,
        "osm_type": "node"
      }
    },
    {
      "type": "Feature",
      "geometry": {
        "type": "Point",
        "coordinates": [
          13.4134958,
          52.478849
        ]
      },
      "properties": {
        "id": 11005679464,
        "osm_type": "node",
        "access": "yes"
      }
    },
    {
      "type": "Feature",
      "geometry": {
        "type": "Point",
        "coordinates": [
          13.4454636,
          52.5098652
        ]
      },
      "properties": {
        "id": 11005779089,
        "osm_type": "node",
        "name": "EcoToilette Wriezener Park/Helsingforser Straße, Friedrichshain-Kreuzberg",
        "opening_hours": "24/7",
        "access": "yes"
      }
    },
    {
      "type": "Feature",
      "geometry": {
        "type": "Point",
        "coordinates": [
          13.1987391,
          52.5374309
        ]
      },
      "properties": {
        "id": 11012465440,
        "osm_type": "node",
        "name": "EcoToilette Münsinger Park, Spandau",
        "opening_hours": "24/7",
        "access": "yes"
      }
    },
    {
      "type": "Feature",
      "geometry": {
        "type": "Point",
        "coordinates": [
          13.5491845,
          52.5503159
        ]
      },
      "properties": {
        "id": 11013667689,
        "osm_type": "node",
        "name": "Parktoilette",
        "opening_hours": "24/7",
        "access": "yes"
      }
    },
    {
      "type": "Feature",
      "geometry": {
        "type": "Point",
        "coordinates": [
          13.4750946,
          52.5295973
        ]
      },
      "properties": {
        "id": 11013671179,
        "osm_type": "node",
        "name": "EcoToilette Fennpfuhlpark, Lichtenberg",
        "opening_hours": "24/7",
        "access": "yes"
      }
    },
    {
      "type": "Feature",
      "geometry": {
        "type": "Point",
        "coordinates": [
          13.3384659,
          52.4605055
        ]
      },
      "properties": {
        "id": 11013697337,
        "osm_type": "node",
        "name": "EcoToilette Lauenburger Platz, Steglitz-Zehlendorf",
        "opening_hours": "24/7",
        "access": "yes"
      }
    },
    {
      "type": "Feature",
      "geometry": {
        "type": "Point",
        "coordinates": [
          13.5262802,
          52.4697515
        ]
      },
      "properties": {
        "id": 11013730332,
        "osm_type": "node",
        "name": "EcoToilette Volkspark Wuhlheide, Treptow-Köpenick",
        "opening_hours": "24/7",
        "access": "yes"
      }
    },
    {
      "type": "Feature",
      "geometry": {
        "type": "Point",
        "coordinates": [
          13.34806,
          52.6011236
        ]
      },
      "properties": {
        "id": 11013737900,
        "osm_type": "node",
        "name": "EcoToilette Seggeluchbecken, Reinickendorf",
        "opening_hours": "24/7",
        "access": "yes"
      }
    },
    {
      "type": "Feature",
      "geometry": {
        "type": "Point",
        "coordinates": [
          13.2990314,
          52.5149006
        ]
      },
      "properties": {
        "id": 11013744414,
        "osm_type": "node",
        "name": "Parktoilette",
        "opening_hours": "24/7",
        "access": "yes"
      }
    },
    {
      "type": "Feature",
      "geometry": {
        "type": "Point",
        "coordinates": [
          13.4710151,
          52.4269255
        ]
      },
      "properties": {
        "id": 11020839101,
        "osm_type": "node",
        "access": "customers"
      }
    },
    {
      "type": "Feature",
      "geometry": {
        "type": "Point",
        "coordinates": [
          13.4710926,
          52.4268914
        ]
      },
      "properties": {
        "id": 11020871708,
        "osm_type": "node",
        "access": "customers"
      }
    },
    {
      "type": "Feature",
      "geometry": {
        "type": "Point",
        "coordinates": [
          13.4714924,
          52.4272516
        ]
      },
      "properties": {
        "id": 11020871710,
        "osm_type": "node",
        "access": "customers"
      }
    },
    {
      "type": "Feature",
      "geometry": {
        "type": "Point",
        "coordinates": [
          13.4988585,
          52.5101791
        ]
      },
      "properties": {
        "id": 11031792212,
        "osm_type": "node",
        "access": "customers"
      }
    },
    {
      "type": "Feature",
      "geometry": {
        "type": "Point",
        "coordinates": [
          13.330748,
          52.4829643
        ]
      },
      "properties": {
        "id": 11034759030,
        "osm_type": "node",
        "name": "Parktoilette",
        "access": "yes"
      }
    },
    {
      "type": "Feature",
      "geometry": {
        "type": "Point",
        "coordinates": [
          13.3132023,
          52.6169479
        ]
      },
      "properties": {
        "id": 11049005405,
        "osm_type": "node",
        "name": "Berliner Toilette",
        "access": "yes"
      }
    },
    {
      "type": "Feature",
      "geometry": {
        "type": "Point",
        "coordinates": [
          13.395542,
          52.6053144
        ]
      },
      "properties": {
        "id": 11056478546,
        "osm_type": "node",
        "opening_hours": "24/7",
        "access": "yes"
      }
    },
    {
      "type": "Feature",
      "geometry": {
        "type": "Point",
        "coordinates": [
          13.3550868,
          52.4960932
        ]
      },
      "properties": {
        "id": 11057374605,
        "osm_type": "node",
        "opening_hours": "24/7",
        "access": "yes"
      }
    },
    {
      "type": "Feature",
      "geometry": {
        "type": "Point",
        "coordinates": [
          13.3955104,
          52.6053212
        ]
      },
      "properties": {
        "id": 11059001673,
        "osm_type": "node",
        "opening_hours": "24/7",
        "access": "yes"
      }
    },
    {
      "type": "Feature",
      "geometry": {
        "type": "Point",
        "coordinates": [
          13.4022855,
          52.5689802
        ]
      },
      "properties": {
        "id": 11059014777,
        "osm_type": "node",
        "access": "yes"
      }
    },
    {
      "type": "Feature",
      "geometry": {
        "type": "Point",
        "coordinates": [
          13.4667527,
          52.5595371
        ]
      },
      "properties": {
        "id": 11059022750,
        "osm_type": "node",
        "access": "yes"
      }
    },
    {
      "type": "Feature",
      "geometry": {
        "type": "Point",
        "coordinates": [
          13.4619518,
          52.533689
        ]
      },
      "properties": {
        "id": 11059038031,
        "osm_type": "node",
        "name": "Parktoilette",
        "opening_hours": "24/7",
        "access": "yes"
      }
    },
    {
      "type": "Feature",
      "geometry": {
        "type": "Point",
        "coordinates": [
          13.3367599,
          52.5048748
        ]
      },
      "properties": {
        "id": 11059472544,
        "osm_type": "node",
        "name": "Berliner Toilette",
        "access": "yes"
      }
    },
    {
      "type": "Feature",
      "geometry": {
        "type": "Point",
        "coordinates": [
          13.330889,
          52.5033576
        ]
      },
      "properties": {
        "id": 11059480506,
        "osm_type": "node",
        "name": "Berliner Toilette",
        "access": "yes"
      }
    },
    {
      "type": "Feature",
      "geometry": {
        "type": "Point",
        "coordinates": [
          13.2443937,
          52.5156576
        ]
      },
      "properties": {
        "id": 11066995526,
        "osm_type": "node",
        "name": "Berliner Toilette",
        "opening_hours": "24/7",
        "access": "yes"
      }
    },
    {
      "type": "Feature",
      "geometry": {
        "type": "Point",
        "coordinates": [
          13.2446869,
          52.5155959
        ]
      },
      "properties": {
        "id": 11067057098,
        "osm_type": "node",
        "name": "Berliner Toilette",
        "opening_hours": "24/7",
        "access": "yes"
      }
    },
    {
      "type": "Feature",
      "geometry": {
        "type": "Point",
        "coordinates": [
          13.2367153,
          52.5106076
        ]
      },
      "properties": {
        "id": 11070903185,
        "osm_type": "node",
        "name": "Berliner Toilette",
        "opening_hours": "24/7",
        "access": "yes"
      }
    },
    {
      "type": "Feature",
      "geometry": {
        "type": "Point",
        "coordinates": [
          13.2494645,
          52.5174183
        ]
      },
      "properties": {
        "id": 11070926441,
        "osm_type": "node",
        "name": "Berliner Toilette",
        "opening_hours": "24/7",
        "access": "yes"
      }
    },
    {
      "type": "Feature",
      "geometry": {
        "type": "Point",
        "coordinates": [
          13.3015596,
          52.5051447
        ]
      },
      "properties": {
        "id": 11070926582,
        "osm_type": "node",
        "name": "Berliner Toilette",
        "opening_hours": "24/7",
        "access": "yes"
      }
    },
    {
      "type": "Feature",
      "geometry": {
        "type": "Point",
        "coordinates": [
          13.2908927,
          52.5102522
        ]
      },
      "properties": {
        "id": 11070952590,
        "osm_type": "node",
        "name": "Berliner Toilette",
        "opening_hours": "24/7",
        "access": "yes"
      }
    },
    {
      "type": "Feature",
      "geometry": {
        "type": "Point",
        "coordinates": [
          13.2490977,
          52.5148669
        ]
      },
      "properties": {
        "id": 11071058458,
        "osm_type": "node",
        "access": "yes"
      }
    },
    {
      "type": "Feature",
      "geometry": {
        "type": "Point",
        "coordinates": [
          13.2921137,
          52.4733907
        ]
      },
      "properties": {
        "id": 11071107897,
        "osm_type": "node",
        "access": "yes"
      }
    },
    {
      "type": "Feature",
      "geometry": {
        "type": "Point",
        "coordinates": [
          13.4197509,
          52.4958545
        ]
      },
      "properties": {
        "id": 11071351165,
        "osm_type": "node",
        "name": "Berliner Toilette",
        "opening_hours": "24/7",
        "access": "yes"
      }
    },
    {
      "type": "Feature",
      "geometry": {
        "type": "Point",
        "coordinates": [
          13.1908375,
          52.5165489
        ]
      },
      "properties": {
        "id": 11074752694,
        "osm_type": "node",
        "access": "yes"
      }
    },
    {
      "type": "Feature",
      "geometry": {
        "type": "Point",
        "coordinates": [
          13.5432792,
          52.5424726
        ]
      },
      "properties": {
        "id": 11099496891,
        "osm_type": "node",
        "name": "Parktoilette",
        "opening_hours": "24/7",
        "access": "yes"
      }
    },
    {
      "type": "Feature",
      "geometry": {
        "type": "Point",
        "coordinates": [
          13.3871182,
          52.5100064
        ]
      },
      "properties": {
        "id": 11100119897,
        "osm_type": "node",
        "access": "permissive"
      }
    },
    {
      "type": "Feature",
      "geometry": {
        "type": "Point",
        "coordinates": [
          13.4010617,
          52.5211299
        ]
      },
      "properties": {
        "id": 11105619821,
        "osm_type": "node"
      }
    },
    {
      "type": "Feature",
      "geometry": {
        "type": "Point",
        "coordinates": [
          13.4054259,
          52.4979441
        ]
      },
      "properties": {
        "id": 11135975983,
        "osm_type": "node",
        "access": "customers"
      }
    },
    {
      "type": "Feature",
      "geometry": {
        "type": "Point",
        "coordinates": [
          13.403309,
          52.4977597
        ]
      },
      "properties": {
        "id": 11135975984,
        "osm_type": "node",
        "access": "customers"
      }
    },
    {
      "type": "Feature",
      "geometry": {
        "type": "Point",
        "coordinates": [
          13.4161595,
          52.482506
        ]
      },
      "properties": {
        "id": 11139836180,
        "osm_type": "node",
        "opening_hours": "Mo-Su 10:00-23:00"
      }
    },
    {
      "type": "Feature",
      "geometry": {
        "type": "Point",
        "coordinates": [
          13.2566015,
          52.568092
        ]
      },
      "properties": {
        "id": 11177385272,
        "osm_type": "node",
        "name": "Toilette (Sanitärcontainer)",
        "access": "yes"
      }
    },
    {
      "type": "Feature",
      "geometry": {
        "type": "Point",
        "coordinates": [
          13.6307613,
          52.4462753
        ]
      },
      "properties": {
        "id": 11198267738,
        "osm_type": "node"
      }
    },
    {
      "type": "Feature",
      "geometry": {
        "type": "Point",
        "coordinates": [
          13.5077122,
          52.521511
        ]
      },
      "properties": {
        "id": 11223334721,
        "osm_type": "node",
        "opening_hours": "24/7",
        "access": "yes"
      }
    },
    {
      "type": "Feature",
      "geometry": {
        "type": "Point",
        "coordinates": [
          13.2107904,
          52.567356
        ]
      },
      "properties": {
        "id": 11231119263,
        "osm_type": "node",
        "name": "Berliner Toilette",
        "opening_hours": "24/7",
        "access": "yes"
      }
    },
    {
      "type": "Feature",
      "geometry": {
        "type": "Point",
        "coordinates": [
          13.4633334,
          52.4933753
        ]
      },
      "properties": {
        "id": 11249093505,
        "osm_type": "node",
        "name": "öffentliche Toilette",
        "opening_hours": "24/7",
        "access": "yes"
      }
    },
    {
      "type": "Feature",
      "geometry": {
        "type": "Point",
        "coordinates": [
          13.3972979,
          52.5222183
        ]
      },
      "properties": {
        "id": 11264643253,
        "osm_type": "node",
        "access": "yes"
      }
    },
    {
      "type": "Feature",
      "geometry": {
        "type": "Point",
        "coordinates": [
          13.4930342,
          52.4930413
        ]
      },
      "properties": {
        "id": 11333713105,
        "osm_type": "node",
        "access": "customers"
      }
    },
    {
      "type": "Feature",
      "geometry": {
        "type": "Point",
        "coordinates": [
          13.4737075,
          52.4539626
        ]
      },
      "properties": {
        "id": 11336531584,
        "osm_type": "node",
        "access": "customers"
      }
    },
    {
      "type": "Feature",
      "geometry": {
        "type": "Point",
        "coordinates": [
          13.3474089,
          52.4838162
        ]
      },
      "properties": {
        "id": 11341391406,
        "osm_type": "node"
      }
    },
    {
      "type": "Feature",
      "geometry": {
        "type": "Point",
        "coordinates": [
          13.4940144,
          52.4609882
        ]
      },
      "properties": {
        "id": 11377590489,
        "osm_type": "node",
        "opening_hours": "Mo-Fr 08:00-15:00",
        "access": "yes"
      }
    },
    {
      "type": "Feature",
      "geometry": {
        "type": "Point",
        "coordinates": [
          13.5083844,
          52.457152
        ]
      },
      "properties": {
        "id": 11385534638,
        "osm_type": "node"
      }
    },
    {
      "type": "Feature",
      "geometry": {
        "type": "Point",
        "coordinates": [
          13.1841845,
          52.4841757
        ]
      },
      "properties": {
        "id": 11386885018,
        "osm_type": "node",
        "name": "Wall-Toilette",
        "access": "yes"
      }
    },
    {
      "type": "Feature",
      "geometry": {
        "type": "Point",
        "coordinates": [
          13.4655205,
          52.5045453
        ]
      },
      "properties": {
        "id": 11535176804,
        "osm_type": "node",
        "opening_hours": "24/7",
        "access": "yes"
      }
    },
    {
      "type": "Feature",
      "geometry": {
        "type": "Point",
        "coordinates": [
          13.4655645,
          52.5045375
        ]
      },
      "properties": {
        "id": 11535176805,
        "osm_type": "node",
        "opening_hours": "24/7"
      }
    },
    {
      "type": "Feature",
      "geometry": {
        "type": "Point",
        "coordinates": [
          13.4091315,
          52.5151828
        ]
      },
      "properties": {
        "id": 11639056701,
        "osm_type": "node"
      }
    },
    {
      "type": "Feature",
      "geometry": {
        "type": "Point",
        "coordinates": [
          13.406631,
          52.5244172
        ]
      },
      "properties": {
        "id": 11645047363,
        "osm_type": "node",
        "access": "permissive"
      }
    },
    {
      "type": "Feature",
      "geometry": {
        "type": "Point",
        "coordinates": [
          13.3971009,
          52.4895823
        ]
      },
      "properties": {
        "id": 11648825122,
        "osm_type": "node"
      }
    },
    {
      "type": "Feature",
      "geometry": {
        "type": "Point",
        "coordinates": [
          13.4204774,
          52.5041949
        ]
      },
      "properties": {
        "id": 11648825125,
        "osm_type": "node"
      }
    },
    {
      "type": "Feature",
      "geometry": {
        "type": "Point",
        "coordinates": [
          13.3707834,
          52.4935592
        ]
      },
      "properties": {
        "id": 11695219852,
        "osm_type": "node",
        "access": "permissive"
      }
    },
    {
      "type": "Feature",
      "geometry": {
        "type": "Point",
        "coordinates": [
          13.3214147,
          52.4572414
        ]
      },
      "properties": {
        "id": 11763843305,
        "osm_type": "node"
      }
    },
    {
      "type": "Feature",
      "geometry": {
        "type": "Point",
        "coordinates": [
          13.3651201,
          52.5733189
        ]
      },
      "properties": {
        "id": 11850350224,
        "osm_type": "node",
        "name": "Parktoilette",
        "access": "yes"
      }
    },
    {
      "type": "Feature",
      "geometry": {
        "type": "Point",
        "coordinates": [
          13.4587755,
          52.5296885
        ]
      },
      "properties": {
        "id": 11863077459,
        "osm_type": "node"
      }
    },
    {
      "type": "Feature",
      "geometry": {
        "type": "Point",
        "coordinates": [
          13.3973364,
          52.5222093
        ]
      },
      "properties": {
        "id": 11886992169,
        "osm_type": "node"
      }
    },
    {
      "type": "Feature",
      "geometry": {
        "type": "Point",
        "coordinates": [
          13.3262541,
          52.509719
        ]
      },
      "properties": {
        "id": 11942563544,
        "osm_type": "node",
        "access": "customers"
      }
    },
    {
      "type": "Feature",
      "geometry": {
        "type": "Point",
        "coordinates": [
          13.3898763,
          52.4638034
        ]
      },
      "properties": {
        "id": 12037842419,
        "osm_type": "node",
        "access": "customers"
      }
    },
    {
      "type": "Feature",
      "geometry": {
        "type": "Point",
        "coordinates": [
          13.3892874,
          52.463836
        ]
      },
      "properties": {
        "id": 12037842424,
        "osm_type": "node",
        "access": "customers"
      }
    },
    {
      "type": "Feature",
      "geometry": {
        "type": "Point",
        "coordinates": [
          13.4938029,
          52.4818286
        ]
      },
      "properties": {
        "id": 12043916470,
        "osm_type": "node",
        "access": "yes"
      }
    },
    {
      "type": "Feature",
      "geometry": {
        "type": "Point",
        "coordinates": [
          13.493775,
          52.4818824
        ]
      },
      "properties": {
        "id": 12043916569,
        "osm_type": "node",
        "access": "yes"
      }
    },
    {
      "type": "Feature",
      "geometry": {
        "type": "Point",
        "coordinates": [
          13.2284487,
          52.5417775
        ]
      },
      "properties": {
        "id": 12049050482,
        "osm_type": "node",
        "access": "customers"
      }
    },
    {
      "type": "Feature",
      "geometry": {
        "type": "Point",
        "coordinates": [
          13.4809093,
          52.486737
        ]
      },
      "properties": {
        "id": 12051494199,
        "osm_type": "node"
      }
    },
    {
      "type": "Feature",
      "geometry": {
        "type": "Point",
        "coordinates": [
          13.244299,
          52.576932
        ]
      },
      "properties": {
        "id": 12052861669,
        "osm_type": "node"
      }
    },
    {
      "type": "Feature",
      "geometry": {
        "type": "Point",
        "coordinates": [
          13.452246,
          52.4977322
        ]
      },
      "properties": {
        "id": 12108587709,
        "osm_type": "node"
      }
    },
    {
      "type": "Feature",
      "geometry": {
        "type": "Point",
        "coordinates": [
          13.4052637,
          52.497942
        ]
      },
      "properties": {
        "id": 12112039679,
        "osm_type": "node",
        "access": "customers"
      }
    },
    {
      "type": "Feature",
      "geometry": {
        "type": "Point",
        "coordinates": [
          13.4175396,
          52.4740266
        ]
      },
      "properties": {
        "id": 12122281767,
        "osm_type": "node",
        "access": "yes"
      }
    },
    {
      "type": "Feature",
      "geometry": {
        "type": "Point",
        "coordinates": [
          13.4175596,
          52.473955
        ]
      },
      "properties": {
        "id": 12122281768,
        "osm_type": "node",
        "access": "yes"
      }
    },
    {
      "type": "Feature",
      "geometry": {
        "type": "Point",
        "coordinates": [
          13.3793162,
          52.5534754
        ]
      },
      "properties": {
        "id": 12160178213,
        "osm_type": "node"
      }
    },
    {
      "type": "Feature",
      "geometry": {
        "type": "Point",
        "coordinates": [
          13.2290815,
          52.5268731
        ]
      },
      "properties": {
        "id": 12178205991,
        "osm_type": "node"
      }
    },
    {
      "type": "Feature",
      "geometry": {
        "type": "Point",
        "coordinates": [
          13.524126,
          52.4917203
        ]
      },
      "properties": {
        "id": 12188244053,
        "osm_type": "node"
      }
    },
    {
      "type": "Feature",
      "geometry": {
        "type": "Point",
        "coordinates": [
          13.3741668,
          52.5079766
        ]
      },
      "properties": {
        "id": 12198637101,
        "osm_type": "node"
      }
    },
    {
      "type": "Feature",
      "geometry": {
        "type": "Point",
        "coordinates": [
          13.4517297,
          52.4588525
        ]
      },
      "properties": {
        "id": 12199974553,
        "osm_type": "node"
      }
    },
    {
      "type": "Feature",
      "geometry": {
        "type": "Point",
        "coordinates": [
          13.4521545,
          52.458527
        ]
      },
      "properties": {
        "id": 12199974555,
        "osm_type": "node"
      }
    },
    {
      "type": "Feature",
      "geometry": {
        "type": "Point",
        "coordinates": [
          13.4524685,
          52.4581136
        ]
      },
      "properties": {
        "id": 12199974556,
        "osm_type": "node"
      }
    },
    {
      "type": "Feature",
      "geometry": {
        "type": "Point",
        "coordinates": [
          13.4525288,
          52.4580287
        ]
      },
      "properties": {
        "id": 12199974557,
        "osm_type": "node"
      }
    },
    {
      "type": "Feature",
      "geometry": {
        "type": "Point",
        "coordinates": [
          13.4527958,
          52.4576373
        ]
      },
      "properties": {
        "id": 12199974560,
        "osm_type": "node"
      }
    },
    {
      "type": "Feature",
      "geometry": {
        "type": "Point",
        "coordinates": [
          13.3611345,
          52.5298691
        ]
      },
      "properties": {
        "id": 12211327459,
        "osm_type": "node"
      }
    },
    {
      "type": "Feature",
      "geometry": {
        "type": "Point",
        "coordinates": [
          13.4105793,
          52.5402067
        ]
      },
      "properties": {
        "id": 12245024782,
        "osm_type": "node",
        "access": "customers"
      }
    },
    {
      "type": "Feature",
      "geometry": {
        "type": "Point",
        "coordinates": [
          13.41055,
          52.5402158
        ]
      },
      "properties": {
        "id": 12245024783,
        "osm_type": "node",
        "access": "customers"
      }
    },
    {
      "type": "Feature",
      "geometry": {
        "type": "Point",
        "coordinates": [
          13.3646561,
          52.5191112
        ]
      },
      "properties": {
        "id": 12300371285,
        "osm_type": "node"
      }
    },
    {
      "type": "Feature",
      "geometry": {
        "type": "Point",
        "coordinates": [
          13.381194,
          52.5265048
        ]
      },
      "properties": {
        "id": 12307074279,
        "osm_type": "node",
        "opening_hours": "24/7",
        "access": "yes"
      }
    },
    {
      "type": "Feature",
      "geometry": {
        "type": "Point",
        "coordinates": [
          13.3811578,
          52.5265018
        ]
      },
      "properties": {
        "id": 12307074281,
        "osm_type": "node",
        "opening_hours": "24/7",
        "access": "yes"
      }
    },
    {
      "type": "Feature",
      "geometry": {
        "type": "Point",
        "coordinates": [
          13.3810371,
          52.5264548
        ]
      },
      "properties": {
        "id": 12307074282,
        "osm_type": "node",
        "opening_hours": "24/7",
        "access": "yes"
      }
    },
    {
      "type": "Feature",
      "geometry": {
        "type": "Point",
        "coordinates": [
          13.3045627,
          52.45817
        ]
      },
      "properties": {
        "id": 12314254588,
        "osm_type": "node"
      }
    },
    {
      "type": "Feature",
      "geometry": {
        "type": "Point",
        "coordinates": [
          13.3856272,
          52.5021765
        ]
      },
      "properties": {
        "id": 12315921263,
        "osm_type": "node",
        "access": "customers"
      }
    },
    {
      "type": "Feature",
      "geometry": {
        "type": "Point",
        "coordinates": [
          13.3759458,
          52.5190476
        ]
      },
      "properties": {
        "id": 12365213768,
        "osm_type": "node",
        "access": "permit"
      }
    },
    {
      "type": "Feature",
      "geometry": {
        "type": "Point",
        "coordinates": [
          13.146443,
          52.5237339
        ]
      },
      "properties": {
        "id": 12388796801,
        "osm_type": "node",
        "opening_hours": "24/7"
      }
    },
    {
      "type": "Feature",
      "geometry": {
        "type": "Point",
        "coordinates": [
          13.3918167,
          52.5399439
        ]
      },
      "properties": {
        "id": 12407413175,
        "osm_type": "node"
      }
    },
    {
      "type": "Feature",
      "geometry": {
        "type": "Point",
        "coordinates": [
          13.391853,
          52.5399539
        ]
      },
      "properties": {
        "id": 12407413176,
        "osm_type": "node"
      }
    },
    {
      "type": "Feature",
      "geometry": {
        "type": "Point",
        "coordinates": [
          13.4187618,
          52.5428551
        ]
      },
      "properties": {
        "id": 12413753792,
        "osm_type": "node",
        "access": "yes"
      }
    },
    {
      "type": "Feature",
      "geometry": {
        "type": "Point",
        "coordinates": [
          13.4161925,
          52.5295329
        ]
      },
      "properties": {
        "id": 12443868382,
        "osm_type": "node",
        "access": "customers"
      }
    },
    {
      "type": "Feature",
      "geometry": {
        "type": "Point",
        "coordinates": [
          13.4117446,
          52.519582
        ]
      },
      "properties": {
        "id": 12568335109,
        "osm_type": "node"
      }
    },
    {
      "type": "Feature",
      "geometry": {
        "type": "Point",
        "coordinates": [
          13.5559295,
          52.54736
        ]
      },
      "properties": {
        "id": 12670968334,
        "osm_type": "node",
        "access": "yes"
      }
    },
    {
      "type": "Feature",
      "geometry": {
        "type": "Point",
        "coordinates": [
          13.5563959,
          52.5472584
        ]
      },
      "properties": {
        "id": 12670973242,
        "osm_type": "node",
        "access": "yes"
      }
    },
    {
      "type": "Feature",
      "geometry": {
        "type": "Point",
        "coordinates": [
          13.5448109,
          52.5426579
        ]
      },
      "properties": {
        "id": 12670988821,
        "osm_type": "node",
        "access": "yes"
      }
    },
    {
      "type": "Feature",
      "geometry": {
        "type": "Point",
        "coordinates": [
          13.5406915,
          52.544889
        ]
      },
      "properties": {
        "id": 12670992227,
        "osm_type": "node",
        "access": "yes"
      }
    },
    {
      "type": "Feature",
      "geometry": {
        "type": "Point",
        "coordinates": [
          13.4040903,
          52.5155378
        ]
      },
      "properties": {
        "id": 12671030186,
        "osm_type": "node",
        "access": "yes"
      }
    },
    {
      "type": "Feature",
      "geometry": {
        "type": "Point",
        "coordinates": [
          13.4506743,
          52.4888062
        ]
      },
      "properties": {
        "id": 12671038512,
        "osm_type": "node",
        "access": "yes"
      }
    },
    {
      "type": "Feature",
      "geometry": {
        "type": "Point",
        "coordinates": [
          13.3910102,
          52.5205606
        ]
      },
      "properties": {
        "id": 12671051933,
        "osm_type": "node",
        "access": "yes"
      }
    },
    {
      "type": "Feature",
      "geometry": {
        "type": "Point",
        "coordinates": [
          13.5093625,
          52.5335735
        ]
      },
      "properties": {
        "id": 12673089897,
        "osm_type": "node",
        "access": "customers"
      }
    },
    {
      "type": "Feature",
      "geometry": {
        "type": "Point",
        "coordinates": [
          13.513514,
          52.5340725
        ]
      },
      "properties": {
        "id": 12673091664,
        "osm_type": "node"
      }
    },
    {
      "type": "Feature",
      "geometry": {
        "type": "Point",
        "coordinates": [
          13.4708162,
          52.5307422
        ]
      },
      "properties": {
        "id": 12673161224,
        "osm_type": "node",
        "access": "yes"
      }
    },
    {
      "type": "Feature",
      "geometry": {
        "type": "Point",
        "coordinates": [
          13.4694937,
          52.5038656
        ]
      },
      "properties": {
        "id": 12682448048,
        "osm_type": "node",
        "access": "customers"
      }
    },
    {
      "type": "Feature",
      "geometry": {
        "type": "Point",
        "coordinates": [
          13.4765802,
          52.4226632
        ]
      },
      "properties": {
        "id": 12695036952,
        "osm_type": "node"
      }
    },
    {
      "type": "Feature",
      "geometry": {
        "type": "Point",
        "coordinates": [
          13.4205786,
          52.4917099
        ]
      },
      "properties": {
        "id": 12723170733,
        "osm_type": "node",
        "opening_hours": "24/7",
        "access": "yes"
      }
    },
    {
      "type": "Feature",
      "geometry": {
        "type": "Point",
        "coordinates": [
          13.4206344,
          52.4916944
        ]
      },
      "properties": {
        "id": 12723170734,
        "osm_type": "node"
      }
    },
    {
      "type": "Feature",
      "geometry": {
        "type": "Point",
        "coordinates": [
          13.2492485,
          52.5388073
        ]
      },
      "properties": {
        "id": 12737292167,
        "osm_type": "node"
      }
    },
    {
      "type": "Feature",
      "geometry": {
        "type": "Point",
        "coordinates": [
          13.2769112,
          52.5016644
        ]
      },
      "properties": {
        "id": 12785271650,
        "osm_type": "node"
      }
    },
    {
      "type": "Feature",
      "geometry": {
        "type": "Point",
        "coordinates": [
          13.5000698,
          52.541423
        ]
      },
      "properties": {
        "id": 12800236283,
        "osm_type": "node"
      }
    },
    {
      "type": "Feature",
      "geometry": {
        "type": "Point",
        "coordinates": [
          13.3003087,
          52.4563491
        ]
      },
      "properties": {
        "id": 12816928546,
        "osm_type": "node"
      }
    },
    {
      "type": "Feature",
      "geometry": {
        "type": "Point",
        "coordinates": [
          13.1469972,
          52.4518339
        ]
      },
      "properties": {
        "id": 12819214373,
        "osm_type": "node"
      }
    },
    {
      "type": "Feature",
      "geometry": {
        "type": "Point",
        "coordinates": [
          13.4378027,
          52.4795562
        ]
      },
      "properties": {
        "id": 12856958935,
        "osm_type": "node"
      }
    },
    {
      "type": "Feature",
      "geometry": {
        "type": "Point",
        "coordinates": [
          13.4377479,
          52.4797153
        ]
      },
      "properties": {
        "id": 12856968701,
        "osm_type": "node"
      }
    },
    {
      "type": "Feature",
      "geometry": {
        "type": "Point",
        "coordinates": [
          13.4355294,
          52.4729508
        ]
      },
      "properties": {
        "id": 12859635355,
        "osm_type": "node"
      }
    },
    {
      "type": "Feature",
      "geometry": {
        "type": "Point",
        "coordinates": [
          13.4773565,
          52.4879412
        ]
      },
      "properties": {
        "id": 12864802919,
        "osm_type": "node",
        "access": "customers"
      }
    },
    {
      "type": "Feature",
      "geometry": {
        "type": "Point",
        "coordinates": [
          13.477192,
          52.4878588
        ]
      },
      "properties": {
        "id": 12864803296,
        "osm_type": "node",
        "access": "customers"
      }
    },
    {
      "type": "Feature",
      "geometry": {
        "type": "Point",
        "coordinates": [
          13.477253,
          52.4878853
        ]
      },
      "properties": {
        "id": 12865991016,
        "osm_type": "node",
        "access": "customers"
      }
    },
    {
      "type": "Feature",
      "geometry": {
        "type": "Point",
        "coordinates": [
          13.413773,
          52.5311695
        ]
      },
      "properties": {
        "id": 12912868918,
        "osm_type": "node",
        "access": "designated"
      }
    },
    {
      "type": "Feature",
      "geometry": {
        "type": "Point",
        "coordinates": [
          13.3622178,
          52.5564882
        ]
      },
      "properties": {
        "id": 12980412317,
        "osm_type": "node",
        "access": "customers"
      }
    },
    {
      "type": "Feature",
      "geometry": {
        "type": "Point",
        "coordinates": [
          13.3462526,
          52.523754
        ]
      },
      "properties": {
        "id": 12993912622,
        "osm_type": "node",
        "access": "customers"
      }
    },
    {
      "type": "Feature",
      "geometry": {
        "type": "Point",
        "coordinates": [
          13.4156446,
          52.5438043
        ]
      },
      "properties": {
        "id": 13012119510,
        "osm_type": "node",
        "access": "customers"
      }
    },
    {
      "type": "Feature",
      "geometry": {
        "type": "Point",
        "coordinates": [
          13.4995033,
          52.4799827
        ]
      },
      "properties": {
        "id": 13014166189,
        "osm_type": "node"
      }
    },
    {
      "type": "Feature",
      "geometry": {
        "type": "Point",
        "coordinates": [
          13.4489414,
          52.4664229
        ]
      },
      "properties": {
        "id": 13023358701,
        "osm_type": "node"
      }
    },
    {
      "type": "Feature",
      "geometry": {
        "type": "Point",
        "coordinates": [
          13.1650546,
          52.43483
        ]
      },
      "properties": {
        "id": 13031037038,
        "osm_type": "node",
        "access": "yes"
      }
    },
    {
      "type": "Feature",
      "geometry": {
        "type": "Point",
        "coordinates": [
          13.2413542,
          52.5180865
        ]
      },
      "properties": {
        "id": 13033337511,
        "osm_type": "node"
      }
    },
    {
      "type": "Feature",
      "geometry": {
        "type": "Point",
        "coordinates": [
          13.2434335,
          52.5129866
        ]
      },
      "properties": {
        "id": 13034684774,
        "osm_type": "node",
        "access": "yes"
      }
    },
    {
      "type": "Feature",
      "geometry": {
        "type": "Point",
        "coordinates": [
          13.3331954,
          52.570043
        ]
      },
      "properties": {
        "id": 13041212430,
        "osm_type": "node"
      }
    },
    {
      "type": "Feature",
      "geometry": {
        "type": "Point",
        "coordinates": [
          13.4639281,
          52.5079036
        ]
      },
      "properties": {
        "id": 13051642559,
        "osm_type": "node",
        "opening_hours": "24/7",
        "access": "yes"
      }
    },
    {
      "type": "Feature",
      "geometry": {
        "type": "Point",
        "coordinates": [
          13.4610851,
          52.5199614
        ]
      },
      "properties": {
        "id": 13051649935,
        "osm_type": "node",
        "opening_hours": "24/7",
        "access": "yes"
      }
    },
    {
      "type": "Feature",
      "geometry": {
        "type": "Point",
        "coordinates": [
          13.4430019,
          52.4989875
        ]
      },
      "properties": {
        "id": 13051651800,
        "osm_type": "node",
        "name": "Berliner Toilette",
        "access": "yes"
      }
    },
    {
      "type": "Feature",
      "geometry": {
        "type": "Point",
        "coordinates": [
          13.269728,
          52.5378385
        ]
      },
      "properties": {
        "id": 13051662623,
        "osm_type": "node",
        "access": "yes"
      }
    },
    {
      "type": "Feature",
      "geometry": {
        "type": "Point",
        "coordinates": [
          13.2101997,
          52.4767335
        ]
      },
      "properties": {
        "id": 13068112941,
        "osm_type": "node",
        "access": "yes"
      }
    },
    {
      "type": "Feature",
      "geometry": {
        "type": "Point",
        "coordinates": [
          13.3687789,
          52.4381926
        ]
      },
      "properties": {
        "id": 13098953746,
        "osm_type": "node",
        "access": "customers"
      }
    },
    {
      "type": "Feature",
      "geometry": {
        "type": "Point",
        "coordinates": [
          13.3733472,
          52.4996693
        ]
      },
      "properties": {
        "id": 13110212801,
        "osm_type": "node",
        "access": "customers"
      }
    },
    {
      "type": "Feature",
      "geometry": {
        "type": "Point",
        "coordinates": [
          13.404289,
          52.5947796
        ]
      },
      "properties": {
        "id": 13116385023,
        "osm_type": "node"
      }
    },
    {
      "type": "Feature",
      "geometry": {
        "type": "Point",
        "coordinates": [
          13.4288384,
          52.4271257
        ]
      },
      "properties": {
        "id": 13124630582,
        "osm_type": "node",
        "access": "customers"
      }
    },
    {
      "type": "Feature",
      "geometry": {
        "type": "Point",
        "coordinates": [
          13.4287514,
          52.4270923
        ]
      },
      "properties": {
        "id": 13124630583,
        "osm_type": "node",
        "access": "customers"
      }
    },
    {
      "type": "Feature",
      "geometry": {
        "type": "Point",
        "coordinates": [
          13.4287555,
          52.4271253
        ]
      },
      "properties": {
        "id": 13124630584,
        "osm_type": "node",
        "access": "customers"
      }
    },
    {
      "type": "Feature",
      "geometry": {
        "type": "Point",
        "coordinates": [
          13.4055942,
          52.4886153
        ]
      },
      "properties": {
        "id": 13138198005,
        "osm_type": "node",
        "access": "yes"
      }
    },
    {
      "type": "Feature",
      "geometry": {
        "type": "Point",
        "coordinates": [
          13.095553,
          52.4140409
        ]
      },
      "properties": {
        "id": 13144314686,
        "osm_type": "node",
        "access": "permissive"
      }
    },
    {
      "type": "Feature",
      "geometry": {
        "type": "Point",
        "coordinates": [
          13.1650804,
          52.4323134
        ]
      },
      "properties": {
        "id": 13158852637,
        "osm_type": "node",
        "opening_hours": "Mo-Fr 09:30-18:00"
      }
    },
    {
      "type": "Feature",
      "geometry": {
        "type": "Point",
        "coordinates": [
          13.3288536,
          52.5430853
        ]
      },
      "properties": {
        "id": 13159375318,
        "osm_type": "node",
        "name": "WC Herren",
        "access": "customers"
      }
    },
    {
      "type": "Feature",
      "geometry": {
        "type": "Point",
        "coordinates": [
          13.3290737,
          52.5429031
        ]
      },
      "properties": {
        "id": 13159375319,
        "osm_type": "node",
        "name": "WC Damen",
        "access": "customers"
      }
    },
    {
      "type": "Feature",
      "geometry": {
        "type": "Point",
        "coordinates": [
          13.3292529,
          52.5432892
        ]
      },
      "properties": {
        "id": 13159375325,
        "osm_type": "node",
        "access": "customers"
      }
    },
    {
      "type": "Feature",
      "geometry": {
        "type": "Point",
        "coordinates": [
          13.2891436,
          52.4637215
        ]
      },
      "properties": {
        "id": 13176788601,
        "osm_type": "node"
      }
    },
    {
      "type": "Feature",
      "geometry": {
        "type": "Point",
        "coordinates": [
          13.3929151,
          52.5164902
        ]
      },
      "properties": {
        "id": 13205274706,
        "osm_type": "node"
      }
    },
    {
      "type": "Feature",
      "geometry": {
        "type": "Point",
        "coordinates": [
          13.3922873,
          52.4962701
        ]
      },
      "properties": {
        "id": 13272503900,
        "osm_type": "node"
      }
    },
    {
      "type": "Feature",
      "geometry": {
        "type": "Point",
        "coordinates": [
          13.4326683,
          52.4818471
        ]
      },
      "properties": {
        "id": 13279167561,
        "osm_type": "node",
        "access": "customers"
      }
    },
    {
      "type": "Feature",
      "geometry": {
        "type": "Point",
        "coordinates": [
          13.4312757,
          52.4820608
        ]
      },
      "properties": {
        "id": 13282942471,
        "osm_type": "node",
        "access": "customers"
      }
    },
    {
      "type": "Feature",
      "geometry": {
        "type": "Point",
        "coordinates": [
          13.3678924,
          52.6082885
        ]
      },
      "properties": {
        "id": 13290419957,
        "osm_type": "node",
        "access": "customers"
      }
    },
    {
      "type": "Feature",
      "geometry": {
        "type": "Point",
        "coordinates": [
          13.4181111,
          52.499093
        ]
      },
      "properties": {
        "id": 13309701485,
        "osm_type": "node",
        "access": "yes"
      }
    },
    {
      "type": "Feature",
      "geometry": {
        "type": "Point",
        "coordinates": [
          13.4062731,
          52.4064073
        ]
      },
      "properties": {
        "id": 13328166578,
        "osm_type": "node",
        "name": "Kundentoilette",
        "opening_hours": "Mo-Sa 07:30-20:00"
      }
    },
    {
      "type": "Feature",
      "geometry": {
        "type": "Point",
        "coordinates": [
          13.4465921,
          52.4526007
        ]
      },
      "properties": {
        "id": 13344275643,
        "osm_type": "node"
      }
    },
    {
      "type": "Feature",
      "geometry": {
        "type": "Point",
        "coordinates": [
          13.1981691,
          52.4786396
        ]
      },
      "properties": {
        "id": 13347649921,
        "osm_type": "node",
        "access": "yes"
      }
    },
    {
      "type": "Feature",
      "geometry": {
        "type": "Point",
        "coordinates": [
          13.410492,
          52.522029
        ]
      },
      "properties": {
        "id": 13348171565,
        "osm_type": "node",
        "name": "Sanifair",
        "access": "yes"
      }
    },
    {
      "type": "Feature",
      "geometry": {
        "type": "Point",
        "coordinates": [
          13.5812229,
          52.5307452
        ]
      },
      "properties": {
        "id": 13357611653,
        "osm_type": "node"
      }
    },
    {
      "type": "Feature",
      "geometry": {
        "type": "Point",
        "coordinates": [
          13.3371253,
          52.5056644
        ]
      },
      "properties": {
        "id": 13381341059,
        "osm_type": "node",
        "access": "customers"
      }
    },
    {
      "type": "Feature",
      "geometry": {
        "type": "Point",
        "coordinates": [
          13.1786571,
          52.5555712
        ]
      },
      "properties": {
        "id": 13401082067,
        "osm_type": "node",
        "access": "yes"
      }
    },
    {
      "type": "Feature",
      "geometry": {
        "type": "Point",
        "coordinates": [
          13.176324,
          52.4213948
        ]
      },
      "properties": {
        "id": 26836563,
        "osm_type": "way",
        "opening_hours": "Apr-Oct"
      }
    },
    {
      "type": "Feature",
      "geometry": {
        "type": "Point",
        "coordinates": [
          13.4421535,
          52.5241541
        ]
      },
      "properties": {
        "id": 29009516,
        "osm_type": "way",
        "access": "unknown"
      }
    },
    {
      "type": "Feature",
      "geometry": {
        "type": "Point",
        "coordinates": [
          13.3768031,
          52.4964794
        ]
      },
      "properties": {
        "id": 40985980,
        "osm_type": "way",
        "opening_hours": "Mo-Fr 09:00-17:30; Sa-Su 10:00-18:00",
        "access": "customers"
      }
    },
    {
      "type": "Feature",
      "geometry": {
        "type": "Point",
        "coordinates": [
          13.4472858,
          52.4372486
        ]
      },
      "properties": {
        "id": 48957840,
        "osm_type": "way"
      }
    },
    {
      "type": "Feature",
      "geometry": {
        "type": "Point",
        "coordinates": [
          13.4025252,
          52.5375617
        ]
      },
      "properties": {
        "id": 49210809,
        "osm_type": "way",
        "opening_hours": "Su 09:00-17:00",
        "access": "permissive"
      }
    },
    {
      "type": "Feature",
      "geometry": {
        "type": "Point",
        "coordinates": [
          13.326728,
          52.5441873
        ]
      },
      "properties": {
        "id": 49527655,
        "osm_type": "way",
        "access": "customers"
      }
    },
    {
      "type": "Feature",
      "geometry": {
        "type": "Point",
        "coordinates": [
          13.36996,
          52.5415577
        ]
      },
      "properties": {
        "id": 53570080,
        "osm_type": "way",
        "name": "Berliner Toilette",
        "opening_hours": "24/7",
        "access": "yes"
      }
    },
    {
      "type": "Feature",
      "geometry": {
        "type": "Point",
        "coordinates": [
          13.4172221,
          52.5151028
        ]
      },
      "properties": {
        "id": 53609878,
        "osm_type": "way"
      }
    },
    {
      "type": "Feature",
      "geometry": {
        "type": "Point",
        "coordinates": [
          13.3579623,
          52.4597486
        ]
      },
      "properties": {
        "id": 69724975,
        "osm_type": "way"
      }
    },
    {
      "type": "Feature",
      "geometry": {
        "type": "Point",
        "coordinates": [
          13.4046539,
          52.4202854
        ]
      },
      "properties": {
        "id": 71588356,
        "osm_type": "way"
      }
    },
    {
      "type": "Feature",
      "geometry": {
        "type": "Point",
        "coordinates": [
          13.4060253,
          52.4810382
        ]
      },
      "properties": {
        "id": 80962277,
        "osm_type": "way",
        "access": "yes"
      }
    },
    {
      "type": "Feature",
      "geometry": {
        "type": "Point",
        "coordinates": [
          13.126643,
          52.4148292
        ]
      },
      "properties": {
        "id": 92333245,
        "osm_type": "way",
        "access": "customers"
      }
    },
    {
      "type": "Feature",
      "geometry": {
        "type": "Point",
        "coordinates": [
          13.1297708,
          52.4353228
        ]
      },
      "properties": {
        "id": 100594158,
        "osm_type": "way",
        "access": "yes"
      }
    },
    {
      "type": "Feature",
      "geometry": {
        "type": "Point",
        "coordinates": [
          13.3528374,
          52.4557672
        ]
      },
      "properties": {
        "id": 104542771,
        "osm_type": "way",
        "access": "customers"
      }
    },
    {
      "type": "Feature",
      "geometry": {
        "type": "Point",
        "coordinates": [
          13.3534612,
          52.539934
        ]
      },
      "properties": {
        "id": 109131834,
        "osm_type": "way",
        "opening_hours": "24/7",
        "access": "yes"
      }
    },
    {
      "type": "Feature",
      "geometry": {
        "type": "Point",
        "coordinates": [
          13.5232573,
          52.5033632
        ]
      },
      "properties": {
        "id": 121769079,
        "osm_type": "way"
      }
    },
    {
      "type": "Feature",
      "geometry": {
        "type": "Point",
        "coordinates": [
          13.5283691,
          52.5050822
        ]
      },
      "properties": {
        "id": 123130036,
        "osm_type": "way",
        "access": "customers"
      }
    },
    {
      "type": "Feature",
      "geometry": {
        "type": "Point",
        "coordinates": [
          13.3109412,
          52.4931346
        ]
      },
      "properties": {
        "id": 153159607,
        "osm_type": "way",
        "access": "yes"
      }
    },
    {
      "type": "Feature",
      "geometry": {
        "type": "Point",
        "coordinates": [
          13.5748835,
          52.5129006
        ]
      },
      "properties": {
        "id": 161451997,
        "osm_type": "way",
        "name": "Berliner Toilette",
        "opening_hours": "24/7",
        "access": "yes"
      }
    },
    {
      "type": "Feature",
      "geometry": {
        "type": "Point",
        "coordinates": [
          13.5599449,
          52.511847
        ]
      },
      "properties": {
        "id": 165021429,
        "osm_type": "way",
        "opening_hours": "unknown"
      }
    },
    {
      "type": "Feature",
      "geometry": {
        "type": "Point",
        "coordinates": [
          13.395275,
          52.539835
        ]
      },
      "properties": {
        "id": 180541166,
        "osm_type": "way",
        "name": "Berliner Toilette",
        "opening_hours": "24/7"
      }
    },
    {
      "type": "Feature",
      "geometry": {
        "type": "Point",
        "coordinates": [
          13.2872002,
          52.5947292
        ]
      },
      "properties": {
        "id": 181767240,
        "osm_type": "way"
      }
    },
    {
      "type": "Feature",
      "geometry": {
        "type": "Point",
        "coordinates": [
          13.1229499,
          52.4107609
        ]
      },
      "properties": {
        "id": 182673696,
        "osm_type": "way",
        "access": "customers"
      }
    },
    {
      "type": "Feature",
      "geometry": {
        "type": "Point",
        "coordinates": [
          13.1369479,
          52.406911
        ]
      },
      "properties": {
        "id": 182703568,
        "osm_type": "way",
        "access": "customers"
      }
    },
    {
      "type": "Feature",
      "geometry": {
        "type": "Point",
        "coordinates": [
          13.3855147,
          52.4845703
        ]
      },
      "properties": {
        "id": 184484792,
        "osm_type": "way",
        "name": "Berliner  Toilette",
        "opening_hours": "24/7"
      }
    },
    {
      "type": "Feature",
      "geometry": {
        "type": "Point",
        "coordinates": [
          13.5047029,
          52.5733118
        ]
      },
      "properties": {
        "id": 185766613,
        "osm_type": "way",
        "opening_hours": "24/7",
        "access": "yes"
      }
    },
    {
      "type": "Feature",
      "geometry": {
        "type": "Point",
        "coordinates": [
          13.3780639,
          52.4873896
        ]
      },
      "properties": {
        "id": 187007436,
        "osm_type": "way",
        "name": "Berliner Toilette",
        "access": "yes"
      }
    },
    {
      "type": "Feature",
      "geometry": {
        "type": "Point",
        "coordinates": [
          13.4382185,
          52.482877
        ]
      },
      "properties": {
        "id": 235838694,
        "osm_type": "way",
        "name": "Bedürfnisanstalt Elbestraße & Sonnenallee",
        "opening_hours": "Apr-Sep 07:00-22:00; Oct-Mar 07:00-20:00"
      }
    },
    {
      "type": "Feature",
      "geometry": {
        "type": "Point",
        "coordinates": [
          13.1200674,
          52.4455984
        ]
      },
      "properties": {
        "id": 236548669,
        "osm_type": "way"
      }
    },
    {
      "type": "Feature",
      "geometry": {
        "type": "Point",
        "coordinates": [
          13.4604614,
          52.5106933
        ]
      },
      "properties": {
        "id": 242940697,
        "osm_type": "way",
        "opening_hours": "24/7",
        "access": "yes"
      }
    },
    {
      "type": "Feature",
      "geometry": {
        "type": "Point",
        "coordinates": [
          13.5767315,
          52.5361713
        ]
      },
      "properties": {
        "id": 243695783,
        "osm_type": "way"
      }
    },
    {
      "type": "Feature",
      "geometry": {
        "type": "Point",
        "coordinates": [
          13.4782423,
          52.4920054
        ]
      },
      "properties": {
        "id": 246426298,
        "osm_type": "way",
        "opening_hours": "Apr-Oct: PH,Mo-Su 00:00-24:00",
        "access": "yes"
      }
    },
    {
      "type": "Feature",
      "geometry": {
        "type": "Point",
        "coordinates": [
          13.4357576,
          52.5248174
        ]
      },
      "properties": {
        "id": 269571573,
        "osm_type": "way",
        "access": "customers"
      }
    },
    {
      "type": "Feature",
      "geometry": {
        "type": "Point",
        "coordinates": [
          13.4335607,
          52.4279806
        ]
      },
      "properties": {
        "id": 270587233,
        "osm_type": "way",
        "access": "customers"
      }
    },
    {
      "type": "Feature",
      "geometry": {
        "type": "Point",
        "coordinates": [
          13.4851759,
          52.5496795
        ]
      },
      "properties": {
        "id": 277464946,
        "osm_type": "way"
      }
    },
    {
      "type": "Feature",
      "geometry": {
        "type": "Point",
        "coordinates": [
          13.2361135,
          52.42451
        ]
      },
      "properties": {
        "id": 283862566,
        "osm_type": "way"
      }
    },
    {
      "type": "Feature",
      "geometry": {
        "type": "Point",
        "coordinates": [
          13.4082022,
          52.4819819
        ]
      },
      "properties": {
        "id": 283882039,
        "osm_type": "way",
        "access": "customers"
      }
    },
    {
      "type": "Feature",
      "geometry": {
        "type": "Point",
        "coordinates": [
          13.404342,
          52.4200288
        ]
      },
      "properties": {
        "id": 286247979,
        "osm_type": "way"
      }
    },
    {
      "type": "Feature",
      "geometry": {
        "type": "Point",
        "coordinates": [
          13.3636757,
          52.5641509
        ]
      },
      "properties": {
        "id": 291702598,
        "osm_type": "way",
        "name": "öffentliche Toilette",
        "opening_hours": "April - September",
        "access": "yes"
      }
    },
    {
      "type": "Feature",
      "geometry": {
        "type": "Point",
        "coordinates": [
          13.450639,
          52.5076033
        ]
      },
      "properties": {
        "id": 293392088,
        "osm_type": "way",
        "opening_hours": "24/7",
        "access": "yes"
      }
    },
    {
      "type": "Feature",
      "geometry": {
        "type": "Point",
        "coordinates": [
          13.4273273,
          52.5458639
        ]
      },
      "properties": {
        "id": 293432733,
        "osm_type": "way",
        "name": "Berliner Toilette",
        "opening_hours": "24/7",
        "access": "yes"
      }
    },
    {
      "type": "Feature",
      "geometry": {
        "type": "Point",
        "coordinates": [
          13.386839,
          52.471215
        ]
      },
      "properties": {
        "id": 294175992,
        "osm_type": "way",
        "access": "yes"
      }
    },
    {
      "type": "Feature",
      "geometry": {
        "type": "Point",
        "coordinates": [
          13.3169929,
          52.517629
        ]
      },
      "properties": {
        "id": 305264866,
        "osm_type": "way",
        "opening_hours": "Dec-Jan: 08:00-16:00; \nFeb,Nov: 08:00-17:00; \nMar,Oct: 08:00-18:00;\nApr,Sep: 08:00-19:00;\nMay-Aug: 08:00-20:00;",
        "access": "yes"
      }
    },
    {
      "type": "Feature",
      "geometry": {
        "type": "Point",
        "coordinates": [
          13.3199513,
          52.5130105
        ]
      },
      "properties": {
        "id": 310926198,
        "osm_type": "way",
        "access": "customers"
      }
    },
    {
      "type": "Feature",
      "geometry": {
        "type": "Point",
        "coordinates": [
          13.3199506,
          52.5130181
        ]
      },
      "properties": {
        "id": 311098730,
        "osm_type": "way",
        "access": "customers"
      }
    },
    {
      "type": "Feature",
      "geometry": {
        "type": "Point",
        "coordinates": [
          13.3199513,
          52.5130105
        ]
      },
      "properties": {
        "id": 311138294,
        "osm_type": "way",
        "access": "customers"
      }
    },
    {
      "type": "Feature",
      "geometry": {
        "type": "Point",
        "coordinates": [
          13.3199499,
          52.5130121
        ]
      },
      "properties": {
        "id": 311145477,
        "osm_type": "way",
        "access": "customers"
      }
    },
    {
      "type": "Feature",
      "geometry": {
        "type": "Point",
        "coordinates": [
          13.2353867,
          52.4919227
        ]
      },
      "properties": {
        "id": 322301570,
        "osm_type": "way"
      }
    },
    {
      "type": "Feature",
      "geometry": {
        "type": "Point",
        "coordinates": [
          13.6300434,
          52.4265772
        ]
      },
      "properties": {
        "id": 326228589,
        "osm_type": "way",
        "access": "yes"
      }
    },
    {
      "type": "Feature",
      "geometry": {
        "type": "Point",
        "coordinates": [
          13.3867126,
          52.5711078
        ]
      },
      "properties": {
        "id": 326471599,
        "osm_type": "way",
        "opening_hours": "Sa,Su off",
        "access": "yes"
      }
    },
    {
      "type": "Feature",
      "geometry": {
        "type": "Point",
        "coordinates": [
          13.5306202,
          52.4997031
        ]
      },
      "properties": {
        "id": 327432967,
        "osm_type": "way",
        "access": "yes"
      }
    },
    {
      "type": "Feature",
      "geometry": {
        "type": "Point",
        "coordinates": [
          13.3803254,
          52.5248856
        ]
      },
      "properties": {
        "id": 327481169,
        "osm_type": "way"
      }
    },
    {
      "type": "Feature",
      "geometry": {
        "type": "Point",
        "coordinates": [
          13.4087828,
          52.5198494
        ]
      },
      "properties": {
        "id": 332637422,
        "osm_type": "way",
        "access": "yes"
      }
    },
    {
      "type": "Feature",
      "geometry": {
        "type": "Point",
        "coordinates": [
          13.5598146,
          52.5118748
        ]
      },
      "properties": {
        "id": 334889129,
        "osm_type": "way",
        "opening_hours": "unknown"
      }
    },
    {
      "type": "Feature",
      "geometry": {
        "type": "Point",
        "coordinates": [
          13.4167987,
          52.4702271
        ]
      },
      "properties": {
        "id": 337969465,
        "osm_type": "way"
      }
    },
    {
      "type": "Feature",
      "geometry": {
        "type": "Point",
        "coordinates": [
          13.253786,
          52.5853754
        ]
      },
      "properties": {
        "id": 345127931,
        "osm_type": "way",
        "name": "Toilette (Sanitärcontainer)",
        "opening_hours": "24/7",
        "access": "yes"
      }
    },
    {
      "type": "Feature",
      "geometry": {
        "type": "Point",
        "coordinates": [
          13.4229265,
          52.4341369
        ]
      },
      "properties": {
        "id": 348929821,
        "osm_type": "way",
        "access": "customers"
      }
    },
    {
      "type": "Feature",
      "geometry": {
        "type": "Point",
        "coordinates": [
          13.4220437,
          52.4372465
        ]
      },
      "properties": {
        "id": 348929822,
        "osm_type": "way",
        "access": "yes"
      }
    },
    {
      "type": "Feature",
      "geometry": {
        "type": "Point",
        "coordinates": [
          13.2439288,
          52.5142737
        ]
      },
      "properties": {
        "id": 349524687,
        "osm_type": "way",
        "name": "Berliner Toilette",
        "access": "yes"
      }
    },
    {
      "type": "Feature",
      "geometry": {
        "type": "Point",
        "coordinates": [
          13.4073431,
          52.5702884
        ]
      },
      "properties": {
        "id": 353507348,
        "osm_type": "way",
        "name": "Berliner Toilette",
        "opening_hours": "24/7",
        "access": "yes"
      }
    },
    {
      "type": "Feature",
      "geometry": {
        "type": "Point",
        "coordinates": [
          13.2164561,
          52.5395848
        ]
      },
      "properties": {
        "id": 359874504,
        "osm_type": "way"
      }
    },
    {
      "type": "Feature",
      "geometry": {
        "type": "Point",
        "coordinates": [
          13.3857613,
          52.4444075
        ]
      },
      "properties": {
        "id": 361154104,
        "osm_type": "way",
        "opening_hours": "24/7"
      }
    },
    {
      "type": "Feature",
      "geometry": {
        "type": "Point",
        "coordinates": [
          13.4887105,
          52.4808766
        ]
      },
      "properties": {
        "id": 364130415,
        "osm_type": "way",
        "opening_hours": "May-Sep: Tu-Su 09:00-19:00",
        "access": "yes"
      }
    },
    {
      "type": "Feature",
      "geometry": {
        "type": "Point",
        "coordinates": [
          13.3227318,
          52.5052387
        ]
      },
      "properties": {
        "id": 367413323,
        "osm_type": "way",
        "name": "Berliner Toilette",
        "opening_hours": "24/7",
        "access": "yes"
      }
    },
    {
      "type": "Feature",
      "geometry": {
        "type": "Point",
        "coordinates": [
          13.3515511,
          52.4333853
        ]
      },
      "properties": {
        "id": 367462255,
        "osm_type": "way"
      }
    },
    {
      "type": "Feature",
      "geometry": {
        "type": "Point",
        "coordinates": [
          13.3861223,
          52.519221
        ]
      },
      "properties": {
        "id": 378150052,
        "osm_type": "way"
      }
    },
    {
      "type": "Feature",
      "geometry": {
        "type": "Point",
        "coordinates": [
          13.3861864,
          52.5192303
        ]
      },
      "properties": {
        "id": 378150064,
        "osm_type": "way"
      }
    },
    {
      "type": "Feature",
      "geometry": {
        "type": "Point",
        "coordinates": [
          13.3660843,
          52.4750186
        ]
      },
      "properties": {
        "id": 381240702,
        "osm_type": "way",
        "opening_hours": "24/7",
        "access": "yes"
      }
    },
    {
      "type": "Feature",
      "geometry": {
        "type": "Point",
        "coordinates": [
          13.3651297,
          52.4766389
        ]
      },
      "properties": {
        "id": 381240849,
        "osm_type": "way",
        "name": "WC",
        "opening_hours": "24/7",
        "access": "yes"
      }
    },
    {
      "type": "Feature",
      "geometry": {
        "type": "Point",
        "coordinates": [
          13.4354459,
          52.5096332
        ]
      },
      "properties": {
        "id": 381418926,
        "osm_type": "way",
        "name": "Rail & Fresh WC",
        "opening_hours": "24/7",
        "access": "customers"
      }
    },
    {
      "type": "Feature",
      "geometry": {
        "type": "Point",
        "coordinates": [
          13.3264176,
          52.4828947
        ]
      },
      "properties": {
        "id": 382546417,
        "osm_type": "way",
        "name": "Berliner Toilette",
        "access": "yes"
      }
    },
    {
      "type": "Feature",
      "geometry": {
        "type": "Point",
        "coordinates": [
          13.4691343,
          52.5112086
        ]
      },
      "properties": {
        "id": 389457653,
        "osm_type": "way",
        "name": "Berliner Toilette",
        "opening_hours": "24/7",
        "access": "yes"
      }
    },
    {
      "type": "Feature",
      "geometry": {
        "type": "Point",
        "coordinates": [
          13.3511075,
          52.5435521
        ]
      },
      "properties": {
        "id": 392576119,
        "osm_type": "way",
        "access": "yes"
      }
    },
    {
      "type": "Feature",
      "geometry": {
        "type": "Point",
        "coordinates": [
          13.3511552,
          52.5435771
        ]
      },
      "properties": {
        "id": 392576120,
        "osm_type": "way",
        "access": "yes"
      }
    },
    {
      "type": "Feature",
      "geometry": {
        "type": "Point",
        "coordinates": [
          13.350134,
          52.5430453
        ]
      },
      "properties": {
        "id": 392576121,
        "osm_type": "way",
        "access": "yes"
      }
    },
    {
      "type": "Feature",
      "geometry": {
        "type": "Point",
        "coordinates": [
          13.3511319,
          52.543565
        ]
      },
      "properties": {
        "id": 392576123,
        "osm_type": "way",
        "access": "yes"
      }
    },
    {
      "type": "Feature",
      "geometry": {
        "type": "Point",
        "coordinates": [
          13.3501677,
          52.5430628
        ]
      },
      "properties": {
        "id": 392576124,
        "osm_type": "way",
        "access": "yes"
      }
    },
    {
      "type": "Feature",
      "geometry": {
        "type": "Point",
        "coordinates": [
          13.3511552,
          52.5435771
        ]
      },
      "properties": {
        "id": 392576264,
        "osm_type": "way",
        "access": "yes"
      }
    },
    {
      "type": "Feature",
      "geometry": {
        "type": "Point",
        "coordinates": [
          13.3511552,
          52.5435771
        ]
      },
      "properties": {
        "id": 392576265,
        "osm_type": "way",
        "access": "yes"
      }
    },
    {
      "type": "Feature",
      "geometry": {
        "type": "Point",
        "coordinates": [
          13.3511532,
          52.5435761
        ]
      },
      "properties": {
        "id": 392576266,
        "osm_type": "way",
        "access": "yes"
      }
    },
    {
      "type": "Feature",
      "geometry": {
        "type": "Point",
        "coordinates": [
          13.3511552,
          52.5435771
        ]
      },
      "properties": {
        "id": 392576267,
        "osm_type": "way",
        "access": "yes"
      }
    },
    {
      "type": "Feature",
      "geometry": {
        "type": "Point",
        "coordinates": [
          13.3511552,
          52.5435771
        ]
      },
      "properties": {
        "id": 392576268,
        "osm_type": "way",
        "access": "yes"
      }
    },
    {
      "type": "Feature",
      "geometry": {
        "type": "Point",
        "coordinates": [
          13.3511319,
          52.543565
        ]
      },
      "properties": {
        "id": 392576269,
        "osm_type": "way",
        "access": "yes"
      }
    },
    {
      "type": "Feature",
      "geometry": {
        "type": "Point",
        "coordinates": [
          13.3511319,
          52.543565
        ]
      },
      "properties": {
        "id": 392576270,
        "osm_type": "way",
        "access": "yes"
      }
    },
    {
      "type": "Feature",
      "geometry": {
        "type": "Point",
        "coordinates": [
          13.3511319,
          52.543565
        ]
      },
      "properties": {
        "id": 392576271,
        "osm_type": "way",
        "access": "yes"
      }
    },
    {
      "type": "Feature",
      "geometry": {
        "type": "Point",
        "coordinates": [
          13.3501676,
          52.5430627
        ]
      },
      "properties": {
        "id": 392576272,
        "osm_type": "way",
        "access": "yes"
      }
    },
    {
      "type": "Feature",
      "geometry": {
        "type": "Point",
        "coordinates": [
          13.3511319,
          52.543565
        ]
      },
      "properties": {
        "id": 392576273,
        "osm_type": "way",
        "access": "yes"
      }
    },
    {
      "type": "Feature",
      "geometry": {
        "type": "Point",
        "coordinates": [
          13.3501675,
          52.5430629
        ]
      },
      "properties": {
        "id": 392576274,
        "osm_type": "way",
        "access": "yes"
      }
    },
    {
      "type": "Feature",
      "geometry": {
        "type": "Point",
        "coordinates": [
          13.3501335,
          52.5430453
        ]
      },
      "properties": {
        "id": 392576275,
        "osm_type": "way",
        "access": "yes"
      }
    },
    {
      "type": "Feature",
      "geometry": {
        "type": "Point",
        "coordinates": [
          13.3501334,
          52.5430453
        ]
      },
      "properties": {
        "id": 392576276,
        "osm_type": "way",
        "access": "yes"
      }
    },
    {
      "type": "Feature",
      "geometry": {
        "type": "Point",
        "coordinates": [
          13.3510664,
          52.5435304
        ]
      },
      "properties": {
        "id": 392576277,
        "osm_type": "way",
        "access": "yes"
      }
    },
    {
      "type": "Feature",
      "geometry": {
        "type": "Point",
        "coordinates": [
          13.3501674,
          52.5430628
        ]
      },
      "properties": {
        "id": 392576279,
        "osm_type": "way",
        "access": "yes"
      }
    },
    {
      "type": "Feature",
      "geometry": {
        "type": "Point",
        "coordinates": [
          13.3501336,
          52.5430453
        ]
      },
      "properties": {
        "id": 392576281,
        "osm_type": "way",
        "access": "yes"
      }
    },
    {
      "type": "Feature",
      "geometry": {
        "type": "Point",
        "coordinates": [
          13.3501676,
          52.5430629
        ]
      },
      "properties": {
        "id": 392576282,
        "osm_type": "way",
        "access": "yes"
      }
    },
    {
      "type": "Feature",
      "geometry": {
        "type": "Point",
        "coordinates": [
          13.3501676,
          52.5430628
        ]
      },
      "properties": {
        "id": 392576283,
        "osm_type": "way",
        "access": "yes"
      }
    },
    {
      "type": "Feature",
      "geometry": {
        "type": "Point",
        "coordinates": [
          13.3501336,
          52.5430453
        ]
      },
      "properties": {
        "id": 392576284,
        "osm_type": "way",
        "access": "yes"
      }
    },
    {
      "type": "Feature",
      "geometry": {
        "type": "Point",
        "coordinates": [
          13.3501335,
          52.5430453
        ]
      },
      "properties": {
        "id": 392576287,
        "osm_type": "way"
      }
    },
    {
      "type": "Feature",
      "geometry": {
        "type": "Point",
        "coordinates": [
          13.351114,
          52.5435553
        ]
      },
      "properties": {
        "id": 392576288,
        "osm_type": "way",
        "access": "yes"
      }
    },
    {
      "type": "Feature",
      "geometry": {
        "type": "Point",
        "coordinates": [
          13.3886825,
          52.549148
        ]
      },
      "properties": {
        "id": 392604604,
        "osm_type": "way",
        "name": "Sanifair",
        "opening_hours": "Mo-Su 07:00-24:00",
        "access": "yes"
      }
    },
    {
      "type": "Feature",
      "geometry": {
        "type": "Point",
        "coordinates": [
          13.3690095,
          52.5248315
        ]
      },
      "properties": {
        "id": 403077776,
        "osm_type": "way",
        "name": "rail&fresh",
        "opening_hours": "24/7",
        "access": "yes"
      }
    },
    {
      "type": "Feature",
      "geometry": {
        "type": "Point",
        "coordinates": [
          13.3551164,
          52.5447393
        ]
      },
      "properties": {
        "id": 412968442,
        "osm_type": "way",
        "access": "yes"
      }
    },
    {
      "type": "Feature",
      "geometry": {
        "type": "Point",
        "coordinates": [
          13.3545205,
          52.5451006
        ]
      },
      "properties": {
        "id": 412968444,
        "osm_type": "way",
        "access": "yes"
      }
    },
    {
      "type": "Feature",
      "geometry": {
        "type": "Point",
        "coordinates": [
          13.3550459,
          52.5447856
        ]
      },
      "properties": {
        "id": 412968447,
        "osm_type": "way",
        "access": "yes"
      }
    },
    {
      "type": "Feature",
      "geometry": {
        "type": "Point",
        "coordinates": [
          13.3545246,
          52.5450979
        ]
      },
      "properties": {
        "id": 413372640,
        "osm_type": "way"
      }
    },
    {
      "type": "Feature",
      "geometry": {
        "type": "Point",
        "coordinates": [
          13.3550191,
          52.545351
        ]
      },
      "properties": {
        "id": 413372641,
        "osm_type": "way"
      }
    },
    {
      "type": "Feature",
      "geometry": {
        "type": "Point",
        "coordinates": [
          13.3555126,
          52.5456082
        ]
      },
      "properties": {
        "id": 413372642,
        "osm_type": "way"
      }
    },
    {
      "type": "Feature",
      "geometry": {
        "type": "Point",
        "coordinates": [
          13.3545246,
          52.5450979
        ]
      },
      "properties": {
        "id": 413372643,
        "osm_type": "way"
      }
    },
    {
      "type": "Feature",
      "geometry": {
        "type": "Point",
        "coordinates": [
          13.3550191,
          52.545351
        ]
      },
      "properties": {
        "id": 413372645,
        "osm_type": "way",
        "name": "Herren-WC"
      }
    },
    {
      "type": "Feature",
      "geometry": {
        "type": "Point",
        "coordinates": [
          13.3550191,
          52.545351
        ]
      },
      "properties": {
        "id": 413391345,
        "osm_type": "way"
      }
    },
    {
      "type": "Feature",
      "geometry": {
        "type": "Point",
        "coordinates": [
          13.3555126,
          52.5456082
        ]
      },
      "properties": {
        "id": 413391346,
        "osm_type": "way"
      }
    },
    {
      "type": "Feature",
      "geometry": {
        "type": "Point",
        "coordinates": [
          13.3545246,
          52.5450979
        ]
      },
      "properties": {
        "id": 413391347,
        "osm_type": "way"
      }
    },
    {
      "type": "Feature",
      "geometry": {
        "type": "Point",
        "coordinates": [
          13.3545784,
          52.5450599
        ]
      },
      "properties": {
        "id": 413680992,
        "osm_type": "way",
        "access": "yes"
      }
    },
    {
      "type": "Feature",
      "geometry": {
        "type": "Point",
        "coordinates": [
          13.355077,
          52.5453098
        ]
      },
      "properties": {
        "id": 413680993,
        "osm_type": "way",
        "access": "yes"
      }
    },
    {
      "type": "Feature",
      "geometry": {
        "type": "Point",
        "coordinates": [
          13.3555713,
          52.5455668
        ]
      },
      "properties": {
        "id": 413680994,
        "osm_type": "way",
        "access": "yes"
      }
    },
    {
      "type": "Feature",
      "geometry": {
        "type": "Point",
        "coordinates": [
          13.3555126,
          52.5456082
        ]
      },
      "properties": {
        "id": 413680995,
        "osm_type": "way",
        "access": "yes"
      }
    },
    {
      "type": "Feature",
      "geometry": {
        "type": "Point",
        "coordinates": [
          13.3550187,
          52.545351
        ]
      },
      "properties": {
        "id": 413680996,
        "osm_type": "way",
        "access": "yes"
      }
    },
    {
      "type": "Feature",
      "geometry": {
        "type": "Point",
        "coordinates": [
          13.354596,
          52.5450561
        ]
      },
      "properties": {
        "id": 414176622,
        "osm_type": "way"
      }
    },
    {
      "type": "Feature",
      "geometry": {
        "type": "Point",
        "coordinates": [
          13.3555876,
          52.5455606
        ]
      },
      "properties": {
        "id": 414176623,
        "osm_type": "way"
      }
    },
    {
      "type": "Feature",
      "geometry": {
        "type": "Point",
        "coordinates": [
          13.3550902,
          52.545307
        ]
      },
      "properties": {
        "id": 414176624,
        "osm_type": "way"
      }
    },
    {
      "type": "Feature",
      "geometry": {
        "type": "Point",
        "coordinates": [
          13.3555229,
          52.5456063
        ]
      },
      "properties": {
        "id": 414176626,
        "osm_type": "way"
      }
    },
    {
      "type": "Feature",
      "geometry": {
        "type": "Point",
        "coordinates": [
          13.3545314,
          52.5451015
        ]
      },
      "properties": {
        "id": 414176627,
        "osm_type": "way"
      }
    },
    {
      "type": "Feature",
      "geometry": {
        "type": "Point",
        "coordinates": [
          13.3550271,
          52.5453522
        ]
      },
      "properties": {
        "id": 414176628,
        "osm_type": "way"
      }
    },
    {
      "type": "Feature",
      "geometry": {
        "type": "Point",
        "coordinates": [
          13.3555126,
          52.5456082
        ]
      },
      "properties": {
        "id": 414176629,
        "osm_type": "way"
      }
    },
    {
      "type": "Feature",
      "geometry": {
        "type": "Point",
        "coordinates": [
          13.3511088,
          52.5435527
        ]
      },
      "properties": {
        "id": 419250062,
        "osm_type": "way",
        "access": "yes"
      }
    },
    {
      "type": "Feature",
      "geometry": {
        "type": "Point",
        "coordinates": [
          13.3511089,
          52.5435528
        ]
      },
      "properties": {
        "id": 419321027,
        "osm_type": "way",
        "access": "yes"
      }
    },
    {
      "type": "Feature",
      "geometry": {
        "type": "Point",
        "coordinates": [
          13.3556084,
          52.5455405
        ]
      },
      "properties": {
        "id": 419765889,
        "osm_type": "way",
        "access": "yes"
      }
    },
    {
      "type": "Feature",
      "geometry": {
        "type": "Point",
        "coordinates": [
          13.3551133,
          52.5452837
        ]
      },
      "properties": {
        "id": 419780472,
        "osm_type": "way",
        "access": "yes"
      }
    },
    {
      "type": "Feature",
      "geometry": {
        "type": "Point",
        "coordinates": [
          13.3550566,
          52.5448294
        ]
      },
      "properties": {
        "id": 419845162,
        "osm_type": "way",
        "access": "yes"
      }
    },
    {
      "type": "Feature",
      "geometry": {
        "type": "Point",
        "coordinates": [
          13.355056,
          52.544745
        ]
      },
      "properties": {
        "id": 419845163,
        "osm_type": "way",
        "access": "yes"
      }
    },
    {
      "type": "Feature",
      "geometry": {
        "type": "Point",
        "coordinates": [
          13.35462,
          52.5450306
        ]
      },
      "properties": {
        "id": 422037678,
        "osm_type": "way"
      }
    },
    {
      "type": "Feature",
      "geometry": {
        "type": "Point",
        "coordinates": [
          13.1981348,
          52.5342995
        ]
      },
      "properties": {
        "id": 423847745,
        "osm_type": "way",
        "name": "rail & fresh WC",
        "opening_hours": "06:00-22:00",
        "access": "yes"
      }
    },
    {
      "type": "Feature",
      "geometry": {
        "type": "Point",
        "coordinates": [
          13.3516223,
          52.5503744
        ]
      },
      "properties": {
        "id": 426310720,
        "osm_type": "way",
        "name": "City Toilette",
        "opening_hours": "24/7"
      }
    },
    {
      "type": "Feature",
      "geometry": {
        "type": "Point",
        "coordinates": [
          13.4973094,
          52.5092513
        ]
      },
      "properties": {
        "id": 430955084,
        "osm_type": "way",
        "name": "Bahnhofstoilette Lichtenberg",
        "opening_hours": "06:00-22:00",
        "access": "yes"
      }
    },
    {
      "type": "Feature",
      "geometry": {
        "type": "Point",
        "coordinates": [
          13.3074547,
          52.6161612
        ]
      },
      "properties": {
        "id": 439898467,
        "osm_type": "way",
        "name": "Toilette Café Achteck",
        "access": "yes"
      }
    },
    {
      "type": "Feature",
      "geometry": {
        "type": "Point",
        "coordinates": [
          13.2716106,
          52.5012421
        ]
      },
      "properties": {
        "id": 442400430,
        "osm_type": "way"
      }
    },
    {
      "type": "Feature",
      "geometry": {
        "type": "Point",
        "coordinates": [
          13.2688042,
          52.5025533
        ]
      },
      "properties": {
        "id": 442400431,
        "osm_type": "way"
      }
    },
    {
      "type": "Feature",
      "geometry": {
        "type": "Point",
        "coordinates": [
          13.2723157,
          52.5018192
        ]
      },
      "properties": {
        "id": 442400432,
        "osm_type": "way"
      }
    },
    {
      "type": "Feature",
      "geometry": {
        "type": "Point",
        "coordinates": [
          13.2722615,
          52.5017764
        ]
      },
      "properties": {
        "id": 442400433,
        "osm_type": "way"
      }
    },
    {
      "type": "Feature",
      "geometry": {
        "type": "Point",
        "coordinates": [
          13.2695412,
          52.5031125
        ]
      },
      "properties": {
        "id": 442400434,
        "osm_type": "way"
      }
    },
    {
      "type": "Feature",
      "geometry": {
        "type": "Point",
        "coordinates": [
          13.2694876,
          52.50307
        ]
      },
      "properties": {
        "id": 442400435,
        "osm_type": "way"
      }
    },
    {
      "type": "Feature",
      "geometry": {
        "type": "Point",
        "coordinates": [
          13.2687467,
          52.5024801
        ]
      },
      "properties": {
        "id": 442400438,
        "osm_type": "way"
      }
    },
    {
      "type": "Feature",
      "geometry": {
        "type": "Point",
        "coordinates": [
          13.2715133,
          52.5011873
        ]
      },
      "properties": {
        "id": 442400441,
        "osm_type": "way"
      }
    },
    {
      "type": "Feature",
      "geometry": {
        "type": "Point",
        "coordinates": [
          13.2695406,
          52.5031127
        ]
      },
      "properties": {
        "id": 442407481,
        "osm_type": "way"
      }
    },
    {
      "type": "Feature",
      "geometry": {
        "type": "Point",
        "coordinates": [
          13.2723157,
          52.5018192
        ]
      },
      "properties": {
        "id": 442407482,
        "osm_type": "way"
      }
    },
    {
      "type": "Feature",
      "geometry": {
        "type": "Point",
        "coordinates": [
          13.2688041,
          52.5025535
        ]
      },
      "properties": {
        "id": 442407483,
        "osm_type": "way"
      }
    },
    {
      "type": "Feature",
      "geometry": {
        "type": "Point",
        "coordinates": [
          13.2716106,
          52.5012421
        ]
      },
      "properties": {
        "id": 442407484,
        "osm_type": "way"
      }
    },
    {
      "type": "Feature",
      "geometry": {
        "type": "Point",
        "coordinates": [
          13.2694873,
          52.5030706
        ]
      },
      "properties": {
        "id": 442407485,
        "osm_type": "way"
      }
    },
    {
      "type": "Feature",
      "geometry": {
        "type": "Point",
        "coordinates": [
          13.2722615,
          52.5017766
        ]
      },
      "properties": {
        "id": 442407486,
        "osm_type": "way"
      }
    },
    {
      "type": "Feature",
      "geometry": {
        "type": "Point",
        "coordinates": [
          13.2687462,
          52.5024801
        ]
      },
      "properties": {
        "id": 442407487,
        "osm_type": "way"
      }
    },
    {
      "type": "Feature",
      "geometry": {
        "type": "Point",
        "coordinates": [
          13.2715138,
          52.5011871
        ]
      },
      "properties": {
        "id": 442407488,
        "osm_type": "way"
      }
    },
    {
      "type": "Feature",
      "geometry": {
        "type": "Point",
        "coordinates": [
          13.4219669,
          52.4776693
        ]
      },
      "properties": {
        "id": 447086272,
        "osm_type": "way",
        "name": "City Toilette",
        "opening_hours": "24/7",
        "access": "yes"
      }
    },
    {
      "type": "Feature",
      "geometry": {
        "type": "Point",
        "coordinates": [
          13.4329855,
          52.5235167
        ]
      },
      "properties": {
        "id": 447531498,
        "osm_type": "way",
        "name": "Berliner Toilette",
        "opening_hours": "24/7",
        "access": "yes"
      }
    },
    {
      "type": "Feature",
      "geometry": {
        "type": "Point",
        "coordinates": [
          13.3511091,
          52.5435527
        ]
      },
      "properties": {
        "id": 448570216,
        "osm_type": "way",
        "access": "yes"
      }
    },
    {
      "type": "Feature",
      "geometry": {
        "type": "Point",
        "coordinates": [
          13.4279118,
          52.4744836
        ]
      },
      "properties": {
        "id": 449121184,
        "osm_type": "way",
        "access": "key"
      }
    },
    {
      "type": "Feature",
      "geometry": {
        "type": "Point",
        "coordinates": [
          13.4252899,
          52.487628
        ]
      },
      "properties": {
        "id": 451474038,
        "osm_type": "way"
      }
    },
    {
      "type": "Feature",
      "geometry": {
        "type": "Point",
        "coordinates": [
          13.5549018,
          52.513416
        ]
      },
      "properties": {
        "id": 452885760,
        "osm_type": "way",
        "name": "Berliner Toilette",
        "opening_hours": "24/7",
        "access": "yes"
      }
    },
    {
      "type": "Feature",
      "geometry": {
        "type": "Point",
        "coordinates": [
          13.420818,
          52.5486573
        ]
      },
      "properties": {
        "id": 457034447,
        "osm_type": "way",
        "name": "Berliner Toilette",
        "opening_hours": "24/7",
        "access": "yes"
      }
    },
    {
      "type": "Feature",
      "geometry": {
        "type": "Point",
        "coordinates": [
          13.3480672,
          52.5260847
        ]
      },
      "properties": {
        "id": 458526762,
        "osm_type": "way",
        "opening_hours": "24/7",
        "access": "yes"
      }
    },
    {
      "type": "Feature",
      "geometry": {
        "type": "Point",
        "coordinates": [
          13.3766979,
          52.5094165
        ]
      },
      "properties": {
        "id": 464904489,
        "osm_type": "way",
        "name": "rail & fresh",
        "access": "yes"
      }
    },
    {
      "type": "Feature",
      "geometry": {
        "type": "Point",
        "coordinates": [
          13.5190551,
          52.4709303
        ]
      },
      "properties": {
        "id": 474350759,
        "osm_type": "way",
        "access": "customers"
      }
    },
    {
      "type": "Feature",
      "geometry": {
        "type": "Point",
        "coordinates": [
          13.4170007,
          52.5356351
        ]
      },
      "properties": {
        "id": 476994604,
        "osm_type": "way",
        "opening_hours": "24/7",
        "access": "yes"
      }
    },
    {
      "type": "Feature",
      "geometry": {
        "type": "Point",
        "coordinates": [
          13.3527435,
          52.5444669
        ]
      },
      "properties": {
        "id": 486560137,
        "osm_type": "way"
      }
    },
    {
      "type": "Feature",
      "geometry": {
        "type": "Point",
        "coordinates": [
          13.3527659,
          52.544639
        ]
      },
      "properties": {
        "id": 486560140,
        "osm_type": "way"
      }
    },
    {
      "type": "Feature",
      "geometry": {
        "type": "Point",
        "coordinates": [
          13.3522852,
          52.5448641
        ]
      },
      "properties": {
        "id": 486560144,
        "osm_type": "way"
      }
    },
    {
      "type": "Feature",
      "geometry": {
        "type": "Point",
        "coordinates": [
          13.352731,
          52.5444741
        ]
      },
      "properties": {
        "id": 486560147,
        "osm_type": "way"
      }
    },
    {
      "type": "Feature",
      "geometry": {
        "type": "Point",
        "coordinates": [
          13.352756,
          52.5444597
        ]
      },
      "properties": {
        "id": 486560149,
        "osm_type": "way"
      }
    },
    {
      "type": "Feature",
      "geometry": {
        "type": "Point",
        "coordinates": [
          13.3533936,
          52.5447074
        ]
      },
      "properties": {
        "id": 486560173,
        "osm_type": "way"
      }
    },
    {
      "type": "Feature",
      "geometry": {
        "type": "Point",
        "coordinates": [
          13.3527602,
          52.5444576
        ]
      },
      "properties": {
        "id": 486560184,
        "osm_type": "way"
      }
    },
    {
      "type": "Feature",
      "geometry": {
        "type": "Point",
        "coordinates": [
          13.3523437,
          52.5441711
        ]
      },
      "properties": {
        "id": 486560191,
        "osm_type": "way"
      }
    },
    {
      "type": "Feature",
      "geometry": {
        "type": "Point",
        "coordinates": [
          13.3522668,
          52.5441328
        ]
      },
      "properties": {
        "id": 486560195,
        "osm_type": "way"
      }
    },
    {
      "type": "Feature",
      "geometry": {
        "type": "Point",
        "coordinates": [
          13.3527377,
          52.5444737
        ]
      },
      "properties": {
        "id": 486560199,
        "osm_type": "way"
      }
    },
    {
      "type": "Feature",
      "geometry": {
        "type": "Point",
        "coordinates": [
          13.3533528,
          52.5447155
        ]
      },
      "properties": {
        "id": 486560208,
        "osm_type": "way"
      }
    },
    {
      "type": "Feature",
      "geometry": {
        "type": "Point",
        "coordinates": [
          13.3527588,
          52.5444579
        ]
      },
      "properties": {
        "id": 486560222,
        "osm_type": "way"
      }
    },
    {
      "type": "Feature",
      "geometry": {
        "type": "Point",
        "coordinates": [
          13.3527438,
          52.5444668
        ]
      },
      "properties": {
        "id": 486560225,
        "osm_type": "way"
      }
    },
    {
      "type": "Feature",
      "geometry": {
        "type": "Point",
        "coordinates": [
          13.35276,
          52.5444571
        ]
      },
      "properties": {
        "id": 486560228,
        "osm_type": "way"
      }
    },
    {
      "type": "Feature",
      "geometry": {
        "type": "Point",
        "coordinates": [
          13.3527438,
          52.5444668
        ]
      },
      "properties": {
        "id": 486560230,
        "osm_type": "way"
      }
    },
    {
      "type": "Feature",
      "geometry": {
        "type": "Point",
        "coordinates": [
          13.3527322,
          52.5444732
        ]
      },
      "properties": {
        "id": 486560233,
        "osm_type": "way"
      }
    },
    {
      "type": "Feature",
      "geometry": {
        "type": "Point",
        "coordinates": [
          13.3527438,
          52.5444668
        ]
      },
      "properties": {
        "id": 486560250,
        "osm_type": "way"
      }
    },
    {
      "type": "Feature",
      "geometry": {
        "type": "Point",
        "coordinates": [
          13.35276,
          52.5444571
        ]
      },
      "properties": {
        "id": 486560255,
        "osm_type": "way"
      }
    },
    {
      "type": "Feature",
      "geometry": {
        "type": "Point",
        "coordinates": [
          13.3527322,
          52.5444732
        ]
      },
      "properties": {
        "id": 486560257,
        "osm_type": "way"
      }
    },
    {
      "type": "Feature",
      "geometry": {
        "type": "Point",
        "coordinates": [
          13.3527438,
          52.5444668
        ]
      },
      "properties": {
        "id": 486560268,
        "osm_type": "way"
      }
    },
    {
      "type": "Feature",
      "geometry": {
        "type": "Point",
        "coordinates": [
          13.35276,
          52.5444571
        ]
      },
      "properties": {
        "id": 486560271,
        "osm_type": "way"
      }
    },
    {
      "type": "Feature",
      "geometry": {
        "type": "Point",
        "coordinates": [
          13.3527322,
          52.5444732
        ]
      },
      "properties": {
        "id": 486560284,
        "osm_type": "way"
      }
    },
    {
      "type": "Feature",
      "geometry": {
        "type": "Point",
        "coordinates": [
          13.6276161,
          52.4443291
        ]
      },
      "properties": {
        "id": 495922221,
        "osm_type": "way"
      }
    },
    {
      "type": "Feature",
      "geometry": {
        "type": "Point",
        "coordinates": [
          13.3952526,
          52.5230539
        ]
      },
      "properties": {
        "id": 505765146,
        "osm_type": "way",
        "access": "yes"
      }
    },
    {
      "type": "Feature",
      "geometry": {
        "type": "Point",
        "coordinates": [
          13.541907,
          52.5748911
        ]
      },
      "properties": {
        "id": 505945592,
        "osm_type": "way"
      }
    },
    {
      "type": "Feature",
      "geometry": {
        "type": "Point",
        "coordinates": [
          13.351721,
          52.5455654
        ]
      },
      "properties": {
        "id": 506066490,
        "osm_type": "way"
      }
    },
    {
      "type": "Feature",
      "geometry": {
        "type": "Point",
        "coordinates": [
          13.3517319,
          52.545562
        ]
      },
      "properties": {
        "id": 506066598,
        "osm_type": "way"
      }
    },
    {
      "type": "Feature",
      "geometry": {
        "type": "Point",
        "coordinates": [
          13.3508913,
          52.5451818
        ]
      },
      "properties": {
        "id": 506066609,
        "osm_type": "way",
        "access": "no"
      }
    },
    {
      "type": "Feature",
      "geometry": {
        "type": "Point",
        "coordinates": [
          13.3521366,
          52.5451384
        ]
      },
      "properties": {
        "id": 506066613,
        "osm_type": "way"
      }
    },
    {
      "type": "Feature",
      "geometry": {
        "type": "Point",
        "coordinates": [
          13.3516833,
          52.5455925
        ]
      },
      "properties": {
        "id": 506066616,
        "osm_type": "way"
      }
    },
    {
      "type": "Feature",
      "geometry": {
        "type": "Point",
        "coordinates": [
          13.3522169,
          52.5451788
        ]
      },
      "properties": {
        "id": 506066651,
        "osm_type": "way"
      }
    },
    {
      "type": "Feature",
      "geometry": {
        "type": "Point",
        "coordinates": [
          13.3513925,
          52.5447853
        ]
      },
      "properties": {
        "id": 506066655,
        "osm_type": "way"
      }
    },
    {
      "type": "Feature",
      "geometry": {
        "type": "Point",
        "coordinates": [
          13.3514361,
          52.544777
        ]
      },
      "properties": {
        "id": 506066688,
        "osm_type": "way"
      }
    },
    {
      "type": "Feature",
      "geometry": {
        "type": "Point",
        "coordinates": [
          13.3509232,
          52.5451589
        ]
      },
      "properties": {
        "id": 506066695,
        "osm_type": "way",
        "access": "no"
      }
    },
    {
      "type": "Feature",
      "geometry": {
        "type": "Point",
        "coordinates": [
          13.351669,
          52.5455851
        ]
      },
      "properties": {
        "id": 506066757,
        "osm_type": "way"
      }
    },
    {
      "type": "Feature",
      "geometry": {
        "type": "Point",
        "coordinates": [
          13.3509085,
          52.5451546
        ]
      },
      "properties": {
        "id": 506066759,
        "osm_type": "way"
      }
    },
    {
      "type": "Feature",
      "geometry": {
        "type": "Point",
        "coordinates": [
          13.3514361,
          52.544777
        ]
      },
      "properties": {
        "id": 506066763,
        "osm_type": "way"
      }
    },
    {
      "type": "Feature",
      "geometry": {
        "type": "Point",
        "coordinates": [
          13.352217,
          52.5451788
        ]
      },
      "properties": {
        "id": 506066773,
        "osm_type": "way"
      }
    },
    {
      "type": "Feature",
      "geometry": {
        "type": "Point",
        "coordinates": [
          13.3508863,
          52.5451704
        ]
      },
      "properties": {
        "id": 506066775,
        "osm_type": "way"
      }
    },
    {
      "type": "Feature",
      "geometry": {
        "type": "Point",
        "coordinates": [
          13.3508659,
          52.5451849
        ]
      },
      "properties": {
        "id": 506066779,
        "osm_type": "way"
      }
    },
    {
      "type": "Feature",
      "geometry": {
        "type": "Point",
        "coordinates": [
          13.3521399,
          52.5451401
        ]
      },
      "properties": {
        "id": 506066780,
        "osm_type": "way"
      }
    },
    {
      "type": "Feature",
      "geometry": {
        "type": "Point",
        "coordinates": [
          13.3513925,
          52.5447853
        ]
      },
      "properties": {
        "id": 506066790,
        "osm_type": "way"
      }
    },
    {
      "type": "Feature",
      "geometry": {
        "type": "Point",
        "coordinates": [
          13.3514361,
          52.544777
        ]
      },
      "properties": {
        "id": 506066793,
        "osm_type": "way"
      }
    },
    {
      "type": "Feature",
      "geometry": {
        "type": "Point",
        "coordinates": [
          13.3513925,
          52.5447853
        ]
      },
      "properties": {
        "id": 506066795,
        "osm_type": "way"
      }
    },
    {
      "type": "Feature",
      "geometry": {
        "type": "Point",
        "coordinates": [
          13.3508835,
          52.5451776
        ]
      },
      "properties": {
        "id": 506066816,
        "osm_type": "way"
      }
    },
    {
      "type": "Feature",
      "geometry": {
        "type": "Point",
        "coordinates": [
          13.3516833,
          52.5455925
        ]
      },
      "properties": {
        "id": 506066823,
        "osm_type": "way"
      }
    },
    {
      "type": "Feature",
      "geometry": {
        "type": "Point",
        "coordinates": [
          13.3521401,
          52.5451402
        ]
      },
      "properties": {
        "id": 506066833,
        "osm_type": "way"
      }
    },
    {
      "type": "Feature",
      "geometry": {
        "type": "Point",
        "coordinates": [
          13.350915,
          52.5451544
        ]
      },
      "properties": {
        "id": 506066836,
        "osm_type": "way"
      }
    },
    {
      "type": "Feature",
      "geometry": {
        "type": "Point",
        "coordinates": [
          13.3522171,
          52.5451788
        ]
      },
      "properties": {
        "id": 506066837,
        "osm_type": "way"
      }
    },
    {
      "type": "Feature",
      "geometry": {
        "type": "Point",
        "coordinates": [
          13.3516347,
          52.5455676
        ]
      },
      "properties": {
        "id": 506066838,
        "osm_type": "way"
      }
    },
    {
      "type": "Feature",
      "geometry": {
        "type": "Point",
        "coordinates": [
          13.3513925,
          52.5447854
        ]
      },
      "properties": {
        "id": 506066842,
        "osm_type": "way"
      }
    },
    {
      "type": "Feature",
      "geometry": {
        "type": "Point",
        "coordinates": [
          13.3514361,
          52.544777
        ]
      },
      "properties": {
        "id": 506066848,
        "osm_type": "way"
      }
    },
    {
      "type": "Feature",
      "geometry": {
        "type": "Point",
        "coordinates": [
          13.3522366,
          52.5451881
        ]
      },
      "properties": {
        "id": 506066849,
        "osm_type": "way"
      }
    },
    {
      "type": "Feature",
      "geometry": {
        "type": "Point",
        "coordinates": [
          13.3521683,
          52.5451545
        ]
      },
      "properties": {
        "id": 506066855,
        "osm_type": "way"
      }
    },
    {
      "type": "Feature",
      "geometry": {
        "type": "Point",
        "coordinates": [
          13.350877,
          52.5451884
        ]
      },
      "properties": {
        "id": 506066859,
        "osm_type": "way"
      }
    },
    {
      "type": "Feature",
      "geometry": {
        "type": "Point",
        "coordinates": [
          13.3517211,
          52.5455654
        ]
      },
      "properties": {
        "id": 506066865,
        "osm_type": "way"
      }
    },
    {
      "type": "Feature",
      "geometry": {
        "type": "Point",
        "coordinates": [
          13.3509053,
          52.545176
        ]
      },
      "properties": {
        "id": 506066866,
        "osm_type": "way"
      }
    },
    {
      "type": "Feature",
      "geometry": {
        "type": "Point",
        "coordinates": [
          13.3516657,
          52.5455832
        ]
      },
      "properties": {
        "id": 506066871,
        "osm_type": "way"
      }
    },
    {
      "type": "Feature",
      "geometry": {
        "type": "Point",
        "coordinates": [
          13.3509234,
          52.5451588
        ]
      },
      "properties": {
        "id": 506066873,
        "osm_type": "way"
      }
    },
    {
      "type": "Feature",
      "geometry": {
        "type": "Point",
        "coordinates": [
          13.3513372,
          52.5447926
        ]
      },
      "properties": {
        "id": 506066874,
        "osm_type": "way"
      }
    },
    {
      "type": "Feature",
      "geometry": {
        "type": "Point",
        "coordinates": [
          13.351413,
          52.5447809
        ]
      },
      "properties": {
        "id": 506066876,
        "osm_type": "way"
      }
    },
    {
      "type": "Feature",
      "geometry": {
        "type": "Point",
        "coordinates": [
          13.3513969,
          52.5447727
        ]
      },
      "properties": {
        "id": 506066879,
        "osm_type": "way"
      }
    },
    {
      "type": "Feature",
      "geometry": {
        "type": "Point",
        "coordinates": [
          13.3282819,
          52.4789695
        ]
      },
      "properties": {
        "id": 531773028,
        "osm_type": "way",
        "name": "Berliner Toilette",
        "opening_hours": "24/7",
        "access": "yes"
      }
    },
    {
      "type": "Feature",
      "geometry": {
        "type": "Point",
        "coordinates": [
          13.2904399,
          52.4757883
        ]
      },
      "properties": {
        "id": 551121491,
        "osm_type": "way",
        "name": "Berliner Toilette",
        "opening_hours": "24/7",
        "access": "yes"
      }
    },
    {
      "type": "Feature",
      "geometry": {
        "type": "Point",
        "coordinates": [
          13.3301176,
          52.5553583
        ]
      },
      "properties": {
        "id": 561853635,
        "osm_type": "way",
        "access": "customers"
      }
    },
    {
      "type": "Feature",
      "geometry": {
        "type": "Point",
        "coordinates": [
          13.4429332,
          52.5160706
        ]
      },
      "properties": {
        "id": 585057981,
        "osm_type": "way",
        "opening_hours": "24/7",
        "access": "yes"
      }
    },
    {
      "type": "Feature",
      "geometry": {
        "type": "Point",
        "coordinates": [
          13.441469,
          52.495182
        ]
      },
      "properties": {
        "id": 589626496,
        "osm_type": "way"
      }
    },
    {
      "type": "Feature",
      "geometry": {
        "type": "Point",
        "coordinates": [
          13.2639463,
          52.5017876
        ]
      },
      "properties": {
        "id": 591245430,
        "osm_type": "way"
      }
    },
    {
      "type": "Feature",
      "geometry": {
        "type": "Point",
        "coordinates": [
          13.6090788,
          52.448153
        ]
      },
      "properties": {
        "id": 594291929,
        "osm_type": "way"
      }
    },
    {
      "type": "Feature",
      "geometry": {
        "type": "Point",
        "coordinates": [
          13.4945923,
          52.635647
        ]
      },
      "properties": {
        "id": 604022612,
        "osm_type": "way",
        "name": "Berliner Toilette",
        "opening_hours": "24/7",
        "access": "yes"
      }
    },
    {
      "type": "Feature",
      "geometry": {
        "type": "Point",
        "coordinates": [
          13.5816295,
          52.5338452
        ]
      },
      "properties": {
        "id": 617435914,
        "osm_type": "way"
      }
    },
    {
      "type": "Feature",
      "geometry": {
        "type": "Point",
        "coordinates": [
          13.2720349,
          52.5033674
        ]
      },
      "properties": {
        "id": 618749296,
        "osm_type": "way"
      }
    },
    {
      "type": "Feature",
      "geometry": {
        "type": "Point",
        "coordinates": [
          13.3755283,
          52.5163715
        ]
      },
      "properties": {
        "id": 649565814,
        "osm_type": "way",
        "opening_hours": "24/7",
        "access": "yes"
      }
    },
    {
      "type": "Feature",
      "geometry": {
        "type": "Point",
        "coordinates": [
          13.4223788,
          52.4296107
        ]
      },
      "properties": {
        "id": 662629215,
        "osm_type": "way"
      }
    },
    {
      "type": "Feature",
      "geometry": {
        "type": "Point",
        "coordinates": [
          13.3485694,
          52.5250024
        ]
      },
      "properties": {
        "id": 697131620,
        "osm_type": "way",
        "access": "customers"
      }
    },
    {
      "type": "Feature",
      "geometry": {
        "type": "Point",
        "coordinates": [
          13.5729143,
          52.5363128
        ]
      },
      "properties": {
        "id": 719409083,
        "osm_type": "way"
      }
    },
    {
      "type": "Feature",
      "geometry": {
        "type": "Point",
        "coordinates": [
          13.4853824,
          52.5495378
        ]
      },
      "properties": {
        "id": 720431025,
        "osm_type": "way",
        "access": "customers"
      }
    },
    {
      "type": "Feature",
      "geometry": {
        "type": "Point",
        "coordinates": [
          13.323304,
          52.5410854
        ]
      },
      "properties": {
        "id": 759414112,
        "osm_type": "way",
        "access": "permissive"
      }
    },
    {
      "type": "Feature",
      "geometry": {
        "type": "Point",
        "coordinates": [
          13.3304523,
          52.5119311
        ]
      },
      "properties": {
        "id": 761971888,
        "osm_type": "way",
        "access": "permit"
      }
    },
    {
      "type": "Feature",
      "geometry": {
        "type": "Point",
        "coordinates": [
          13.2435547,
          52.5130222
        ]
      },
      "properties": {
        "id": 764120891,
        "osm_type": "way",
        "name": "Berliner Toilette",
        "opening_hours": "24/7",
        "access": "yes"
      }
    },
    {
      "type": "Feature",
      "geometry": {
        "type": "Point",
        "coordinates": [
          13.2408181,
          52.5122068
        ]
      },
      "properties": {
        "id": 764121532,
        "osm_type": "way",
        "name": "Berliner Toilette",
        "opening_hours": "24/7",
        "access": "yes"
      }
    },
    {
      "type": "Feature",
      "geometry": {
        "type": "Point",
        "coordinates": [
          13.2407025,
          52.5121723
        ]
      },
      "properties": {
        "id": 764121533,
        "osm_type": "way",
        "name": "Berliner Toilette",
        "opening_hours": "24/7",
        "access": "yes"
      }
    },
    {
      "type": "Feature",
      "geometry": {
        "type": "Point",
        "coordinates": [
          13.2993707,
          52.4953331
        ]
      },
      "properties": {
        "id": 784633800,
        "osm_type": "way",
        "name": "Berliner Toilette",
        "opening_hours": "24/7",
        "access": "yes"
      }
    },
    {
      "type": "Feature",
      "geometry": {
        "type": "Point",
        "coordinates": [
          13.5473168,
          52.5009166
        ]
      },
      "properties": {
        "id": 875527609,
        "osm_type": "way",
        "name": "Berliner Toilette",
        "opening_hours": "24/7",
        "access": "yes"
      }
    },
    {
      "type": "Feature",
      "geometry": {
        "type": "Point",
        "coordinates": [
          13.138609,
          52.4723982
        ]
      },
      "properties": {
        "id": 907507954,
        "osm_type": "way",
        "access": "customers"
      }
    },
    {
      "type": "Feature",
      "geometry": {
        "type": "Point",
        "coordinates": [
          13.4454336,
          52.4740652
        ]
      },
      "properties": {
        "id": 908199103,
        "osm_type": "way",
        "opening_hours": "24/7"
      }
    },
    {
      "type": "Feature",
      "geometry": {
        "type": "Point",
        "coordinates": [
          13.2889246,
          52.6319876
        ]
      },
      "properties": {
        "id": 908828742,
        "osm_type": "way",
        "name": "Berliner Toilette",
        "opening_hours": "24/7",
        "access": "yes"
      }
    },
    {
      "type": "Feature",
      "geometry": {
        "type": "Point",
        "coordinates": [
          13.4368411,
          52.4661533
        ]
      },
      "properties": {
        "id": 930321034,
        "osm_type": "way",
        "name": "City Toilette",
        "opening_hours": "24/7",
        "access": "yes"
      }
    },
    {
      "type": "Feature",
      "geometry": {
        "type": "Point",
        "coordinates": [
          13.4493802,
          52.4739264
        ]
      },
      "properties": {
        "id": 941707140,
        "osm_type": "way",
        "opening_hours": "24/7"
      }
    },
    {
      "type": "Feature",
      "geometry": {
        "type": "Point",
        "coordinates": [
          13.3776142,
          52.463961
        ]
      },
      "properties": {
        "id": 943235117,
        "osm_type": "way",
        "name": "City Toilette",
        "opening_hours": "24/7"
      }
    },
    {
      "type": "Feature",
      "geometry": {
        "type": "Point",
        "coordinates": [
          13.4658287,
          52.5571975
        ]
      },
      "properties": {
        "id": 949069061,
        "osm_type": "way",
        "name": "Berliner Toilette",
        "opening_hours": "24/7",
        "access": "yes"
      }
    },
    {
      "type": "Feature",
      "geometry": {
        "type": "Point",
        "coordinates": [
          13.3468204,
          52.5604733
        ]
      },
      "properties": {
        "id": 951654727,
        "osm_type": "way"
      }
    },
    {
      "type": "Feature",
      "geometry": {
        "type": "Point",
        "coordinates": [
          13.3601152,
          52.5476475
        ]
      },
      "properties": {
        "id": 951656369,
        "osm_type": "way"
      }
    },
    {
      "type": "Feature",
      "geometry": {
        "type": "Point",
        "coordinates": [
          13.428361,
          52.4799308
        ]
      },
      "properties": {
        "id": 957155744,
        "osm_type": "way",
        "name": "City Toilette",
        "opening_hours": "24/7",
        "access": "yes"
      }
    },
    {
      "type": "Feature",
      "geometry": {
        "type": "Point",
        "coordinates": [
          13.2819205,
          52.496718
        ]
      },
      "properties": {
        "id": 961343969,
        "osm_type": "way",
        "opening_hours": "May-Sep: 00:00-24:00; Oct-Apr: off",
        "access": "yes"
      }
    },
    {
      "type": "Feature",
      "geometry": {
        "type": "Point",
        "coordinates": [
          13.3708251,
          52.5632787
        ]
      },
      "properties": {
        "id": 964655447,
        "osm_type": "way",
        "name": "Berliner Toilette",
        "access": "yes"
      }
    },
    {
      "type": "Feature",
      "geometry": {
        "type": "Point",
        "coordinates": [
          13.3322692,
          52.5975415
        ]
      },
      "properties": {
        "id": 973508738,
        "osm_type": "way",
        "opening_hours": "24/7"
      }
    },
    {
      "type": "Feature",
      "geometry": {
        "type": "Point",
        "coordinates": [
          13.4151606,
          52.502622
        ]
      },
      "properties": {
        "id": 973566414,
        "osm_type": "way",
        "name": "City Toilette",
        "opening_hours": "24/7",
        "access": "yes"
      }
    },
    {
      "type": "Feature",
      "geometry": {
        "type": "Point",
        "coordinates": [
          13.4390247,
          52.4888085
        ]
      },
      "properties": {
        "id": 982890365,
        "osm_type": "way",
        "name": "City Toilette",
        "opening_hours": "24/7",
        "access": "yes"
      }
    },
    {
      "type": "Feature",
      "geometry": {
        "type": "Point",
        "coordinates": [
          13.1489728,
          52.4525125
        ]
      },
      "properties": {
        "id": 984699992,
        "osm_type": "way",
        "name": "Berliner Toilette",
        "opening_hours": "24/7",
        "access": "yes"
      }
    },
    {
      "type": "Feature",
      "geometry": {
        "type": "Point",
        "coordinates": [
          13.463025,
          52.4245333
        ]
      },
      "properties": {
        "id": 985962764,
        "osm_type": "way",
        "opening_hours": "24/7"
      }
    },
    {
      "type": "Feature",
      "geometry": {
        "type": "Point",
        "coordinates": [
          13.4199754,
          52.5102514
        ]
      },
      "properties": {
        "id": 987497589,
        "osm_type": "way",
        "access": "customers"
      }
    },
    {
      "type": "Feature",
      "geometry": {
        "type": "Point",
        "coordinates": [
          13.2144751,
          52.4402268
        ]
      },
      "properties": {
        "id": 988020122,
        "osm_type": "way",
        "opening_hours": "24/7",
        "access": "yes"
      }
    },
    {
      "type": "Feature",
      "geometry": {
        "type": "Point",
        "coordinates": [
          13.3646731,
          52.6074131
        ]
      },
      "properties": {
        "id": 989075394,
        "osm_type": "way",
        "name": "Berliner Toilette",
        "opening_hours": "24/7",
        "access": "yes"
      }
    },
    {
      "type": "Feature",
      "geometry": {
        "type": "Point",
        "coordinates": [
          13.4415091,
          52.4716619
        ]
      },
      "properties": {
        "id": 989698751,
        "osm_type": "way",
        "opening_hours": "24/7",
        "access": "yes"
      }
    },
    {
      "type": "Feature",
      "geometry": {
        "type": "Point",
        "coordinates": [
          13.4468989,
          52.503243
        ]
      },
      "properties": {
        "id": 992247966,
        "osm_type": "way",
        "opening_hours": "24/7",
        "access": "yes"
      }
    },
    {
      "type": "Feature",
      "geometry": {
        "type": "Point",
        "coordinates": [
          13.3003776,
          52.4564198
        ]
      },
      "properties": {
        "id": 992527100,
        "osm_type": "way",
        "access": "customers"
      }
    },
    {
      "type": "Feature",
      "geometry": {
        "type": "Point",
        "coordinates": [
          13.3537628,
          52.5996606
        ]
      },
      "properties": {
        "id": 998233719,
        "osm_type": "way",
        "name": "Berliner Toilette",
        "opening_hours": "24/7",
        "access": "yes"
      }
    },
    {
      "type": "Feature",
      "geometry": {
        "type": "Point",
        "coordinates": [
          13.5666707,
          52.4868274
        ]
      },
      "properties": {
        "id": 1002606013,
        "osm_type": "way",
        "name": "Berliner Toilette",
        "opening_hours": "24/7",
        "access": "yes"
      }
    },
    {
      "type": "Feature",
      "geometry": {
        "type": "Point",
        "coordinates": [
          13.2694664,
          52.4508462
        ]
      },
      "properties": {
        "id": 1006919710,
        "osm_type": "way",
        "opening_hours": "24/7",
        "access": "yes"
      }
    },
    {
      "type": "Feature",
      "geometry": {
        "type": "Point",
        "coordinates": [
          13.5608968,
          52.5059524
        ]
      },
      "properties": {
        "id": 1015846125,
        "osm_type": "way",
        "name": "Berliner Toilette",
        "opening_hours": "24/7",
        "access": "yes"
      }
    },
    {
      "type": "Feature",
      "geometry": {
        "type": "Point",
        "coordinates": [
          13.4434219,
          52.5007992
        ]
      },
      "properties": {
        "id": 1017243769,
        "osm_type": "way",
        "opening_hours": "24/7",
        "access": "yes"
      }
    },
    {
      "type": "Feature",
      "geometry": {
        "type": "Point",
        "coordinates": [
          13.474043,
          52.4787227
        ]
      },
      "properties": {
        "id": 1022431286,
        "osm_type": "way",
        "name": "Berliner Toilette",
        "opening_hours": "24/7",
        "access": "yes"
      }
    },
    {
      "type": "Feature",
      "geometry": {
        "type": "Point",
        "coordinates": [
          13.5598918,
          52.4794359
        ]
      },
      "properties": {
        "id": 1022447922,
        "osm_type": "way",
        "name": "Berliner Toilette",
        "opening_hours": "24/7",
        "access": "yes"
      }
    },
    {
      "type": "Feature",
      "geometry": {
        "type": "Point",
        "coordinates": [
          13.5884403,
          52.5208509
        ]
      },
      "properties": {
        "id": 1023944554,
        "osm_type": "way",
        "name": "Berliner Toilette",
        "opening_hours": "24/7",
        "access": "yes"
      }
    },
    {
      "type": "Feature",
      "geometry": {
        "type": "Point",
        "coordinates": [
          13.4073632,
          52.4894815
        ]
      },
      "properties": {
        "id": 1025343514,
        "osm_type": "way",
        "opening_hours": "24/7",
        "access": "yes"
      }
    },
    {
      "type": "Feature",
      "geometry": {
        "type": "Point",
        "coordinates": [
          13.432245,
          52.4990794
        ]
      },
      "properties": {
        "id": 1035964576,
        "osm_type": "way",
        "opening_hours": "24/7",
        "access": "yes"
      }
    },
    {
      "type": "Feature",
      "geometry": {
        "type": "Point",
        "coordinates": [
          13.3689139,
          52.4927868
        ]
      },
      "properties": {
        "id": 1036586160,
        "osm_type": "way",
        "name": "City Toilette",
        "opening_hours": "24/7",
        "access": "yes"
      }
    },
    {
      "type": "Feature",
      "geometry": {
        "type": "Point",
        "coordinates": [
          13.4019889,
          52.5419629
        ]
      },
      "properties": {
        "id": 1039428837,
        "osm_type": "way",
        "access": "yes"
      }
    },
    {
      "type": "Feature",
      "geometry": {
        "type": "Point",
        "coordinates": [
          13.3935015,
          52.5563841
        ]
      },
      "properties": {
        "id": 1040571418,
        "osm_type": "way",
        "opening_hours": "24/7",
        "access": "yes"
      }
    },
    {
      "type": "Feature",
      "geometry": {
        "type": "Point",
        "coordinates": [
          13.4723371,
          52.5378073
        ]
      },
      "properties": {
        "id": 1046082950,
        "osm_type": "way",
        "opening_hours": "24/7",
        "access": "yes"
      }
    },
    {
      "type": "Feature",
      "geometry": {
        "type": "Point",
        "coordinates": [
          13.3909815,
          52.4980383
        ]
      },
      "properties": {
        "id": 1049691397,
        "osm_type": "way",
        "name": "Berliner Toilette",
        "opening_hours": "24/7",
        "access": "yes"
      }
    },
    {
      "type": "Feature",
      "geometry": {
        "type": "Point",
        "coordinates": [
          13.2885106,
          52.5881876
        ]
      },
      "properties": {
        "id": 1051515112,
        "osm_type": "way",
        "name": "Berliner Toilette",
        "opening_hours": "24/7",
        "access": "yes"
      }
    },
    {
      "type": "Feature",
      "geometry": {
        "type": "Point",
        "coordinates": [
          13.3453301,
          52.4879461
        ]
      },
      "properties": {
        "id": 1053159317,
        "osm_type": "way",
        "opening_hours": "24/7",
        "access": "yes"
      }
    },
    {
      "type": "Feature",
      "geometry": {
        "type": "Point",
        "coordinates": [
          13.295457,
          52.4555782
        ]
      },
      "properties": {
        "id": 1053960417,
        "osm_type": "way"
      }
    },
    {
      "type": "Feature",
      "geometry": {
        "type": "Point",
        "coordinates": [
          13.2954977,
          52.4555374
        ]
      },
      "properties": {
        "id": 1053960418,
        "osm_type": "way"
      }
    },
    {
      "type": "Feature",
      "geometry": {
        "type": "Point",
        "coordinates": [
          13.5658666,
          52.570088
        ]
      },
      "properties": {
        "id": 1054266954,
        "osm_type": "way",
        "name": "Berliner Toilette",
        "opening_hours": "24/7",
        "access": "yes"
      }
    },
    {
      "type": "Feature",
      "geometry": {
        "type": "Point",
        "coordinates": [
          13.1948069,
          52.5131708
        ]
      },
      "properties": {
        "id": 1054556851,
        "osm_type": "way",
        "opening_hours": "Mo-Su,PH 00:00-00:00",
        "access": "yes"
      }
    },
    {
      "type": "Feature",
      "geometry": {
        "type": "Point",
        "coordinates": [
          13.4588703,
          52.5555563
        ]
      },
      "properties": {
        "id": 1055261957,
        "osm_type": "way",
        "name": "Berliner Toilette",
        "opening_hours": "24/7",
        "access": "yes"
      }
    },
    {
      "type": "Feature",
      "geometry": {
        "type": "Point",
        "coordinates": [
          13.346692,
          52.4824362
        ]
      },
      "properties": {
        "id": 1055817353,
        "osm_type": "way",
        "name": "City Toilette",
        "opening_hours": "24/7",
        "access": "yes"
      }
    },
    {
      "type": "Feature",
      "geometry": {
        "type": "Point",
        "coordinates": [
          13.4806234,
          52.527326
        ]
      },
      "properties": {
        "id": 1055890307,
        "osm_type": "way",
        "opening_hours": "24/7",
        "access": "yes"
      }
    },
    {
      "type": "Feature",
      "geometry": {
        "type": "Point",
        "coordinates": [
          13.4171528,
          52.4846496
        ]
      },
      "properties": {
        "id": 1055967974,
        "osm_type": "way",
        "opening_hours": "24/7",
        "access": "yes"
      }
    },
    {
      "type": "Feature",
      "geometry": {
        "type": "Point",
        "coordinates": [
          13.3595432,
          52.5034501
        ]
      },
      "properties": {
        "id": 1056147463,
        "osm_type": "way"
      }
    },
    {
      "type": "Feature",
      "geometry": {
        "type": "Point",
        "coordinates": [
          13.3584501,
          52.5008245
        ]
      },
      "properties": {
        "id": 1056449303,
        "osm_type": "way"
      }
    },
    {
      "type": "Feature",
      "geometry": {
        "type": "Point",
        "coordinates": [
          13.2746996,
          52.4351592
        ]
      },
      "properties": {
        "id": 1060316246,
        "osm_type": "way",
        "opening_hours": "24/7",
        "access": "yes"
      }
    },
    {
      "type": "Feature",
      "geometry": {
        "type": "Point",
        "coordinates": [
          13.3405896,
          52.5181646
        ]
      },
      "properties": {
        "id": 1064928397,
        "osm_type": "way",
        "opening_hours": "24/7",
        "access": "yes"
      }
    },
    {
      "type": "Feature",
      "geometry": {
        "type": "Point",
        "coordinates": [
          13.322299,
          52.4972014
        ]
      },
      "properties": {
        "id": 1065257113,
        "osm_type": "way",
        "name": "Berliner Toilette",
        "opening_hours": "24/7",
        "access": "yes"
      }
    },
    {
      "type": "Feature",
      "geometry": {
        "type": "Point",
        "coordinates": [
          13.4512396,
          52.5481707
        ]
      },
      "properties": {
        "id": 1069081166,
        "osm_type": "way",
        "name": "Berliner Toilette",
        "opening_hours": "24/7",
        "access": "yes"
      }
    },
    {
      "type": "Feature",
      "geometry": {
        "type": "Point",
        "coordinates": [
          13.4381308,
          52.4787984
        ]
      },
      "properties": {
        "id": 1071733765,
        "osm_type": "way",
        "opening_hours": "24/7"
      }
    },
    {
      "type": "Feature",
      "geometry": {
        "type": "Point",
        "coordinates": [
          13.2600603,
          52.5160107
        ]
      },
      "properties": {
        "id": 1074369797,
        "osm_type": "way",
        "name": "Berliner Topilette",
        "opening_hours": "24/7",
        "access": "yes"
      }
    },
    {
      "type": "Feature",
      "geometry": {
        "type": "Point",
        "coordinates": [
          13.5260106,
          52.4813042
        ]
      },
      "properties": {
        "id": 1075122954,
        "osm_type": "way",
        "name": "Berliner Toilette",
        "opening_hours": "24/7",
        "access": "yes"
      }
    },
    {
      "type": "Feature",
      "geometry": {
        "type": "Point",
        "coordinates": [
          13.4007696,
          52.5116672
        ]
      },
      "properties": {
        "id": 1075125653,
        "osm_type": "way",
        "opening_hours": "24/7",
        "access": "yes"
      }
    },
    {
      "type": "Feature",
      "geometry": {
        "type": "Point",
        "coordinates": [
          13.3781344,
          52.5289491
        ]
      },
      "properties": {
        "id": 1075128825,
        "osm_type": "way",
        "opening_hours": "24/7",
        "access": "yes"
      }
    },
    {
      "type": "Feature",
      "geometry": {
        "type": "Point",
        "coordinates": [
          13.4135565,
          52.5126977
        ]
      },
      "properties": {
        "id": 1075481505,
        "osm_type": "way",
        "opening_hours": "24/7",
        "access": "yes"
      }
    },
    {
      "type": "Feature",
      "geometry": {
        "type": "Point",
        "coordinates": [
          13.434582,
          52.5114992
        ]
      },
      "properties": {
        "id": 1075486067,
        "osm_type": "way",
        "opening_hours": "24/7",
        "access": "yes"
      }
    },
    {
      "type": "Feature",
      "geometry": {
        "type": "Point",
        "coordinates": [
          13.3914359,
          52.5041138
        ]
      },
      "properties": {
        "id": 1076000800,
        "osm_type": "way",
        "name": "Berliner Toilette",
        "opening_hours": "24/7",
        "access": "yes"
      }
    },
    {
      "type": "Feature",
      "geometry": {
        "type": "Point",
        "coordinates": [
          13.5052267,
          52.5486058
        ]
      },
      "properties": {
        "id": 1080572349,
        "osm_type": "way",
        "name": "City Toilette",
        "opening_hours": "24/7",
        "access": "yes"
      }
    },
    {
      "type": "Feature",
      "geometry": {
        "type": "Point",
        "coordinates": [
          13.4567347,
          52.5026601
        ]
      },
      "properties": {
        "id": 1081624519,
        "osm_type": "way",
        "opening_hours": "24/7",
        "access": "yes"
      }
    },
    {
      "type": "Feature",
      "geometry": {
        "type": "Point",
        "coordinates": [
          13.4000277,
          52.5194968
        ]
      },
      "properties": {
        "id": 1081811684,
        "osm_type": "way",
        "opening_hours": "24/7",
        "access": "yes"
      }
    },
    {
      "type": "Feature",
      "geometry": {
        "type": "Point",
        "coordinates": [
          13.3369234,
          52.4805095
        ]
      },
      "properties": {
        "id": 1082369122,
        "osm_type": "way",
        "name": "Berliner Toilette",
        "opening_hours": "24/7",
        "access": "yes"
      }
    },
    {
      "type": "Feature",
      "geometry": {
        "type": "Point",
        "coordinates": [
          13.3980634,
          52.4905309
        ]
      },
      "properties": {
        "id": 1082385915,
        "osm_type": "way",
        "name": "Berliner Toilette",
        "opening_hours": "24/7",
        "access": "yes"
      }
    },
    {
      "type": "Feature",
      "geometry": {
        "type": "Point",
        "coordinates": [
          13.366854,
          52.4972159
        ]
      },
      "properties": {
        "id": 1082396481,
        "osm_type": "way",
        "name": "City Toilette",
        "opening_hours": "24/7",
        "access": "yes"
      }
    },
    {
      "type": "Feature",
      "geometry": {
        "type": "Point",
        "coordinates": [
          13.5909432,
          52.5313087
        ]
      },
      "properties": {
        "id": 1082442851,
        "osm_type": "way",
        "name": "Berliner Toilette",
        "opening_hours": "24/7",
        "access": "yes"
      }
    },
    {
      "type": "Feature",
      "geometry": {
        "type": "Point",
        "coordinates": [
          13.601036,
          52.5358168
        ]
      },
      "properties": {
        "id": 1082452685,
        "osm_type": "way",
        "name": "Berliner Toilette",
        "opening_hours": "24/7",
        "access": "yes"
      }
    },
    {
      "type": "Feature",
      "geometry": {
        "type": "Point",
        "coordinates": [
          13.4640413,
          52.4703028
        ]
      },
      "properties": {
        "id": 1085414843,
        "osm_type": "way",
        "name": "City Toilette",
        "opening_hours": "24/7",
        "access": "yes"
      }
    },
    {
      "type": "Feature",
      "geometry": {
        "type": "Point",
        "coordinates": [
          13.5200428,
          52.5662707
        ]
      },
      "properties": {
        "id": 1089596631,
        "osm_type": "way",
        "opening_hours": "24/7",
        "access": "yes"
      }
    },
    {
      "type": "Feature",
      "geometry": {
        "type": "Point",
        "coordinates": [
          13.439103,
          52.4950655
        ]
      },
      "properties": {
        "id": 1090609181,
        "osm_type": "way",
        "opening_hours": "24/7",
        "access": "yes"
      }
    },
    {
      "type": "Feature",
      "geometry": {
        "type": "Point",
        "coordinates": [
          13.5380316,
          52.5279309
        ]
      },
      "properties": {
        "id": 1090913370,
        "osm_type": "way",
        "name": "Berliner Toilette",
        "opening_hours": "24/7",
        "access": "yes"
      }
    },
    {
      "type": "Feature",
      "geometry": {
        "type": "Point",
        "coordinates": [
          13.5418604,
          52.457745
        ]
      },
      "properties": {
        "id": 1092916622,
        "osm_type": "way",
        "name": "Berliner Toilette",
        "access": "yes"
      }
    },
    {
      "type": "Feature",
      "geometry": {
        "type": "Point",
        "coordinates": [
          13.5266608,
          52.4585904
        ]
      },
      "properties": {
        "id": 1092937449,
        "osm_type": "way",
        "name": "Berliner Toilette",
        "opening_hours": "Mo-Su,PH 00:00-00:00",
        "access": "yes"
      }
    },
    {
      "type": "Feature",
      "geometry": {
        "type": "Point",
        "coordinates": [
          13.5628197,
          52.4464996
        ]
      },
      "properties": {
        "id": 1093045351,
        "osm_type": "way",
        "name": "Berliner Toilette",
        "opening_hours": "24/7",
        "access": "yes"
      }
    },
    {
      "type": "Feature",
      "geometry": {
        "type": "Point",
        "coordinates": [
          13.3931019,
          52.4973311
        ]
      },
      "properties": {
        "id": 1095023395,
        "osm_type": "way",
        "opening_hours": "24/7"
      }
    },
    {
      "type": "Feature",
      "geometry": {
        "type": "Point",
        "coordinates": [
          13.5492276,
          52.5443636
        ]
      },
      "properties": {
        "id": 1096177801,
        "osm_type": "way",
        "name": "Berliner Toilette",
        "opening_hours": "24/7",
        "access": "yes"
      }
    },
    {
      "type": "Feature",
      "geometry": {
        "type": "Point",
        "coordinates": [
          13.485614,
          52.548085
        ]
      },
      "properties": {
        "id": 1096707406,
        "osm_type": "way",
        "opening_hours": "24/7",
        "access": "yes"
      }
    },
    {
      "type": "Feature",
      "geometry": {
        "type": "Point",
        "coordinates": [
          13.4942047,
          52.5455599
        ]
      },
      "properties": {
        "id": 1096902308,
        "osm_type": "way",
        "opening_hours": "24/7",
        "access": "yes"
      }
    },
    {
      "type": "Feature",
      "geometry": {
        "type": "Point",
        "coordinates": [
          13.5133986,
          52.5677786
        ]
      },
      "properties": {
        "id": 1097263674,
        "osm_type": "way",
        "opening_hours": "24/7",
        "access": "yes"
      }
    },
    {
      "type": "Feature",
      "geometry": {
        "type": "Point",
        "coordinates": [
          13.524471,
          52.5646692
        ]
      },
      "properties": {
        "id": 1097289890,
        "osm_type": "way",
        "name": "Berliner Toilette",
        "opening_hours": "24/7",
        "access": "yes"
      }
    },
    {
      "type": "Feature",
      "geometry": {
        "type": "Point",
        "coordinates": [
          13.6123978,
          52.5119317
        ]
      },
      "properties": {
        "id": 1098971280,
        "osm_type": "way",
        "name": "Berliner Toilette",
        "opening_hours": "24/7",
        "access": "yes"
      }
    },
    {
      "type": "Feature",
      "geometry": {
        "type": "Point",
        "coordinates": [
          13.3490902,
          52.4585721
        ]
      },
      "properties": {
        "id": 1105812721,
        "osm_type": "way",
        "name": "Berliner Toilette",
        "access": "yes"
      }
    },
    {
      "type": "Feature",
      "geometry": {
        "type": "Point",
        "coordinates": [
          13.3214347,
          52.4572594
        ]
      },
      "properties": {
        "id": 1105925642,
        "osm_type": "way",
        "name": "Berliner Toilette",
        "opening_hours": "24/7",
        "access": "yes"
      }
    },
    {
      "type": "Feature",
      "geometry": {
        "type": "Point",
        "coordinates": [
          13.3649447,
          52.5635221
        ]
      },
      "properties": {
        "id": 1107077181,
        "osm_type": "way",
        "name": "Berliner Toilette",
        "access": "yes"
      }
    },
    {
      "type": "Feature",
      "geometry": {
        "type": "Point",
        "coordinates": [
          13.5915399,
          52.5294207
        ]
      },
      "properties": {
        "id": 1111469257,
        "osm_type": "way",
        "name": "Berliner Toilette",
        "opening_hours": "24/7",
        "access": "yes"
      }
    },
    {
      "type": "Feature",
      "geometry": {
        "type": "Point",
        "coordinates": [
          13.6047067,
          52.5393949
        ]
      },
      "properties": {
        "id": 1111755076,
        "osm_type": "way",
        "name": "Berliner Toilette",
        "opening_hours": "24/7",
        "access": "yes"
      }
    },
    {
      "type": "Feature",
      "geometry": {
        "type": "Point",
        "coordinates": [
          13.6011564,
          52.4825565
        ]
      },
      "properties": {
        "id": 1111943233,
        "osm_type": "way",
        "name": "Berliner Toilette",
        "opening_hours": "24/7",
        "access": "yes"
      }
    },
    {
      "type": "Feature",
      "geometry": {
        "type": "Point",
        "coordinates": [
          13.3527227,
          52.4843123
        ]
      },
      "properties": {
        "id": 1112147276,
        "osm_type": "way",
        "opening_hours": "24/7",
        "access": "yes"
      }
    },
    {
      "type": "Feature",
      "geometry": {
        "type": "Point",
        "coordinates": [
          13.3086502,
          52.4672118
        ]
      },
      "properties": {
        "id": 1112147837,
        "osm_type": "way",
        "access": "yes"
      }
    },
    {
      "type": "Feature",
      "geometry": {
        "type": "Point",
        "coordinates": [
          13.3434647,
          52.4786699
        ]
      },
      "properties": {
        "id": 1112313746,
        "osm_type": "way",
        "opening_hours": "24/7"
      }
    },
    {
      "type": "Feature",
      "geometry": {
        "type": "Point",
        "coordinates": [
          13.5891182,
          52.5394494
        ]
      },
      "properties": {
        "id": 1112740675,
        "osm_type": "way",
        "name": "Berliner Toilette",
        "opening_hours": "24/7",
        "access": "yes"
      }
    },
    {
      "type": "Feature",
      "geometry": {
        "type": "Point",
        "coordinates": [
          13.3267103,
          52.5639282
        ]
      },
      "properties": {
        "id": 1114870050,
        "osm_type": "way",
        "name": "Berliner Toilette",
        "opening_hours": "24/7"
      }
    },
    {
      "type": "Feature",
      "geometry": {
        "type": "Point",
        "coordinates": [
          13.3094555,
          52.4308685
        ]
      },
      "properties": {
        "id": 1116849046,
        "osm_type": "way"
      }
    },
    {
      "type": "Feature",
      "geometry": {
        "type": "Point",
        "coordinates": [
          13.5208055,
          52.513548
        ]
      },
      "properties": {
        "id": 1117611786,
        "osm_type": "way",
        "access": "yes"
      }
    },
    {
      "type": "Feature",
      "geometry": {
        "type": "Point",
        "coordinates": [
          13.5392443,
          52.43443
        ]
      },
      "properties": {
        "id": 1117717206,
        "osm_type": "way",
        "name": "Berliner Toilette",
        "access": "yes"
      }
    },
    {
      "type": "Feature",
      "geometry": {
        "type": "Point",
        "coordinates": [
          13.341636,
          52.4696402
        ]
      },
      "properties": {
        "id": 1117926328,
        "osm_type": "way",
        "name": "Berliner Toilette"
      }
    },
    {
      "type": "Feature",
      "geometry": {
        "type": "Point",
        "coordinates": [
          13.3556994,
          52.4592681
        ]
      },
      "properties": {
        "id": 1119960839,
        "osm_type": "way",
        "access": "yes"
      }
    },
    {
      "type": "Feature",
      "geometry": {
        "type": "Point",
        "coordinates": [
          13.3914441,
          52.5141798
        ]
      },
      "properties": {
        "id": 1124910122,
        "osm_type": "way",
        "opening_hours": "24/7",
        "access": "yes"
      }
    },
    {
      "type": "Feature",
      "geometry": {
        "type": "Point",
        "coordinates": [
          13.4795779,
          52.518991
        ]
      },
      "properties": {
        "id": 1125999716,
        "osm_type": "way",
        "name": "Berliner Toilette",
        "opening_hours": "24/7",
        "access": "yes"
      }
    },
    {
      "type": "Feature",
      "geometry": {
        "type": "Point",
        "coordinates": [
          13.400313,
          52.5219982
        ]
      },
      "properties": {
        "id": 1126615458,
        "osm_type": "way",
        "opening_hours": "24/7",
        "access": "yes"
      }
    },
    {
      "type": "Feature",
      "geometry": {
        "type": "Point",
        "coordinates": [
          13.508815,
          52.5150423
        ]
      },
      "properties": {
        "id": 1127460883,
        "osm_type": "way",
        "name": "Berliner Toilette",
        "opening_hours": "24/7",
        "access": "yes"
      }
    },
    {
      "type": "Feature",
      "geometry": {
        "type": "Point",
        "coordinates": [
          13.4370925,
          52.53359
        ]
      },
      "properties": {
        "id": 1128197394,
        "osm_type": "way",
        "name": "Berliner Toilette",
        "opening_hours": "24/7",
        "access": "yes"
      }
    },
    {
      "type": "Feature",
      "geometry": {
        "type": "Point",
        "coordinates": [
          13.4726288,
          52.5156391
        ]
      },
      "properties": {
        "id": 1130832267,
        "osm_type": "way",
        "opening_hours": "24/7",
        "access": "yes"
      }
    },
    {
      "type": "Feature",
      "geometry": {
        "type": "Point",
        "coordinates": [
          13.5138504,
          52.4646472
        ]
      },
      "properties": {
        "id": 1131207866,
        "osm_type": "way",
        "name": "Berliner Toilette",
        "access": "yes"
      }
    },
    {
      "type": "Feature",
      "geometry": {
        "type": "Point",
        "coordinates": [
          13.7209195,
          52.4391134
        ]
      },
      "properties": {
        "id": 1132126187,
        "osm_type": "way",
        "name": "Berliner Toilette",
        "access": "yes"
      }
    },
    {
      "type": "Feature",
      "geometry": {
        "type": "Point",
        "coordinates": [
          13.3280333,
          52.4725924
        ]
      },
      "properties": {
        "id": 1132246673,
        "osm_type": "way",
        "opening_hours": "24/7",
        "access": "yes"
      }
    },
    {
      "type": "Feature",
      "geometry": {
        "type": "Point",
        "coordinates": [
          13.4655084,
          52.5244414
        ]
      },
      "properties": {
        "id": 1132938736,
        "osm_type": "way"
      }
    },
    {
      "type": "Feature",
      "geometry": {
        "type": "Point",
        "coordinates": [
          13.4706763,
          52.5310136
        ]
      },
      "properties": {
        "id": 1133126940,
        "osm_type": "way",
        "name": "Berliner Toilette",
        "opening_hours": "24/7",
        "access": "yes"
      }
    },
    {
      "type": "Feature",
      "geometry": {
        "type": "Point",
        "coordinates": [
          13.342916,
          52.4506929
        ]
      },
      "properties": {
        "id": 1133489422,
        "osm_type": "way",
        "opening_hours": "Mo-Su 00:00-24:00",
        "access": "yes"
      }
    },
    {
      "type": "Feature",
      "geometry": {
        "type": "Point",
        "coordinates": [
          13.4205556,
          52.6071451
        ]
      },
      "properties": {
        "id": 1133554487,
        "osm_type": "way",
        "name": "Berliner Toilette",
        "opening_hours": "24/7",
        "access": "yes"
      }
    },
    {
      "type": "Feature",
      "geometry": {
        "type": "Point",
        "coordinates": [
          13.4499401,
          52.5220562
        ]
      },
      "properties": {
        "id": 1133631126,
        "osm_type": "way",
        "name": "Berliner Toilette",
        "opening_hours": "24/7",
        "access": "yes"
      }
    },
    {
      "type": "Feature",
      "geometry": {
        "type": "Point",
        "coordinates": [
          13.4969854,
          52.569843
        ]
      },
      "properties": {
        "id": 1134425617,
        "osm_type": "way",
        "access": "yes"
      }
    },
    {
      "type": "Feature",
      "geometry": {
        "type": "Point",
        "coordinates": [
          13.4813049,
          52.5388887
        ]
      },
      "properties": {
        "id": 1135196872,
        "osm_type": "way",
        "opening_hours": "24/7",
        "access": "yes"
      }
    },
    {
      "type": "Feature",
      "geometry": {
        "type": "Point",
        "coordinates": [
          13.4053617,
          52.5467309
        ]
      },
      "properties": {
        "id": 1135608299,
        "osm_type": "way",
        "name": "Berliner Toilette",
        "opening_hours": "24/7",
        "access": "yes"
      }
    },
    {
      "type": "Feature",
      "geometry": {
        "type": "Point",
        "coordinates": [
          13.3962009,
          52.3968916
        ]
      },
      "properties": {
        "id": 1135786913,
        "osm_type": "way",
        "access": "yes"
      }
    },
    {
      "type": "Feature",
      "geometry": {
        "type": "Point",
        "coordinates": [
          13.4382179,
          52.5415018
        ]
      },
      "properties": {
        "id": 1136469435,
        "osm_type": "way",
        "name": "Berliner Toilette",
        "opening_hours": "24/7",
        "access": "yes"
      }
    },
    {
      "type": "Feature",
      "geometry": {
        "type": "Point",
        "coordinates": [
          13.3048552,
          52.417637
        ]
      },
      "properties": {
        "id": 1136712725,
        "osm_type": "way"
      }
    },
    {
      "type": "Feature",
      "geometry": {
        "type": "Point",
        "coordinates": [
          13.4133925,
          52.5506762
        ]
      },
      "properties": {
        "id": 1138190255,
        "osm_type": "way",
        "name": "Berliner Toilette",
        "opening_hours": "24/7",
        "access": "yes"
      }
    },
    {
      "type": "Feature",
      "geometry": {
        "type": "Point",
        "coordinates": [
          13.4119165,
          52.5430493
        ]
      },
      "properties": {
        "id": 1138190268,
        "osm_type": "way",
        "name": "Berliner Toilette",
        "opening_hours": "24/7",
        "access": "yes"
      }
    },
    {
      "type": "Feature",
      "geometry": {
        "type": "Point",
        "coordinates": [
          13.2691618,
          52.5926615
        ]
      },
      "properties": {
        "id": 1143944236,
        "osm_type": "way",
        "name": "Berliner Toilette",
        "access": "yes"
      }
    },
    {
      "type": "Feature",
      "geometry": {
        "type": "Point",
        "coordinates": [
          13.2724778,
          52.589148
        ]
      },
      "properties": {
        "id": 1143945819,
        "osm_type": "way",
        "name": "City-Toilette",
        "access": "yes"
      }
    },
    {
      "type": "Feature",
      "geometry": {
        "type": "Point",
        "coordinates": [
          13.3665915,
          52.4498275
        ]
      },
      "properties": {
        "id": 1147642665,
        "osm_type": "way",
        "opening_hours": "24/7",
        "access": "yes"
      }
    },
    {
      "type": "Feature",
      "geometry": {
        "type": "Point",
        "coordinates": [
          13.3260719,
          52.4276656
        ]
      },
      "properties": {
        "id": 1147868420,
        "osm_type": "way",
        "opening_hours": "24/7"
      }
    },
    {
      "type": "Feature",
      "geometry": {
        "type": "Point",
        "coordinates": [
          13.466229,
          52.552606
        ]
      },
      "properties": {
        "id": 1151953653,
        "osm_type": "way",
        "name": "Berliner Toilette",
        "opening_hours": "24/7",
        "access": "yes"
      }
    },
    {
      "type": "Feature",
      "geometry": {
        "type": "Point",
        "coordinates": [
          13.385224,
          52.4702307
        ]
      },
      "properties": {
        "id": 1152961852,
        "osm_type": "way",
        "name": "City Toilette",
        "opening_hours": "24/7"
      }
    },
    {
      "type": "Feature",
      "geometry": {
        "type": "Point",
        "coordinates": [
          13.4023746,
          52.531442
        ]
      },
      "properties": {
        "id": 1158223851,
        "osm_type": "way",
        "opening_hours": "24/7",
        "access": "yes"
      }
    },
    {
      "type": "Feature",
      "geometry": {
        "type": "Point",
        "coordinates": [
          13.6253911,
          52.4577676
        ]
      },
      "properties": {
        "id": 1161638257,
        "osm_type": "way",
        "name": "Berliner Toilette",
        "opening_hours": "24/7",
        "access": "yes"
      }
    },
    {
      "type": "Feature",
      "geometry": {
        "type": "Point",
        "coordinates": [
          13.5075764,
          52.4923968
        ]
      },
      "properties": {
        "id": 1162706258,
        "osm_type": "way",
        "opening_hours": "24/7"
      }
    },
    {
      "type": "Feature",
      "geometry": {
        "type": "Point",
        "coordinates": [
          13.4993326,
          52.5105492
        ]
      },
      "properties": {
        "id": 1164107373,
        "osm_type": "way",
        "name": "Berliner Toilette",
        "opening_hours": "24/7",
        "access": "yes"
      }
    },
    {
      "type": "Feature",
      "geometry": {
        "type": "Point",
        "coordinates": [
          13.3670075,
          52.4938233
        ]
      },
      "properties": {
        "id": 1169510759,
        "osm_type": "way",
        "opening_hours": "24/7"
      }
    },
    {
      "type": "Feature",
      "geometry": {
        "type": "Point",
        "coordinates": [
          13.5227185,
          52.4974747
        ]
      },
      "properties": {
        "id": 1169782558,
        "osm_type": "way",
        "opening_hours": "24/7",
        "access": "yes"
      }
    },
    {
      "type": "Feature",
      "geometry": {
        "type": "Point",
        "coordinates": [
          13.3911355,
          52.501258
        ]
      },
      "properties": {
        "id": 1170003522,
        "osm_type": "way",
        "name": "Berliner Toilette",
        "opening_hours": "24/7",
        "access": "yes"
      }
    },
    {
      "type": "Feature",
      "geometry": {
        "type": "Point",
        "coordinates": [
          13.4328637,
          52.4221192
        ]
      },
      "properties": {
        "id": 1172473691,
        "osm_type": "way",
        "opening_hours": "24/7",
        "access": "yes"
      }
    },
    {
      "type": "Feature",
      "geometry": {
        "type": "Point",
        "coordinates": [
          13.3927952,
          52.4966303
        ]
      },
      "properties": {
        "id": 1174516615,
        "osm_type": "way",
        "access": "yes"
      }
    },
    {
      "type": "Feature",
      "geometry": {
        "type": "Point",
        "coordinates": [
          13.3302053,
          52.4966248
        ]
      },
      "properties": {
        "id": 1174667907,
        "osm_type": "way",
        "opening_hours": "24/7",
        "access": "yes"
      }
    },
    {
      "type": "Feature",
      "geometry": {
        "type": "Point",
        "coordinates": [
          13.348148,
          52.4852811
        ]
      },
      "properties": {
        "id": 1176238327,
        "osm_type": "way",
        "opening_hours": "24/7",
        "access": "yes"
      }
    },
    {
      "type": "Feature",
      "geometry": {
        "type": "Point",
        "coordinates": [
          13.3480558,
          52.6011235
        ]
      },
      "properties": {
        "id": 1181829929,
        "osm_type": "way",
        "access": "yes"
      }
    },
    {
      "type": "Feature",
      "geometry": {
        "type": "Point",
        "coordinates": [
          13.4768809,
          52.5131441
        ]
      },
      "properties": {
        "id": 1182219667,
        "osm_type": "way",
        "name": "Berliner Toilette",
        "opening_hours": "24/7",
        "access": "yes"
      }
    },
    {
      "type": "Feature",
      "geometry": {
        "type": "Point",
        "coordinates": [
          13.472594,
          52.4973082
        ]
      },
      "properties": {
        "id": 1182992364,
        "osm_type": "way",
        "access": "yes"
      }
    },
    {
      "type": "Feature",
      "geometry": {
        "type": "Point",
        "coordinates": [
          13.5701375,
          52.5484914
        ]
      },
      "properties": {
        "id": 1183762461,
        "osm_type": "way",
        "name": "Berliner Toilette",
        "opening_hours": "24/7",
        "access": "yes"
      }
    },
    {
      "type": "Feature",
      "geometry": {
        "type": "Point",
        "coordinates": [
          13.3888795,
          52.5695374
        ]
      },
      "properties": {
        "id": 1183945004,
        "osm_type": "way",
        "name": "Berliner Toilette",
        "opening_hours": "24/7",
        "access": "yes"
      }
    },
    {
      "type": "Feature",
      "geometry": {
        "type": "Point",
        "coordinates": [
          13.3720136,
          52.5570918
        ]
      },
      "properties": {
        "id": 1184167494,
        "osm_type": "way",
        "opening_hours": "24/7",
        "access": "yes"
      }
    },
    {
      "type": "Feature",
      "geometry": {
        "type": "Point",
        "coordinates": [
          13.355934,
          52.5554294
        ]
      },
      "properties": {
        "id": 1184396101,
        "osm_type": "way",
        "name": "City Toilette"
      }
    },
    {
      "type": "Feature",
      "geometry": {
        "type": "Point",
        "coordinates": [
          13.4655412,
          52.5045427
        ]
      },
      "properties": {
        "id": 1184609686,
        "osm_type": "way",
        "opening_hours": "24/7",
        "access": "yes"
      }
    },
    {
      "type": "Feature",
      "geometry": {
        "type": "Point",
        "coordinates": [
          13.5262904,
          52.4697451
        ]
      },
      "properties": {
        "id": 1185070969,
        "osm_type": "way",
        "access": "yes"
      }
    },
    {
      "type": "Feature",
      "geometry": {
        "type": "Point",
        "coordinates": [
          13.3585524,
          52.5634498
        ]
      },
      "properties": {
        "id": 1188287038,
        "osm_type": "way",
        "name": "Berliner Toilette",
        "opening_hours": "24/7",
        "access": "yes"
      }
    },
    {
      "type": "Feature",
      "geometry": {
        "type": "Point",
        "coordinates": [
          13.1188053,
          52.4712772
        ]
      },
      "properties": {
        "id": 1190742089,
        "osm_type": "way",
        "opening_hours": "Apr-Oct"
      }
    },
    {
      "type": "Feature",
      "geometry": {
        "type": "Point",
        "coordinates": [
          13.4066171,
          52.4966657
        ]
      },
      "properties": {
        "id": 1190855956,
        "osm_type": "way",
        "name": "City Toilette",
        "opening_hours": "24/7",
        "access": "yes"
      }
    },
    {
      "type": "Feature",
      "geometry": {
        "type": "Point",
        "coordinates": [
          13.5499046,
          52.4678763
        ]
      },
      "properties": {
        "id": 1190884771,
        "osm_type": "way",
        "name": "Parktoilette",
        "access": "yes"
      }
    },
    {
      "type": "Feature",
      "geometry": {
        "type": "Point",
        "coordinates": [
          13.4101496,
          52.3877796
        ]
      },
      "properties": {
        "id": 1191225945,
        "osm_type": "way",
        "access": "yes"
      }
    },
    {
      "type": "Feature",
      "geometry": {
        "type": "Point",
        "coordinates": [
          13.3834898,
          52.5560273
        ]
      },
      "properties": {
        "id": 1192185275,
        "osm_type": "way",
        "name": "Berliner Toilette"
      }
    },
    {
      "type": "Feature",
      "geometry": {
        "type": "Point",
        "coordinates": [
          13.4785921,
          52.4975158
        ]
      },
      "properties": {
        "id": 1198953535,
        "osm_type": "way",
        "opening_hours": "24/7",
        "access": "yes"
      }
    },
    {
      "type": "Feature",
      "geometry": {
        "type": "Point",
        "coordinates": [
          13.4377305,
          52.4971867
        ]
      },
      "properties": {
        "id": 1202217782,
        "osm_type": "way",
        "opening_hours": "24/7",
        "access": "yes"
      }
    },
    {
      "type": "Feature",
      "geometry": {
        "type": "Point",
        "coordinates": [
          13.3765385,
          52.5299847
        ]
      },
      "properties": {
        "id": 1203010528,
        "osm_type": "way",
        "name": "EcoToilette Invalidenpark, Mitte",
        "opening_hours": "24/7",
        "access": "yes"
      }
    },
    {
      "type": "Feature",
      "geometry": {
        "type": "Point",
        "coordinates": [
          13.2818646,
          52.4766817
        ]
      },
      "properties": {
        "id": 1203114899,
        "osm_type": "way",
        "name": "Berliner Toilette",
        "opening_hours": "24/7",
        "access": "yes"
      }
    },
    {
      "type": "Feature",
      "geometry": {
        "type": "Point",
        "coordinates": [
          13.5043578,
          52.5644035
        ]
      },
      "properties": {
        "id": 1203149905,
        "osm_type": "way",
        "name": "Berliner Toilette",
        "opening_hours": "24/7",
        "access": "yes"
      }
    },
    {
      "type": "Feature",
      "geometry": {
        "type": "Point",
        "coordinates": [
          13.2011747,
          52.5383181
        ]
      },
      "properties": {
        "id": 1203848218,
        "osm_type": "way",
        "opening_hours": "24/7",
        "access": "yes"
      }
    },
    {
      "type": "Feature",
      "geometry": {
        "type": "Point",
        "coordinates": [
          13.4176756,
          52.5170472
        ]
      },
      "properties": {
        "id": 1204673062,
        "osm_type": "way",
        "access": "permissive"
      }
    },
    {
      "type": "Feature",
      "geometry": {
        "type": "Point",
        "coordinates": [
          13.4178679,
          52.5169583
        ]
      },
      "properties": {
        "id": 1207866510,
        "osm_type": "way",
        "access": "permissive"
      }
    },
    {
      "type": "Feature",
      "geometry": {
        "type": "Point",
        "coordinates": [
          13.4178716,
          52.516915
        ]
      },
      "properties": {
        "id": 1207866511,
        "osm_type": "way",
        "access": "permissive"
      }
    },
    {
      "type": "Feature",
      "geometry": {
        "type": "Point",
        "coordinates": [
          13.4178478,
          52.5169338
        ]
      },
      "properties": {
        "id": 1207866516,
        "osm_type": "way",
        "access": "permissive"
      }
    },
    {
      "type": "Feature",
      "geometry": {
        "type": "Point",
        "coordinates": [
          13.3742914,
          52.5055457
        ]
      },
      "properties": {
        "id": 1211200081,
        "osm_type": "way",
        "name": "Berliner Toilette",
        "opening_hours": "24/7",
        "access": "yes"
      }
    },
    {
      "type": "Feature",
      "geometry": {
        "type": "Point",
        "coordinates": [
          13.3780423,
          52.5027276
        ]
      },
      "properties": {
        "id": 1211206740,
        "osm_type": "way",
        "name": "City Toilette",
        "opening_hours": "24/7",
        "access": "yes"
      }
    },
    {
      "type": "Feature",
      "geometry": {
        "type": "Point",
        "coordinates": [
          13.413296,
          52.5537502
        ]
      },
      "properties": {
        "id": 1212489236,
        "osm_type": "way",
        "name": "Berliner Toilette",
        "opening_hours": "24/7",
        "access": "yes"
      }
    },
    {
      "type": "Feature",
      "geometry": {
        "type": "Point",
        "coordinates": [
          13.2383555,
          52.5444092
        ]
      },
      "properties": {
        "id": 1213928562,
        "osm_type": "way",
        "name": "Öffentliche Toilette",
        "opening_hours": "24/7",
        "access": "yes"
      }
    },
    {
      "type": "Feature",
      "geometry": {
        "type": "Point",
        "coordinates": [
          13.4140231,
          52.5082791
        ]
      },
      "properties": {
        "id": 1216020266,
        "osm_type": "way",
        "opening_hours": "24/7",
        "access": "yes"
      }
    },
    {
      "type": "Feature",
      "geometry": {
        "type": "Point",
        "coordinates": [
          13.5041278,
          52.5024857
        ]
      },
      "properties": {
        "id": 1217336848,
        "osm_type": "way",
        "opening_hours": "24/7",
        "access": "yes"
      }
    },
    {
      "type": "Feature",
      "geometry": {
        "type": "Point",
        "coordinates": [
          13.418067,
          52.4625722
        ]
      },
      "properties": {
        "id": 1217503720,
        "osm_type": "way",
        "opening_hours": "24/7"
      }
    },
    {
      "type": "Feature",
      "geometry": {
        "type": "Point",
        "coordinates": [
          13.4868014,
          52.4659411
        ]
      },
      "properties": {
        "id": 1218621155,
        "osm_type": "way",
        "name": "Berliner Toilette",
        "opening_hours": "24/7",
        "access": "yes"
      }
    },
    {
      "type": "Feature",
      "geometry": {
        "type": "Point",
        "coordinates": [
          13.1631565,
          52.5213165
        ]
      },
      "properties": {
        "id": 1220012010,
        "osm_type": "way"
      }
    },
    {
      "type": "Feature",
      "geometry": {
        "type": "Point",
        "coordinates": [
          13.4800328,
          52.4853332
        ]
      },
      "properties": {
        "id": 1220175644,
        "osm_type": "way",
        "access": "yes"
      }
    },
    {
      "type": "Feature",
      "geometry": {
        "type": "Point",
        "coordinates": [
          13.5742524,
          52.4136925
        ]
      },
      "properties": {
        "id": 1221426717,
        "osm_type": "way",
        "opening_hours": "24/7",
        "access": "yes"
      }
    },
    {
      "type": "Feature",
      "geometry": {
        "type": "Point",
        "coordinates": [
          13.4473265,
          52.5115012
        ]
      },
      "properties": {
        "id": 1225376729,
        "osm_type": "way",
        "name": "Berliner Toilette",
        "opening_hours": "24/7",
        "access": "yes"
      }
    },
    {
      "type": "Feature",
      "geometry": {
        "type": "Point",
        "coordinates": [
          13.3365138,
          52.552623
        ]
      },
      "properties": {
        "id": 1225895640,
        "osm_type": "way",
        "opening_hours": "24/7",
        "access": "yes"
      }
    },
    {
      "type": "Feature",
      "geometry": {
        "type": "Point",
        "coordinates": [
          13.4885185,
          52.6176442
        ]
      },
      "properties": {
        "id": 1226646967,
        "osm_type": "way",
        "name": "Berliner Toilette",
        "opening_hours": "24/7",
        "access": "yes"
      }
    },
    {
      "type": "Feature",
      "geometry": {
        "type": "Point",
        "coordinates": [
          13.3920151,
          52.4396999
        ]
      },
      "properties": {
        "id": 1227161907,
        "osm_type": "way"
      }
    },
    {
      "type": "Feature",
      "geometry": {
        "type": "Point",
        "coordinates": [
          13.3483981,
          52.5561209
        ]
      },
      "properties": {
        "id": 1229005802,
        "osm_type": "way",
        "name": "City Toilette",
        "opening_hours": "24/7"
      }
    },
    {
      "type": "Feature",
      "geometry": {
        "type": "Point",
        "coordinates": [
          13.4389077,
          52.47372
        ]
      },
      "properties": {
        "id": 1243101639,
        "osm_type": "way",
        "name": "City Toilette",
        "opening_hours": "24/7",
        "access": "yes"
      }
    },
    {
      "type": "Feature",
      "geometry": {
        "type": "Point",
        "coordinates": [
          13.4402459,
          52.4476735
        ]
      },
      "properties": {
        "id": 1243101757,
        "osm_type": "way",
        "opening_hours": "24/7",
        "access": "yes"
      }
    },
    {
      "type": "Feature",
      "geometry": {
        "type": "Point",
        "coordinates": [
          13.4144438,
          52.4949754
        ]
      },
      "properties": {
        "id": 1243195978,
        "osm_type": "way",
        "name": "City Toilette",
        "opening_hours": "24/7",
        "access": "yes"
      }
    },
    {
      "type": "Feature",
      "geometry": {
        "type": "Point",
        "coordinates": [
          13.3775799,
          52.4893287
        ]
      },
      "properties": {
        "id": 1243196965,
        "osm_type": "way",
        "name": "City Toilette",
        "opening_hours": "24/7",
        "access": "yes"
      }
    },
    {
      "type": "Feature",
      "geometry": {
        "type": "Point",
        "coordinates": [
          13.3631174,
          52.4999019
        ]
      },
      "properties": {
        "id": 1243197133,
        "osm_type": "way",
        "name": "Berliner Toilette",
        "opening_hours": "24/7",
        "access": "yes"
      }
    },
    {
      "type": "Feature",
      "geometry": {
        "type": "Point",
        "coordinates": [
          13.4316223,
          52.4929226
        ]
      },
      "properties": {
        "id": 1243199078,
        "osm_type": "way",
        "name": "City Toilette",
        "opening_hours": "24/7",
        "access": "yes"
      }
    },
    {
      "type": "Feature",
      "geometry": {
        "type": "Point",
        "coordinates": [
          13.5684087,
          52.4584277
        ]
      },
      "properties": {
        "id": 1247009988,
        "osm_type": "way"
      }
    },
    {
      "type": "Feature",
      "geometry": {
        "type": "Point",
        "coordinates": [
          13.5694624,
          52.4567114
        ]
      },
      "properties": {
        "id": 1247009993,
        "osm_type": "way"
      }
    },
    {
      "type": "Feature",
      "geometry": {
        "type": "Point",
        "coordinates": [
          13.5697668,
          52.4572471
        ]
      },
      "properties": {
        "id": 1247010002,
        "osm_type": "way",
        "access": "customers"
      }
    },
    {
      "type": "Feature",
      "geometry": {
        "type": "Point",
        "coordinates": [
          13.5696401,
          52.4573982
        ]
      },
      "properties": {
        "id": 1247010003,
        "osm_type": "way",
        "access": "customers"
      }
    },
    {
      "type": "Feature",
      "geometry": {
        "type": "Point",
        "coordinates": [
          13.5692356,
          52.4578415
        ]
      },
      "properties": {
        "id": 1247010004,
        "osm_type": "way",
        "access": "customers"
      }
    },
    {
      "type": "Feature",
      "geometry": {
        "type": "Point",
        "coordinates": [
          13.2596516,
          52.4310611
        ]
      },
      "properties": {
        "id": 1280205298,
        "osm_type": "way",
        "name": "Berliner Toilette",
        "access": "yes"
      }
    },
    {
      "type": "Feature",
      "geometry": {
        "type": "Point",
        "coordinates": [
          13.5093474,
          52.4536888
        ]
      },
      "properties": {
        "id": 1281389619,
        "osm_type": "way",
        "name": "Berliner Toilette",
        "opening_hours": "24/7",
        "access": "yes"
      }
    },
    {
      "type": "Feature",
      "geometry": {
        "type": "Point",
        "coordinates": [
          13.282772,
          52.5898481
        ]
      },
      "properties": {
        "id": 1290196167,
        "osm_type": "way",
        "name": "City-Toilette",
        "opening_hours": "24/7",
        "access": "yes"
      }
    },
    {
      "type": "Feature",
      "geometry": {
        "type": "Point",
        "coordinates": [
          13.7588153,
          52.4376597
        ]
      },
      "properties": {
        "id": 1290968234,
        "osm_type": "way",
        "access": "customers"
      }
    },
    {
      "type": "Feature",
      "geometry": {
        "type": "Point",
        "coordinates": [
          13.4711868,
          52.6156368
        ]
      },
      "properties": {
        "id": 1294889664,
        "osm_type": "way",
        "name": "Berliner Toilette",
        "opening_hours": "24/7",
        "access": "yes"
      }
    },
    {
      "type": "Feature",
      "geometry": {
        "type": "Point",
        "coordinates": [
          13.4229318,
          52.5172723
        ]
      },
      "properties": {
        "id": 1296144721,
        "osm_type": "way",
        "opening_hours": "Mo-Su 09:00-20:00",
        "access": "yes"
      }
    },
    {
      "type": "Feature",
      "geometry": {
        "type": "Point",
        "coordinates": [
          13.5297724,
          52.4832391
        ]
      },
      "properties": {
        "id": 1301131774,
        "osm_type": "way",
        "opening_hours": "24/7"
      }
    },
    {
      "type": "Feature",
      "geometry": {
        "type": "Point",
        "coordinates": [
          13.2830271,
          52.590709
        ]
      },
      "properties": {
        "id": 1301706922,
        "osm_type": "way",
        "name": "Pissoir Café Achteck",
        "access": "yes"
      }
    },
    {
      "type": "Feature",
      "geometry": {
        "type": "Point",
        "coordinates": [
          13.4623895,
          52.5527561
        ]
      },
      "properties": {
        "id": 1315799592,
        "osm_type": "way",
        "name": "Parktoilette",
        "opening_hours": "24/7",
        "access": "yes"
      }
    },
    {
      "type": "Feature",
      "geometry": {
        "type": "Point",
        "coordinates": [
          13.2056702,
          52.5414273
        ]
      },
      "properties": {
        "id": 1316364024,
        "osm_type": "way",
        "opening_hours": "24/7"
      }
    },
    {
      "type": "Feature",
      "geometry": {
        "type": "Point",
        "coordinates": [
          13.2102864,
          52.5501325
        ]
      },
      "properties": {
        "id": 1316887137,
        "osm_type": "way",
        "name": "Berliner Toilette",
        "opening_hours": "24/7",
        "access": "yes"
      }
    },
    {
      "type": "Feature",
      "geometry": {
        "type": "Point",
        "coordinates": [
          13.6747388,
          52.4456543
        ]
      },
      "properties": {
        "id": 1327047220,
        "osm_type": "way"
      }
    },
    {
      "type": "Feature",
      "geometry": {
        "type": "Point",
        "coordinates": [
          13.5165781,
          52.4201329
        ]
      },
      "properties": {
        "id": 1346791308,
        "osm_type": "way",
        "opening_hours": "24/7",
        "access": "yes"
      }
    },
    {
      "type": "Feature",
      "geometry": {
        "type": "Point",
        "coordinates": [
          13.3011317,
          52.5301455
        ]
      },
      "properties": {
        "id": 1352337585,
        "osm_type": "way"
      }
    },
    {
      "type": "Feature",
      "geometry": {
        "type": "Point",
        "coordinates": [
          13.3092469,
          52.4733344
        ]
      },
      "properties": {
        "id": 1360338253,
        "osm_type": "way",
        "name": "Berliner Toilette",
        "opening_hours": "24/7",
        "access": "yes"
      }
    },
    {
      "type": "Feature",
      "geometry": {
        "type": "Point",
        "coordinates": [
          13.2346823,
          52.4895057
        ]
      },
      "properties": {
        "id": 1365510309,
        "osm_type": "way",
        "opening_hours": "May-Sep Mo-Su,PH 00:00-24:00; Oct-Apr off",
        "access": "yes"
      }
    },
    {
      "type": "Feature",
      "geometry": {
        "type": "Point",
        "coordinates": [
          13.4270442,
          52.5207624
        ]
      },
      "properties": {
        "id": 1365522516,
        "osm_type": "way",
        "opening_hours": "24/7",
        "access": "yes"
      }
    },
    {
      "type": "Feature",
      "geometry": {
        "type": "Point",
        "coordinates": [
          13.4206034,
          52.4917041
        ]
      },
      "properties": {
        "id": 1374139772,
        "osm_type": "way"
      }
    },
    {
      "type": "Feature",
      "geometry": {
        "type": "Point",
        "coordinates": [
          13.383195,
          52.5491361
        ]
      },
      "properties": {
        "id": 1378108699,
        "osm_type": "way",
        "access": "permit"
      }
    },
    {
      "type": "Feature",
      "geometry": {
        "type": "Point",
        "coordinates": [
          13.3832256,
          52.5491537
        ]
      },
      "properties": {
        "id": 1378108700,
        "osm_type": "way",
        "access": "permit"
      }
    },
    {
      "type": "Feature",
      "geometry": {
        "type": "Point",
        "coordinates": [
          13.3469318,
          52.533435
        ]
      },
      "properties": {
        "id": 1391886588,
        "osm_type": "way",
        "name": "Historische Toilette (Café Achteck)",
        "access": "yes"
      }
    },
    {
      "type": "Feature",
      "geometry": {
        "type": "Point",
        "coordinates": [
          13.397778,
          52.6037503
        ]
      },
      "properties": {
        "id": 1393229669,
        "osm_type": "way",
        "access": "yes"
      }
    },
    {
      "type": "Feature",
      "geometry": {
        "type": "Point",
        "coordinates": [
          13.5476839,
          52.4381755
        ]
      },
      "properties": {
        "id": 1393495446,
        "osm_type": "way",
        "name": "Berliner Toilette",
        "access": "yes"
      }
    },
    {
      "type": "Feature",
      "geometry": {
        "type": "Point",
        "coordinates": [
          13.3431113,
          52.4389749
        ]
      },
      "properties": {
        "id": 1414702213,
        "osm_type": "way",
        "opening_hours": "24/7",
        "access": "yes"
      }
    },
    {
      "type": "Feature",
      "geometry": {
        "type": "Point",
        "coordinates": [
          13.4951846,
          52.4175312
        ]
      },
      "properties": {
        "id": 1414985000,
        "osm_type": "way",
        "access": "customers"
      }
    },
    {
      "type": "Feature",
      "geometry": {
        "type": "Point",
        "coordinates": [
          13.332692,
          52.5764286
        ]
      },
      "properties": {
        "id": 1420338373,
        "osm_type": "way",
        "access": "yes"
      }
    },
    {
      "type": "Feature",
      "geometry": {
        "type": "Point",
        "coordinates": [
          13.449515,
          52.4966119
        ]
      },
      "properties": {
        "id": 1420338769,
        "osm_type": "way",
        "access": "yes"
      }
    },
    {
      "type": "Feature",
      "geometry": {
        "type": "Point",
        "coordinates": [
          13.5670054,
          52.5724419
        ]
      },
      "properties": {
        "id": 1425269893,
        "osm_type": "way",
        "access": "yes"
      }
    },
    {
      "type": "Feature",
      "geometry": {
        "type": "Point",
        "coordinates": [
          13.368581,
          52.5447668
        ]
      },
      "properties": {
        "id": 1429812241,
        "osm_type": "way",
        "opening_hours": "24/7",
        "access": "yes"
      }
    },
    {
      "type": "Feature",
      "geometry": {
        "type": "Point",
        "coordinates": [
          13.2936469,
          52.5566345
        ]
      },
      "properties": {
        "id": 1445835204,
        "osm_type": "way"
      }
    },
    {
      "type": "Feature",
      "geometry": {
        "type": "Point",
        "coordinates": [
          13.295286,
          52.5567952
        ]
      },
      "properties": {
        "id": 1445835211,
        "osm_type": "way"
      }
    },
    {
      "type": "Feature",
      "geometry": {
        "type": "Point",
        "coordinates": [
          13.2964426,
          52.5569088
        ]
      },
      "properties": {
        "id": 1445835219,
        "osm_type": "way"
      }
    },
    {
      "type": "Feature",
      "geometry": {
        "type": "Point",
        "coordinates": [
          13.2984145,
          52.5571021
        ]
      },
      "properties": {
        "id": 1445835228,
        "osm_type": "way"
      }
    },
    {
      "type": "Feature",
      "geometry": {
        "type": "Point",
        "coordinates": [
          13.2996008,
          52.5572149
        ]
      },
      "properties": {
        "id": 1445835235,
        "osm_type": "way"
      }
    },
    {
      "type": "Feature",
      "geometry": {
        "type": "Point",
        "coordinates": [
          13.2991606,
          52.5556294
        ]
      },
      "properties": {
        "id": 1445835246,
        "osm_type": "way"
      }
    },
    {
      "type": "Feature",
      "geometry": {
        "type": "Point",
        "coordinates": [
          13.2987329,
          52.5549229
        ]
      },
      "properties": {
        "id": 1445835258,
        "osm_type": "way"
      }
    },
    {
      "type": "Feature",
      "geometry": {
        "type": "Point",
        "coordinates": [
          13.2983002,
          52.5542145
        ]
      },
      "properties": {
        "id": 1445835265,
        "osm_type": "way"
      }
    },
    {
      "type": "Feature",
      "geometry": {
        "type": "Point",
        "coordinates": [
          13.2307317,
          52.516016
        ]
      },
      "properties": {
        "id": 1451115013,
        "osm_type": "way"
      }
    }
  ]
}