{
  "type": "FeatureCollection",
  "features": [
    {
      "type": "Feature",
      "geometry": {
        "type": "Point",
        "coordinates": [
          -0.3818602,
          39.471011
        ]
      },
      "properties": {
        "id": 30999260,
        "osm_type": "node",
        "name": "Ni pa ti ni pa mi"
      }
    },
    {
      "type": "Feature",
      "geometry": {
        "type": "Point",
        "coordinates": [
          -0.381409,
          39.4709045
        ]
      },
      "properties": {
        "id": 30999262,
        "osm_type": "node",
        "name": "Poquito a poco"
      }
    },
    {
      "type": "Feature",
      "geometry": {
        "type": "Point",
        "coordinates": [
          -0.3803981,
          39.4711826
        ]
      },
      "properties": {
        "id": 31023735,
        "osm_type": "node",
        "name": "Cervecería Velluters",
        "check_date": "2024-03-07"
      }
    },
    {
      "type": "Feature",
      "geometry": {
        "type": "Point",
        "coordinates": [
          -0.3808791,
          39.4709675
        ]
      },
      "properties": {
        "id": 31023736,
        "osm_type": "node",
        "name": "Café Santos"
      }
    },
    {
      "type": "Feature",
      "geometry": {
        "type": "Point",
        "coordinates": [
          -0.381146,
          39.4723522
        ]
      },
      "properties": {
        "id": 31023744,
        "osm_type": "node",
        "name": "Bar Victoria"
      }
    },
    {
      "type": "Feature",
      "geometry": {
        "type": "Point",
        "coordinates": [
          -0.4371069,
          39.1905122
        ]
      },
      "properties": {
        "id": 91208412,
        "osm_type": "node",
        "name": "Café-Bar Colón",
        "opening_hours": "Mo-Sa 08:00-21:00",
        "outdoor_seating": "yes"
      }
    },
    {
      "type": "Feature",
      "geometry": {
        "type": "Point",
        "coordinates": [
          -0.3836713,
          39.4727638
        ]
      },
      "properties": {
        "id": 197384418,
        "osm_type": "node",
        "name": "Café Bar Almansa"
      }
    },
    {
      "type": "Feature",
      "geometry": {
        "type": "Point",
        "coordinates": [
          -0.3836228,
          39.4737971
        ]
      },
      "properties": {
        "id": 197384424,
        "osm_type": "node",
        "name": "Café Clasic"
      }
    },
    {
      "type": "Feature",
      "geometry": {
        "type": "Point",
        "coordinates": [
          -0.3834497,
          39.4739405
        ]
      },
      "properties": {
        "id": 197384433,
        "osm_type": "node",
        "name": "Horno de la Encarnación"
      }
    },
    {
      "type": "Feature",
      "geometry": {
        "type": "Point",
        "coordinates": [
          -0.381215,
          39.4743828
        ]
      },
      "properties": {
        "id": 203671767,
        "osm_type": "node",
        "name": "Bar Jesús"
      }
    },
    {
      "type": "Feature",
      "geometry": {
        "type": "Point",
        "coordinates": [
          -0.3811324,
          39.4733399
        ]
      },
      "properties": {
        "id": 203671814,
        "osm_type": "node",
        "name": "Café Coral"
      }
    },
    {
      "type": "Feature",
      "geometry": {
        "type": "Point",
        "coordinates": [
          -0.3812564,
          39.4730281
        ]
      },
      "properties": {
        "id": 203671818,
        "osm_type": "node",
        "name": "Bar els Cremats"
      }
    },
    {
      "type": "Feature",
      "geometry": {
        "type": "Point",
        "coordinates": [
          -0.3813848,
          39.472622
        ]
      },
      "properties": {
        "id": 203671839,
        "osm_type": "node",
        "name": "Forn Desamparats",
        "outdoor_seating": "no"
      }
    },
    {
      "type": "Feature",
      "geometry": {
        "type": "Point",
        "coordinates": [
          -0.3792638,
          39.4718839
        ]
      },
      "properties": {
        "id": 221230692,
        "osm_type": "node",
        "name": "La més cabuda",
        "outdoor_seating": "yes"
      }
    },
    {
      "type": "Feature",
      "geometry": {
        "type": "Point",
        "coordinates": [
          -0.1025941,
          38.7799906
        ]
      },
      "properties": {
        "id": 241478880,
        "osm_type": "node",
        "name": "Pastisseria La Placeta"
      }
    },
    {
      "type": "Feature",
      "geometry": {
        "type": "Point",
        "coordinates": [
          -0.928103,
          38.2731505
        ]
      },
      "properties": {
        "id": 243814029,
        "osm_type": "node",
        "name": "panadería Luci"
      }
    },
    {
      "type": "Feature",
      "geometry": {
        "type": "Point",
        "coordinates": [
          -0.4971735,
          38.8343303
        ]
      },
      "properties": {
        "id": 254668355,
        "osm_type": "node",
        "name": "Bar Recreativo \"El Casino\""
      }
    },
    {
      "type": "Feature",
      "geometry": {
        "type": "Point",
        "coordinates": [
          -0.4919222,
          38.3691052
        ]
      },
      "properties": {
        "id": 259076658,
        "osm_type": "node"
      }
    },
    {
      "type": "Feature",
      "geometry": {
        "type": "Point",
        "coordinates": [
          -0.5056221,
          38.3912132
        ]
      },
      "properties": {
        "id": 273377631,
        "osm_type": "node",
        "name": "Heladería Xambit"
      }
    },
    {
      "type": "Feature",
      "geometry": {
        "type": "Point",
        "coordinates": [
          -0.4340623,
          38.3676487
        ]
      },
      "properties": {
        "id": 280577609,
        "osm_type": "node",
        "name": "La espiga de oro"
      }
    },
    {
      "type": "Feature",
      "geometry": {
        "type": "Point",
        "coordinates": [
          -0.4336258,
          38.3670778
        ]
      },
      "properties": {
        "id": 280585298,
        "osm_type": "node",
        "name": "Café el paseo"
      }
    },
    {
      "type": "Feature",
      "geometry": {
        "type": "Point",
        "coordinates": [
          -0.4290554,
          38.3665208
        ]
      },
      "properties": {
        "id": 280587275,
        "osm_type": "node",
        "name": "Nácara"
      }
    },
    {
      "type": "Feature",
      "geometry": {
        "type": "Point",
        "coordinates": [
          -0.4280989,
          38.3672747
        ]
      },
      "properties": {
        "id": 281153580,
        "osm_type": "node",
        "name": "Sketch"
      }
    },
    {
      "type": "Feature",
      "geometry": {
        "type": "Point",
        "coordinates": [
          -0.427959,
          38.36734
        ]
      },
      "properties": {
        "id": 281153583,
        "osm_type": "node",
        "name": "Bombón"
      }
    },
    {
      "type": "Feature",
      "geometry": {
        "type": "Point",
        "coordinates": [
          -0.262147,
          38.5643341
        ]
      },
      "properties": {
        "id": 287774875,
        "osm_type": "node"
      }
    },
    {
      "type": "Feature",
      "geometry": {
        "type": "Point",
        "coordinates": [
          -0.2327253,
          38.5052949
        ]
      },
      "properties": {
        "id": 288178137,
        "osm_type": "node"
      }
    },
    {
      "type": "Feature",
      "geometry": {
        "type": "Point",
        "coordinates": [
          -0.2285531,
          38.5078297
        ]
      },
      "properties": {
        "id": 288186442,
        "osm_type": "node",
        "name": "Cafetería Brisa"
      }
    },
    {
      "type": "Feature",
      "geometry": {
        "type": "Point",
        "coordinates": [
          -0.4246348,
          38.3681564
        ]
      },
      "properties": {
        "id": 300087118,
        "osm_type": "node",
        "name": "Don Carlos"
      }
    },
    {
      "type": "Feature",
      "geometry": {
        "type": "Point",
        "coordinates": [
          -0.4249629,
          38.3673011
        ]
      },
      "properties": {
        "id": 300087128,
        "osm_type": "node",
        "name": "All-in Sports Bar"
      }
    },
    {
      "type": "Feature",
      "geometry": {
        "type": "Point",
        "coordinates": [
          -0.4839118,
          38.3603695
        ]
      },
      "properties": {
        "id": 300627178,
        "osm_type": "node",
        "name": "horno Rafaelet"
      }
    },
    {
      "type": "Feature",
      "geometry": {
        "type": "Point",
        "coordinates": [
          -0.5253615,
          38.3962198
        ]
      },
      "properties": {
        "id": 307397735,
        "osm_type": "node",
        "name": "El sol"
      }
    },
    {
      "type": "Feature",
      "geometry": {
        "type": "Point",
        "coordinates": [
          -0.5270507,
          38.3956053
        ]
      },
      "properties": {
        "id": 307404723,
        "osm_type": "node",
        "name": "Carmen"
      }
    },
    {
      "type": "Feature",
      "geometry": {
        "type": "Point",
        "coordinates": [
          -0.5279989,
          38.3955668
        ]
      },
      "properties": {
        "id": 307407848,
        "osm_type": "node",
        "name": "Pub 206"
      }
    },
    {
      "type": "Feature",
      "geometry": {
        "type": "Point",
        "coordinates": [
          -0.518053,
          38.3918698
        ]
      },
      "properties": {
        "id": 310173190,
        "osm_type": "node",
        "name": "m'Agrada"
      }
    },
    {
      "type": "Feature",
      "geometry": {
        "type": "Point",
        "coordinates": [
          -0.516341,
          38.3844895
        ]
      },
      "properties": {
        "id": 314568987,
        "osm_type": "node"
      }
    },
    {
      "type": "Feature",
      "geometry": {
        "type": "Point",
        "coordinates": [
          -0.5132854,
          38.3829353
        ]
      },
      "properties": {
        "id": 314569249,
        "osm_type": "node"
      }
    },
    {
      "type": "Feature",
      "geometry": {
        "type": "Point",
        "coordinates": [
          -0.5084788,
          38.3826837
        ]
      },
      "properties": {
        "id": 314570875,
        "osm_type": "node",
        "name": "Club Social III"
      }
    },
    {
      "type": "Feature",
      "geometry": {
        "type": "Point",
        "coordinates": [
          -0.5115602,
          38.3872546
        ]
      },
      "properties": {
        "id": 314570922,
        "osm_type": "node"
      }
    },
    {
      "type": "Feature",
      "geometry": {
        "type": "Point",
        "coordinates": [
          -0.515517,
          38.3871268
        ]
      },
      "properties": {
        "id": 314571280,
        "osm_type": "node"
      }
    },
    {
      "type": "Feature",
      "geometry": {
        "type": "Point",
        "coordinates": [
          -0.5093973,
          38.3863531
        ]
      },
      "properties": {
        "id": 314571642,
        "osm_type": "node",
        "name": "Mad Pilots",
        "opening_hours": "Sa-Su 00:00-24:00"
      }
    },
    {
      "type": "Feature",
      "geometry": {
        "type": "Point",
        "coordinates": [
          -0.5058795,
          38.3912109
        ]
      },
      "properties": {
        "id": 314573093,
        "osm_type": "node",
        "name": "Galvany"
      }
    },
    {
      "type": "Feature",
      "geometry": {
        "type": "Point",
        "coordinates": [
          -0.5240884,
          38.391673
        ]
      },
      "properties": {
        "id": 314575723,
        "osm_type": "node",
        "name": "Mila"
      }
    },
    {
      "type": "Feature",
      "geometry": {
        "type": "Point",
        "coordinates": [
          -0.5131889,
          38.3823243
        ]
      },
      "properties": {
        "id": 353180022,
        "osm_type": "node",
        "name": "Cafetería La Terreta",
        "takeaway": "yes",
        "outdoor_seating": "yes"
      }
    },
    {
      "type": "Feature",
      "geometry": {
        "type": "Point",
        "coordinates": [
          -0.3846727,
          39.4704309
        ]
      },
      "properties": {
        "id": 365242574,
        "osm_type": "node",
        "name": "Ti amo café",
        "outdoor_seating": "yes"
      }
    },
    {
      "type": "Feature",
      "geometry": {
        "type": "Point",
        "coordinates": [
          -0.3841466,
          39.4702672
        ]
      },
      "properties": {
        "id": 365519623,
        "osm_type": "node",
        "name": "Bar Jesus"
      }
    },
    {
      "type": "Feature",
      "geometry": {
        "type": "Point",
        "coordinates": [
          -0.3839154,
          39.4702868
        ]
      },
      "properties": {
        "id": 365519624,
        "osm_type": "node",
        "name": "Eras Pan"
      }
    },
    {
      "type": "Feature",
      "geometry": {
        "type": "Point",
        "coordinates": [
          -0.4811329,
          38.3479581
        ]
      },
      "properties": {
        "id": 375814833,
        "osm_type": "node"
      }
    },
    {
      "type": "Feature",
      "geometry": {
        "type": "Point",
        "coordinates": [
          -0.479005,
          38.3588138
        ]
      },
      "properties": {
        "id": 378745685,
        "osm_type": "node",
        "name": "Café Terraza"
      }
    },
    {
      "type": "Feature",
      "geometry": {
        "type": "Point",
        "coordinates": [
          -0.5455247,
          38.3429799
        ]
      },
      "properties": {
        "id": 385153157,
        "osm_type": "node",
        "name": "Café Bar Ali-Oil"
      }
    },
    {
      "type": "Feature",
      "geometry": {
        "type": "Point",
        "coordinates": [
          -0.6460115,
          38.1448586
        ]
      },
      "properties": {
        "id": 410961741,
        "osm_type": "node",
        "name": "Cafetería Mary"
      }
    },
    {
      "type": "Feature",
      "geometry": {
        "type": "Point",
        "coordinates": [
          -0.5390501,
          38.2728208
        ]
      },
      "properties": {
        "id": 410962643,
        "osm_type": "node",
        "name": "Juanita"
      }
    },
    {
      "type": "Feature",
      "geometry": {
        "type": "Point",
        "coordinates": [
          -0.5405358,
          38.272585
        ]
      },
      "properties": {
        "id": 410963005,
        "osm_type": "node",
        "name": "Juana Lucía Baeza Hernaiz"
      }
    },
    {
      "type": "Feature",
      "geometry": {
        "type": "Point",
        "coordinates": [
          -0.6857572,
          38.2690349
        ]
      },
      "properties": {
        "id": 410985535,
        "osm_type": "node",
        "name": "Pasteleria RC",
        "opening_hours": "Mo-Fr 10:00-14:00,17:00-21:00; Sa 10:00-14:00,12:30-15:00",
        "outdoor_seating": "no"
      }
    },
    {
      "type": "Feature",
      "geometry": {
        "type": "Point",
        "coordinates": [
          -0.6818473,
          38.212477
        ]
      },
      "properties": {
        "id": 410991186,
        "osm_type": "node",
        "name": "Waka Waka"
      }
    },
    {
      "type": "Feature",
      "geometry": {
        "type": "Point",
        "coordinates": [
          -0.5455951,
          38.2726808
        ]
      },
      "properties": {
        "id": 410996276,
        "osm_type": "node",
        "name": "Tahona de Fernando"
      }
    },
    {
      "type": "Feature",
      "geometry": {
        "type": "Point",
        "coordinates": [
          -0.5072556,
          39.8771701
        ]
      },
      "properties": {
        "id": 416678323,
        "osm_type": "node"
      }
    },
    {
      "type": "Feature",
      "geometry": {
        "type": "Point",
        "coordinates": [
          -0.4596953,
          39.4635442
        ]
      },
      "properties": {
        "id": 430350965,
        "osm_type": "node",
        "name": "Cafetería del Mercat"
      }
    },
    {
      "type": "Feature",
      "geometry": {
        "type": "Point",
        "coordinates": [
          -0.3880163,
          39.5461631
        ]
      },
      "properties": {
        "id": 447040120,
        "osm_type": "node",
        "name": "Bar Tapate"
      }
    },
    {
      "type": "Feature",
      "geometry": {
        "type": "Point",
        "coordinates": [
          -0.3886699,
          39.5477791
        ]
      },
      "properties": {
        "id": 447040121,
        "osm_type": "node",
        "name": "Cafetería Chigal"
      }
    },
    {
      "type": "Feature",
      "geometry": {
        "type": "Point",
        "coordinates": [
          -0.3883345,
          39.5484257
        ]
      },
      "properties": {
        "id": 447040124,
        "osm_type": "node",
        "name": "Horno Cafetería Paiven"
      }
    },
    {
      "type": "Feature",
      "geometry": {
        "type": "Point",
        "coordinates": [
          -0.3849201,
          39.5452824
        ]
      },
      "properties": {
        "id": 447835929,
        "osm_type": "node",
        "name": "Bar Alfara"
      }
    },
    {
      "type": "Feature",
      "geometry": {
        "type": "Point",
        "coordinates": [
          -0.7048295,
          38.2535742
        ]
      },
      "properties": {
        "id": 451804322,
        "osm_type": "node",
        "name": "NOU MILAN CAFE",
        "outdoor_seating": "yes"
      }
    },
    {
      "type": "Feature",
      "geometry": {
        "type": "Point",
        "coordinates": [
          -0.7047405,
          38.2533189
        ]
      },
      "properties": {
        "id": 451804328,
        "osm_type": "node",
        "name": "cafetería el parque"
      }
    },
    {
      "type": "Feature",
      "geometry": {
        "type": "Point",
        "coordinates": [
          -0.5535582,
          39.5880238
        ]
      },
      "properties": {
        "id": 517870502,
        "osm_type": "node",
        "name": "Forn Montesinos"
      }
    },
    {
      "type": "Feature",
      "geometry": {
        "type": "Point",
        "coordinates": [
          -0.7675585,
          38.3846806
        ]
      },
      "properties": {
        "id": 535222304,
        "osm_type": "node",
        "name": "El Molino",
        "check_date": "2024-06-13"
      }
    },
    {
      "type": "Feature",
      "geometry": {
        "type": "Point",
        "coordinates": [
          -0.4304644,
          38.3662597
        ]
      },
      "properties": {
        "id": 548341321,
        "osm_type": "node",
        "name": "Canela"
      }
    },
    {
      "type": "Feature",
      "geometry": {
        "type": "Point",
        "coordinates": [
          -0.1987874,
          38.6762057
        ]
      },
      "properties": {
        "id": 559762467,
        "osm_type": "node",
        "name": "Les Penyes"
      }
    },
    {
      "type": "Feature",
      "geometry": {
        "type": "Point",
        "coordinates": [
          -0.7614545,
          38.3870716
        ]
      },
      "properties": {
        "id": 576273373,
        "osm_type": "node",
        "name": "Supermercado - Panadería Goya"
      }
    },
    {
      "type": "Feature",
      "geometry": {
        "type": "Point",
        "coordinates": [
          -0.4851224,
          38.3478927
        ]
      },
      "properties": {
        "id": 588596554,
        "osm_type": "node",
        "name": "Il Duomo"
      }
    },
    {
      "type": "Feature",
      "geometry": {
        "type": "Point",
        "coordinates": [
          -0.4871904,
          38.347472
        ]
      },
      "properties": {
        "id": 588642282,
        "osm_type": "node",
        "name": "Monerris Sirvent"
      }
    },
    {
      "type": "Feature",
      "geometry": {
        "type": "Point",
        "coordinates": [
          -0.4901408,
          38.3464178
        ]
      },
      "properties": {
        "id": 588987180,
        "osm_type": "node",
        "name": "Iruña"
      }
    },
    {
      "type": "Feature",
      "geometry": {
        "type": "Point",
        "coordinates": [
          -0.0662203,
          39.994981
        ]
      },
      "properties": {
        "id": 596430645,
        "osm_type": "node",
        "name": "Cafetería"
      }
    },
    {
      "type": "Feature",
      "geometry": {
        "type": "Point",
        "coordinates": [
          -0.4215892,
          38.3588989
        ]
      },
      "properties": {
        "id": 602274274,
        "osm_type": "node",
        "name": "Cervecería Azahara"
      }
    },
    {
      "type": "Feature",
      "geometry": {
        "type": "Point",
        "coordinates": [
          -0.4145196,
          38.3711397
        ]
      },
      "properties": {
        "id": 604699812,
        "osm_type": "node",
        "name": "Garden"
      }
    },
    {
      "type": "Feature",
      "geometry": {
        "type": "Point",
        "coordinates": [
          -0.4148782,
          38.3715959
        ]
      },
      "properties": {
        "id": 604758554,
        "osm_type": "node",
        "name": "Bottom"
      }
    },
    {
      "type": "Feature",
      "geometry": {
        "type": "Point",
        "coordinates": [
          -0.4145198,
          38.3721612
        ]
      },
      "properties": {
        "id": 604758655,
        "osm_type": "node",
        "name": "Despacho de pan Blanca"
      }
    },
    {
      "type": "Feature",
      "geometry": {
        "type": "Point",
        "coordinates": [
          -0.4145198,
          38.3722922
        ]
      },
      "properties": {
        "id": 604758669,
        "osm_type": "node",
        "name": "Cafetería Los Amigos"
      }
    },
    {
      "type": "Feature",
      "geometry": {
        "type": "Point",
        "coordinates": [
          -0.4145153,
          38.3727018
        ]
      },
      "properties": {
        "id": 604784821,
        "osm_type": "node",
        "name": "Cafetería Echate P'allá"
      }
    },
    {
      "type": "Feature",
      "geometry": {
        "type": "Point",
        "coordinates": [
          -0.5055927,
          38.3913193
        ]
      },
      "properties": {
        "id": 616226464,
        "osm_type": "node",
        "name": "Sabor Andaluz"
      }
    },
    {
      "type": "Feature",
      "geometry": {
        "type": "Point",
        "coordinates": [
          -0.7680421,
          38.3453911
        ]
      },
      "properties": {
        "id": 650844060,
        "osm_type": "node",
        "name": "Pastelería Tallón"
      }
    },
    {
      "type": "Feature",
      "geometry": {
        "type": "Point",
        "coordinates": [
          -0.7690752,
          38.346503
        ]
      },
      "properties": {
        "id": 650853611,
        "osm_type": "node",
        "name": "Pasteleria Juanfran Asencio"
      }
    },
    {
      "type": "Feature",
      "geometry": {
        "type": "Point",
        "coordinates": [
          -0.4104878,
          38.3661631
        ]
      },
      "properties": {
        "id": 663334853,
        "osm_type": "node",
        "name": "Chocolates Valor"
      }
    },
    {
      "type": "Feature",
      "geometry": {
        "type": "Point",
        "coordinates": [
          -0.4975303,
          38.3516713
        ]
      },
      "properties": {
        "id": 663663231,
        "osm_type": "node",
        "name": "Lockers park"
      }
    },
    {
      "type": "Feature",
      "geometry": {
        "type": "Point",
        "coordinates": [
          -0.496383,
          38.3507458
        ]
      },
      "properties": {
        "id": 663684562,
        "osm_type": "node",
        "name": "panadería-pastelería Castell"
      }
    },
    {
      "type": "Feature",
      "geometry": {
        "type": "Point",
        "coordinates": [
          -0.4330656,
          38.3643255
        ]
      },
      "properties": {
        "id": 663881607,
        "osm_type": "node",
        "name": "Baires"
      }
    },
    {
      "type": "Feature",
      "geometry": {
        "type": "Point",
        "coordinates": [
          -0.4309045,
          38.3631991
        ]
      },
      "properties": {
        "id": 663884683,
        "osm_type": "node",
        "name": "Cabopan"
      }
    },
    {
      "type": "Feature",
      "geometry": {
        "type": "Point",
        "coordinates": [
          -0.4312689,
          38.3630708
        ]
      },
      "properties": {
        "id": 663885680,
        "osm_type": "node",
        "name": "Boulevar"
      }
    },
    {
      "type": "Feature",
      "geometry": {
        "type": "Point",
        "coordinates": [
          -0.4670887,
          38.3626614
        ]
      },
      "properties": {
        "id": 664235541,
        "osm_type": "node",
        "name": "café Dilema"
      }
    },
    {
      "type": "Feature",
      "geometry": {
        "type": "Point",
        "coordinates": [
          -0.5999497,
          39.6281021
        ]
      },
      "properties": {
        "id": 664467857,
        "osm_type": "node",
        "name": "San Francisco"
      }
    },
    {
      "type": "Feature",
      "geometry": {
        "type": "Point",
        "coordinates": [
          -0.4123556,
          38.3879459
        ]
      },
      "properties": {
        "id": 672792779,
        "osm_type": "node",
        "name": "Madre"
      }
    },
    {
      "type": "Feature",
      "geometry": {
        "type": "Point",
        "coordinates": [
          -0.4109335,
          38.3884943
        ]
      },
      "properties": {
        "id": 672937821,
        "osm_type": "node",
        "name": "Mona"
      }
    },
    {
      "type": "Feature",
      "geometry": {
        "type": "Point",
        "coordinates": [
          -0.410942,
          38.3884498
        ]
      },
      "properties": {
        "id": 672937822,
        "osm_type": "node",
        "name": "Bones Tapes"
      }
    },
    {
      "type": "Feature",
      "geometry": {
        "type": "Point",
        "coordinates": [
          -0.4826692,
          38.3437087
        ]
      },
      "properties": {
        "id": 674042402,
        "osm_type": "node",
        "name": "Miami"
      }
    },
    {
      "type": "Feature",
      "geometry": {
        "type": "Point",
        "coordinates": [
          -0.4836213,
          38.3447315
        ]
      },
      "properties": {
        "id": 674064435,
        "osm_type": "node",
        "name": "Nine"
      }
    },
    {
      "type": "Feature",
      "geometry": {
        "type": "Point",
        "coordinates": [
          -0.4843064,
          38.3475535
        ]
      },
      "properties": {
        "id": 674102488,
        "osm_type": "node",
        "name": "Don Carlos"
      }
    },
    {
      "type": "Feature",
      "geometry": {
        "type": "Point",
        "coordinates": [
          -0.4845617,
          38.3478149
        ]
      },
      "properties": {
        "id": 674102491,
        "osm_type": "node",
        "name": "La Masa de Tomasa"
      }
    },
    {
      "type": "Feature",
      "geometry": {
        "type": "Point",
        "coordinates": [
          -0.4844731,
          38.3473101
        ]
      },
      "properties": {
        "id": 674104864,
        "osm_type": "node",
        "name": "La oficina"
      }
    },
    {
      "type": "Feature",
      "geometry": {
        "type": "Point",
        "coordinates": [
          -0.4861298,
          38.3470939
        ]
      },
      "properties": {
        "id": 674906166,
        "osm_type": "node",
        "name": "café Castallos'44"
      }
    },
    {
      "type": "Feature",
      "geometry": {
        "type": "Point",
        "coordinates": [
          -0.065815,
          39.990597
        ]
      },
      "properties": {
        "id": 697344815,
        "osm_type": "node",
        "name": "El Círculo del Café"
      }
    },
    {
      "type": "Feature",
      "geometry": {
        "type": "Point",
        "coordinates": [
          -0.9452481,
          38.0798476
        ]
      },
      "properties": {
        "id": 715801453,
        "osm_type": "node",
        "name": "Horno Joaquín"
      }
    },
    {
      "type": "Feature",
      "geometry": {
        "type": "Point",
        "coordinates": [
          -0.5112202,
          38.3547003
        ]
      },
      "properties": {
        "id": 724118190,
        "osm_type": "node"
      }
    },
    {
      "type": "Feature",
      "geometry": {
        "type": "Point",
        "coordinates": [
          -0.9463491,
          38.0797033
        ]
      },
      "properties": {
        "id": 724517179,
        "osm_type": "node",
        "name": "Café Roma"
      }
    },
    {
      "type": "Feature",
      "geometry": {
        "type": "Point",
        "coordinates": [
          -0.9471673,
          38.0785006
        ]
      },
      "properties": {
        "id": 729666019,
        "osm_type": "node",
        "name": "Café Madeira"
      }
    },
    {
      "type": "Feature",
      "geometry": {
        "type": "Point",
        "coordinates": [
          -0.9458366,
          38.0807595
        ]
      },
      "properties": {
        "id": 731289772,
        "osm_type": "node",
        "name": "Café-Bar Trébol"
      }
    },
    {
      "type": "Feature",
      "geometry": {
        "type": "Point",
        "coordinates": [
          -0.9471367,
          38.082784
        ]
      },
      "properties": {
        "id": 733806741,
        "osm_type": "node",
        "name": "La Colegiala"
      }
    },
    {
      "type": "Feature",
      "geometry": {
        "type": "Point",
        "coordinates": [
          -0.947087,
          38.0826705
        ]
      },
      "properties": {
        "id": 733806771,
        "osm_type": "node",
        "name": "Cafetería La Nueva Luna"
      }
    },
    {
      "type": "Feature",
      "geometry": {
        "type": "Point",
        "coordinates": [
          -0.9470279,
          38.0825377
        ]
      },
      "properties": {
        "id": 733806789,
        "osm_type": "node",
        "name": "Café Rachel"
      }
    },
    {
      "type": "Feature",
      "geometry": {
        "type": "Point",
        "coordinates": [
          -0.1985456,
          38.6773131
        ]
      },
      "properties": {
        "id": 817304737,
        "osm_type": "node",
        "name": "Levante"
      }
    },
    {
      "type": "Feature",
      "geometry": {
        "type": "Point",
        "coordinates": [
          -0.3762568,
          39.4738263
        ]
      },
      "properties": {
        "id": 825235820,
        "osm_type": "node",
        "name": "Horchateria de Santa Catalina",
        "outdoor_seating": "no",
        "check_date": "2024-10-08"
      }
    },
    {
      "type": "Feature",
      "geometry": {
        "type": "Point",
        "coordinates": [
          -0.5254417,
          38.4043514
        ]
      },
      "properties": {
        "id": 840097329,
        "osm_type": "node",
        "name": "Heladería Neloa"
      }
    },
    {
      "type": "Feature",
      "geometry": {
        "type": "Point",
        "coordinates": [
          -0.3710206,
          39.4959392
        ]
      },
      "properties": {
        "id": 850179237,
        "osm_type": "node",
        "name": "Solaz"
      }
    },
    {
      "type": "Feature",
      "geometry": {
        "type": "Point",
        "coordinates": [
          -0.3231805,
          39.5086205
        ]
      },
      "properties": {
        "id": 869393647,
        "osm_type": "node"
      }
    },
    {
      "type": "Feature",
      "geometry": {
        "type": "Point",
        "coordinates": [
          -0.3218076,
          39.508139
        ]
      },
      "properties": {
        "id": 869394105,
        "osm_type": "node",
        "name": "Toni"
      }
    },
    {
      "type": "Feature",
      "geometry": {
        "type": "Point",
        "coordinates": [
          -0.3433539,
          39.4819069
        ]
      },
      "properties": {
        "id": 869447419,
        "osm_type": "node",
        "name": "Cafetería Pizzeria",
        "outdoor_seating": "yes"
      }
    },
    {
      "type": "Feature",
      "geometry": {
        "type": "Point",
        "coordinates": [
          -0.3213704,
          39.5125885
        ]
      },
      "properties": {
        "id": 874022584,
        "osm_type": "node"
      }
    },
    {
      "type": "Feature",
      "geometry": {
        "type": "Point",
        "coordinates": [
          -0.4951317,
          38.3570302
        ]
      },
      "properties": {
        "id": 877045226,
        "osm_type": "node",
        "name": "Bar Deportivo"
      }
    },
    {
      "type": "Feature",
      "geometry": {
        "type": "Point",
        "coordinates": [
          -0.5290726,
          39.5650301
        ]
      },
      "properties": {
        "id": 890846305,
        "osm_type": "node",
        "name": "Comes Pastisseria i Forn"
      }
    },
    {
      "type": "Feature",
      "geometry": {
        "type": "Point",
        "coordinates": [
          -0.5290215,
          39.5660744
        ]
      },
      "properties": {
        "id": 891117849,
        "osm_type": "node",
        "name": "Forn del Cristo"
      }
    },
    {
      "type": "Feature",
      "geometry": {
        "type": "Point",
        "coordinates": [
          -0.5305673,
          39.5655341
        ]
      },
      "properties": {
        "id": 891117868,
        "osm_type": "node",
        "name": "Cafetería Bocatería Tuareg"
      }
    },
    {
      "type": "Feature",
      "geometry": {
        "type": "Point",
        "coordinates": [
          -0.5300874,
          39.5661643
        ]
      },
      "properties": {
        "id": 891117870,
        "osm_type": "node",
        "name": "Comes Pastisseria i Forn"
      }
    },
    {
      "type": "Feature",
      "geometry": {
        "type": "Point",
        "coordinates": [
          -0.5305164,
          39.5660379
        ]
      },
      "properties": {
        "id": 891117879,
        "osm_type": "node",
        "name": "Sabor a Mar"
      }
    },
    {
      "type": "Feature",
      "geometry": {
        "type": "Point",
        "coordinates": [
          -0.4114939,
          39.8046054
        ]
      },
      "properties": {
        "id": 911122392,
        "osm_type": "node",
        "name": "Cafetería Tema"
      }
    },
    {
      "type": "Feature",
      "geometry": {
        "type": "Point",
        "coordinates": [
          -0.4107429,
          39.804457
        ]
      },
      "properties": {
        "id": 911157350,
        "osm_type": "node",
        "name": "Asador de Rueda"
      }
    },
    {
      "type": "Feature",
      "geometry": {
        "type": "Point",
        "coordinates": [
          -0.3009351,
          39.6164261
        ]
      },
      "properties": {
        "id": 914046255,
        "osm_type": "node",
        "name": "Cafe Ro"
      }
    },
    {
      "type": "Feature",
      "geometry": {
        "type": "Point",
        "coordinates": [
          -0.7039896,
          38.2657378
        ]
      },
      "properties": {
        "id": 930425317,
        "osm_type": "node",
        "name": "Té y Café Museo"
      }
    },
    {
      "type": "Feature",
      "geometry": {
        "type": "Point",
        "coordinates": [
          -0.6976302,
          38.2631592
        ]
      },
      "properties": {
        "id": 931659777,
        "osm_type": "node",
        "name": "Tetería La Tartana"
      }
    },
    {
      "type": "Feature",
      "geometry": {
        "type": "Point",
        "coordinates": [
          -0.7670458,
          38.3475677
        ]
      },
      "properties": {
        "id": 932662935,
        "osm_type": "node",
        "name": "Cafetería Sama"
      }
    },
    {
      "type": "Feature",
      "geometry": {
        "type": "Point",
        "coordinates": [
          -0.7681744,
          38.3486502
        ]
      },
      "properties": {
        "id": 932690630,
        "osm_type": "node",
        "name": "Studio Café"
      }
    },
    {
      "type": "Feature",
      "geometry": {
        "type": "Point",
        "coordinates": [
          -0.6976878,
          38.2654298
        ]
      },
      "properties": {
        "id": 935344670,
        "osm_type": "node",
        "name": "Gelato Italiano"
      }
    },
    {
      "type": "Feature",
      "geometry": {
        "type": "Point",
        "coordinates": [
          -0.4730754,
          38.3631495
        ]
      },
      "properties": {
        "id": 937222134,
        "osm_type": "node",
        "name": "cafetería Costablanca"
      }
    },
    {
      "type": "Feature",
      "geometry": {
        "type": "Point",
        "coordinates": [
          -0.7042618,
          38.2537653
        ]
      },
      "properties": {
        "id": 944509623,
        "osm_type": "node",
        "name": "Picasso"
      }
    },
    {
      "type": "Feature",
      "geometry": {
        "type": "Point",
        "coordinates": [
          -0.7046243,
          38.2537758
        ]
      },
      "properties": {
        "id": 944509626,
        "osm_type": "node",
        "name": "Horno Carmen",
        "opening_hours": "Mo-Sa 07:00-20:30"
      }
    },
    {
      "type": "Feature",
      "geometry": {
        "type": "Point",
        "coordinates": [
          -0.595628,
          39.6286754
        ]
      },
      "properties": {
        "id": 945076409,
        "osm_type": "node"
      }
    },
    {
      "type": "Feature",
      "geometry": {
        "type": "Point",
        "coordinates": [
          -0.227345,
          38.5117613
        ]
      },
      "properties": {
        "id": 946564376,
        "osm_type": "node"
      }
    },
    {
      "type": "Feature",
      "geometry": {
        "type": "Point",
        "coordinates": [
          -0.2271873,
          38.5112747
        ]
      },
      "properties": {
        "id": 946564385,
        "osm_type": "node",
        "name": "Malú"
      }
    },
    {
      "type": "Feature",
      "geometry": {
        "type": "Point",
        "coordinates": [
          -0.2243065,
          38.5102255
        ]
      },
      "properties": {
        "id": 946577305,
        "osm_type": "node",
        "name": "Deves"
      }
    },
    {
      "type": "Feature",
      "geometry": {
        "type": "Point",
        "coordinates": [
          -0.2287673,
          38.5110576
        ]
      },
      "properties": {
        "id": 957168222,
        "osm_type": "node",
        "name": "Heladeria Mingot"
      }
    },
    {
      "type": "Feature",
      "geometry": {
        "type": "Point",
        "coordinates": [
          -0.1585889,
          38.5327447
        ]
      },
      "properties": {
        "id": 975346798,
        "osm_type": "node",
        "name": "Scusi"
      }
    },
    {
      "type": "Feature",
      "geometry": {
        "type": "Point",
        "coordinates": [
          -0.0496932,
          39.9863299
        ]
      },
      "properties": {
        "id": 981389327,
        "osm_type": "node",
        "name": "Bar Heladería Marade II"
      }
    },
    {
      "type": "Feature",
      "geometry": {
        "type": "Point",
        "coordinates": [
          -0.0501957,
          39.9861051
        ]
      },
      "properties": {
        "id": 981389332,
        "osm_type": "node",
        "name": "Heladería Cafetería Marade"
      }
    },
    {
      "type": "Feature",
      "geometry": {
        "type": "Point",
        "coordinates": [
          -0.0403755,
          39.9915763
        ]
      },
      "properties": {
        "id": 983449140,
        "osm_type": "node",
        "name": "El Kantonet de Esther Pa i café"
      }
    },
    {
      "type": "Feature",
      "geometry": {
        "type": "Point",
        "coordinates": [
          -0.7143017,
          39.8512272
        ]
      },
      "properties": {
        "id": 985223353,
        "osm_type": "node"
      }
    },
    {
      "type": "Feature",
      "geometry": {
        "type": "Point",
        "coordinates": [
          -0.0493969,
          40.1170979
        ]
      },
      "properties": {
        "id": 986015573,
        "osm_type": "node",
        "name": "La Tanca"
      }
    },
    {
      "type": "Feature",
      "geometry": {
        "type": "Point",
        "coordinates": [
          -0.232636,
          38.5080464
        ]
      },
      "properties": {
        "id": 1010947339,
        "osm_type": "node",
        "name": "Devesa"
      }
    },
    {
      "type": "Feature",
      "geometry": {
        "type": "Point",
        "coordinates": [
          -0.2294962,
          38.507225
        ]
      },
      "properties": {
        "id": 1039550171,
        "osm_type": "node",
        "name": "Ricardo Lloret Llaudes"
      }
    },
    {
      "type": "Feature",
      "geometry": {
        "type": "Point",
        "coordinates": [
          -0.3891312,
          39.5482804
        ]
      },
      "properties": {
        "id": 1050373440,
        "osm_type": "node"
      }
    },
    {
      "type": "Feature",
      "geometry": {
        "type": "Point",
        "coordinates": [
          -0.3964965,
          39.5445419
        ]
      },
      "properties": {
        "id": 1050395042,
        "osm_type": "node"
      }
    },
    {
      "type": "Feature",
      "geometry": {
        "type": "Point",
        "coordinates": [
          -0.3933348,
          39.5451573
        ]
      },
      "properties": {
        "id": 1050462979,
        "osm_type": "node",
        "name": "Soriano"
      }
    },
    {
      "type": "Feature",
      "geometry": {
        "type": "Point",
        "coordinates": [
          -0.4886034,
          38.3436028
        ]
      },
      "properties": {
        "id": 1060431183,
        "osm_type": "node",
        "name": "Sotelo 10"
      }
    },
    {
      "type": "Feature",
      "geometry": {
        "type": "Point",
        "coordinates": [
          -0.1319565,
          38.5406503
        ]
      },
      "properties": {
        "id": 1080571178,
        "osm_type": "node",
        "name": "Panadería La Vienesa"
      }
    },
    {
      "type": "Feature",
      "geometry": {
        "type": "Point",
        "coordinates": [
          -0.7219147,
          37.9628922
        ]
      },
      "properties": {
        "id": 1094382974,
        "osm_type": "node",
        "name": "Goya"
      }
    },
    {
      "type": "Feature",
      "geometry": {
        "type": "Point",
        "coordinates": [
          -0.1091055,
          38.5389669
        ]
      },
      "properties": {
        "id": 1096784572,
        "osm_type": "node",
        "name": "Macchiato"
      }
    },
    {
      "type": "Feature",
      "geometry": {
        "type": "Point",
        "coordinates": [
          -0.7686214,
          38.3460574
        ]
      },
      "properties": {
        "id": 1097186107,
        "osm_type": "node",
        "name": "Ankara"
      }
    },
    {
      "type": "Feature",
      "geometry": {
        "type": "Point",
        "coordinates": [
          -0.766424,
          38.346632
        ]
      },
      "properties": {
        "id": 1105810986,
        "osm_type": "node",
        "name": "Raúl Asencio"
      }
    },
    {
      "type": "Feature",
      "geometry": {
        "type": "Point",
        "coordinates": [
          -0.76651,
          38.346492
        ]
      },
      "properties": {
        "id": 1105811183,
        "osm_type": "node",
        "name": "Heladería Jijona"
      }
    },
    {
      "type": "Feature",
      "geometry": {
        "type": "Point",
        "coordinates": [
          -0.76658,
          38.346368
        ]
      },
      "properties": {
        "id": 1105811831,
        "osm_type": "node",
        "name": "Heladería Carbonell"
      }
    },
    {
      "type": "Feature",
      "geometry": {
        "type": "Point",
        "coordinates": [
          -0.7662149,
          38.3470955
        ]
      },
      "properties": {
        "id": 1105812447,
        "osm_type": "node",
        "name": "Sportium"
      }
    },
    {
      "type": "Feature",
      "geometry": {
        "type": "Point",
        "coordinates": [
          -0.5115227,
          38.3547768
        ]
      },
      "properties": {
        "id": 1106953552,
        "osm_type": "node",
        "name": "Sucre"
      }
    },
    {
      "type": "Feature",
      "geometry": {
        "type": "Point",
        "coordinates": [
          0.0495687,
          38.7154477
        ]
      },
      "properties": {
        "id": 1115647725,
        "osm_type": "node",
        "name": "Plaça 5"
      }
    },
    {
      "type": "Feature",
      "geometry": {
        "type": "Point",
        "coordinates": [
          -0.22019,
          38.5120901
        ]
      },
      "properties": {
        "id": 1117702830,
        "osm_type": "node",
        "name": "Bar Naranjo",
        "outdoor_seating": "yes"
      }
    },
    {
      "type": "Feature",
      "geometry": {
        "type": "Point",
        "coordinates": [
          -0.2205395,
          38.51194
        ]
      },
      "properties": {
        "id": 1117703316,
        "osm_type": "node",
        "name": "Bar Vicente",
        "outdoor_seating": "yes"
      }
    },
    {
      "type": "Feature",
      "geometry": {
        "type": "Point",
        "coordinates": [
          -0.2218941,
          38.5107837
        ]
      },
      "properties": {
        "id": 1117782842,
        "osm_type": "node",
        "name": "Maria del Mar Robles Sola"
      }
    },
    {
      "type": "Feature",
      "geometry": {
        "type": "Point",
        "coordinates": [
          0.0575295,
          38.7163778
        ]
      },
      "properties": {
        "id": 1125461894,
        "osm_type": "node",
        "name": "Jamaica",
        "outdoor_seating": "yes",
        "check_date": "2025-12-20"
      }
    },
    {
      "type": "Feature",
      "geometry": {
        "type": "Point",
        "coordinates": [
          0.058048,
          38.7161797
        ]
      },
      "properties": {
        "id": 1125461897,
        "osm_type": "node",
        "name": "Bar Frau",
        "outdoor_seating": "yes",
        "check_date": "2025-12-20"
      }
    },
    {
      "type": "Feature",
      "geometry": {
        "type": "Point",
        "coordinates": [
          0.0467686,
          38.643799
        ]
      },
      "properties": {
        "id": 1126528280,
        "osm_type": "node",
        "name": "Delamar"
      }
    },
    {
      "type": "Feature",
      "geometry": {
        "type": "Point",
        "coordinates": [
          -0.4763202,
          38.4113078
        ]
      },
      "properties": {
        "id": 1141093486,
        "osm_type": "node",
        "name": "Bar Alicia"
      }
    },
    {
      "type": "Feature",
      "geometry": {
        "type": "Point",
        "coordinates": [
          -0.4190627,
          38.4826886
        ]
      },
      "properties": {
        "id": 1142001427,
        "osm_type": "node",
        "name": "Forn El Coallet"
      }
    },
    {
      "type": "Feature",
      "geometry": {
        "type": "Point",
        "coordinates": [
          -0.411843,
          38.5103469
        ]
      },
      "properties": {
        "id": 1142145730,
        "osm_type": "node",
        "name": "Cafetería"
      }
    },
    {
      "type": "Feature",
      "geometry": {
        "type": "Point",
        "coordinates": [
          -0.4730337,
          38.4019966
        ]
      },
      "properties": {
        "id": 1147104781,
        "osm_type": "node"
      }
    },
    {
      "type": "Feature",
      "geometry": {
        "type": "Point",
        "coordinates": [
          -0.4649904,
          39.5509874
        ]
      },
      "properties": {
        "id": 1160312163,
        "osm_type": "node",
        "name": "Montesinos 2",
        "opening_hours": "Mo-Fr 07:30-20:00",
        "outdoor_seating": "yes"
      }
    },
    {
      "type": "Feature",
      "geometry": {
        "type": "Point",
        "coordinates": [
          -0.463215,
          39.55201
        ]
      },
      "properties": {
        "id": 1160312265,
        "osm_type": "node",
        "name": "La Terraza",
        "outdoor_seating": "yes"
      }
    },
    {
      "type": "Feature",
      "geometry": {
        "type": "Point",
        "coordinates": [
          0.1609425,
          38.7882786
        ]
      },
      "properties": {
        "id": 1161842812,
        "osm_type": "node",
        "name": "Santacreu"
      }
    },
    {
      "type": "Feature",
      "geometry": {
        "type": "Point",
        "coordinates": [
          0.1606805,
          38.7876896
        ]
      },
      "properties": {
        "id": 1161842939,
        "osm_type": "node",
        "name": "La Yesca"
      }
    },
    {
      "type": "Feature",
      "geometry": {
        "type": "Point",
        "coordinates": [
          -0.3941741,
          39.4552757
        ]
      },
      "properties": {
        "id": 1189714153,
        "osm_type": "node",
        "name": "Azahar"
      }
    },
    {
      "type": "Feature",
      "geometry": {
        "type": "Point",
        "coordinates": [
          -0.390637,
          39.4532166
        ]
      },
      "properties": {
        "id": 1189714399,
        "osm_type": "node",
        "name": "Con Fundamento"
      }
    },
    {
      "type": "Feature",
      "geometry": {
        "type": "Point",
        "coordinates": [
          -0.3936721,
          39.45433
        ]
      },
      "properties": {
        "id": 1189714485,
        "osm_type": "node",
        "name": "Juan de Garay"
      }
    },
    {
      "type": "Feature",
      "geometry": {
        "type": "Point",
        "coordinates": [
          -0.3914508,
          39.4544439
        ]
      },
      "properties": {
        "id": 1189714846,
        "osm_type": "node",
        "name": "Tayyab Sweet House",
        "check_date": "2026-02-11"
      }
    },
    {
      "type": "Feature",
      "geometry": {
        "type": "Point",
        "coordinates": [
          -0.3890102,
          39.4523228
        ]
      },
      "properties": {
        "id": 1189714878,
        "osm_type": "node",
        "name": "Garden"
      }
    },
    {
      "type": "Feature",
      "geometry": {
        "type": "Point",
        "coordinates": [
          -0.3918217,
          39.4536563
        ]
      },
      "properties": {
        "id": 1189715724,
        "osm_type": "node",
        "name": "El Rincón del Dulce"
      }
    },
    {
      "type": "Feature",
      "geometry": {
        "type": "Point",
        "coordinates": [
          -0.3924015,
          39.4536608
        ]
      },
      "properties": {
        "id": 1189715824,
        "osm_type": "node",
        "name": "Avenida"
      }
    },
    {
      "type": "Feature",
      "geometry": {
        "type": "Point",
        "coordinates": [
          -0.3904885,
          39.4528641
        ]
      },
      "properties": {
        "id": 1189716340,
        "osm_type": "node",
        "name": "Moreno Ponce 2"
      }
    },
    {
      "type": "Feature",
      "geometry": {
        "type": "Point",
        "coordinates": [
          -0.3904292,
          39.4528787
        ]
      },
      "properties": {
        "id": 1189716424,
        "osm_type": "node",
        "name": "Salon de Té Moreno Ponce 2"
      }
    },
    {
      "type": "Feature",
      "geometry": {
        "type": "Point",
        "coordinates": [
          -0.4002153,
          39.4597277
        ]
      },
      "properties": {
        "id": 1189716541,
        "osm_type": "node",
        "name": "El Parque"
      }
    },
    {
      "type": "Feature",
      "geometry": {
        "type": "Point",
        "coordinates": [
          -0.3935621,
          39.455031
        ]
      },
      "properties": {
        "id": 1189717061,
        "osm_type": "node",
        "name": "Les Pilars"
      }
    },
    {
      "type": "Feature",
      "geometry": {
        "type": "Point",
        "coordinates": [
          -0.3903263,
          39.4536209
        ]
      },
      "properties": {
        "id": 1189717850,
        "osm_type": "node",
        "name": "Quiros"
      }
    },
    {
      "type": "Feature",
      "geometry": {
        "type": "Point",
        "coordinates": [
          -0.3899888,
          39.4529094
        ]
      },
      "properties": {
        "id": 1189718499,
        "osm_type": "node",
        "name": "Toni's"
      }
    },
    {
      "type": "Feature",
      "geometry": {
        "type": "Point",
        "coordinates": [
          0.0205974,
          38.8260441
        ]
      },
      "properties": {
        "id": 1195750783,
        "osm_type": "node",
        "name": "Bulevar"
      }
    },
    {
      "type": "Feature",
      "geometry": {
        "type": "Point",
        "coordinates": [
          0.0161053,
          38.8289191
        ]
      },
      "properties": {
        "id": 1195864017,
        "osm_type": "node"
      }
    },
    {
      "type": "Feature",
      "geometry": {
        "type": "Point",
        "coordinates": [
          0.0211307,
          38.8234392
        ]
      },
      "properties": {
        "id": 1198866968,
        "osm_type": "node",
        "name": "Gavila",
        "outdoor_seating": "yes"
      }
    },
    {
      "type": "Feature",
      "geometry": {
        "type": "Point",
        "coordinates": [
          -0.177955,
          38.974308
        ]
      },
      "properties": {
        "id": 1199498232,
        "osm_type": "node",
        "name": "El Fornet d'Ausiàs"
      }
    },
    {
      "type": "Feature",
      "geometry": {
        "type": "Point",
        "coordinates": [
          -0.3721439,
          39.4812302
        ]
      },
      "properties": {
        "id": 1219207671,
        "osm_type": "node",
        "name": "Bar Casa Paco"
      }
    },
    {
      "type": "Feature",
      "geometry": {
        "type": "Point",
        "coordinates": [
          -0.526046,
          38.2311854
        ]
      },
      "properties": {
        "id": 1221460442,
        "osm_type": "node",
        "name": "Zest"
      }
    },
    {
      "type": "Feature",
      "geometry": {
        "type": "Point",
        "coordinates": [
          -0.3629312,
          39.4769887
        ]
      },
      "properties": {
        "id": 1236696538,
        "osm_type": "node",
        "name": "Cafetería Daniel's"
      }
    },
    {
      "type": "Feature",
      "geometry": {
        "type": "Point",
        "coordinates": [
          -0.1205729,
          38.537179
        ]
      },
      "properties": {
        "id": 1240716258,
        "osm_type": "node",
        "name": "Café Belroy"
      }
    },
    {
      "type": "Feature",
      "geometry": {
        "type": "Point",
        "coordinates": [
          -0.5090039,
          38.332306
        ]
      },
      "properties": {
        "id": 1242093866,
        "osm_type": "node",
        "name": "Sebas Café (Churreria)"
      }
    },
    {
      "type": "Feature",
      "geometry": {
        "type": "Point",
        "coordinates": [
          -0.7296751,
          38.380311
        ]
      },
      "properties": {
        "id": 1242093871,
        "osm_type": "node",
        "name": "La Inmaculada",
        "opening_hours": "Mo-Fr 08:30-20:00"
      }
    },
    {
      "type": "Feature",
      "geometry": {
        "type": "Point",
        "coordinates": [
          0.1078197,
          38.8388241
        ]
      },
      "properties": {
        "id": 1279736205,
        "osm_type": "node",
        "name": "Pastisseria Dolcors"
      }
    },
    {
      "type": "Feature",
      "geometry": {
        "type": "Point",
        "coordinates": [
          0.0929192,
          38.8448903
        ]
      },
      "properties": {
        "id": 1280251819,
        "osm_type": "node",
        "name": "Cafeteria Trinquet"
      }
    },
    {
      "type": "Feature",
      "geometry": {
        "type": "Point",
        "coordinates": [
          -0.4878418,
          38.34249
        ]
      },
      "properties": {
        "id": 1290008779,
        "osm_type": "node",
        "name": "Café Gadea"
      }
    },
    {
      "type": "Feature",
      "geometry": {
        "type": "Point",
        "coordinates": [
          -0.5205746,
          38.3929826
        ]
      },
      "properties": {
        "id": 1301693319,
        "osm_type": "node",
        "name": "Panadería Bollería UTI"
      }
    },
    {
      "type": "Feature",
      "geometry": {
        "type": "Point",
        "coordinates": [
          -0.5194399,
          38.3908441
        ]
      },
      "properties": {
        "id": 1301693339,
        "osm_type": "node",
        "name": "Crysian Café"
      }
    },
    {
      "type": "Feature",
      "geometry": {
        "type": "Point",
        "coordinates": [
          -0.5208171,
          38.3916647
        ]
      },
      "properties": {
        "id": 1301693366,
        "osm_type": "node",
        "name": "Heladería Tuti Fruti"
      }
    },
    {
      "type": "Feature",
      "geometry": {
        "type": "Point",
        "coordinates": [
          -0.5201492,
          38.3920186
        ]
      },
      "properties": {
        "id": 1301693402,
        "osm_type": "node",
        "name": "Brixton",
        "opening_hours": "Tu-Sa 08:00-22:30;Sa 08:00-00:00"
      }
    },
    {
      "type": "Feature",
      "geometry": {
        "type": "Point",
        "coordinates": [
          -0.5217928,
          38.3924066
        ]
      },
      "properties": {
        "id": 1301693409,
        "osm_type": "node",
        "name": "Calentito",
        "opening_hours": "Mo-Sa 08:00-14:30,17:00-20:00"
      }
    },
    {
      "type": "Feature",
      "geometry": {
        "type": "Point",
        "coordinates": [
          -0.5221983,
          38.3918522
        ]
      },
      "properties": {
        "id": 1301762276,
        "osm_type": "node",
        "name": "Heladería Montero"
      }
    },
    {
      "type": "Feature",
      "geometry": {
        "type": "Point",
        "coordinates": [
          -0.5164328,
          38.3441853
        ]
      },
      "properties": {
        "id": 1305840326,
        "osm_type": "node",
        "name": "Panadería Matipán"
      }
    },
    {
      "type": "Feature",
      "geometry": {
        "type": "Point",
        "coordinates": [
          -0.9419852,
          38.0842998
        ]
      },
      "properties": {
        "id": 1307252291,
        "osm_type": "node",
        "name": "Chypye Park"
      }
    },
    {
      "type": "Feature",
      "geometry": {
        "type": "Point",
        "coordinates": [
          -0.5195496,
          38.3941026
        ]
      },
      "properties": {
        "id": 1307674272,
        "osm_type": "node",
        "name": "El Asturcón"
      }
    },
    {
      "type": "Feature",
      "geometry": {
        "type": "Point",
        "coordinates": [
          -0.519764,
          38.3941124
        ]
      },
      "properties": {
        "id": 1307674606,
        "osm_type": "node",
        "name": "La jungla park: Centro de ocio infantíl"
      }
    },
    {
      "type": "Feature",
      "geometry": {
        "type": "Point",
        "coordinates": [
          -0.5169011,
          38.3934828
        ]
      },
      "properties": {
        "id": 1307698780,
        "osm_type": "node",
        "name": "La Rubia",
        "opening_hours": "Tu-Su 08:00-15:00; Sa 08:00-12:00"
      }
    },
    {
      "type": "Feature",
      "geometry": {
        "type": "Point",
        "coordinates": [
          -0.5158168,
          38.3942801
        ]
      },
      "properties": {
        "id": 1307698807,
        "osm_type": "node",
        "name": "Sol san sanvicente",
        "opening_hours": "Mo-Fr 08:30-20:00"
      }
    },
    {
      "type": "Feature",
      "geometry": {
        "type": "Point",
        "coordinates": [
          -0.5168267,
          38.3944983
        ]
      },
      "properties": {
        "id": 1307698824,
        "osm_type": "node",
        "name": "Despacho de pan y pastelería"
      }
    },
    {
      "type": "Feature",
      "geometry": {
        "type": "Point",
        "coordinates": [
          -0.5154211,
          38.3941216
        ]
      },
      "properties": {
        "id": 1307698832,
        "osm_type": "node",
        "name": "Mirador de Lo Torrent"
      }
    },
    {
      "type": "Feature",
      "geometry": {
        "type": "Point",
        "coordinates": [
          -0.5141569,
          38.341198
        ]
      },
      "properties": {
        "id": 1334716800,
        "osm_type": "node",
        "name": "Foguerer",
        "opening_hours": "Mo-Fr 07:00-19:00; Sa 07:30-14:00; Su 08:00-14:00"
      }
    },
    {
      "type": "Feature",
      "geometry": {
        "type": "Point",
        "coordinates": [
          -0.5150842,
          38.3423872
        ]
      },
      "properties": {
        "id": 1335486519,
        "osm_type": "node",
        "name": "Heladería Cañaveras"
      }
    },
    {
      "type": "Feature",
      "geometry": {
        "type": "Point",
        "coordinates": [
          -0.5148617,
          38.3410613
        ]
      },
      "properties": {
        "id": 1347698914,
        "osm_type": "node",
        "name": "Los Hermanos",
        "opening_hours": "Mo-Fr 07:00-23:30; Sa,Su 08:00-23:30",
        "outdoor_seating": "yes"
      }
    },
    {
      "type": "Feature",
      "geometry": {
        "type": "Point",
        "coordinates": [
          -0.4421552,
          39.4834748
        ]
      },
      "properties": {
        "id": 1363481224,
        "osm_type": "node",
        "name": "Forn L'Esglesia"
      }
    },
    {
      "type": "Feature",
      "geometry": {
        "type": "Point",
        "coordinates": [
          -0.4476299,
          39.4826918
        ]
      },
      "properties": {
        "id": 1363481225,
        "osm_type": "node",
        "name": "Forn Frontera"
      }
    },
    {
      "type": "Feature",
      "geometry": {
        "type": "Point",
        "coordinates": [
          -0.4422247,
          39.4830254
        ]
      },
      "properties": {
        "id": 1363481227,
        "osm_type": "node",
        "name": "Forn El Portalet"
      }
    },
    {
      "type": "Feature",
      "geometry": {
        "type": "Point",
        "coordinates": [
          -0.4421256,
          39.4823022
        ]
      },
      "properties": {
        "id": 1363481228,
        "osm_type": "node",
        "name": "Horno San José"
      }
    },
    {
      "type": "Feature",
      "geometry": {
        "type": "Point",
        "coordinates": [
          -0.7015451,
          38.2655658
        ]
      },
      "properties": {
        "id": 1403157766,
        "osm_type": "node",
        "name": "Café Pasarela"
      }
    },
    {
      "type": "Feature",
      "geometry": {
        "type": "Point",
        "coordinates": [
          -0.695638,
          38.2653185
        ]
      },
      "properties": {
        "id": 1403250997,
        "osm_type": "node",
        "name": "La Botigueta del Pá"
      }
    },
    {
      "type": "Feature",
      "geometry": {
        "type": "Point",
        "coordinates": [
          -1.2101207,
          39.4486971
        ]
      },
      "properties": {
        "id": 1404118853,
        "osm_type": "node",
        "name": "Bar Casas de Eufemia"
      }
    },
    {
      "type": "Feature",
      "geometry": {
        "type": "Point",
        "coordinates": [
          -0.9486699,
          38.0794383
        ]
      },
      "properties": {
        "id": 1404747121,
        "osm_type": "node",
        "name": "Café Bar La Vega"
      }
    },
    {
      "type": "Feature",
      "geometry": {
        "type": "Point",
        "coordinates": [
          -0.3935151,
          39.4806249
        ]
      },
      "properties": {
        "id": 1443922567,
        "osm_type": "node",
        "name": "Cafetería Caty"
      }
    },
    {
      "type": "Feature",
      "geometry": {
        "type": "Point",
        "coordinates": [
          -0.3938375,
          39.4791182
        ]
      },
      "properties": {
        "id": 1443922602,
        "osm_type": "node",
        "name": "Campanar 43"
      }
    },
    {
      "type": "Feature",
      "geometry": {
        "type": "Point",
        "coordinates": [
          -0.3944715,
          39.4788353
        ]
      },
      "properties": {
        "id": 1443922614,
        "osm_type": "node",
        "name": "Lorno"
      }
    },
    {
      "type": "Feature",
      "geometry": {
        "type": "Point",
        "coordinates": [
          -0.3940476,
          39.4786328
        ]
      },
      "properties": {
        "id": 1443922719,
        "osm_type": "node",
        "name": "Cerveceria Espe"
      }
    },
    {
      "type": "Feature",
      "geometry": {
        "type": "Point",
        "coordinates": [
          -0.3934976,
          39.4792643
        ]
      },
      "properties": {
        "id": 1452023129,
        "osm_type": "node",
        "name": "Jarajuel"
      }
    },
    {
      "type": "Feature",
      "geometry": {
        "type": "Point",
        "coordinates": [
          -0.3955715,
          39.4783577
        ]
      },
      "properties": {
        "id": 1452105327,
        "osm_type": "node",
        "name": "Cafenet"
      }
    },
    {
      "type": "Feature",
      "geometry": {
        "type": "Point",
        "coordinates": [
          -0.3958178,
          39.4786996
        ]
      },
      "properties": {
        "id": 1452368041,
        "osm_type": "node",
        "name": "Ciber Cafe"
      }
    },
    {
      "type": "Feature",
      "geometry": {
        "type": "Point",
        "coordinates": [
          -0.3959627,
          39.480333
        ]
      },
      "properties": {
        "id": 1452644859,
        "osm_type": "node",
        "name": "Capricho de las Américas",
        "opening_hours": "Mo-Th 19:00-21:00; Fr 19:00-01:30; Sa 08:30-14:00"
      }
    },
    {
      "type": "Feature",
      "geometry": {
        "type": "Point",
        "coordinates": [
          -0.8101037,
          38.2494617
        ]
      },
      "properties": {
        "id": 1455074022,
        "osm_type": "node",
        "name": "Panadería Porrut"
      }
    },
    {
      "type": "Feature",
      "geometry": {
        "type": "Point",
        "coordinates": [
          -0.2662437,
          39.9639943
        ]
      },
      "properties": {
        "id": 1461779539,
        "osm_type": "node",
        "name": "El Rero"
      }
    },
    {
      "type": "Feature",
      "geometry": {
        "type": "Point",
        "coordinates": [
          -0.2649924,
          39.9628503
        ]
      },
      "properties": {
        "id": 1461779541,
        "osm_type": "node",
        "name": "El Sybarit"
      }
    },
    {
      "type": "Feature",
      "geometry": {
        "type": "Point",
        "coordinates": [
          -0.2640001,
          39.9629067
        ]
      },
      "properties": {
        "id": 1461779551,
        "osm_type": "node",
        "name": "El café del Banc",
        "opening_hours": "Mo-Fr 08:00-13:30, 16:30-20:00; Sa-Su 08:00-13:30",
        "outdoor_seating": "no"
      }
    },
    {
      "type": "Feature",
      "geometry": {
        "type": "Point",
        "coordinates": [
          -0.2646882,
          39.964219
        ]
      },
      "properties": {
        "id": 1461779614,
        "osm_type": "node",
        "name": "Martí"
      }
    },
    {
      "type": "Feature",
      "geometry": {
        "type": "Point",
        "coordinates": [
          -0.2640002,
          39.9631134
        ]
      },
      "properties": {
        "id": 1461779645,
        "osm_type": "node",
        "name": "Piñón"
      }
    },
    {
      "type": "Feature",
      "geometry": {
        "type": "Point",
        "coordinates": [
          -0.0758911,
          39.990184
        ]
      },
      "properties": {
        "id": 1477718949,
        "osm_type": "node",
        "name": "Panadería los Reyes"
      }
    },
    {
      "type": "Feature",
      "geometry": {
        "type": "Point",
        "coordinates": [
          -0.6949239,
          38.0108091
        ]
      },
      "properties": {
        "id": 1478350875,
        "osm_type": "node",
        "name": "Panadería Alemana"
      }
    },
    {
      "type": "Feature",
      "geometry": {
        "type": "Point",
        "coordinates": [
          -0.1058316,
          39.9896811
        ]
      },
      "properties": {
        "id": 1480022780,
        "osm_type": "node",
        "name": "Panadería M.F."
      }
    },
    {
      "type": "Feature",
      "geometry": {
        "type": "Point",
        "coordinates": [
          -0.1136684,
          39.8961458
        ]
      },
      "properties": {
        "id": 1481422903,
        "osm_type": "node",
        "name": "Francisco Llop Medina"
      }
    },
    {
      "type": "Feature",
      "geometry": {
        "type": "Point",
        "coordinates": [
          -0.0337555,
          39.978119
        ]
      },
      "properties": {
        "id": 1483543080,
        "osm_type": "node"
      }
    },
    {
      "type": "Feature",
      "geometry": {
        "type": "Point",
        "coordinates": [
          -0.032879,
          39.9786414
        ]
      },
      "properties": {
        "id": 1483543094,
        "osm_type": "node"
      }
    },
    {
      "type": "Feature",
      "geometry": {
        "type": "Point",
        "coordinates": [
          -0.0343568,
          39.9791864
        ]
      },
      "properties": {
        "id": 1483543110,
        "osm_type": "node"
      }
    },
    {
      "type": "Feature",
      "geometry": {
        "type": "Point",
        "coordinates": [
          -0.375503,
          39.472988
        ]
      },
      "properties": {
        "id": 1484607864,
        "osm_type": "node",
        "name": "Cafe Madrid",
        "opening_hours": "PH,Mo-Su 12:00-01:30",
        "check_date": "2025-10-22"
      }
    },
    {
      "type": "Feature",
      "geometry": {
        "type": "Point",
        "coordinates": [
          -0.1040464,
          39.9310757
        ]
      },
      "properties": {
        "id": 1484729706,
        "osm_type": "node",
        "name": "Cafeteria El tallaet"
      }
    },
    {
      "type": "Feature",
      "geometry": {
        "type": "Point",
        "coordinates": [
          -0.1056792,
          39.932509
        ]
      },
      "properties": {
        "id": 1484729731,
        "osm_type": "node",
        "name": "Miralles"
      }
    },
    {
      "type": "Feature",
      "geometry": {
        "type": "Point",
        "coordinates": [
          -0.5150112,
          38.3946177
        ]
      },
      "properties": {
        "id": 1489424828,
        "osm_type": "node",
        "name": "Don Gofre"
      }
    },
    {
      "type": "Feature",
      "geometry": {
        "type": "Point",
        "coordinates": [
          -0.5136532,
          38.3952341
        ]
      },
      "properties": {
        "id": 1489424833,
        "osm_type": "node",
        "name": "Heladería Masià"
      }
    },
    {
      "type": "Feature",
      "geometry": {
        "type": "Point",
        "coordinates": [
          0.1126162,
          38.8397786
        ]
      },
      "properties": {
        "id": 1489491585,
        "osm_type": "node",
        "name": "Bar Estació"
      }
    },
    {
      "type": "Feature",
      "geometry": {
        "type": "Point",
        "coordinates": [
          -0.0602132,
          39.9532177
        ]
      },
      "properties": {
        "id": 1526550948,
        "osm_type": "node",
        "name": "Cafetería Helena"
      }
    },
    {
      "type": "Feature",
      "geometry": {
        "type": "Point",
        "coordinates": [
          -0.0591591,
          39.9526256
        ]
      },
      "properties": {
        "id": 1526552748,
        "osm_type": "node",
        "outdoor_seating": "yes"
      }
    },
    {
      "type": "Feature",
      "geometry": {
        "type": "Point",
        "coordinates": [
          -0.0252232,
          39.9899557
        ]
      },
      "properties": {
        "id": 1526581040,
        "osm_type": "node",
        "name": "El Parral"
      }
    },
    {
      "type": "Feature",
      "geometry": {
        "type": "Point",
        "coordinates": [
          -0.4956106,
          38.3444062
        ]
      },
      "properties": {
        "id": 1527222141,
        "osm_type": "node",
        "name": "Cafetería Mare Nostrum"
      }
    },
    {
      "type": "Feature",
      "geometry": {
        "type": "Point",
        "coordinates": [
          -0.4958563,
          38.3444617
        ]
      },
      "properties": {
        "id": 1527222194,
        "osm_type": "node",
        "name": "Tim Hortons",
        "brand": "Tim Hortons",
        "takeaway": "yes"
      }
    },
    {
      "type": "Feature",
      "geometry": {
        "type": "Point",
        "coordinates": [
          -0.9466859,
          38.0813961
        ]
      },
      "properties": {
        "id": 1530689562,
        "osm_type": "node",
        "name": "Delicias"
      }
    },
    {
      "type": "Feature",
      "geometry": {
        "type": "Point",
        "coordinates": [
          -0.7119452,
          38.2647068
        ]
      },
      "properties": {
        "id": 1536441632,
        "osm_type": "node",
        "name": "La Isla"
      }
    },
    {
      "type": "Feature",
      "geometry": {
        "type": "Point",
        "coordinates": [
          -0.4380603,
          39.1899485
        ]
      },
      "properties": {
        "id": 1543100487,
        "osm_type": "node",
        "name": "El Passeig",
        "opening_hours": "Mo-Sa 08:30-20:00",
        "check_date": "2026-04-29"
      }
    },
    {
      "type": "Feature",
      "geometry": {
        "type": "Point",
        "coordinates": [
          -0.4377252,
          39.1899802
        ]
      },
      "properties": {
        "id": 1543100502,
        "osm_type": "node",
        "name": "Al Tall",
        "opening_hours": "Mo-Sa 08:30-20:00",
        "check_date": "2026-04-18"
      }
    },
    {
      "type": "Feature",
      "geometry": {
        "type": "Point",
        "coordinates": [
          -0.4011989,
          39.4800589
        ]
      },
      "properties": {
        "id": 1563550239,
        "osm_type": "node",
        "name": "La Nueva Panaderia"
      }
    },
    {
      "type": "Feature",
      "geometry": {
        "type": "Point",
        "coordinates": [
          -0.3108812,
          39.2039582
        ]
      },
      "properties": {
        "id": 1597730750,
        "osm_type": "node",
        "name": "Cafetería Parque Infantil: Les Boletes"
      }
    },
    {
      "type": "Feature",
      "geometry": {
        "type": "Point",
        "coordinates": [
          -0.4114225,
          39.5126344
        ]
      },
      "properties": {
        "id": 1602699256,
        "osm_type": "node",
        "name": "Horno Rugi"
      }
    },
    {
      "type": "Feature",
      "geometry": {
        "type": "Point",
        "coordinates": [
          -0.9286233,
          38.2733465
        ]
      },
      "properties": {
        "id": 1603169176,
        "osm_type": "node",
        "name": "panadería Apolo y Anabel"
      }
    },
    {
      "type": "Feature",
      "geometry": {
        "type": "Point",
        "coordinates": [
          -0.4126432,
          39.509066
        ]
      },
      "properties": {
        "id": 1603965194,
        "osm_type": "node",
        "name": "Horno Santa Margarita"
      }
    },
    {
      "type": "Feature",
      "geometry": {
        "type": "Point",
        "coordinates": [
          -0.3844424,
          39.4880691
        ]
      },
      "properties": {
        "id": 1603971456,
        "osm_type": "node",
        "name": "Horno pastelería Marchalenes"
      }
    },
    {
      "type": "Feature",
      "geometry": {
        "type": "Point",
        "coordinates": [
          -0.5250246,
          38.3961723
        ]
      },
      "properties": {
        "id": 1620592279,
        "osm_type": "node",
        "name": "Okavango"
      }
    },
    {
      "type": "Feature",
      "geometry": {
        "type": "Point",
        "coordinates": [
          -0.4077951,
          38.4058003
        ]
      },
      "properties": {
        "id": 1620594118,
        "osm_type": "node",
        "name": "El Xiquet de la Farina",
        "outdoor_seating": "yes"
      }
    },
    {
      "type": "Feature",
      "geometry": {
        "type": "Point",
        "coordinates": [
          -0.4170562,
          40.1314156
        ]
      },
      "properties": {
        "id": 1624182809,
        "osm_type": "node",
        "name": "Panadería Fina"
      }
    },
    {
      "type": "Feature",
      "geometry": {
        "type": "Point",
        "coordinates": [
          -0.4183973,
          40.1322153
        ]
      },
      "properties": {
        "id": 1624182821,
        "osm_type": "node",
        "name": "Horno Peñagolosa"
      }
    },
    {
      "type": "Feature",
      "geometry": {
        "type": "Point",
        "coordinates": [
          -0.6788101,
          38.2775568
        ]
      },
      "properties": {
        "id": 1636403660,
        "osm_type": "node",
        "name": "Tetería Fihalhohi"
      }
    },
    {
      "type": "Feature",
      "geometry": {
        "type": "Point",
        "coordinates": [
          -0.1658983,
          39.0081451
        ]
      },
      "properties": {
        "id": 1649350352,
        "osm_type": "node",
        "name": "Bar Cafetería Neptuno"
      }
    },
    {
      "type": "Feature",
      "geometry": {
        "type": "Point",
        "coordinates": [
          -0.1936384,
          39.0457344
        ]
      },
      "properties": {
        "id": 1655920634,
        "osm_type": "node"
      }
    },
    {
      "type": "Feature",
      "geometry": {
        "type": "Point",
        "coordinates": [
          -0.333204,
          39.462901
        ]
      },
      "properties": {
        "id": 1655921816,
        "osm_type": "node",
        "name": "Horno S. Francisco"
      }
    },
    {
      "type": "Feature",
      "geometry": {
        "type": "Point",
        "coordinates": [
          -0.1997614,
          39.0564176
        ]
      },
      "properties": {
        "id": 1658822900,
        "osm_type": "node"
      }
    },
    {
      "type": "Feature",
      "geometry": {
        "type": "Point",
        "coordinates": [
          -0.5057432,
          38.3425308
        ]
      },
      "properties": {
        "id": 1659500140,
        "osm_type": "node"
      }
    },
    {
      "type": "Feature",
      "geometry": {
        "type": "Point",
        "coordinates": [
          -0.2199483,
          39.1816163
        ]
      },
      "properties": {
        "id": 1659501845,
        "osm_type": "node",
        "name": "Panadería David"
      }
    },
    {
      "type": "Feature",
      "geometry": {
        "type": "Point",
        "coordinates": [
          -0.1961051,
          39.049898
        ]
      },
      "properties": {
        "id": 1659912076,
        "osm_type": "node",
        "name": "El Churreret"
      }
    },
    {
      "type": "Feature",
      "geometry": {
        "type": "Point",
        "coordinates": [
          -0.1968355,
          39.0508714
        ]
      },
      "properties": {
        "id": 1659912103,
        "osm_type": "node",
        "name": "Mogort"
      }
    },
    {
      "type": "Feature",
      "geometry": {
        "type": "Point",
        "coordinates": [
          -0.1962562,
          39.0501952
        ]
      },
      "properties": {
        "id": 1659912126,
        "osm_type": "node",
        "name": "Ula Ula"
      }
    },
    {
      "type": "Feature",
      "geometry": {
        "type": "Point",
        "coordinates": [
          -0.1755159,
          39.0181205
        ]
      },
      "properties": {
        "id": 1660369647,
        "osm_type": "node",
        "name": "Cafeteria Las Salinas"
      }
    },
    {
      "type": "Feature",
      "geometry": {
        "type": "Point",
        "coordinates": [
          -0.1756422,
          39.0179127
        ]
      },
      "properties": {
        "id": 1660369648,
        "osm_type": "node",
        "name": "Cafeteria- Churreria Keops"
      }
    },
    {
      "type": "Feature",
      "geometry": {
        "type": "Point",
        "coordinates": [
          -0.1752837,
          39.017405
        ]
      },
      "properties": {
        "id": 1660369655,
        "osm_type": "node",
        "name": "Heladeria- Cafeteria Airis"
      }
    },
    {
      "type": "Feature",
      "geometry": {
        "type": "Point",
        "coordinates": [
          -0.1733264,
          39.0172817
        ]
      },
      "properties": {
        "id": 1660369660,
        "osm_type": "node",
        "name": "Panaderia- Bolleria Massa"
      }
    },
    {
      "type": "Feature",
      "geometry": {
        "type": "Point",
        "coordinates": [
          -0.17323,
          39.0163403
        ]
      },
      "properties": {
        "id": 1660369666,
        "osm_type": "node",
        "name": "heladeria-cafeteria Otilia"
      }
    },
    {
      "type": "Feature",
      "geometry": {
        "type": "Point",
        "coordinates": [
          -0.1733298,
          39.0164625
        ]
      },
      "properties": {
        "id": 1660369667,
        "osm_type": "node",
        "name": "heladeria-cafeteria maruja"
      }
    },
    {
      "type": "Feature",
      "geometry": {
        "type": "Point",
        "coordinates": [
          -0.1751528,
          39.0173259
        ]
      },
      "properties": {
        "id": 1660369706,
        "osm_type": "node"
      }
    },
    {
      "type": "Feature",
      "geometry": {
        "type": "Point",
        "coordinates": [
          -0.3636844,
          39.5050167
        ]
      },
      "properties": {
        "id": 1660689412,
        "osm_type": "node"
      }
    },
    {
      "type": "Feature",
      "geometry": {
        "type": "Point",
        "coordinates": [
          -0.5221856,
          38.4009454
        ]
      },
      "properties": {
        "id": 1667422208,
        "osm_type": "node",
        "name": "Ferrer"
      }
    },
    {
      "type": "Feature",
      "geometry": {
        "type": "Point",
        "coordinates": [
          -0.5269707,
          38.3978954
        ]
      },
      "properties": {
        "id": 1667435659,
        "osm_type": "node"
      }
    },
    {
      "type": "Feature",
      "geometry": {
        "type": "Point",
        "coordinates": [
          -0.9469103,
          38.0845412
        ]
      },
      "properties": {
        "id": 1668758249,
        "osm_type": "node",
        "name": "Marfen Confitería"
      }
    },
    {
      "type": "Feature",
      "geometry": {
        "type": "Point",
        "coordinates": [
          -0.5234804,
          38.2325017
        ]
      },
      "properties": {
        "id": 1669168169,
        "osm_type": "node",
        "name": "El Rincón de Manoli",
        "outdoor_seating": "yes"
      }
    },
    {
      "type": "Feature",
      "geometry": {
        "type": "Point",
        "coordinates": [
          -0.1945699,
          39.0478054
        ]
      },
      "properties": {
        "id": 1669229179,
        "osm_type": "node"
      }
    },
    {
      "type": "Feature",
      "geometry": {
        "type": "Point",
        "coordinates": [
          -0.0505467,
          39.9857493
        ]
      },
      "properties": {
        "id": 1672076929,
        "osm_type": "node",
        "name": "Panadería Cafetería Sant Blai"
      }
    },
    {
      "type": "Feature",
      "geometry": {
        "type": "Point",
        "coordinates": [
          -0.3265566,
          39.5585062
        ]
      },
      "properties": {
        "id": 1675056166,
        "osm_type": "node",
        "name": "Forn i Pastisseria Germans Yuste"
      }
    },
    {
      "type": "Feature",
      "geometry": {
        "type": "Point",
        "coordinates": [
          -0.1988188,
          38.6759525
        ]
      },
      "properties": {
        "id": 1675993797,
        "osm_type": "node",
        "name": "Bar Guadalest"
      }
    },
    {
      "type": "Feature",
      "geometry": {
        "type": "Point",
        "coordinates": [
          -0.5200489,
          38.4009081
        ]
      },
      "properties": {
        "id": 1680577806,
        "osm_type": "node"
      }
    },
    {
      "type": "Feature",
      "geometry": {
        "type": "Point",
        "coordinates": [
          -0.520106,
          38.3996509
        ]
      },
      "properties": {
        "id": 1680577828,
        "osm_type": "node"
      }
    },
    {
      "type": "Feature",
      "geometry": {
        "type": "Point",
        "coordinates": [
          -0.3086615,
          39.2074451
        ]
      },
      "properties": {
        "id": 1704192505,
        "osm_type": "node",
        "name": "Pastisseria Sunio"
      }
    },
    {
      "type": "Feature",
      "geometry": {
        "type": "Point",
        "coordinates": [
          -0.3470991,
          39.4626717
        ]
      },
      "properties": {
        "id": 1708774010,
        "osm_type": "node",
        "name": "Forn Pastisseria El Panete"
      }
    },
    {
      "type": "Feature",
      "geometry": {
        "type": "Point",
        "coordinates": [
          -0.3454019,
          39.4607236
        ]
      },
      "properties": {
        "id": 1712713227,
        "osm_type": "node",
        "name": "Planeta Cafe",
        "opening_hours": "Mo-Fr 08:00-20:00; Sa 08:00-14:00"
      }
    },
    {
      "type": "Feature",
      "geometry": {
        "type": "Point",
        "coordinates": [
          -0.3915985,
          39.4352704
        ]
      },
      "properties": {
        "id": 1719285130,
        "osm_type": "node",
        "name": "Panadería Lourdes"
      }
    },
    {
      "type": "Feature",
      "geometry": {
        "type": "Point",
        "coordinates": [
          -0.3910218,
          39.4348623
        ]
      },
      "properties": {
        "id": 1719308792,
        "osm_type": "node",
        "name": "Horno Arnal"
      }
    },
    {
      "type": "Feature",
      "geometry": {
        "type": "Point",
        "coordinates": [
          -0.3912981,
          39.4341952
        ]
      },
      "properties": {
        "id": 1719314499,
        "osm_type": "node",
        "name": "la Torre"
      }
    },
    {
      "type": "Feature",
      "geometry": {
        "type": "Point",
        "coordinates": [
          -0.7847413,
          38.7820898
        ]
      },
      "properties": {
        "id": 1734364290,
        "osm_type": "node",
        "name": "Ca Adela"
      }
    },
    {
      "type": "Feature",
      "geometry": {
        "type": "Point",
        "coordinates": [
          -0.7869031,
          38.7832815
        ]
      },
      "properties": {
        "id": 1734377381,
        "osm_type": "node",
        "name": "El Sedasset"
      }
    },
    {
      "type": "Feature",
      "geometry": {
        "type": "Point",
        "coordinates": [
          0.225833,
          40.2951449
        ]
      },
      "properties": {
        "id": 1734466954,
        "osm_type": "node"
      }
    },
    {
      "type": "Feature",
      "geometry": {
        "type": "Point",
        "coordinates": [
          -0.3021028,
          39.0143245
        ]
      },
      "properties": {
        "id": 1735099584,
        "osm_type": "node"
      }
    },
    {
      "type": "Feature",
      "geometry": {
        "type": "Point",
        "coordinates": [
          -0.302131,
          39.015425
        ]
      },
      "properties": {
        "id": 1735099596,
        "osm_type": "node",
        "name": "Panaderia Sepell"
      }
    },
    {
      "type": "Feature",
      "geometry": {
        "type": "Point",
        "coordinates": [
          -0.7783879,
          38.4898059
        ]
      },
      "properties": {
        "id": 1735176760,
        "osm_type": "node",
        "name": "Cafetería Media Luna"
      }
    },
    {
      "type": "Feature",
      "geometry": {
        "type": "Point",
        "coordinates": [
          0.0869011,
          38.7751965
        ]
      },
      "properties": {
        "id": 1741694033,
        "osm_type": "node",
        "name": "Pastisseria La Pau",
        "opening_hours": "07:00-20:00"
      }
    },
    {
      "type": "Feature",
      "geometry": {
        "type": "Point",
        "coordinates": [
          0.0840052,
          38.7746701
        ]
      },
      "properties": {
        "id": 1741779493,
        "osm_type": "node",
        "name": "Dulcipan"
      }
    },
    {
      "type": "Feature",
      "geometry": {
        "type": "Point",
        "coordinates": [
          0.0844192,
          38.7752113
        ]
      },
      "properties": {
        "id": 1741779681,
        "osm_type": "node"
      }
    },
    {
      "type": "Feature",
      "geometry": {
        "type": "Point",
        "coordinates": [
          -0.3246498,
          39.5580841
        ]
      },
      "properties": {
        "id": 1742066913,
        "osm_type": "node",
        "name": "Forn Cortina"
      }
    },
    {
      "type": "Feature",
      "geometry": {
        "type": "Point",
        "coordinates": [
          0.0821861,
          38.7734849
        ]
      },
      "properties": {
        "id": 1742549298,
        "osm_type": "node"
      }
    },
    {
      "type": "Feature",
      "geometry": {
        "type": "Point",
        "coordinates": [
          -0.1307455,
          38.5360424
        ]
      },
      "properties": {
        "id": 1750358476,
        "osm_type": "node",
        "name": "Caspers"
      }
    },
    {
      "type": "Feature",
      "geometry": {
        "type": "Point",
        "coordinates": [
          0.0914558,
          38.7716703
        ]
      },
      "properties": {
        "id": 1752281182,
        "osm_type": "node",
        "name": "Ciber Gata"
      }
    },
    {
      "type": "Feature",
      "geometry": {
        "type": "Point",
        "coordinates": [
          -0.1301824,
          38.5362853
        ]
      },
      "properties": {
        "id": 1754875482,
        "osm_type": "node",
        "name": "Amigos"
      }
    },
    {
      "type": "Feature",
      "geometry": {
        "type": "Point",
        "coordinates": [
          0.3491521,
          40.6071222
        ]
      },
      "properties": {
        "id": 1756200716,
        "osm_type": "node"
      }
    },
    {
      "type": "Feature",
      "geometry": {
        "type": "Point",
        "coordinates": [
          -0.0475043,
          39.9854349
        ]
      },
      "properties": {
        "id": 1756491712,
        "osm_type": "node",
        "name": "Bar Dina"
      }
    },
    {
      "type": "Feature",
      "geometry": {
        "type": "Point",
        "coordinates": [
          -0.4728181,
          39.4314039
        ]
      },
      "properties": {
        "id": 1765407363,
        "osm_type": "node",
        "name": "Panissim"
      }
    },
    {
      "type": "Feature",
      "geometry": {
        "type": "Point",
        "coordinates": [
          -0.3690673,
          39.1976262
        ]
      },
      "properties": {
        "id": 1765412887,
        "osm_type": "node",
        "name": "Casino"
      }
    },
    {
      "type": "Feature",
      "geometry": {
        "type": "Point",
        "coordinates": [
          -0.3700597,
          39.196377
        ]
      },
      "properties": {
        "id": 1765435283,
        "osm_type": "node",
        "name": "Forn"
      }
    },
    {
      "type": "Feature",
      "geometry": {
        "type": "Point",
        "coordinates": [
          -0.3678415,
          39.196325
        ]
      },
      "properties": {
        "id": 1765435291,
        "osm_type": "node",
        "name": "Forn Sant Cristòfol"
      }
    },
    {
      "type": "Feature",
      "geometry": {
        "type": "Point",
        "coordinates": [
          -0.3706659,
          39.1977821
        ]
      },
      "properties": {
        "id": 1765435293,
        "osm_type": "node",
        "name": "Forn Sant Blai"
      }
    },
    {
      "type": "Feature",
      "geometry": {
        "type": "Point",
        "coordinates": [
          -0.3680614,
          39.1976097
        ]
      },
      "properties": {
        "id": 1765435297,
        "osm_type": "node",
        "name": "Forn Sant Josep"
      }
    },
    {
      "type": "Feature",
      "geometry": {
        "type": "Point",
        "coordinates": [
          -0.3691808,
          39.1976012
        ]
      },
      "properties": {
        "id": 1766110750,
        "osm_type": "node",
        "name": "Bar Jubilats"
      }
    },
    {
      "type": "Feature",
      "geometry": {
        "type": "Point",
        "coordinates": [
          -0.6749495,
          38.1407582
        ]
      },
      "properties": {
        "id": 1772580559,
        "osm_type": "node",
        "name": "Cafetería Viena"
      }
    },
    {
      "type": "Feature",
      "geometry": {
        "type": "Point",
        "coordinates": [
          -0.6747215,
          38.1400376
        ]
      },
      "properties": {
        "id": 1772729931,
        "osm_type": "node",
        "name": "Tienda de pan"
      }
    },
    {
      "type": "Feature",
      "geometry": {
        "type": "Point",
        "coordinates": [
          -0.3623268,
          39.4573084
        ]
      },
      "properties": {
        "id": 1783289829,
        "osm_type": "node"
      }
    },
    {
      "type": "Feature",
      "geometry": {
        "type": "Point",
        "coordinates": [
          -0.3690248,
          39.4593312
        ]
      },
      "properties": {
        "id": 1783289848,
        "osm_type": "node"
      }
    },
    {
      "type": "Feature",
      "geometry": {
        "type": "Point",
        "coordinates": [
          -0.3614386,
          39.4601384
        ]
      },
      "properties": {
        "id": 1783289868,
        "osm_type": "node",
        "name": "Moreno Ponce"
      }
    },
    {
      "type": "Feature",
      "geometry": {
        "type": "Point",
        "coordinates": [
          -0.3694887,
          39.460596
        ]
      },
      "properties": {
        "id": 1783289878,
        "osm_type": "node",
        "name": "La Estrella"
      }
    },
    {
      "type": "Feature",
      "geometry": {
        "type": "Point",
        "coordinates": [
          -0.3624676,
          39.4611851
        ]
      },
      "properties": {
        "id": 1783289886,
        "osm_type": "node",
        "name": "Montesol",
        "opening_hours": "Mo-Fr 08:00-20:00; Sa 08:30-20:00; PH,Su 08:30-15:00"
      }
    },
    {
      "type": "Feature",
      "geometry": {
        "type": "Point",
        "coordinates": [
          -0.3715107,
          39.4613106
        ]
      },
      "properties": {
        "id": 1783289891,
        "osm_type": "node",
        "name": "Granier",
        "brand": "Granier",
        "opening_hours": "Mo-Su 07:30-21:00",
        "outdoor_seating": "yes"
      }
    },
    {
      "type": "Feature",
      "geometry": {
        "type": "Point",
        "coordinates": [
          -0.0632921,
          39.950358
        ]
      },
      "properties": {
        "id": 1783970114,
        "osm_type": "node",
        "name": "Niuet Pak"
      }
    },
    {
      "type": "Feature",
      "geometry": {
        "type": "Point",
        "coordinates": [
          -0.0638098,
          39.9503272
        ]
      },
      "properties": {
        "id": 1783974679,
        "osm_type": "node",
        "name": "Miralles"
      }
    },
    {
      "type": "Feature",
      "geometry": {
        "type": "Point",
        "coordinates": [
          -0.0634459,
          39.9508622
        ]
      },
      "properties": {
        "id": 1783976125,
        "osm_type": "node",
        "name": "Sabor"
      }
    },
    {
      "type": "Feature",
      "geometry": {
        "type": "Point",
        "coordinates": [
          -0.0660682,
          39.9513779
        ]
      },
      "properties": {
        "id": 1783981801,
        "osm_type": "node",
        "name": "Nova"
      }
    },
    {
      "type": "Feature",
      "geometry": {
        "type": "Point",
        "coordinates": [
          -0.0622874,
          39.9448725
        ]
      },
      "properties": {
        "id": 1784989580,
        "osm_type": "node",
        "outdoor_seating": "yes"
      }
    },
    {
      "type": "Feature",
      "geometry": {
        "type": "Point",
        "coordinates": [
          -0.0614429,
          39.9454325
        ]
      },
      "properties": {
        "id": 1785032692,
        "osm_type": "node",
        "name": "Panadería Milián"
      }
    },
    {
      "type": "Feature",
      "geometry": {
        "type": "Point",
        "coordinates": [
          -0.0648988,
          39.9476045
        ]
      },
      "properties": {
        "id": 1786679517,
        "osm_type": "node",
        "name": "Miralles"
      }
    },
    {
      "type": "Feature",
      "geometry": {
        "type": "Point",
        "coordinates": [
          -0.0610395,
          39.9463798
        ]
      },
      "properties": {
        "id": 1786747637,
        "osm_type": "node",
        "outdoor_seating": "yes"
      }
    },
    {
      "type": "Feature",
      "geometry": {
        "type": "Point",
        "coordinates": [
          -0.0612054,
          39.9465128
        ]
      },
      "properties": {
        "id": 1786747639,
        "osm_type": "node"
      }
    },
    {
      "type": "Feature",
      "geometry": {
        "type": "Point",
        "coordinates": [
          -0.5766165,
          38.6260109
        ]
      },
      "properties": {
        "id": 1792385245,
        "osm_type": "node",
        "name": "Mariel"
      }
    },
    {
      "type": "Feature",
      "geometry": {
        "type": "Point",
        "coordinates": [
          -0.8030228,
          38.1652123
        ]
      },
      "properties": {
        "id": 1795453276,
        "osm_type": "node",
        "name": "Heladería Ibense",
        "outdoor_seating": "yes"
      }
    },
    {
      "type": "Feature",
      "geometry": {
        "type": "Point",
        "coordinates": [
          -0.8044098,
          38.1615175
        ]
      },
      "properties": {
        "id": 1796734379,
        "osm_type": "node",
        "name": "Panadería - Cafetería Azorín"
      }
    },
    {
      "type": "Feature",
      "geometry": {
        "type": "Point",
        "coordinates": [
          -0.8019726,
          38.1592264
        ]
      },
      "properties": {
        "id": 1796931494,
        "osm_type": "node",
        "name": "Pastelería Adela"
      }
    },
    {
      "type": "Feature",
      "geometry": {
        "type": "Point",
        "coordinates": [
          0.0311257,
          38.7958595
        ]
      },
      "properties": {
        "id": 1805541192,
        "osm_type": "node",
        "name": "Pou Nou"
      }
    },
    {
      "type": "Feature",
      "geometry": {
        "type": "Point",
        "coordinates": [
          -0.6791145,
          38.1309852
        ]
      },
      "properties": {
        "id": 1819016695,
        "osm_type": "node",
        "name": "The George"
      }
    },
    {
      "type": "Feature",
      "geometry": {
        "type": "Point",
        "coordinates": [
          -0.7234811,
          38.0891407
        ]
      },
      "properties": {
        "id": 1825465296,
        "osm_type": "node",
        "name": "Panadería Tono La Inés",
        "opening_hours": "Mo-Fr 06:00-21:00; Sa,Su 07:00-14:00"
      }
    },
    {
      "type": "Feature",
      "geometry": {
        "type": "Point",
        "coordinates": [
          -0.7379404,
          38.0795759
        ]
      },
      "properties": {
        "id": 1825486447,
        "osm_type": "node",
        "name": "El Esquinazo"
      }
    },
    {
      "type": "Feature",
      "geometry": {
        "type": "Point",
        "coordinates": [
          -0.7380651,
          38.0770234
        ]
      },
      "properties": {
        "id": 1825490258,
        "osm_type": "node",
        "name": "Sonia"
      }
    },
    {
      "type": "Feature",
      "geometry": {
        "type": "Point",
        "coordinates": [
          0.1034936,
          38.8357605
        ]
      },
      "properties": {
        "id": 1825900143,
        "osm_type": "node",
        "name": "Bar Café Nou Plaça",
        "opening_hours": "Mo-Su 07:00-24:00",
        "outdoor_seating": "yes"
      }
    },
    {
      "type": "Feature",
      "geometry": {
        "type": "Point",
        "coordinates": [
          -0.7446376,
          38.0278546
        ]
      },
      "properties": {
        "id": 1826018500,
        "osm_type": "node",
        "name": "El paso"
      }
    },
    {
      "type": "Feature",
      "geometry": {
        "type": "Point",
        "coordinates": [
          -0.7443559,
          38.0278713
        ]
      },
      "properties": {
        "id": 1826027888,
        "osm_type": "node",
        "name": "Panadería \"Los montesinos\""
      }
    },
    {
      "type": "Feature",
      "geometry": {
        "type": "Point",
        "coordinates": [
          -0.653532,
          38.0881341
        ]
      },
      "properties": {
        "id": 1827872905,
        "osm_type": "node",
        "name": "Casa Tre Troppar",
        "outdoor_seating": "yes"
      }
    },
    {
      "type": "Feature",
      "geometry": {
        "type": "Point",
        "coordinates": [
          -0.6554309,
          38.0930435
        ]
      },
      "properties": {
        "id": 1827887480,
        "osm_type": "node",
        "name": "La Tahona de Carmen",
        "outdoor_seating": "yes"
      }
    },
    {
      "type": "Feature",
      "geometry": {
        "type": "Point",
        "coordinates": [
          -0.6490806,
          38.0862933
        ]
      },
      "properties": {
        "id": 1829581409,
        "osm_type": "node",
        "name": "El Paseo"
      }
    },
    {
      "type": "Feature",
      "geometry": {
        "type": "Point",
        "coordinates": [
          -0.6523022,
          38.0885796
        ]
      },
      "properties": {
        "id": 1831423676,
        "osm_type": "node",
        "name": "El Miño",
        "opening_hours": "Mo-Su 06:00-02:00"
      }
    },
    {
      "type": "Feature",
      "geometry": {
        "type": "Point",
        "coordinates": [
          -0.6544165,
          38.0880449
        ]
      },
      "properties": {
        "id": 1833323024,
        "osm_type": "node",
        "name": "Cafetería Movellán",
        "opening_hours": "Mo-Su 06:30-22:00",
        "outdoor_seating": "yes"
      }
    },
    {
      "type": "Feature",
      "geometry": {
        "type": "Point",
        "coordinates": [
          -0.6551609,
          38.0929211
        ]
      },
      "properties": {
        "id": 1834228904,
        "osm_type": "node",
        "name": "La cabaña",
        "outdoor_seating": "yes"
      }
    },
    {
      "type": "Feature",
      "geometry": {
        "type": "Point",
        "coordinates": [
          0.0955487,
          38.8484997
        ]
      },
      "properties": {
        "id": 1835477324,
        "osm_type": "node"
      }
    },
    {
      "type": "Feature",
      "geometry": {
        "type": "Point",
        "coordinates": [
          -0.6735661,
          38.6312321
        ]
      },
      "properties": {
        "id": 1846661582,
        "osm_type": "node"
      }
    },
    {
      "type": "Feature",
      "geometry": {
        "type": "Point",
        "coordinates": [
          -0.6764388,
          38.6306433
        ]
      },
      "properties": {
        "id": 1846661629,
        "osm_type": "node"
      }
    },
    {
      "type": "Feature",
      "geometry": {
        "type": "Point",
        "coordinates": [
          -0.9304894,
          38.0774382
        ]
      },
      "properties": {
        "id": 1858981369,
        "osm_type": "node",
        "name": "Rincón de Isa"
      }
    },
    {
      "type": "Feature",
      "geometry": {
        "type": "Point",
        "coordinates": [
          -0.5193549,
          38.2487947
        ]
      },
      "properties": {
        "id": 1890664934,
        "osm_type": "node"
      }
    },
    {
      "type": "Feature",
      "geometry": {
        "type": "Point",
        "coordinates": [
          -0.882726,
          38.809191
        ]
      },
      "properties": {
        "id": 1891702032,
        "osm_type": "node"
      }
    },
    {
      "type": "Feature",
      "geometry": {
        "type": "Point",
        "coordinates": [
          -0.5553557,
          38.1940275
        ]
      },
      "properties": {
        "id": 1896245967,
        "osm_type": "node",
        "name": "Paco"
      }
    },
    {
      "type": "Feature",
      "geometry": {
        "type": "Point",
        "coordinates": [
          -0.5553962,
          38.1943811
        ]
      },
      "properties": {
        "id": 1896255719,
        "osm_type": "node",
        "name": "Cafeteria el Golós"
      }
    },
    {
      "type": "Feature",
      "geometry": {
        "type": "Point",
        "coordinates": [
          -0.5522295,
          38.1907065
        ]
      },
      "properties": {
        "id": 1896326503,
        "osm_type": "node"
      }
    },
    {
      "type": "Feature",
      "geometry": {
        "type": "Point",
        "coordinates": [
          -0.4455736,
          38.4113861
        ]
      },
      "properties": {
        "id": 1897953632,
        "osm_type": "node",
        "name": "Panadería Emaene",
        "opening_hours": "Mo-Fr 07:00-14:30; Sa,Su,PH 08:00-14:00"
      }
    },
    {
      "type": "Feature",
      "geometry": {
        "type": "Point",
        "coordinates": [
          -0.654432,
          38.0897508
        ]
      },
      "properties": {
        "id": 1912622098,
        "osm_type": "node",
        "name": "S'Timoni",
        "opening_hours": "Mo-Su 07:00-24:00"
      }
    },
    {
      "type": "Feature",
      "geometry": {
        "type": "Point",
        "coordinates": [
          -0.4409686,
          39.1519753
        ]
      },
      "properties": {
        "id": 1925929911,
        "osm_type": "node",
        "name": "Tropicana"
      }
    },
    {
      "type": "Feature",
      "geometry": {
        "type": "Point",
        "coordinates": [
          -0.4304684,
          39.1529935
        ]
      },
      "properties": {
        "id": 1934427223,
        "osm_type": "node"
      }
    },
    {
      "type": "Feature",
      "geometry": {
        "type": "Point",
        "coordinates": [
          -0.7689989,
          38.1394903
        ]
      },
      "properties": {
        "id": 1935859891,
        "osm_type": "node",
        "name": "Panaderia Cafeteria Rizzo",
        "opening_hours": "Mo-Sa 08:00-19:00"
      }
    },
    {
      "type": "Feature",
      "geometry": {
        "type": "Point",
        "coordinates": [
          -0.6788113,
          37.9801686
        ]
      },
      "properties": {
        "id": 1936993645,
        "osm_type": "node",
        "name": "Cafetería Cutillas"
      }
    },
    {
      "type": "Feature",
      "geometry": {
        "type": "Point",
        "coordinates": [
          -0.7649175,
          38.3492552
        ]
      },
      "properties": {
        "id": 1940054542,
        "osm_type": "node",
        "name": "Despacho de pan y bolleria"
      }
    },
    {
      "type": "Feature",
      "geometry": {
        "type": "Point",
        "coordinates": [
          -0.7699877,
          38.3450399
        ]
      },
      "properties": {
        "id": 1940582263,
        "osm_type": "node",
        "name": "Panadería-Pastelería La Serranica"
      }
    },
    {
      "type": "Feature",
      "geometry": {
        "type": "Point",
        "coordinates": [
          -0.436687,
          38.3965428
        ]
      },
      "properties": {
        "id": 1940762805,
        "osm_type": "node",
        "name": "MES QUE PA"
      }
    },
    {
      "type": "Feature",
      "geometry": {
        "type": "Point",
        "coordinates": [
          -0.4259693,
          39.520947
        ]
      },
      "properties": {
        "id": 1944378747,
        "osm_type": "node",
        "name": "Casas Verdes"
      }
    },
    {
      "type": "Feature",
      "geometry": {
        "type": "Point",
        "coordinates": [
          -0.4222196,
          39.5186545
        ]
      },
      "properties": {
        "id": 1944378751,
        "osm_type": "node",
        "name": "De paso"
      }
    },
    {
      "type": "Feature",
      "geometry": {
        "type": "Point",
        "coordinates": [
          -0.7928762,
          37.9780727
        ]
      },
      "properties": {
        "id": 1945986857,
        "osm_type": "node",
        "name": "La Parada",
        "opening_hours": "Tu-Sa 10:00-16:00"
      }
    },
    {
      "type": "Feature",
      "geometry": {
        "type": "Point",
        "coordinates": [
          -0.7888398,
          37.9767075
        ]
      },
      "properties": {
        "id": 1946027842,
        "osm_type": "node",
        "name": "Antonio"
      }
    },
    {
      "type": "Feature",
      "geometry": {
        "type": "Point",
        "coordinates": [
          -0.7801589,
          37.9910453
        ]
      },
      "properties": {
        "id": 1946340086,
        "osm_type": "node"
      }
    },
    {
      "type": "Feature",
      "geometry": {
        "type": "Point",
        "coordinates": [
          -0.4929323,
          38.3530701
        ]
      },
      "properties": {
        "id": 1949719780,
        "osm_type": "node",
        "name": "Cantina del Conservatorio"
      }
    },
    {
      "type": "Feature",
      "geometry": {
        "type": "Point",
        "coordinates": [
          -0.7994672,
          38.1063105
        ]
      },
      "properties": {
        "id": 1950000417,
        "osm_type": "node",
        "name": "Pentagrama"
      }
    },
    {
      "type": "Feature",
      "geometry": {
        "type": "Point",
        "coordinates": [
          -0.7981827,
          38.1062069
        ]
      },
      "properties": {
        "id": 1950000454,
        "osm_type": "node",
        "name": "El Llogaret"
      }
    },
    {
      "type": "Feature",
      "geometry": {
        "type": "Point",
        "coordinates": [
          -0.7878455,
          38.1078253
        ]
      },
      "properties": {
        "id": 1950151224,
        "osm_type": "node",
        "name": "Bar Mercado"
      }
    },
    {
      "type": "Feature",
      "geometry": {
        "type": "Point",
        "coordinates": [
          -0.7917132,
          38.113171
        ]
      },
      "properties": {
        "id": 1950151314,
        "osm_type": "node",
        "name": "Bar Parque Naturaleza"
      }
    },
    {
      "type": "Feature",
      "geometry": {
        "type": "Point",
        "coordinates": [
          -0.8525849,
          38.102378
        ]
      },
      "properties": {
        "id": 1954497196,
        "osm_type": "node",
        "name": "Boulevard Cal Javi"
      }
    },
    {
      "type": "Feature",
      "geometry": {
        "type": "Point",
        "coordinates": [
          -0.7952487,
          38.1224657
        ]
      },
      "properties": {
        "id": 1955468816,
        "osm_type": "node",
        "name": "Cafetería Ciudad Deportiva"
      }
    },
    {
      "type": "Feature",
      "geometry": {
        "type": "Point",
        "coordinates": [
          -0.6547068,
          38.0909334
        ]
      },
      "properties": {
        "id": 1958304773,
        "osm_type": "node",
        "name": "Cafetería Central"
      }
    },
    {
      "type": "Feature",
      "geometry": {
        "type": "Point",
        "coordinates": [
          -0.6547974,
          38.0905495
        ]
      },
      "properties": {
        "id": 1958311107,
        "osm_type": "node",
        "name": "Cafetería Iguazú",
        "opening_hours": "Mo-Fr 09:30-23:30; Sa 10:00-23:30; Su 12:00-23:30"
      }
    },
    {
      "type": "Feature",
      "geometry": {
        "type": "Point",
        "coordinates": [
          -0.7851137,
          38.1100108
        ]
      },
      "properties": {
        "id": 1959817466,
        "osm_type": "node",
        "name": "La Mandarina"
      }
    },
    {
      "type": "Feature",
      "geometry": {
        "type": "Point",
        "coordinates": [
          -0.7905622,
          38.1065655
        ]
      },
      "properties": {
        "id": 1961630529,
        "osm_type": "node",
        "name": "Cafetería Plaza de la Libertad"
      }
    },
    {
      "type": "Feature",
      "geometry": {
        "type": "Point",
        "coordinates": [
          -0.7949516,
          38.11364
        ]
      },
      "properties": {
        "id": 1963174421,
        "osm_type": "node",
        "name": "Kurruncho"
      }
    },
    {
      "type": "Feature",
      "geometry": {
        "type": "Point",
        "coordinates": [
          -0.7859546,
          38.0725986
        ]
      },
      "properties": {
        "id": 1963939586,
        "osm_type": "node",
        "name": "Club de Tenis"
      }
    },
    {
      "type": "Feature",
      "geometry": {
        "type": "Point",
        "coordinates": [
          -0.8709144,
          38.0609924
        ]
      },
      "properties": {
        "id": 1964150716,
        "osm_type": "node",
        "name": "Café Amanecer"
      }
    },
    {
      "type": "Feature",
      "geometry": {
        "type": "Point",
        "coordinates": [
          -0.6531201,
          38.0861734
        ]
      },
      "properties": {
        "id": 1964680161,
        "osm_type": "node",
        "name": "Panadería Vanessa"
      }
    },
    {
      "type": "Feature",
      "geometry": {
        "type": "Point",
        "coordinates": [
          -0.7871221,
          38.1132753
        ]
      },
      "properties": {
        "id": 1965844983,
        "osm_type": "node",
        "name": "Bar-Cafetería Terminal de Autobuses"
      }
    },
    {
      "type": "Feature",
      "geometry": {
        "type": "Point",
        "coordinates": [
          -0.0330647,
          39.9882263
        ]
      },
      "properties": {
        "id": 1966853319,
        "osm_type": "node",
        "name": "Exotic café",
        "outdoor_seating": "yes"
      }
    },
    {
      "type": "Feature",
      "geometry": {
        "type": "Point",
        "coordinates": [
          -0.0331511,
          39.9886846
        ]
      },
      "properties": {
        "id": 1966854868,
        "osm_type": "node",
        "name": "Amore Italian Coffee"
      }
    },
    {
      "type": "Feature",
      "geometry": {
        "type": "Point",
        "coordinates": [
          -0.7986018,
          38.1048932
        ]
      },
      "properties": {
        "id": 1966874380,
        "osm_type": "node",
        "name": "Examen",
        "outdoor_seating": "yes"
      }
    },
    {
      "type": "Feature",
      "geometry": {
        "type": "Point",
        "coordinates": [
          -0.7978187,
          38.1049773
        ]
      },
      "properties": {
        "id": 1966879080,
        "osm_type": "node",
        "name": "Maia",
        "outdoor_seating": "yes"
      }
    },
    {
      "type": "Feature",
      "geometry": {
        "type": "Point",
        "coordinates": [
          -0.0338202,
          39.987898
        ]
      },
      "properties": {
        "id": 1966895663,
        "osm_type": "node",
        "name": "Machu Pisco",
        "outdoor_seating": "yes"
      }
    },
    {
      "type": "Feature",
      "geometry": {
        "type": "Point",
        "coordinates": [
          -0.0327553,
          39.9873057
        ]
      },
      "properties": {
        "id": 1966922173,
        "osm_type": "node",
        "name": "Martín Horno Tradicional"
      }
    },
    {
      "type": "Feature",
      "geometry": {
        "type": "Point",
        "coordinates": [
          -0.0350102,
          39.9877699
        ]
      },
      "properties": {
        "id": 1968252778,
        "osm_type": "node",
        "name": "Sala Juegos - Cafeteria Picadilly"
      }
    },
    {
      "type": "Feature",
      "geometry": {
        "type": "Point",
        "coordinates": [
          -0.4301657,
          39.1564321
        ]
      },
      "properties": {
        "id": 1972264747,
        "osm_type": "node",
        "name": "Despacho de Pan Joana",
        "takeaway": "only",
        "outdoor_seating": "no"
      }
    },
    {
      "type": "Feature",
      "geometry": {
        "type": "Point",
        "coordinates": [
          0.2439576,
          40.5519899
        ]
      },
      "properties": {
        "id": 1972825778,
        "osm_type": "node",
        "name": "La Llesqueta"
      }
    },
    {
      "type": "Feature",
      "geometry": {
        "type": "Point",
        "coordinates": [
          0.2439716,
          40.5519986
        ]
      },
      "properties": {
        "id": 1972825790,
        "osm_type": "node",
        "name": "La Llesqueta"
      }
    },
    {
      "type": "Feature",
      "geometry": {
        "type": "Point",
        "coordinates": [
          -0.7925,
          38.1095431
        ]
      },
      "properties": {
        "id": 1974083985,
        "osm_type": "node",
        "name": "Tropicana 2",
        "outdoor_seating": "yes"
      }
    },
    {
      "type": "Feature",
      "geometry": {
        "type": "Point",
        "coordinates": [
          -0.7921948,
          38.1097284
        ]
      },
      "properties": {
        "id": 1974092295,
        "osm_type": "node",
        "name": "Terratremo 1829",
        "outdoor_seating": "yes"
      }
    },
    {
      "type": "Feature",
      "geometry": {
        "type": "Point",
        "coordinates": [
          -0.7928505,
          38.109867
        ]
      },
      "properties": {
        "id": 1974291517,
        "osm_type": "node",
        "name": "Dulcesal"
      }
    },
    {
      "type": "Feature",
      "geometry": {
        "type": "Point",
        "coordinates": [
          -0.7927235,
          38.1099984
        ]
      },
      "properties": {
        "id": 1974292271,
        "osm_type": "node",
        "name": "Odu",
        "outdoor_seating": "no"
      }
    },
    {
      "type": "Feature",
      "geometry": {
        "type": "Point",
        "coordinates": [
          -0.792373,
          38.1099466
        ]
      },
      "properties": {
        "id": 1974300313,
        "osm_type": "node",
        "name": "Vienna",
        "outdoor_seating": "yes"
      }
    },
    {
      "type": "Feature",
      "geometry": {
        "type": "Point",
        "coordinates": [
          -0.7930875,
          38.1087647
        ]
      },
      "properties": {
        "id": 1974322958,
        "osm_type": "node",
        "name": "Almoradí"
      }
    },
    {
      "type": "Feature",
      "geometry": {
        "type": "Point",
        "coordinates": [
          -0.7923092,
          38.1090385
        ]
      },
      "properties": {
        "id": 1974424147,
        "osm_type": "node",
        "name": "El Paseo"
      }
    },
    {
      "type": "Feature",
      "geometry": {
        "type": "Point",
        "coordinates": [
          -0.7928659,
          38.1087204
        ]
      },
      "properties": {
        "id": 1974424160,
        "osm_type": "node",
        "name": "Sensaciones"
      }
    },
    {
      "type": "Feature",
      "geometry": {
        "type": "Point",
        "coordinates": [
          -0.6535128,
          38.0878939
        ]
      },
      "properties": {
        "id": 1974959918,
        "osm_type": "node",
        "name": "Panadería Ruso",
        "opening_hours": "Mo-Fr 07:00-14:00; Sa 07:30-14:00"
      }
    },
    {
      "type": "Feature",
      "geometry": {
        "type": "Point",
        "coordinates": [
          -0.6542962,
          38.0850966
        ]
      },
      "properties": {
        "id": 1974960088,
        "osm_type": "node",
        "name": "Don Quijote",
        "outdoor_seating": "yes"
      }
    },
    {
      "type": "Feature",
      "geometry": {
        "type": "Point",
        "coordinates": [
          -0.6555518,
          38.0876608
        ]
      },
      "properties": {
        "id": 1976385702,
        "osm_type": "node",
        "name": "Cafetería Odes"
      }
    },
    {
      "type": "Feature",
      "geometry": {
        "type": "Point",
        "coordinates": [
          -0.6538957,
          38.0833952
        ]
      },
      "properties": {
        "id": 1976403943,
        "osm_type": "node",
        "name": "Panadería Bolero"
      }
    },
    {
      "type": "Feature",
      "geometry": {
        "type": "Point",
        "coordinates": [
          -0.7889329,
          38.1114662
        ]
      },
      "properties": {
        "id": 1980081477,
        "osm_type": "node",
        "name": "La Cabanya"
      }
    },
    {
      "type": "Feature",
      "geometry": {
        "type": "Point",
        "coordinates": [
          -0.6500899,
          38.0846572
        ]
      },
      "properties": {
        "id": 1980108802,
        "osm_type": "node",
        "name": "La Boutique del Pan"
      }
    },
    {
      "type": "Feature",
      "geometry": {
        "type": "Point",
        "coordinates": [
          -0.3804847,
          39.4872154
        ]
      },
      "properties": {
        "id": 1981174883,
        "osm_type": "node"
      }
    },
    {
      "type": "Feature",
      "geometry": {
        "type": "Point",
        "coordinates": [
          -0.93204,
          38.1374827
        ]
      },
      "properties": {
        "id": 1982117116,
        "osm_type": "node",
        "name": "Bar Café Sol María"
      }
    },
    {
      "type": "Feature",
      "geometry": {
        "type": "Point",
        "coordinates": [
          -0.7923773,
          38.108758
        ]
      },
      "properties": {
        "id": 1983378223,
        "osm_type": "node",
        "name": "El Paseo"
      }
    },
    {
      "type": "Feature",
      "geometry": {
        "type": "Point",
        "coordinates": [
          -0.7934535,
          38.1095555
        ]
      },
      "properties": {
        "id": 1983545321,
        "osm_type": "node",
        "name": "El Nané"
      }
    },
    {
      "type": "Feature",
      "geometry": {
        "type": "Point",
        "coordinates": [
          0.1126839,
          38.8410929
        ]
      },
      "properties": {
        "id": 1985838259,
        "osm_type": "node",
        "name": "Boca"
      }
    },
    {
      "type": "Feature",
      "geometry": {
        "type": "Point",
        "coordinates": [
          0.1070812,
          38.8400537
        ]
      },
      "properties": {
        "id": 1989617398,
        "osm_type": "node",
        "name": "Carrió"
      }
    },
    {
      "type": "Feature",
      "geometry": {
        "type": "Point",
        "coordinates": [
          0.1069794,
          38.8400202
        ]
      },
      "properties": {
        "id": 1989617408,
        "osm_type": "node",
        "name": "Mi Villa",
        "outdoor_seating": "yes"
      }
    },
    {
      "type": "Feature",
      "geometry": {
        "type": "Point",
        "coordinates": [
          0.1040314,
          38.836129
        ]
      },
      "properties": {
        "id": 1991212164,
        "osm_type": "node",
        "name": "Tino",
        "outdoor_seating": "no"
      }
    },
    {
      "type": "Feature",
      "geometry": {
        "type": "Point",
        "coordinates": [
          0.4020901,
          40.3617003
        ]
      },
      "properties": {
        "id": 1995145393,
        "osm_type": "node",
        "name": "Bar Mandarina",
        "outdoor_seating": "yes"
      }
    },
    {
      "type": "Feature",
      "geometry": {
        "type": "Point",
        "coordinates": [
          0.398756,
          40.3615057
        ]
      },
      "properties": {
        "id": 1999009885,
        "osm_type": "node",
        "name": "El Cisne"
      }
    },
    {
      "type": "Feature",
      "geometry": {
        "type": "Point",
        "coordinates": [
          0.108702,
          38.8358196
        ]
      },
      "properties": {
        "id": 2010059350,
        "osm_type": "node",
        "name": "Cafetería Andreu",
        "opening_hours": "Mo-Su 07:30-22:30",
        "outdoor_seating": "yes"
      }
    },
    {
      "type": "Feature",
      "geometry": {
        "type": "Point",
        "coordinates": [
          -0.1110237,
          38.540249
        ]
      },
      "properties": {
        "id": 2012762485,
        "osm_type": "node",
        "name": "Bar Restaurante Nicol's"
      }
    },
    {
      "type": "Feature",
      "geometry": {
        "type": "Point",
        "coordinates": [
          -0.108744,
          38.5386532
        ]
      },
      "properties": {
        "id": 2012817581,
        "osm_type": "node",
        "name": "Rochdi's"
      }
    },
    {
      "type": "Feature",
      "geometry": {
        "type": "Point",
        "coordinates": [
          0.1038421,
          38.8355534
        ]
      },
      "properties": {
        "id": 2015016855,
        "osm_type": "node",
        "name": "Friends",
        "outdoor_seating": "yes"
      }
    },
    {
      "type": "Feature",
      "geometry": {
        "type": "Point",
        "coordinates": [
          -0.4861771,
          38.3465945
        ]
      },
      "properties": {
        "id": 2023653763,
        "osm_type": "node",
        "name": "Cafetales",
        "opening_hours": "Mo-Fr 09:00-14:00,16:00-19:00; Sa 09:00-19:00; Su 09:00-14:00",
        "takeaway": "yes",
        "outdoor_seating": "yes"
      }
    },
    {
      "type": "Feature",
      "geometry": {
        "type": "Point",
        "coordinates": [
          -0.7690068,
          38.1391885
        ]
      },
      "properties": {
        "id": 2029023845,
        "osm_type": "node",
        "name": "Cafetería Charo"
      }
    },
    {
      "type": "Feature",
      "geometry": {
        "type": "Point",
        "coordinates": [
          -0.7697203,
          38.1392444
        ]
      },
      "properties": {
        "id": 2029023849,
        "osm_type": "node",
        "name": "Bar La Plaza"
      }
    },
    {
      "type": "Feature",
      "geometry": {
        "type": "Point",
        "coordinates": [
          -0.4865981,
          38.3517534
        ]
      },
      "properties": {
        "id": 2037072631,
        "osm_type": "node",
        "name": "Pasteleria Capri"
      }
    },
    {
      "type": "Feature",
      "geometry": {
        "type": "Point",
        "coordinates": [
          -0.4880796,
          38.3622727
        ]
      },
      "properties": {
        "id": 2037074256,
        "osm_type": "node",
        "name": "Bambi"
      }
    },
    {
      "type": "Feature",
      "geometry": {
        "type": "Point",
        "coordinates": [
          -0.4914773,
          38.3604106
        ]
      },
      "properties": {
        "id": 2037074271,
        "osm_type": "node",
        "name": "Altozano"
      }
    },
    {
      "type": "Feature",
      "geometry": {
        "type": "Point",
        "coordinates": [
          -0.9434012,
          38.0805525
        ]
      },
      "properties": {
        "id": 2046796283,
        "osm_type": "node",
        "name": "Horno David"
      }
    },
    {
      "type": "Feature",
      "geometry": {
        "type": "Point",
        "coordinates": [
          -0.9429716,
          38.0797804
        ]
      },
      "properties": {
        "id": 2046796424,
        "osm_type": "node",
        "name": "Bar El Paseo"
      }
    },
    {
      "type": "Feature",
      "geometry": {
        "type": "Point",
        "coordinates": [
          -0.9399929,
          38.0854432
        ]
      },
      "properties": {
        "id": 2046796769,
        "osm_type": "node"
      }
    },
    {
      "type": "Feature",
      "geometry": {
        "type": "Point",
        "coordinates": [
          -0.4385099,
          39.152132
        ]
      },
      "properties": {
        "id": 2048645460,
        "osm_type": "node",
        "name": "Cafetería Londres Pub",
        "outdoor_seating": "no"
      }
    },
    {
      "type": "Feature",
      "geometry": {
        "type": "Point",
        "coordinates": [
          -0.0438152,
          38.605784
        ]
      },
      "properties": {
        "id": 2061146146,
        "osm_type": "node",
        "name": "Cafe Polideportiva"
      }
    },
    {
      "type": "Feature",
      "geometry": {
        "type": "Point",
        "coordinates": [
          -0.7217014,
          38.0869387
        ]
      },
      "properties": {
        "id": 2078415088,
        "osm_type": "node",
        "name": "Bar Ivoni"
      }
    },
    {
      "type": "Feature",
      "geometry": {
        "type": "Point",
        "coordinates": [
          -0.7240057,
          38.086865
        ]
      },
      "properties": {
        "id": 2078415914,
        "osm_type": "node",
        "name": "Bar El Sol"
      }
    },
    {
      "type": "Feature",
      "geometry": {
        "type": "Point",
        "coordinates": [
          -0.7281292,
          38.0894529
        ]
      },
      "properties": {
        "id": 2079657924,
        "osm_type": "node",
        "name": "Los Carlotas",
        "opening_hours": "Tu-Fr 06:00-24:00; Sa 07:00-24:00; Su 07:30-24:00"
      }
    },
    {
      "type": "Feature",
      "geometry": {
        "type": "Point",
        "coordinates": [
          -0.6453816,
          38.1471084
        ]
      },
      "properties": {
        "id": 2092346519,
        "osm_type": "node",
        "name": "La Vista"
      }
    },
    {
      "type": "Feature",
      "geometry": {
        "type": "Point",
        "coordinates": [
          -0.7697403,
          38.140126
        ]
      },
      "properties": {
        "id": 2095623522,
        "osm_type": "node",
        "name": "Boulevard"
      }
    },
    {
      "type": "Feature",
      "geometry": {
        "type": "Point",
        "coordinates": [
          -1.1542565,
          39.5201957
        ]
      },
      "properties": {
        "id": 2096008052,
        "osm_type": "node",
        "name": "Horno Bolleria Elena"
      }
    },
    {
      "type": "Feature",
      "geometry": {
        "type": "Point",
        "coordinates": [
          -1.1536337,
          39.5210293
        ]
      },
      "properties": {
        "id": 2096008053,
        "osm_type": "node",
        "name": "Horno"
      }
    },
    {
      "type": "Feature",
      "geometry": {
        "type": "Point",
        "coordinates": [
          -0.7961125,
          38.086802
        ]
      },
      "properties": {
        "id": 2096581544,
        "osm_type": "node",
        "name": "Bar El Badulake",
        "outdoor_seating": "yes"
      }
    },
    {
      "type": "Feature",
      "geometry": {
        "type": "Point",
        "coordinates": [
          -0.1726897,
          38.957386
        ]
      },
      "properties": {
        "id": 2104261058,
        "osm_type": "node",
        "name": "Leroy Merlin cafe"
      }
    },
    {
      "type": "Feature",
      "geometry": {
        "type": "Point",
        "coordinates": [
          -0.8968286,
          38.0623882
        ]
      },
      "properties": {
        "id": 2106956531,
        "osm_type": "node",
        "name": "Café Candiles"
      }
    },
    {
      "type": "Feature",
      "geometry": {
        "type": "Point",
        "coordinates": [
          -0.65264,
          38.0275505
        ]
      },
      "properties": {
        "id": 2110796823,
        "osm_type": "node",
        "name": "Jandel's Beach Cafe"
      }
    },
    {
      "type": "Feature",
      "geometry": {
        "type": "Point",
        "coordinates": [
          -0.7051771,
          38.254762
        ]
      },
      "properties": {
        "id": 2126438435,
        "osm_type": "node",
        "name": "GLASÉ"
      }
    },
    {
      "type": "Feature",
      "geometry": {
        "type": "Point",
        "coordinates": [
          -0.5154325,
          38.3907363
        ]
      },
      "properties": {
        "id": 2133752711,
        "osm_type": "node",
        "name": "Mad Pilots"
      }
    },
    {
      "type": "Feature",
      "geometry": {
        "type": "Point",
        "coordinates": [
          -0.5160299,
          38.3929096
        ]
      },
      "properties": {
        "id": 2142260358,
        "osm_type": "node",
        "name": "Heladería Galvany"
      }
    },
    {
      "type": "Feature",
      "geometry": {
        "type": "Point",
        "coordinates": [
          -0.516738,
          38.3925522
        ]
      },
      "properties": {
        "id": 2142260359,
        "osm_type": "node"
      }
    },
    {
      "type": "Feature",
      "geometry": {
        "type": "Point",
        "coordinates": [
          -0.5142033,
          38.396313
        ]
      },
      "properties": {
        "id": 2142260360,
        "osm_type": "node",
        "name": "Calentito"
      }
    },
    {
      "type": "Feature",
      "geometry": {
        "type": "Point",
        "coordinates": [
          -0.5131303,
          38.3942655
        ]
      },
      "properties": {
        "id": 2142260362,
        "osm_type": "node",
        "name": "Kiosco Lo Torrent"
      }
    },
    {
      "type": "Feature",
      "geometry": {
        "type": "Point",
        "coordinates": [
          -0.5168292,
          38.3924954
        ]
      },
      "properties": {
        "id": 2142260369,
        "osm_type": "node",
        "name": "Cafetería Ciudad Jardín"
      }
    },
    {
      "type": "Feature",
      "geometry": {
        "type": "Point",
        "coordinates": [
          -0.5164885,
          38.3924954
        ]
      },
      "properties": {
        "id": 2142260372,
        "osm_type": "node",
        "name": "La Tosatada Dorada"
      }
    },
    {
      "type": "Feature",
      "geometry": {
        "type": "Point",
        "coordinates": [
          -0.6785085,
          37.9854482
        ]
      },
      "properties": {
        "id": 2146845786,
        "osm_type": "node",
        "name": "El Ocho"
      }
    },
    {
      "type": "Feature",
      "geometry": {
        "type": "Point",
        "coordinates": [
          -0.1248725,
          38.5421806
        ]
      },
      "properties": {
        "id": 2184209443,
        "osm_type": "node",
        "name": "Cafetería Nevada"
      }
    },
    {
      "type": "Feature",
      "geometry": {
        "type": "Point",
        "coordinates": [
          -0.596196,
          39.9209546
        ]
      },
      "properties": {
        "id": 2196406035,
        "osm_type": "node",
        "name": "Horno San Francisco"
      }
    },
    {
      "type": "Feature",
      "geometry": {
        "type": "Point",
        "coordinates": [
          -0.5964699,
          39.9206085
        ]
      },
      "properties": {
        "id": 2199922445,
        "osm_type": "node",
        "name": "Horno Noguera"
      }
    },
    {
      "type": "Feature",
      "geometry": {
        "type": "Point",
        "coordinates": [
          -0.5957726,
          39.9205468
        ]
      },
      "properties": {
        "id": 2199922457,
        "osm_type": "node",
        "name": "Despacho de Pan Guillén-Jordán"
      }
    },
    {
      "type": "Feature",
      "geometry": {
        "type": "Point",
        "coordinates": [
          -0.4375866,
          38.4009032
        ]
      },
      "properties": {
        "id": 2202459459,
        "osm_type": "node",
        "name": "Churrería Chocolatería San Juan",
        "opening_hours": "06:30-14:30",
        "takeaway": "yes"
      }
    },
    {
      "type": "Feature",
      "geometry": {
        "type": "Point",
        "coordinates": [
          -0.7232845,
          38.0518718
        ]
      },
      "properties": {
        "id": 2208182540,
        "osm_type": "node",
        "name": "Spanglish"
      }
    },
    {
      "type": "Feature",
      "geometry": {
        "type": "Point",
        "coordinates": [
          0.1046357,
          38.728675
        ]
      },
      "properties": {
        "id": 2208626858,
        "osm_type": "node"
      }
    },
    {
      "type": "Feature",
      "geometry": {
        "type": "Point",
        "coordinates": [
          -0.5966953,
          39.9226947
        ]
      },
      "properties": {
        "id": 2219099337,
        "osm_type": "node",
        "name": "Minguez"
      }
    },
    {
      "type": "Feature",
      "geometry": {
        "type": "Point",
        "coordinates": [
          -0.5961079,
          39.9200782
        ]
      },
      "properties": {
        "id": 2219099341,
        "osm_type": "node",
        "name": "Pastelería Galindo"
      }
    },
    {
      "type": "Feature",
      "geometry": {
        "type": "Point",
        "coordinates": [
          -0.59739,
          39.9203147
        ]
      },
      "properties": {
        "id": 2219099342,
        "osm_type": "node",
        "name": "La Tahona de Sonia"
      }
    },
    {
      "type": "Feature",
      "geometry": {
        "type": "Point",
        "coordinates": [
          -0.4369995,
          39.18584
        ]
      },
      "properties": {
        "id": 2232443291,
        "osm_type": "node"
      }
    },
    {
      "type": "Feature",
      "geometry": {
        "type": "Point",
        "coordinates": [
          -0.3778904,
          39.4740479
        ]
      },
      "properties": {
        "id": 2264306798,
        "osm_type": "node",
        "name": "Horno y Pasteleria Alfonso Martínez"
      }
    },
    {
      "type": "Feature",
      "geometry": {
        "type": "Point",
        "coordinates": [
          -0.4519866,
          39.4586769
        ]
      },
      "properties": {
        "id": 2265749605,
        "osm_type": "node",
        "name": "Despatx de Isa"
      }
    },
    {
      "type": "Feature",
      "geometry": {
        "type": "Point",
        "coordinates": [
          -1.1026959,
          39.4889808
        ]
      },
      "properties": {
        "id": 2279624186,
        "osm_type": "node"
      }
    },
    {
      "type": "Feature",
      "geometry": {
        "type": "Point",
        "coordinates": [
          -1.1025496,
          39.4883595
        ]
      },
      "properties": {
        "id": 2279624194,
        "osm_type": "node"
      }
    },
    {
      "type": "Feature",
      "geometry": {
        "type": "Point",
        "coordinates": [
          -1.1027304,
          39.4880299
        ]
      },
      "properties": {
        "id": 2279624199,
        "osm_type": "node"
      }
    },
    {
      "type": "Feature",
      "geometry": {
        "type": "Point",
        "coordinates": [
          -1.1015625,
          39.4882606
        ]
      },
      "properties": {
        "id": 2279624212,
        "osm_type": "node"
      }
    },
    {
      "type": "Feature",
      "geometry": {
        "type": "Point",
        "coordinates": [
          -0.3092095,
          39.6154991
        ]
      },
      "properties": {
        "id": 2280967444,
        "osm_type": "node",
        "name": "Forn La Barraca"
      }
    },
    {
      "type": "Feature",
      "geometry": {
        "type": "Point",
        "coordinates": [
          -0.3766561,
          39.461055
        ]
      },
      "properties": {
        "id": 2288358267,
        "osm_type": "node",
        "name": "Horno Puerto Rico"
      }
    },
    {
      "type": "Feature",
      "geometry": {
        "type": "Point",
        "coordinates": [
          -0.3729554,
          39.4624723
        ]
      },
      "properties": {
        "id": 2288376112,
        "osm_type": "node"
      }
    },
    {
      "type": "Feature",
      "geometry": {
        "type": "Point",
        "coordinates": [
          -0.3091238,
          39.6155735
        ]
      },
      "properties": {
        "id": 2288509216,
        "osm_type": "node",
        "name": "Bar Mediterrani",
        "outdoor_seating": "yes",
        "check_date": "2025-12-18"
      }
    },
    {
      "type": "Feature",
      "geometry": {
        "type": "Point",
        "coordinates": [
          -0.8682011,
          38.0616187
        ]
      },
      "properties": {
        "id": 2291101298,
        "osm_type": "node",
        "name": "Bar Curro"
      }
    },
    {
      "type": "Feature",
      "geometry": {
        "type": "Point",
        "coordinates": [
          -0.8684641,
          38.0613127
        ]
      },
      "properties": {
        "id": 2291101299,
        "osm_type": "node",
        "name": "Stamberg"
      }
    },
    {
      "type": "Feature",
      "geometry": {
        "type": "Point",
        "coordinates": [
          -0.8499785,
          38.103323
        ]
      },
      "properties": {
        "id": 2300826551,
        "osm_type": "node",
        "name": "Bar Cafetería Tariro"
      }
    },
    {
      "type": "Feature",
      "geometry": {
        "type": "Point",
        "coordinates": [
          0.184305,
          38.7750617
        ]
      },
      "properties": {
        "id": 2309217793,
        "osm_type": "node",
        "name": "Lancashire Bruja"
      }
    },
    {
      "type": "Feature",
      "geometry": {
        "type": "Point",
        "coordinates": [
          -0.7233558,
          38.0516877
        ]
      },
      "properties": {
        "id": 2309532302,
        "osm_type": "node",
        "name": "Lizarran"
      }
    },
    {
      "type": "Feature",
      "geometry": {
        "type": "Point",
        "coordinates": [
          -0.4396328,
          38.7398243
        ]
      },
      "properties": {
        "id": 2309643433,
        "osm_type": "node",
        "name": "Cafe Nou Raspa"
      }
    },
    {
      "type": "Feature",
      "geometry": {
        "type": "Point",
        "coordinates": [
          0.2232915,
          40.3037778
        ]
      },
      "properties": {
        "id": 2314908206,
        "osm_type": "node",
        "name": "Ferreres"
      }
    },
    {
      "type": "Feature",
      "geometry": {
        "type": "Point",
        "coordinates": [
          0.2237314,
          40.3055267
        ]
      },
      "properties": {
        "id": 2314950701,
        "osm_type": "node"
      }
    },
    {
      "type": "Feature",
      "geometry": {
        "type": "Point",
        "coordinates": [
          -0.7693652,
          38.388823
        ]
      },
      "properties": {
        "id": 2318162706,
        "osm_type": "node",
        "name": "Marisa"
      }
    },
    {
      "type": "Feature",
      "geometry": {
        "type": "Point",
        "coordinates": [
          -0.7690056,
          38.3910872
        ]
      },
      "properties": {
        "id": 2318162711,
        "osm_type": "node",
        "name": "Passeig"
      }
    },
    {
      "type": "Feature",
      "geometry": {
        "type": "Point",
        "coordinates": [
          -0.7658987,
          38.3842409
        ]
      },
      "properties": {
        "id": 2318182392,
        "osm_type": "node",
        "name": "Panadería Polo",
        "check_date": "2024-06-10"
      }
    },
    {
      "type": "Feature",
      "geometry": {
        "type": "Point",
        "coordinates": [
          -0.7683248,
          38.384465
        ]
      },
      "properties": {
        "id": 2318182664,
        "osm_type": "node",
        "name": "Mamtita",
        "check_date": "2024-06-13"
      }
    },
    {
      "type": "Feature",
      "geometry": {
        "type": "Point",
        "coordinates": [
          -0.7715776,
          38.3793752
        ]
      },
      "properties": {
        "id": 2318186093,
        "osm_type": "node",
        "name": "María Auxiliadora"
      }
    },
    {
      "type": "Feature",
      "geometry": {
        "type": "Point",
        "coordinates": [
          -0.7716314,
          38.3786689
        ]
      },
      "properties": {
        "id": 2318186104,
        "osm_type": "node",
        "name": "Polo"
      }
    },
    {
      "type": "Feature",
      "geometry": {
        "type": "Point",
        "coordinates": [
          -0.771088,
          38.386605
        ]
      },
      "properties": {
        "id": 2318186179,
        "osm_type": "node",
        "name": "Concha",
        "check_date": "2024-06-13"
      }
    },
    {
      "type": "Feature",
      "geometry": {
        "type": "Point",
        "coordinates": [
          -0.7603067,
          38.3845578
        ]
      },
      "properties": {
        "id": 2318186647,
        "osm_type": "node",
        "name": "Panadería Goya"
      }
    },
    {
      "type": "Feature",
      "geometry": {
        "type": "Point",
        "coordinates": [
          -0.7624233,
          38.386291
        ]
      },
      "properties": {
        "id": 2318186648,
        "osm_type": "node",
        "name": "Panadería Matías"
      }
    },
    {
      "type": "Feature",
      "geometry": {
        "type": "Point",
        "coordinates": [
          -0.7647586,
          38.3806452
        ]
      },
      "properties": {
        "id": 2318186677,
        "osm_type": "node",
        "name": "Daikiri"
      }
    },
    {
      "type": "Feature",
      "geometry": {
        "type": "Point",
        "coordinates": [
          -0.7604181,
          38.3851641
        ]
      },
      "properties": {
        "id": 2318188050,
        "osm_type": "node",
        "name": "Askal"
      }
    },
    {
      "type": "Feature",
      "geometry": {
        "type": "Point",
        "coordinates": [
          -0.7586383,
          38.3854122
        ]
      },
      "properties": {
        "id": 2318188073,
        "osm_type": "node",
        "name": "El pan de Marga"
      }
    },
    {
      "type": "Feature",
      "geometry": {
        "type": "Point",
        "coordinates": [
          -0.7620707,
          38.3854386
        ]
      },
      "properties": {
        "id": 2318188101,
        "osm_type": "node",
        "name": "Horno Goya"
      }
    },
    {
      "type": "Feature",
      "geometry": {
        "type": "Point",
        "coordinates": [
          -0.7735281,
          38.381555
        ]
      },
      "properties": {
        "id": 2318188996,
        "osm_type": "node",
        "name": "Goya"
      }
    },
    {
      "type": "Feature",
      "geometry": {
        "type": "Point",
        "coordinates": [
          -0.7707115,
          38.3809061
        ]
      },
      "properties": {
        "id": 2318189001,
        "osm_type": "node",
        "name": "Niceto",
        "check_date": "2024-06-10"
      }
    },
    {
      "type": "Feature",
      "geometry": {
        "type": "Point",
        "coordinates": [
          -0.7716304,
          38.3786596
        ]
      },
      "properties": {
        "id": 2318189008,
        "osm_type": "node",
        "name": "Polo"
      }
    },
    {
      "type": "Feature",
      "geometry": {
        "type": "Point",
        "coordinates": [
          -0.7657088,
          38.3844851
        ]
      },
      "properties": {
        "id": 2318189298,
        "osm_type": "node",
        "name": "Racó de marcos"
      }
    },
    {
      "type": "Feature",
      "geometry": {
        "type": "Point",
        "coordinates": [
          -0.765414,
          38.3851442
        ]
      },
      "properties": {
        "id": 2318189307,
        "osm_type": "node",
        "name": "bar moka"
      }
    },
    {
      "type": "Feature",
      "geometry": {
        "type": "Point",
        "coordinates": [
          -0.765774,
          38.3844672
        ]
      },
      "properties": {
        "id": 2318189308,
        "osm_type": "node",
        "name": "bar morrison"
      }
    },
    {
      "type": "Feature",
      "geometry": {
        "type": "Point",
        "coordinates": [
          -0.7647274,
          38.3823504
        ]
      },
      "properties": {
        "id": 2318189331,
        "osm_type": "node",
        "name": "Cafetería El Calentito"
      }
    },
    {
      "type": "Feature",
      "geometry": {
        "type": "Point",
        "coordinates": [
          -0.7659122,
          38.3843004
        ]
      },
      "properties": {
        "id": 2318189332,
        "osm_type": "node",
        "name": "panadería polo",
        "check_date": "2024-06-10"
      }
    },
    {
      "type": "Feature",
      "geometry": {
        "type": "Point",
        "coordinates": [
          -0.7672184,
          38.3814534
        ]
      },
      "properties": {
        "id": 2318204828,
        "osm_type": "node",
        "name": "L'Abadia",
        "opening_hours": "Mo-Th 07:00-21:30; Fr-Sa 07:00-24:00; Su 07:00-16:00",
        "check_date": "2024-06-13"
      }
    },
    {
      "type": "Feature",
      "geometry": {
        "type": "Point",
        "coordinates": [
          -0.7674565,
          38.3810194
        ]
      },
      "properties": {
        "id": 2318204866,
        "osm_type": "node",
        "name": "Panadería Guardiola"
      }
    },
    {
      "type": "Feature",
      "geometry": {
        "type": "Point",
        "coordinates": [
          -0.7676317,
          38.3805671
        ]
      },
      "properties": {
        "id": 2318204869,
        "osm_type": "node",
        "name": "Panadería Mª Cristina"
      }
    },
    {
      "type": "Feature",
      "geometry": {
        "type": "Point",
        "coordinates": [
          -0.7669573,
          38.3833807
        ]
      },
      "properties": {
        "id": 2318206230,
        "osm_type": "node",
        "name": "La Teja"
      }
    },
    {
      "type": "Feature",
      "geometry": {
        "type": "Point",
        "coordinates": [
          -0.7609678,
          38.3827574
        ]
      },
      "properties": {
        "id": 2318207887,
        "osm_type": "node",
        "name": "Monserrat"
      }
    },
    {
      "type": "Feature",
      "geometry": {
        "type": "Point",
        "coordinates": [
          -0.7660244,
          38.388
        ]
      },
      "properties": {
        "id": 2318211147,
        "osm_type": "node",
        "name": "Moreno"
      }
    },
    {
      "type": "Feature",
      "geometry": {
        "type": "Point",
        "coordinates": [
          -0.7636741,
          38.3866956
        ]
      },
      "properties": {
        "id": 2318211214,
        "osm_type": "node",
        "name": "Salix"
      }
    },
    {
      "type": "Feature",
      "geometry": {
        "type": "Point",
        "coordinates": [
          -0.7733079,
          38.3842006
        ]
      },
      "properties": {
        "id": 2318211933,
        "osm_type": "node",
        "name": "San Roque"
      }
    },
    {
      "type": "Feature",
      "geometry": {
        "type": "Point",
        "coordinates": [
          -0.7034579,
          38.2579993
        ]
      },
      "properties": {
        "id": 2353060463,
        "osm_type": "node",
        "name": "sansano's"
      }
    },
    {
      "type": "Feature",
      "geometry": {
        "type": "Point",
        "coordinates": [
          -0.5879601,
          38.2936018
        ]
      },
      "properties": {
        "id": 2354684772,
        "osm_type": "node",
        "name": "Café Quetzal"
      }
    },
    {
      "type": "Feature",
      "geometry": {
        "type": "Point",
        "coordinates": [
          -0.7694721,
          38.1405817
        ]
      },
      "properties": {
        "id": 2359134973,
        "osm_type": "node",
        "name": "Luis"
      }
    },
    {
      "type": "Feature",
      "geometry": {
        "type": "Point",
        "coordinates": [
          -0.770942,
          38.1399995
        ]
      },
      "properties": {
        "id": 2359135039,
        "osm_type": "node",
        "name": "Avenida"
      }
    },
    {
      "type": "Feature",
      "geometry": {
        "type": "Point",
        "coordinates": [
          -0.7716608,
          38.1399404
        ]
      },
      "properties": {
        "id": 2359135164,
        "osm_type": "node",
        "name": "Groucho"
      }
    },
    {
      "type": "Feature",
      "geometry": {
        "type": "Point",
        "coordinates": [
          -0.9098224,
          39.6211001
        ]
      },
      "properties": {
        "id": 2376976326,
        "osm_type": "node"
      }
    },
    {
      "type": "Feature",
      "geometry": {
        "type": "Point",
        "coordinates": [
          -0.4430342,
          38.9383191
        ]
      },
      "properties": {
        "id": 2379632187,
        "osm_type": "node"
      }
    },
    {
      "type": "Feature",
      "geometry": {
        "type": "Point",
        "coordinates": [
          -0.4465366,
          38.943245
        ]
      },
      "properties": {
        "id": 2379638909,
        "osm_type": "node"
      }
    },
    {
      "type": "Feature",
      "geometry": {
        "type": "Point",
        "coordinates": [
          -0.4437897,
          38.9444869
        ]
      },
      "properties": {
        "id": 2379638923,
        "osm_type": "node"
      }
    },
    {
      "type": "Feature",
      "geometry": {
        "type": "Point",
        "coordinates": [
          -0.4931724,
          38.3447949
        ]
      },
      "properties": {
        "id": 2381532822,
        "osm_type": "node",
        "name": "Draki"
      }
    },
    {
      "type": "Feature",
      "geometry": {
        "type": "Point",
        "coordinates": [
          -0.2147557,
          39.0359071
        ]
      },
      "properties": {
        "id": 2385618136,
        "osm_type": "node",
        "name": "Planta"
      }
    },
    {
      "type": "Feature",
      "geometry": {
        "type": "Point",
        "coordinates": [
          -0.7207972,
          38.1116769
        ]
      },
      "properties": {
        "id": 2397311381,
        "osm_type": "node",
        "name": "Sami’s Bar",
        "opening_hours": "Mo-Su 06:00-24:00",
        "outdoor_seating": "yes"
      }
    },
    {
      "type": "Feature",
      "geometry": {
        "type": "Point",
        "coordinates": [
          -0.6530764,
          38.0842219
        ]
      },
      "properties": {
        "id": 2398532967,
        "osm_type": "node",
        "name": "Capri"
      }
    },
    {
      "type": "Feature",
      "geometry": {
        "type": "Point",
        "coordinates": [
          -0.6542121,
          38.025979
        ]
      },
      "properties": {
        "id": 2402927375,
        "osm_type": "node",
        "name": "Miguel Hernández"
      }
    },
    {
      "type": "Feature",
      "geometry": {
        "type": "Point",
        "coordinates": [
          -0.3734311,
          39.4738985
        ]
      },
      "properties": {
        "id": 2416947469,
        "osm_type": "node",
        "name": "Marbar",
        "check_date": "2023-06-30"
      }
    },
    {
      "type": "Feature",
      "geometry": {
        "type": "Point",
        "coordinates": [
          0.0124439,
          38.8522353
        ]
      },
      "properties": {
        "id": 2435822281,
        "osm_type": "node",
        "name": "Strudel Cafe"
      }
    },
    {
      "type": "Feature",
      "geometry": {
        "type": "Point",
        "coordinates": [
          -0.7673146,
          38.3459497
        ]
      },
      "properties": {
        "id": 2444826297,
        "osm_type": "node",
        "name": "Panadería Carasa"
      }
    },
    {
      "type": "Feature",
      "geometry": {
        "type": "Point",
        "coordinates": [
          -0.7909942,
          38.1084588
        ]
      },
      "properties": {
        "id": 2452233596,
        "osm_type": "node",
        "name": "Espinosa"
      }
    },
    {
      "type": "Feature",
      "geometry": {
        "type": "Point",
        "coordinates": [
          -0.8378022,
          38.0782964
        ]
      },
      "properties": {
        "id": 2455561364,
        "osm_type": "node",
        "name": "Alicia"
      }
    },
    {
      "type": "Feature",
      "geometry": {
        "type": "Point",
        "coordinates": [
          -0.8370941,
          38.0779923
        ]
      },
      "properties": {
        "id": 2455574045,
        "osm_type": "node",
        "name": "Bar Ismael"
      }
    },
    {
      "type": "Feature",
      "geometry": {
        "type": "Point",
        "coordinates": [
          -0.7698678,
          38.1386209
        ]
      },
      "properties": {
        "id": 2455680810,
        "osm_type": "node",
        "name": "Heladería Sabores"
      }
    },
    {
      "type": "Feature",
      "geometry": {
        "type": "Point",
        "coordinates": [
          -0.7684507,
          38.1392244
        ]
      },
      "properties": {
        "id": 2455680822,
        "osm_type": "node",
        "name": "D'María"
      }
    },
    {
      "type": "Feature",
      "geometry": {
        "type": "Point",
        "coordinates": [
          -0.7684408,
          38.1394605
        ]
      },
      "properties": {
        "id": 2455680828,
        "osm_type": "node",
        "name": "Bar Cuenca"
      }
    },
    {
      "type": "Feature",
      "geometry": {
        "type": "Point",
        "coordinates": [
          -0.5249945,
          38.3958242
        ]
      },
      "properties": {
        "id": 2456928437,
        "osm_type": "node"
      }
    },
    {
      "type": "Feature",
      "geometry": {
        "type": "Point",
        "coordinates": [
          -0.523848,
          38.3969065
        ]
      },
      "properties": {
        "id": 2456960367,
        "osm_type": "node"
      }
    },
    {
      "type": "Feature",
      "geometry": {
        "type": "Point",
        "coordinates": [
          -0.7958614,
          38.086069
        ]
      },
      "properties": {
        "id": 2457734634,
        "osm_type": "node",
        "name": "Despacho del Pan Pepe"
      }
    },
    {
      "type": "Feature",
      "geometry": {
        "type": "Point",
        "coordinates": [
          -0.5866642,
          38.1926274
        ]
      },
      "properties": {
        "id": 2457751759,
        "osm_type": "node",
        "name": "Despacho de Pan"
      }
    },
    {
      "type": "Feature",
      "geometry": {
        "type": "Point",
        "coordinates": [
          -0.5852479,
          38.1928367
        ]
      },
      "properties": {
        "id": 2457765565,
        "osm_type": "node",
        "name": "Bollería Paraise"
      }
    },
    {
      "type": "Feature",
      "geometry": {
        "type": "Point",
        "coordinates": [
          -0.5586337,
          38.1958084
        ]
      },
      "properties": {
        "id": 2459141223,
        "osm_type": "node",
        "name": "El Jamón"
      }
    },
    {
      "type": "Feature",
      "geometry": {
        "type": "Point",
        "coordinates": [
          -0.5610132,
          38.1944555
        ]
      },
      "properties": {
        "id": 2459141225,
        "osm_type": "node",
        "name": "Bitácora"
      }
    },
    {
      "type": "Feature",
      "geometry": {
        "type": "Point",
        "coordinates": [
          -0.5610175,
          38.1938153
        ]
      },
      "properties": {
        "id": 2459141233,
        "osm_type": "node"
      }
    },
    {
      "type": "Feature",
      "geometry": {
        "type": "Point",
        "coordinates": [
          -0.7480611,
          38.0277945
        ]
      },
      "properties": {
        "id": 2460273409,
        "osm_type": "node",
        "name": "Tambalache"
      }
    },
    {
      "type": "Feature",
      "geometry": {
        "type": "Point",
        "coordinates": [
          -0.7459222,
          38.0277537
        ]
      },
      "properties": {
        "id": 2460273415,
        "osm_type": "node",
        "name": "Rives"
      }
    },
    {
      "type": "Feature",
      "geometry": {
        "type": "Point",
        "coordinates": [
          -0.7420687,
          38.0280094
        ]
      },
      "properties": {
        "id": 2460279243,
        "osm_type": "node",
        "name": "JR"
      }
    },
    {
      "type": "Feature",
      "geometry": {
        "type": "Point",
        "coordinates": [
          -0.7404199,
          38.027816
        ]
      },
      "properties": {
        "id": 2460282513,
        "osm_type": "node",
        "name": "Mofly"
      }
    },
    {
      "type": "Feature",
      "geometry": {
        "type": "Point",
        "coordinates": [
          -0.7454366,
          38.0248863
        ]
      },
      "properties": {
        "id": 2460389198,
        "osm_type": "node",
        "name": "Las Ninfas"
      }
    },
    {
      "type": "Feature",
      "geometry": {
        "type": "Point",
        "coordinates": [
          -0.7632441,
          38.0903215
        ]
      },
      "properties": {
        "id": 2461544371,
        "osm_type": "node",
        "name": "Sixto"
      }
    },
    {
      "type": "Feature",
      "geometry": {
        "type": "Point",
        "coordinates": [
          -0.7452612,
          38.084621
        ]
      },
      "properties": {
        "id": 2465416835,
        "osm_type": "node",
        "name": "Trasgu"
      }
    },
    {
      "type": "Feature",
      "geometry": {
        "type": "Point",
        "coordinates": [
          -0.657521,
          38.0892308
        ]
      },
      "properties": {
        "id": 2469814353,
        "osm_type": "node",
        "name": "La Costera"
      }
    },
    {
      "type": "Feature",
      "geometry": {
        "type": "Point",
        "coordinates": [
          -0.2571073,
          38.9325384
        ]
      },
      "properties": {
        "id": 2473319272,
        "osm_type": "node",
        "name": "Centre Social"
      }
    },
    {
      "type": "Feature",
      "geometry": {
        "type": "Point",
        "coordinates": [
          -0.1851225,
          38.9688821
        ]
      },
      "properties": {
        "id": 2473536142,
        "osm_type": "node",
        "name": "Horno & Deli"
      }
    },
    {
      "type": "Feature",
      "geometry": {
        "type": "Point",
        "coordinates": [
          -0.8379315,
          38.4338676
        ]
      },
      "properties": {
        "id": 2473728382,
        "osm_type": "node",
        "name": "Heladería Somni"
      }
    },
    {
      "type": "Feature",
      "geometry": {
        "type": "Point",
        "coordinates": [
          -0.8363921,
          38.4359686
        ]
      },
      "properties": {
        "id": 2473748019,
        "osm_type": "node",
        "name": "Armando"
      }
    },
    {
      "type": "Feature",
      "geometry": {
        "type": "Point",
        "coordinates": [
          -0.8346593,
          38.4358129
        ]
      },
      "properties": {
        "id": 2473779484,
        "osm_type": "node",
        "name": "Paquita"
      }
    },
    {
      "type": "Feature",
      "geometry": {
        "type": "Point",
        "coordinates": [
          -0.8396629,
          38.4361368
        ]
      },
      "properties": {
        "id": 2473785622,
        "osm_type": "node",
        "name": "Mira"
      }
    },
    {
      "type": "Feature",
      "geometry": {
        "type": "Point",
        "coordinates": [
          -0.3859904,
          39.4700833
        ]
      },
      "properties": {
        "id": 2475527929,
        "osm_type": "node",
        "name": "Francisco Miralles"
      }
    },
    {
      "type": "Feature",
      "geometry": {
        "type": "Point",
        "coordinates": [
          -0.3856803,
          39.4703721
        ]
      },
      "properties": {
        "id": 2475527955,
        "osm_type": "node",
        "name": "Panaria",
        "opening_hours": "Mo-Fr 08:00-20:30; Sa,Su 08:00-14:00,16:30-20:30",
        "outdoor_seating": "no"
      }
    },
    {
      "type": "Feature",
      "geometry": {
        "type": "Point",
        "coordinates": [
          -0.8327764,
          38.4358547
        ]
      },
      "properties": {
        "id": 2476325265,
        "osm_type": "node",
        "name": "Serrano"
      }
    },
    {
      "type": "Feature",
      "geometry": {
        "type": "Point",
        "coordinates": [
          -0.418125,
          40.2029992
        ]
      },
      "properties": {
        "id": 2478853875,
        "osm_type": "node",
        "name": "Panadería Casa Bresca"
      }
    },
    {
      "type": "Feature",
      "geometry": {
        "type": "Point",
        "coordinates": [
          -0.7593788,
          38.1138093
        ]
      },
      "properties": {
        "id": 2480430907,
        "osm_type": "node",
        "name": "Delicias Loli"
      }
    },
    {
      "type": "Feature",
      "geometry": {
        "type": "Point",
        "coordinates": [
          -0.7410054,
          38.0871086
        ]
      },
      "properties": {
        "id": 2483325212,
        "osm_type": "node",
        "name": "Rumours"
      }
    },
    {
      "type": "Feature",
      "geometry": {
        "type": "Point",
        "coordinates": [
          -0.1194406,
          38.9205583
        ]
      },
      "properties": {
        "id": 2485849684,
        "osm_type": "node",
        "name": "La Bassa"
      }
    },
    {
      "type": "Feature",
      "geometry": {
        "type": "Point",
        "coordinates": [
          -0.6547736,
          38.0897039
        ]
      },
      "properties": {
        "id": 2488091993,
        "osm_type": "node",
        "name": "Café Bar Antoñico"
      }
    },
    {
      "type": "Feature",
      "geometry": {
        "type": "Point",
        "coordinates": [
          -0.8585857,
          38.0917096
        ]
      },
      "properties": {
        "id": 2493522095,
        "osm_type": "node",
        "name": "Capote San Bar"
      }
    },
    {
      "type": "Feature",
      "geometry": {
        "type": "Point",
        "coordinates": [
          -0.8398444,
          38.1698109
        ]
      },
      "properties": {
        "id": 2501720957,
        "osm_type": "node",
        "name": "Bar Pilar"
      }
    },
    {
      "type": "Feature",
      "geometry": {
        "type": "Point",
        "coordinates": [
          -0.4642751,
          39.4529416
        ]
      },
      "properties": {
        "id": 2502032483,
        "osm_type": "node",
        "name": "Flor de Canela",
        "outdoor_seating": "yes"
      }
    },
    {
      "type": "Feature",
      "geometry": {
        "type": "Point",
        "coordinates": [
          -0.3673506,
          39.4726475
        ]
      },
      "properties": {
        "id": 2506470144,
        "osm_type": "node",
        "name": "Panaderia Ciudadela"
      }
    },
    {
      "type": "Feature",
      "geometry": {
        "type": "Point",
        "coordinates": [
          -0.3685099,
          39.4716496
        ]
      },
      "properties": {
        "id": 2506470148,
        "osm_type": "node",
        "name": "Panaria",
        "opening_hours": "Mo-Su 08:00-20:30"
      }
    },
    {
      "type": "Feature",
      "geometry": {
        "type": "Point",
        "coordinates": [
          -0.3489818,
          39.4704899
        ]
      },
      "properties": {
        "id": 2506490483,
        "osm_type": "node",
        "name": "Horno María",
        "opening_hours": "Mo-Fr 07:00-20:00; Sa,Su 08:00-14:00",
        "outdoor_seating": "no"
      }
    },
    {
      "type": "Feature",
      "geometry": {
        "type": "Point",
        "coordinates": [
          -0.4470449,
          39.4834756
        ]
      },
      "properties": {
        "id": 2507180284,
        "osm_type": "node",
        "name": "Obrador Navarro"
      }
    },
    {
      "type": "Feature",
      "geometry": {
        "type": "Point",
        "coordinates": [
          -0.1795532,
          38.9685267
        ]
      },
      "properties": {
        "id": 2507243915,
        "osm_type": "node",
        "name": "Cafetería Raul"
      }
    },
    {
      "type": "Feature",
      "geometry": {
        "type": "Point",
        "coordinates": [
          -0.1824186,
          38.9683026
        ]
      },
      "properties": {
        "id": 2507345495,
        "osm_type": "node",
        "name": "Pastisseria Salva"
      }
    },
    {
      "type": "Feature",
      "geometry": {
        "type": "Point",
        "coordinates": [
          -0.3485339,
          39.4728266
        ]
      },
      "properties": {
        "id": 2507729772,
        "osm_type": "node",
        "name": "Maybean Healthy Food",
        "opening_hours": "We-Mo,PH 10:00-19:00",
        "outdoor_seating": "yes",
        "check_date": "2022-12-01"
      }
    },
    {
      "type": "Feature",
      "geometry": {
        "type": "Point",
        "coordinates": [
          -0.3494817,
          39.4705825
        ]
      },
      "properties": {
        "id": 2507735995,
        "osm_type": "node",
        "name": "Granier"
      }
    },
    {
      "type": "Feature",
      "geometry": {
        "type": "Point",
        "coordinates": [
          -0.3746265,
          39.4671241
        ]
      },
      "properties": {
        "id": 2508172900,
        "osm_type": "node",
        "name": "Cafetería Bertal"
      }
    },
    {
      "type": "Feature",
      "geometry": {
        "type": "Point",
        "coordinates": [
          -0.346641,
          39.4731017
        ]
      },
      "properties": {
        "id": 2508406576,
        "osm_type": "node",
        "name": "Horno de los Borrachos"
      }
    },
    {
      "type": "Feature",
      "geometry": {
        "type": "Point",
        "coordinates": [
          -0.8765771,
          38.127655
        ]
      },
      "properties": {
        "id": 2528038756,
        "osm_type": "node",
        "name": "San Roque"
      }
    },
    {
      "type": "Feature",
      "geometry": {
        "type": "Point",
        "coordinates": [
          -0.8762089,
          38.1289858
        ]
      },
      "properties": {
        "id": 2529016873,
        "osm_type": "node",
        "name": "RC"
      }
    },
    {
      "type": "Feature",
      "geometry": {
        "type": "Point",
        "coordinates": [
          -0.8765847,
          38.1289881
        ]
      },
      "properties": {
        "id": 2529016876,
        "osm_type": "node",
        "name": "La Vitoriana"
      }
    },
    {
      "type": "Feature",
      "geometry": {
        "type": "Point",
        "coordinates": [
          -0.8760858,
          38.1287602
        ]
      },
      "properties": {
        "id": 2529031540,
        "osm_type": "node",
        "name": "Cassia"
      }
    },
    {
      "type": "Feature",
      "geometry": {
        "type": "Point",
        "coordinates": [
          -0.8766652,
          38.1285302
        ]
      },
      "properties": {
        "id": 2529031545,
        "osm_type": "node",
        "name": "Antonio El Pajano"
      }
    },
    {
      "type": "Feature",
      "geometry": {
        "type": "Point",
        "coordinates": [
          -0.7643241,
          38.116728
        ]
      },
      "properties": {
        "id": 2533894766,
        "osm_type": "node",
        "name": "Daya City International"
      }
    },
    {
      "type": "Feature",
      "geometry": {
        "type": "Point",
        "coordinates": [
          -0.7466265,
          38.0283635
        ]
      },
      "properties": {
        "id": 2542776545,
        "osm_type": "node",
        "name": "Coffee Time"
      }
    },
    {
      "type": "Feature",
      "geometry": {
        "type": "Point",
        "coordinates": [
          0.0102801,
          38.845381
        ]
      },
      "properties": {
        "id": 2546570594,
        "osm_type": "node",
        "name": "La Plaza",
        "outdoor_seating": "yes"
      }
    },
    {
      "type": "Feature",
      "geometry": {
        "type": "Point",
        "coordinates": [
          -0.9099959,
          38.1153894
        ]
      },
      "properties": {
        "id": 2558229208,
        "osm_type": "node",
        "name": "Mari Jose"
      }
    },
    {
      "type": "Feature",
      "geometry": {
        "type": "Point",
        "coordinates": [
          -0.9096499,
          38.1150687
        ]
      },
      "properties": {
        "id": 2558229209,
        "osm_type": "node",
        "name": "Bar Sal"
      }
    },
    {
      "type": "Feature",
      "geometry": {
        "type": "Point",
        "coordinates": [
          -0.482505,
          38.7015836
        ]
      },
      "properties": {
        "id": 2564693311,
        "osm_type": "node",
        "name": "Bar Cresol"
      }
    },
    {
      "type": "Feature",
      "geometry": {
        "type": "Point",
        "coordinates": [
          -0.4779091,
          38.6954633
        ]
      },
      "properties": {
        "id": 2566097467,
        "osm_type": "node",
        "name": "BUYKAFE",
        "outdoor_seating": "yes"
      }
    },
    {
      "type": "Feature",
      "geometry": {
        "type": "Point",
        "coordinates": [
          -0.4804104,
          38.699465
        ]
      },
      "properties": {
        "id": 2569517300,
        "osm_type": "node",
        "name": "Dulces Hispania",
        "takeaway": "only",
        "outdoor_seating": "no"
      }
    },
    {
      "type": "Feature",
      "geometry": {
        "type": "Point",
        "coordinates": [
          0.1435478,
          38.7331132
        ]
      },
      "properties": {
        "id": 2588483051,
        "osm_type": "node",
        "name": "La trillaora",
        "outdoor_seating": "yes"
      }
    },
    {
      "type": "Feature",
      "geometry": {
        "type": "Point",
        "coordinates": [
          0.144077,
          38.7319397
        ]
      },
      "properties": {
        "id": 2588485242,
        "osm_type": "node",
        "name": "Monica's"
      }
    },
    {
      "type": "Feature",
      "geometry": {
        "type": "Point",
        "coordinates": [
          -0.9456962,
          38.0816816
        ]
      },
      "properties": {
        "id": 2590249417,
        "osm_type": "node",
        "name": "Pan & Pan"
      }
    },
    {
      "type": "Feature",
      "geometry": {
        "type": "Point",
        "coordinates": [
          -0.9469821,
          38.0824255
        ]
      },
      "properties": {
        "id": 2590249419,
        "osm_type": "node",
        "name": "Big Ben Café"
      }
    },
    {
      "type": "Feature",
      "geometry": {
        "type": "Point",
        "coordinates": [
          -0.7236191,
          38.0846532
        ]
      },
      "properties": {
        "id": 2592564533,
        "osm_type": "node",
        "name": "Teteria Café Cueva"
      }
    },
    {
      "type": "Feature",
      "geometry": {
        "type": "Point",
        "coordinates": [
          -0.4998158,
          38.3480333
        ]
      },
      "properties": {
        "id": 2595508341,
        "osm_type": "node",
        "name": "Cafeteria Latte Art"
      }
    },
    {
      "type": "Feature",
      "geometry": {
        "type": "Point",
        "coordinates": [
          -0.4979772,
          38.3482815
        ]
      },
      "properties": {
        "id": 2595508342,
        "osm_type": "node",
        "name": "Heladería Las Jijonencas"
      }
    },
    {
      "type": "Feature",
      "geometry": {
        "type": "Point",
        "coordinates": [
          -0.7166153,
          38.0889256
        ]
      },
      "properties": {
        "id": 2595991270,
        "osm_type": "node",
        "name": "Papas Spider Man Bar and Minigolf"
      }
    },
    {
      "type": "Feature",
      "geometry": {
        "type": "Point",
        "coordinates": [
          -0.9475429,
          38.0846882
        ]
      },
      "properties": {
        "id": 2598033245,
        "osm_type": "node",
        "name": "Confitería Sabi"
      }
    },
    {
      "type": "Feature",
      "geometry": {
        "type": "Point",
        "coordinates": [
          0.1442427,
          38.7319957
        ]
      },
      "properties": {
        "id": 2598364543,
        "osm_type": "node",
        "name": "Bar Pomera"
      }
    },
    {
      "type": "Feature",
      "geometry": {
        "type": "Point",
        "coordinates": [
          -0.9450327,
          38.08084
        ]
      },
      "properties": {
        "id": 2600144993,
        "osm_type": "node",
        "name": "Café Tico's"
      }
    },
    {
      "type": "Feature",
      "geometry": {
        "type": "Point",
        "coordinates": [
          -0.9447447,
          38.0811629
        ]
      },
      "properties": {
        "id": 2600145008,
        "osm_type": "node",
        "name": "Despacho de pan Gaby"
      }
    },
    {
      "type": "Feature",
      "geometry": {
        "type": "Point",
        "coordinates": [
          -0.9437805,
          38.0813428
        ]
      },
      "properties": {
        "id": 2602271190,
        "osm_type": "node",
        "name": "Cafetería Brisa"
      }
    },
    {
      "type": "Feature",
      "geometry": {
        "type": "Point",
        "coordinates": [
          -0.9128012,
          38.1170305
        ]
      },
      "properties": {
        "id": 2603490240,
        "osm_type": "node",
        "name": "Café Saboy"
      }
    },
    {
      "type": "Feature",
      "geometry": {
        "type": "Point",
        "coordinates": [
          -0.9438987,
          38.0786574
        ]
      },
      "properties": {
        "id": 2605223384,
        "osm_type": "node",
        "name": "Tetería Cafetería La negra"
      }
    },
    {
      "type": "Feature",
      "geometry": {
        "type": "Point",
        "coordinates": [
          -0.9433339,
          38.0819212
        ]
      },
      "properties": {
        "id": 2611974752,
        "osm_type": "node",
        "name": "Cafetería Samoa"
      }
    },
    {
      "type": "Feature",
      "geometry": {
        "type": "Point",
        "coordinates": [
          -0.9439549,
          38.0818012
        ]
      },
      "properties": {
        "id": 2611974754,
        "osm_type": "node",
        "name": "Confitería Ruiz"
      }
    },
    {
      "type": "Feature",
      "geometry": {
        "type": "Point",
        "coordinates": [
          -0.9436578,
          38.0818722
        ]
      },
      "properties": {
        "id": 2611974762,
        "osm_type": "node",
        "name": "Pastelería Nueva Bécquer"
      }
    },
    {
      "type": "Feature",
      "geometry": {
        "type": "Point",
        "coordinates": [
          0.1395223,
          38.7305475
        ]
      },
      "properties": {
        "id": 2612027188,
        "osm_type": "node",
        "name": "d' ja vu"
      }
    },
    {
      "type": "Feature",
      "geometry": {
        "type": "Point",
        "coordinates": [
          -0.4348105,
          39.186482
        ]
      },
      "properties": {
        "id": 2619781163,
        "osm_type": "node",
        "name": "Forn Sant Benet"
      }
    },
    {
      "type": "Feature",
      "geometry": {
        "type": "Point",
        "coordinates": [
          -0.3702791,
          39.4961436
        ]
      },
      "properties": {
        "id": 2625796996,
        "osm_type": "node",
        "name": "Obiol",
        "opening_hours": "Mo-Su 08:00-13:30; Mo-Fr 16:30-20:00"
      }
    },
    {
      "type": "Feature",
      "geometry": {
        "type": "Point",
        "coordinates": [
          -0.9416198,
          38.0807949
        ]
      },
      "properties": {
        "id": 2628269520,
        "osm_type": "node",
        "name": "Cafetería Espinosa"
      }
    },
    {
      "type": "Feature",
      "geometry": {
        "type": "Point",
        "coordinates": [
          -0.4856049,
          38.3573897
        ]
      },
      "properties": {
        "id": 2656290010,
        "osm_type": "node",
        "name": "Café Niágara"
      }
    },
    {
      "type": "Feature",
      "geometry": {
        "type": "Point",
        "coordinates": [
          -0.5108556,
          38.348315
        ]
      },
      "properties": {
        "id": 2656291505,
        "osm_type": "node",
        "name": "Alma de Harina",
        "opening_hours": "08:30-12:30,15:30-20:00"
      }
    },
    {
      "type": "Feature",
      "geometry": {
        "type": "Point",
        "coordinates": [
          -0.6383284,
          38.4371972
        ]
      },
      "properties": {
        "id": 2656310415,
        "osm_type": "node",
        "name": "Forn de Rosalia"
      }
    },
    {
      "type": "Feature",
      "geometry": {
        "type": "Point",
        "coordinates": [
          -0.4981211,
          38.364417
        ]
      },
      "properties": {
        "id": 2684365550,
        "osm_type": "node",
        "name": "Pastelería Diagonal"
      }
    },
    {
      "type": "Feature",
      "geometry": {
        "type": "Point",
        "coordinates": [
          -0.497885,
          38.3650227
        ]
      },
      "properties": {
        "id": 2684406364,
        "osm_type": "node",
        "name": "Tetería Luna"
      }
    },
    {
      "type": "Feature",
      "geometry": {
        "type": "Point",
        "coordinates": [
          0.0411462,
          38.7283452
        ]
      },
      "properties": {
        "id": 2684694635,
        "osm_type": "node",
        "name": "Bakery and a local store"
      }
    },
    {
      "type": "Feature",
      "geometry": {
        "type": "Point",
        "coordinates": [
          -0.6554552,
          38.0872468
        ]
      },
      "properties": {
        "id": 2688257126,
        "osm_type": "node",
        "name": "El lloc"
      }
    },
    {
      "type": "Feature",
      "geometry": {
        "type": "Point",
        "coordinates": [
          -0.3263278,
          39.4859798
        ]
      },
      "properties": {
        "id": 2700020673,
        "osm_type": "node",
        "name": "Forn de Vera"
      }
    },
    {
      "type": "Feature",
      "geometry": {
        "type": "Point",
        "coordinates": [
          -0.3798182,
          39.480064
        ]
      },
      "properties": {
        "id": 2700271490,
        "osm_type": "node",
        "name": "Pastelería Conchin",
        "opening_hours": "Th-Tu 07:00-15:00; Sa 07:00-14:30"
      }
    },
    {
      "type": "Feature",
      "geometry": {
        "type": "Point",
        "coordinates": [
          -0.3793001,
          39.4795503
        ]
      },
      "properties": {
        "id": 2700271491,
        "osm_type": "node",
        "name": "Café Museo"
      }
    },
    {
      "type": "Feature",
      "geometry": {
        "type": "Point",
        "coordinates": [
          -0.3798807,
          39.4763717
        ]
      },
      "properties": {
        "id": 2700282753,
        "osm_type": "node",
        "name": "Café Sant Jaume",
        "outdoor_seating": "yes",
        "check_date": "2025-05-06"
      }
    },
    {
      "type": "Feature",
      "geometry": {
        "type": "Point",
        "coordinates": [
          -0.3756215,
          39.4761925
        ]
      },
      "properties": {
        "id": 2700293396,
        "osm_type": "node",
        "name": "Café & Té",
        "check_date": "2024-04-01"
      }
    },
    {
      "type": "Feature",
      "geometry": {
        "type": "Point",
        "coordinates": [
          -0.5064049,
          38.341069
        ]
      },
      "properties": {
        "id": 2701179186,
        "osm_type": "node",
        "name": "Cafetería Jijona Babel",
        "opening_hours": "08:00-22:00"
      }
    },
    {
      "type": "Feature",
      "geometry": {
        "type": "Point",
        "coordinates": [
          -0.7673393,
          38.346573
        ]
      },
      "properties": {
        "id": 2706839204,
        "osm_type": "node",
        "name": "Sport"
      }
    },
    {
      "type": "Feature",
      "geometry": {
        "type": "Point",
        "coordinates": [
          -0.7679938,
          38.3469011
        ]
      },
      "properties": {
        "id": 2706839325,
        "osm_type": "node",
        "name": "Cafe Bar Avenida"
      }
    },
    {
      "type": "Feature",
      "geometry": {
        "type": "Point",
        "coordinates": [
          -0.1713821,
          38.5255625
        ]
      },
      "properties": {
        "id": 2714334993,
        "osm_type": "node",
        "name": "Escandalo"
      }
    },
    {
      "type": "Feature",
      "geometry": {
        "type": "Point",
        "coordinates": [
          -0.4125043,
          39.4738041
        ]
      },
      "properties": {
        "id": 2733398080,
        "osm_type": "node",
        "name": "Café-Bar Mayor"
      }
    },
    {
      "type": "Feature",
      "geometry": {
        "type": "Point",
        "coordinates": [
          -1.050947,
          39.1048584
        ]
      },
      "properties": {
        "id": 2745802563,
        "osm_type": "node",
        "name": "Panadería América"
      }
    },
    {
      "type": "Feature",
      "geometry": {
        "type": "Point",
        "coordinates": [
          -1.0507576,
          39.1045871
        ]
      },
      "properties": {
        "id": 2745802566,
        "osm_type": "node",
        "name": "Panadería María José"
      }
    },
    {
      "type": "Feature",
      "geometry": {
        "type": "Point",
        "coordinates": [
          -0.7929415,
          37.9778387
        ]
      },
      "properties": {
        "id": 2750462656,
        "osm_type": "node",
        "name": "La Tetera"
      }
    },
    {
      "type": "Feature",
      "geometry": {
        "type": "Point",
        "coordinates": [
          0.4296567,
          40.4173677
        ]
      },
      "properties": {
        "id": 2765604035,
        "osm_type": "node",
        "name": "Kikara cafè"
      }
    },
    {
      "type": "Feature",
      "geometry": {
        "type": "Point",
        "coordinates": [
          -0.5211227,
          39.7698577
        ]
      },
      "properties": {
        "id": 2783811006,
        "osm_type": "node",
        "name": "Horno Amparín"
      }
    },
    {
      "type": "Feature",
      "geometry": {
        "type": "Point",
        "coordinates": [
          0.1302339,
          38.7122182
        ]
      },
      "properties": {
        "id": 2816946238,
        "osm_type": "node",
        "name": "La Lola"
      }
    },
    {
      "type": "Feature",
      "geometry": {
        "type": "Point",
        "coordinates": [
          -0.3931446,
          39.5427169
        ]
      },
      "properties": {
        "id": 2837879840,
        "osm_type": "node",
        "name": "Forn Ravalet",
        "opening_hours": "Mo-Fr 08:30-20:00; Sa,Su 08:00-15:00; PH off"
      }
    },
    {
      "type": "Feature",
      "geometry": {
        "type": "Point",
        "coordinates": [
          -0.7854684,
          38.4837772
        ]
      },
      "properties": {
        "id": 2859975428,
        "osm_type": "node"
      }
    },
    {
      "type": "Feature",
      "geometry": {
        "type": "Point",
        "coordinates": [
          -0.34266,
          39.4784752
        ]
      },
      "properties": {
        "id": 2861957520,
        "osm_type": "node",
        "name": "Cafeteria Facultad de Derecho"
      }
    },
    {
      "type": "Feature",
      "geometry": {
        "type": "Point",
        "coordinates": [
          -0.5225104,
          38.4013853
        ]
      },
      "properties": {
        "id": 2872224279,
        "osm_type": "node"
      }
    },
    {
      "type": "Feature",
      "geometry": {
        "type": "Point",
        "coordinates": [
          -0.5008284,
          39.5603318
        ]
      },
      "properties": {
        "id": 2874182782,
        "osm_type": "node"
      }
    },
    {
      "type": "Feature",
      "geometry": {
        "type": "Point",
        "coordinates": [
          -0.5057278,
          39.8762521
        ]
      },
      "properties": {
        "id": 2918671526,
        "osm_type": "node",
        "name": "La Flamenca",
        "opening_hours": "Solo por las tardes"
      }
    },
    {
      "type": "Feature",
      "geometry": {
        "type": "Point",
        "coordinates": [
          -0.5046111,
          39.878182
        ]
      },
      "properties": {
        "id": 2918671548,
        "osm_type": "node",
        "name": "Terraza de Lola"
      }
    },
    {
      "type": "Feature",
      "geometry": {
        "type": "Point",
        "coordinates": [
          -0.5502297,
          38.1905242
        ]
      },
      "properties": {
        "id": 2923300687,
        "osm_type": "node",
        "name": "Alexandra"
      }
    },
    {
      "type": "Feature",
      "geometry": {
        "type": "Point",
        "coordinates": [
          -0.553696,
          38.1914329
        ]
      },
      "properties": {
        "id": 2923300688,
        "osm_type": "node",
        "name": "Carmen"
      }
    },
    {
      "type": "Feature",
      "geometry": {
        "type": "Point",
        "coordinates": [
          -0.6137687,
          38.765236
        ]
      },
      "properties": {
        "id": 2927582238,
        "osm_type": "node",
        "name": "La Gela"
      }
    },
    {
      "type": "Feature",
      "geometry": {
        "type": "Point",
        "coordinates": [
          -0.6102051,
          38.766012
        ]
      },
      "properties": {
        "id": 2927582240,
        "osm_type": "node",
        "name": "Esglai"
      }
    },
    {
      "type": "Feature",
      "geometry": {
        "type": "Point",
        "coordinates": [
          -0.6110531,
          38.7670784
        ]
      },
      "properties": {
        "id": 2927582246,
        "osm_type": "node",
        "name": "El Terrat"
      }
    },
    {
      "type": "Feature",
      "geometry": {
        "type": "Point",
        "coordinates": [
          -0.6160492,
          38.7637881
        ]
      },
      "properties": {
        "id": 2927588110,
        "osm_type": "node",
        "name": "Vicentet"
      }
    },
    {
      "type": "Feature",
      "geometry": {
        "type": "Point",
        "coordinates": [
          -0.8555059,
          37.9030759
        ]
      },
      "properties": {
        "id": 2929152495,
        "osm_type": "node",
        "name": "Bon Pro Bar"
      }
    },
    {
      "type": "Feature",
      "geometry": {
        "type": "Point",
        "coordinates": [
          0.2847536,
          40.2521205
        ]
      },
      "properties": {
        "id": 2953843535,
        "osm_type": "node",
        "name": "Manel's"
      }
    },
    {
      "type": "Feature",
      "geometry": {
        "type": "Point",
        "coordinates": [
          -0.4428222,
          38.4109919
        ]
      },
      "properties": {
        "id": 2968652585,
        "osm_type": "node",
        "name": "Cafetería Brisa"
      }
    },
    {
      "type": "Feature",
      "geometry": {
        "type": "Point",
        "coordinates": [
          -0.3666573,
          39.4697985
        ]
      },
      "properties": {
        "id": 2978963293,
        "osm_type": "node",
        "name": "El Horno Viejo",
        "opening_hours": "Mo-Fr 07:15-20:00; Sa 07:30-14:30"
      }
    },
    {
      "type": "Feature",
      "geometry": {
        "type": "Point",
        "coordinates": [
          -0.5906761,
          40.1046667
        ]
      },
      "properties": {
        "id": 2981311225,
        "osm_type": "node",
        "name": "Hotel-cafetería-restaurante: “L’Abadia"
      }
    },
    {
      "type": "Feature",
      "geometry": {
        "type": "Point",
        "coordinates": [
          -0.6591611,
          38.0020217
        ]
      },
      "properties": {
        "id": 2982381986,
        "osm_type": "node",
        "name": "Senap & Ketchup"
      }
    },
    {
      "type": "Feature",
      "geometry": {
        "type": "Point",
        "coordinates": [
          -0.6850303,
          37.9896509
        ]
      },
      "properties": {
        "id": 2986011992,
        "osm_type": "node",
        "name": "Wok Buffet"
      }
    },
    {
      "type": "Feature",
      "geometry": {
        "type": "Point",
        "coordinates": [
          -0.5748105,
          38.1915956
        ]
      },
      "properties": {
        "id": 2998081449,
        "osm_type": "node",
        "name": "Café París",
        "outdoor_seating": "yes"
      }
    },
    {
      "type": "Feature",
      "geometry": {
        "type": "Point",
        "coordinates": [
          -0.5771174,
          38.1914616
        ]
      },
      "properties": {
        "id": 2998081450,
        "osm_type": "node",
        "name": "Café de la Mar",
        "outdoor_seating": "yes"
      }
    },
    {
      "type": "Feature",
      "geometry": {
        "type": "Point",
        "coordinates": [
          -0.6666872,
          37.9803826
        ]
      },
      "properties": {
        "id": 2999532489,
        "osm_type": "node",
        "name": "Las Dunas"
      }
    },
    {
      "type": "Feature",
      "geometry": {
        "type": "Point",
        "coordinates": [
          -0.6814999,
          37.9758327
        ]
      },
      "properties": {
        "id": 2999557215,
        "osm_type": "node",
        "name": "Mediterráneo",
        "outdoor_seating": "yes"
      }
    },
    {
      "type": "Feature",
      "geometry": {
        "type": "Point",
        "coordinates": [
          -1.1034142,
          39.4880928
        ]
      },
      "properties": {
        "id": 3009310759,
        "osm_type": "node"
      }
    },
    {
      "type": "Feature",
      "geometry": {
        "type": "Point",
        "coordinates": [
          -1.0969583,
          39.4877564
        ]
      },
      "properties": {
        "id": 3009310760,
        "osm_type": "node"
      }
    },
    {
      "type": "Feature",
      "geometry": {
        "type": "Point",
        "coordinates": [
          -0.430644,
          39.1507509
        ]
      },
      "properties": {
        "id": 3010210434,
        "osm_type": "node",
        "name": "Rialles",
        "opening_hours": "Mo-Su 17:30-20:30"
      }
    },
    {
      "type": "Feature",
      "geometry": {
        "type": "Point",
        "coordinates": [
          -0.45323,
          39.5096385
        ]
      },
      "properties": {
        "id": 3014134192,
        "osm_type": "node",
        "name": "Cafetería les Ones"
      }
    },
    {
      "type": "Feature",
      "geometry": {
        "type": "Point",
        "coordinates": [
          -0.3874308,
          39.4636489
        ]
      },
      "properties": {
        "id": 3014161761,
        "osm_type": "node",
        "name": "Liaopastel"
      }
    },
    {
      "type": "Feature",
      "geometry": {
        "type": "Point",
        "coordinates": [
          -0.4791076,
          38.3588558
        ]
      },
      "properties": {
        "id": 3017729646,
        "osm_type": "node",
        "name": "El pan de Fini"
      }
    },
    {
      "type": "Feature",
      "geometry": {
        "type": "Point",
        "coordinates": [
          -0.5558097,
          38.1927872
        ]
      },
      "properties": {
        "id": 3018702076,
        "osm_type": "node",
        "name": "Laíco",
        "outdoor_seating": "no"
      }
    },
    {
      "type": "Feature",
      "geometry": {
        "type": "Point",
        "coordinates": [
          -0.895618,
          38.0629329
        ]
      },
      "properties": {
        "id": 3020061746,
        "osm_type": "node",
        "name": "Cafetería Vaivén"
      }
    },
    {
      "type": "Feature",
      "geometry": {
        "type": "Point",
        "coordinates": [
          -0.58072,
          38.192156
        ]
      },
      "properties": {
        "id": 3023352793,
        "osm_type": "node",
        "name": "Panadería Carmen"
      }
    },
    {
      "type": "Feature",
      "geometry": {
        "type": "Point",
        "coordinates": [
          -0.5812152,
          38.1935241
        ]
      },
      "properties": {
        "id": 3023352798,
        "osm_type": "node",
        "name": "Océano"
      }
    },
    {
      "type": "Feature",
      "geometry": {
        "type": "Point",
        "coordinates": [
          -0.5844869,
          38.1929533
        ]
      },
      "properties": {
        "id": 3023352799,
        "osm_type": "node",
        "name": "Rocío"
      }
    },
    {
      "type": "Feature",
      "geometry": {
        "type": "Point",
        "coordinates": [
          -0.4732301,
          39.4600334
        ]
      },
      "properties": {
        "id": 3033582593,
        "osm_type": "node"
      }
    },
    {
      "type": "Feature",
      "geometry": {
        "type": "Point",
        "coordinates": [
          -0.3673765,
          39.4641914
        ]
      },
      "properties": {
        "id": 3034814645,
        "osm_type": "node",
        "name": "melocomo"
      }
    },
    {
      "type": "Feature",
      "geometry": {
        "type": "Point",
        "coordinates": [
          -0.5524968,
          38.1931879
        ]
      },
      "properties": {
        "id": 3037172774,
        "osm_type": "node",
        "name": "l'Apòstol"
      }
    },
    {
      "type": "Feature",
      "geometry": {
        "type": "Point",
        "coordinates": [
          -0.3775961,
          39.4744055
        ]
      },
      "properties": {
        "id": 3053351109,
        "osm_type": "node",
        "name": "Café Lisboa",
        "outdoor_seating": "yes"
      }
    },
    {
      "type": "Feature",
      "geometry": {
        "type": "Point",
        "coordinates": [
          -0.485178,
          38.6932587
        ]
      },
      "properties": {
        "id": 3054946065,
        "osm_type": "node"
      }
    },
    {
      "type": "Feature",
      "geometry": {
        "type": "Point",
        "coordinates": [
          -0.3465299,
          39.4836558
        ]
      },
      "properties": {
        "id": 3074041135,
        "osm_type": "node",
        "name": "Cafetería Conservatorio"
      }
    },
    {
      "type": "Feature",
      "geometry": {
        "type": "Point",
        "coordinates": [
          -0.5205492,
          38.2805153
        ]
      },
      "properties": {
        "id": 3076878880,
        "osm_type": "node",
        "name": "La Tahona de Fernando",
        "outdoor_seating": "yes",
        "check_date": "2023-08-03"
      }
    },
    {
      "type": "Feature",
      "geometry": {
        "type": "Point",
        "coordinates": [
          -0.1661523,
          38.5247896
        ]
      },
      "properties": {
        "id": 3079965117,
        "osm_type": "node",
        "name": "Kala Kala"
      }
    },
    {
      "type": "Feature",
      "geometry": {
        "type": "Point",
        "coordinates": [
          -0.1661657,
          38.5248945
        ]
      },
      "properties": {
        "id": 3079965118,
        "osm_type": "node",
        "name": "La Marina"
      }
    },
    {
      "type": "Feature",
      "geometry": {
        "type": "Point",
        "coordinates": [
          -0.1663846,
          38.5247661
        ]
      },
      "properties": {
        "id": 3079965119,
        "osm_type": "node",
        "name": "Molly Malone's"
      }
    },
    {
      "type": "Feature",
      "geometry": {
        "type": "Point",
        "coordinates": [
          -0.3191989,
          39.8506191
        ]
      },
      "properties": {
        "id": 3089454122,
        "osm_type": "node",
        "name": "Más que pan"
      }
    },
    {
      "type": "Feature",
      "geometry": {
        "type": "Point",
        "coordinates": [
          -0.1655043,
          38.5248019
        ]
      },
      "properties": {
        "id": 3109342962,
        "osm_type": "node",
        "name": "Heladería Sirvent Espí"
      }
    },
    {
      "type": "Feature",
      "geometry": {
        "type": "Point",
        "coordinates": [
          -0.1660206,
          38.5247903
        ]
      },
      "properties": {
        "id": 3109366453,
        "osm_type": "node",
        "name": "Gelatería de La Cala"
      }
    },
    {
      "type": "Feature",
      "geometry": {
        "type": "Point",
        "coordinates": [
          -0.4418549,
          39.9141584
        ]
      },
      "properties": {
        "id": 3120973351,
        "osm_type": "node"
      }
    },
    {
      "type": "Feature",
      "geometry": {
        "type": "Point",
        "coordinates": [
          -0.1662113,
          38.5252774
        ]
      },
      "properties": {
        "id": 3130812280,
        "osm_type": "node",
        "name": "Heladería La Flor de La Cala"
      }
    },
    {
      "type": "Feature",
      "geometry": {
        "type": "Point",
        "coordinates": [
          -0.1662636,
          38.5260275
        ]
      },
      "properties": {
        "id": 3130858452,
        "osm_type": "node",
        "name": "La Dolçor de La Cala"
      }
    },
    {
      "type": "Feature",
      "geometry": {
        "type": "Point",
        "coordinates": [
          -0.165838,
          38.527237
        ]
      },
      "properties": {
        "id": 3131167634,
        "osm_type": "node",
        "name": "Maddie's Bar"
      }
    },
    {
      "type": "Feature",
      "geometry": {
        "type": "Point",
        "coordinates": [
          -0.1658621,
          38.5272076
        ]
      },
      "properties": {
        "id": 3131167635,
        "osm_type": "node",
        "name": "Tox-Tox"
      }
    },
    {
      "type": "Feature",
      "geometry": {
        "type": "Point",
        "coordinates": [
          -0.1663167,
          38.5265991
        ]
      },
      "properties": {
        "id": 3131167637,
        "osm_type": "node",
        "name": "El Maror",
        "outdoor_seating": "yes"
      }
    },
    {
      "type": "Feature",
      "geometry": {
        "type": "Point",
        "coordinates": [
          -0.1667513,
          38.5257325
        ]
      },
      "properties": {
        "id": 3131167638,
        "osm_type": "node",
        "name": "Gelator Artigiano Bambino"
      }
    },
    {
      "type": "Feature",
      "geometry": {
        "type": "Point",
        "coordinates": [
          -0.1666681,
          38.525787
        ]
      },
      "properties": {
        "id": 3131167639,
        "osm_type": "node",
        "name": "El Faro"
      }
    },
    {
      "type": "Feature",
      "geometry": {
        "type": "Point",
        "coordinates": [
          -0.5189595,
          38.8386127
        ]
      },
      "properties": {
        "id": 3163247328,
        "osm_type": "node",
        "name": "Mossets"
      }
    },
    {
      "type": "Feature",
      "geometry": {
        "type": "Point",
        "coordinates": [
          -0.5181605,
          38.8388059
        ]
      },
      "properties": {
        "id": 3163338098,
        "osm_type": "node",
        "name": "Forn del Mercat"
      }
    },
    {
      "type": "Feature",
      "geometry": {
        "type": "Point",
        "coordinates": [
          -0.3821422,
          39.4750188
        ]
      },
      "properties": {
        "id": 3164300961,
        "osm_type": "node",
        "name": "Viriato"
      }
    },
    {
      "type": "Feature",
      "geometry": {
        "type": "Point",
        "coordinates": [
          -0.5203122,
          38.8394816
        ]
      },
      "properties": {
        "id": 3165589604,
        "osm_type": "node",
        "name": "Pastisseria Espí"
      }
    },
    {
      "type": "Feature",
      "geometry": {
        "type": "Point",
        "coordinates": [
          -0.5193851,
          38.8390888
        ]
      },
      "properties": {
        "id": 3165589607,
        "osm_type": "node",
        "name": "Burger Panatta"
      }
    },
    {
      "type": "Feature",
      "geometry": {
        "type": "Point",
        "coordinates": [
          -0.5181633,
          38.8408657
        ]
      },
      "properties": {
        "id": 3165591120,
        "osm_type": "node",
        "name": "Círculo José Segrelles"
      }
    },
    {
      "type": "Feature",
      "geometry": {
        "type": "Point",
        "coordinates": [
          -0.5195694,
          38.8399916
        ]
      },
      "properties": {
        "id": 3167447891,
        "osm_type": "node",
        "name": "Panaderia Gloria"
      }
    },
    {
      "type": "Feature",
      "geometry": {
        "type": "Point",
        "coordinates": [
          -0.7469509,
          38.0837589
        ]
      },
      "properties": {
        "id": 3174397123,
        "osm_type": "node",
        "name": "Panadería Verónica"
      }
    },
    {
      "type": "Feature",
      "geometry": {
        "type": "Point",
        "coordinates": [
          -0.0638741,
          38.8949971
        ]
      },
      "properties": {
        "id": 3195446251,
        "osm_type": "node",
        "name": "La gelateria di Max"
      }
    },
    {
      "type": "Feature",
      "geometry": {
        "type": "Point",
        "coordinates": [
          -0.377039,
          39.4747984
        ]
      },
      "properties": {
        "id": 3196374299,
        "osm_type": "node",
        "name": "Magarota"
      }
    },
    {
      "type": "Feature",
      "geometry": {
        "type": "Point",
        "coordinates": [
          -0.6625671,
          37.9814118
        ]
      },
      "properties": {
        "id": 3244651503,
        "osm_type": "node",
        "name": "Kiosco Gloria"
      }
    },
    {
      "type": "Feature",
      "geometry": {
        "type": "Point",
        "coordinates": [
          -0.5679711,
          38.1920323
        ]
      },
      "properties": {
        "id": 3258434317,
        "osm_type": "node",
        "name": "A sirvent",
        "outdoor_seating": "yes"
      }
    },
    {
      "type": "Feature",
      "geometry": {
        "type": "Point",
        "coordinates": [
          -0.4456241,
          39.5058075
        ]
      },
      "properties": {
        "id": 3278151450,
        "osm_type": "node",
        "name": "Panadería bollería Paterna"
      }
    },
    {
      "type": "Feature",
      "geometry": {
        "type": "Point",
        "coordinates": [
          -0.442982,
          39.5033443
        ]
      },
      "properties": {
        "id": 3278152203,
        "osm_type": "node",
        "name": "Santa Inés"
      }
    },
    {
      "type": "Feature",
      "geometry": {
        "type": "Point",
        "coordinates": [
          -0.446332,
          39.5055922
        ]
      },
      "properties": {
        "id": 3278153568,
        "osm_type": "node",
        "name": "Despacho de pan"
      }
    },
    {
      "type": "Feature",
      "geometry": {
        "type": "Point",
        "coordinates": [
          -0.44393,
          39.5039268
        ]
      },
      "properties": {
        "id": 3278154018,
        "osm_type": "node",
        "name": "Horno y bollería Benlloch Guillem"
      }
    },
    {
      "type": "Feature",
      "geometry": {
        "type": "Point",
        "coordinates": [
          -0.4429644,
          39.5033261
        ]
      },
      "properties": {
        "id": 3278154172,
        "osm_type": "node",
        "name": "Santa Inés"
      }
    },
    {
      "type": "Feature",
      "geometry": {
        "type": "Point",
        "coordinates": [
          -0.445106,
          39.5060473
        ]
      },
      "properties": {
        "id": 3278154304,
        "osm_type": "node",
        "name": "Pan y Dulces Mireia"
      }
    },
    {
      "type": "Feature",
      "geometry": {
        "type": "Point",
        "coordinates": [
          -0.443285,
          39.5075594
        ]
      },
      "properties": {
        "id": 3278155884,
        "osm_type": "node"
      }
    },
    {
      "type": "Feature",
      "geometry": {
        "type": "Point",
        "coordinates": [
          -0.7105163,
          38.2690953
        ]
      },
      "properties": {
        "id": 3283566361,
        "osm_type": "node",
        "name": "Panishop",
        "opening_hours": "Mo-Fr 08:00-22:00; Sa 09:00-22:00"
      }
    },
    {
      "type": "Feature",
      "geometry": {
        "type": "Point",
        "coordinates": [
          -0.6801155,
          38.2694902
        ]
      },
      "properties": {
        "id": 3283584302,
        "osm_type": "node",
        "name": "clínica medi-altabix"
      }
    },
    {
      "type": "Feature",
      "geometry": {
        "type": "Point",
        "coordinates": [
          -0.5076304,
          38.3379955
        ]
      },
      "properties": {
        "id": 3304611058,
        "osm_type": "node",
        "name": "Domi"
      }
    },
    {
      "type": "Feature",
      "geometry": {
        "type": "Point",
        "coordinates": [
          -0.37577,
          39.4599578
        ]
      },
      "properties": {
        "id": 3316778155,
        "osm_type": "node",
        "name": "Farmacia L'antiga Russafa"
      }
    },
    {
      "type": "Feature",
      "geometry": {
        "type": "Point",
        "coordinates": [
          -0.3761621,
          39.4604528
        ]
      },
      "properties": {
        "id": 3316778157,
        "osm_type": "node",
        "name": "Dulce de leche boutique",
        "outdoor_seating": "yes"
      }
    },
    {
      "type": "Feature",
      "geometry": {
        "type": "Point",
        "coordinates": [
          -0.3640777,
          39.4571684
        ]
      },
      "properties": {
        "id": 3316779668,
        "osm_type": "node"
      }
    },
    {
      "type": "Feature",
      "geometry": {
        "type": "Point",
        "coordinates": [
          -0.3658752,
          39.4575551
        ]
      },
      "properties": {
        "id": 3316779669,
        "osm_type": "node"
      }
    },
    {
      "type": "Feature",
      "geometry": {
        "type": "Point",
        "coordinates": [
          -0.3656601,
          39.4579775
        ]
      },
      "properties": {
        "id": 3316779670,
        "osm_type": "node"
      }
    },
    {
      "type": "Feature",
      "geometry": {
        "type": "Point",
        "coordinates": [
          -0.366267,
          39.4626299
        ]
      },
      "properties": {
        "id": 3316779690,
        "osm_type": "node",
        "name": "Horno San Bartolomé",
        "opening_hours": "Mo-Fr 07:30-21:00; Sa 07:30-20:00"
      }
    },
    {
      "type": "Feature",
      "geometry": {
        "type": "Point",
        "coordinates": [
          -0.3689911,
          39.4645161
        ]
      },
      "properties": {
        "id": 3316779700,
        "osm_type": "node",
        "name": "Horno Goya"
      }
    },
    {
      "type": "Feature",
      "geometry": {
        "type": "Point",
        "coordinates": [
          -0.3671324,
          39.4650563
        ]
      },
      "properties": {
        "id": 3316779702,
        "osm_type": "node",
        "name": "David Esteve",
        "opening_hours": "Mo-Fr 07:30-14:30, 17:00-20:00; Sa, Su 08:00-15:00"
      }
    },
    {
      "type": "Feature",
      "geometry": {
        "type": "Point",
        "coordinates": [
          -0.6978119,
          38.2660739
        ]
      },
      "properties": {
        "id": 3324849161,
        "osm_type": "node",
        "name": "Damasol"
      }
    },
    {
      "type": "Feature",
      "geometry": {
        "type": "Point",
        "coordinates": [
          -0.6979469,
          38.2664837
        ]
      },
      "properties": {
        "id": 3324859661,
        "osm_type": "node",
        "name": "Ninot"
      }
    },
    {
      "type": "Feature",
      "geometry": {
        "type": "Point",
        "coordinates": [
          -0.6958707,
          38.2638534
        ]
      },
      "properties": {
        "id": 3326718727,
        "osm_type": "node",
        "name": "NYC Cafe"
      }
    },
    {
      "type": "Feature",
      "geometry": {
        "type": "Point",
        "coordinates": [
          -0.6974748,
          38.2642423
        ]
      },
      "properties": {
        "id": 3326718730,
        "osm_type": "node",
        "name": "Salvador"
      }
    },
    {
      "type": "Feature",
      "geometry": {
        "type": "Point",
        "coordinates": [
          -0.6972206,
          38.2638884
        ]
      },
      "properties": {
        "id": 3326718744,
        "osm_type": "node",
        "name": "El Palmeral Y La Dama"
      }
    },
    {
      "type": "Feature",
      "geometry": {
        "type": "Point",
        "coordinates": [
          -0.6957517,
          38.2646076
        ]
      },
      "properties": {
        "id": 3326745344,
        "osm_type": "node",
        "name": "Mari"
      }
    },
    {
      "type": "Feature",
      "geometry": {
        "type": "Point",
        "coordinates": [
          -0.6957139,
          38.265325
        ]
      },
      "properties": {
        "id": 3326799301,
        "osm_type": "node",
        "name": "Al Paso"
      }
    },
    {
      "type": "Feature",
      "geometry": {
        "type": "Point",
        "coordinates": [
          -0.6954784,
          38.2652535
        ]
      },
      "properties": {
        "id": 3326799305,
        "osm_type": "node",
        "name": "El Misterio Del Pa"
      }
    },
    {
      "type": "Feature",
      "geometry": {
        "type": "Point",
        "coordinates": [
          -0.6961654,
          38.2655995
        ]
      },
      "properties": {
        "id": 3327023839,
        "osm_type": "node",
        "name": "Panettone"
      }
    },
    {
      "type": "Feature",
      "geometry": {
        "type": "Point",
        "coordinates": [
          -0.6989732,
          38.2641595
        ]
      },
      "properties": {
        "id": 3327253185,
        "osm_type": "node",
        "name": "Fina"
      }
    },
    {
      "type": "Feature",
      "geometry": {
        "type": "Point",
        "coordinates": [
          -0.6985487,
          38.26494
        ]
      },
      "properties": {
        "id": 3327253187,
        "osm_type": "node",
        "name": "Panadería Mallorca"
      }
    },
    {
      "type": "Feature",
      "geometry": {
        "type": "Point",
        "coordinates": [
          -0.6981291,
          38.2650957
        ]
      },
      "properties": {
        "id": 3327256510,
        "osm_type": "node",
        "name": "Troneta, 12"
      }
    },
    {
      "type": "Feature",
      "geometry": {
        "type": "Point",
        "coordinates": [
          -0.6979402,
          38.2652552
        ]
      },
      "properties": {
        "id": 3327304297,
        "osm_type": "node",
        "name": "Pa i Dolc"
      }
    },
    {
      "type": "Feature",
      "geometry": {
        "type": "Point",
        "coordinates": [
          -0.6968991,
          38.2651435
        ]
      },
      "properties": {
        "id": 3327312995,
        "osm_type": "node",
        "name": "Café Teatre"
      }
    },
    {
      "type": "Feature",
      "geometry": {
        "type": "Point",
        "coordinates": [
          -0.6965981,
          38.2653708
        ]
      },
      "properties": {
        "id": 3327312996,
        "osm_type": "node",
        "name": "Borgonesse"
      }
    },
    {
      "type": "Feature",
      "geometry": {
        "type": "Point",
        "coordinates": [
          -0.6975824,
          38.264921
        ]
      },
      "properties": {
        "id": 3328039950,
        "osm_type": "node",
        "name": "Patiño"
      }
    },
    {
      "type": "Feature",
      "geometry": {
        "type": "Point",
        "coordinates": [
          -0.6979215,
          38.263864
        ]
      },
      "properties": {
        "id": 3328217916,
        "osm_type": "node",
        "name": "Jero"
      }
    },
    {
      "type": "Feature",
      "geometry": {
        "type": "Point",
        "coordinates": [
          -0.6973679,
          38.2643987
        ]
      },
      "properties": {
        "id": 3328217937,
        "osm_type": "node",
        "name": "Maná"
      }
    },
    {
      "type": "Feature",
      "geometry": {
        "type": "Point",
        "coordinates": [
          -0.6968039,
          38.2655446
        ]
      },
      "properties": {
        "id": 3328217941,
        "osm_type": "node",
        "name": "Novaibense"
      }
    },
    {
      "type": "Feature",
      "geometry": {
        "type": "Point",
        "coordinates": [
          -0.6967339,
          38.2653978
        ]
      },
      "properties": {
        "id": 3328217943,
        "osm_type": "node",
        "name": "Templet"
      }
    },
    {
      "type": "Feature",
      "geometry": {
        "type": "Point",
        "coordinates": [
          -0.6983655,
          38.2636672
        ]
      },
      "properties": {
        "id": 3328217944,
        "osm_type": "node",
        "name": "Casino de Elche"
      }
    },
    {
      "type": "Feature",
      "geometry": {
        "type": "Point",
        "coordinates": [
          -0.6946116,
          38.2641429
        ]
      },
      "properties": {
        "id": 3329743410,
        "osm_type": "node",
        "name": "Cafetería Ripoll"
      }
    },
    {
      "type": "Feature",
      "geometry": {
        "type": "Point",
        "coordinates": [
          -0.6947229,
          38.2647961
        ]
      },
      "properties": {
        "id": 3329790938,
        "osm_type": "node",
        "name": "Horno Cardoso"
      }
    },
    {
      "type": "Feature",
      "geometry": {
        "type": "Point",
        "coordinates": [
          -0.694877,
          38.2622351
        ]
      },
      "properties": {
        "id": 3329823925,
        "osm_type": "node",
        "name": "Cafetería 22"
      }
    },
    {
      "type": "Feature",
      "geometry": {
        "type": "Point",
        "coordinates": [
          -0.694845,
          38.2620541
        ]
      },
      "properties": {
        "id": 3329829146,
        "osm_type": "node",
        "name": "Curt 22"
      }
    },
    {
      "type": "Feature",
      "geometry": {
        "type": "Point",
        "coordinates": [
          -0.696001,
          38.2620751
        ]
      },
      "properties": {
        "id": 3329833815,
        "osm_type": "node",
        "name": "Santa Fe"
      }
    },
    {
      "type": "Feature",
      "geometry": {
        "type": "Point",
        "coordinates": [
          -0.6962746,
          38.261656
        ]
      },
      "properties": {
        "id": 3329873142,
        "osm_type": "node",
        "name": "Horno Artesano José S.L."
      }
    },
    {
      "type": "Feature",
      "geometry": {
        "type": "Point",
        "coordinates": [
          -0.6962746,
          38.2624795
        ]
      },
      "properties": {
        "id": 3329893184,
        "osm_type": "node",
        "name": "Monola"
      }
    },
    {
      "type": "Feature",
      "geometry": {
        "type": "Point",
        "coordinates": [
          -0.6962102,
          38.2607862
        ]
      },
      "properties": {
        "id": 3329894132,
        "osm_type": "node",
        "name": "Mayte"
      }
    },
    {
      "type": "Feature",
      "geometry": {
        "type": "Point",
        "coordinates": [
          -0.695022,
          38.2676833
        ]
      },
      "properties": {
        "id": 3330634989,
        "osm_type": "node",
        "name": "Pan y Bollería"
      }
    },
    {
      "type": "Feature",
      "geometry": {
        "type": "Point",
        "coordinates": [
          -0.694765,
          38.2672873
        ]
      },
      "properties": {
        "id": 3338440034,
        "osm_type": "node",
        "name": "Horno Tradicional San Antonio"
      }
    },
    {
      "type": "Feature",
      "geometry": {
        "type": "Point",
        "coordinates": [
          -0.6947603,
          38.2671662
        ]
      },
      "properties": {
        "id": 3338450553,
        "osm_type": "node",
        "name": "Posarela"
      }
    },
    {
      "type": "Feature",
      "geometry": {
        "type": "Point",
        "coordinates": [
          -0.6944108,
          38.2686903
        ]
      },
      "properties": {
        "id": 3338508259,
        "osm_type": "node",
        "name": "Cafetería Europa"
      }
    },
    {
      "type": "Feature",
      "geometry": {
        "type": "Point",
        "coordinates": [
          -0.6928606,
          38.2667577
        ]
      },
      "properties": {
        "id": 3339894796,
        "osm_type": "node",
        "name": "Café Vesalli"
      }
    },
    {
      "type": "Feature",
      "geometry": {
        "type": "Point",
        "coordinates": [
          -0.696476,
          38.2669358
        ]
      },
      "properties": {
        "id": 3339982794,
        "osm_type": "node",
        "name": "La Cistella"
      }
    },
    {
      "type": "Feature",
      "geometry": {
        "type": "Point",
        "coordinates": [
          -0.6974618,
          38.2675249
        ]
      },
      "properties": {
        "id": 3342081441,
        "osm_type": "node",
        "name": "África"
      }
    },
    {
      "type": "Feature",
      "geometry": {
        "type": "Point",
        "coordinates": [
          -0.6988163,
          38.260493
        ]
      },
      "properties": {
        "id": 3342210048,
        "osm_type": "node",
        "name": "El Raval"
      }
    },
    {
      "type": "Feature",
      "geometry": {
        "type": "Point",
        "coordinates": [
          -0.6986743,
          38.2608341
        ]
      },
      "properties": {
        "id": 3342214252,
        "osm_type": "node",
        "name": "Los Arcos"
      }
    },
    {
      "type": "Feature",
      "geometry": {
        "type": "Point",
        "coordinates": [
          -0.6990391,
          38.2624663
        ]
      },
      "properties": {
        "id": 3343598401,
        "osm_type": "node",
        "name": "Coco",
        "brand": "CoCo",
        "takeaway": "yes"
      }
    },
    {
      "type": "Feature",
      "geometry": {
        "type": "Point",
        "coordinates": [
          -0.6989826,
          38.2621968
        ]
      },
      "properties": {
        "id": 3343601166,
        "osm_type": "node",
        "name": "Panadería Mallorca"
      }
    },
    {
      "type": "Feature",
      "geometry": {
        "type": "Point",
        "coordinates": [
          -0.6976844,
          38.2624243
        ]
      },
      "properties": {
        "id": 3343615983,
        "osm_type": "node",
        "name": "Cafeteria Elx"
      }
    },
    {
      "type": "Feature",
      "geometry": {
        "type": "Point",
        "coordinates": [
          -0.697546,
          38.2622675
        ]
      },
      "properties": {
        "id": 3343639670,
        "osm_type": "node",
        "name": "El Patio del Raval"
      }
    },
    {
      "type": "Feature",
      "geometry": {
        "type": "Point",
        "coordinates": [
          -0.6981967,
          38.2657243
        ]
      },
      "properties": {
        "id": 3343768121,
        "osm_type": "node",
        "name": "Mari Lola"
      }
    },
    {
      "type": "Feature",
      "geometry": {
        "type": "Point",
        "coordinates": [
          -0.6980304,
          38.2657875
        ]
      },
      "properties": {
        "id": 3343770322,
        "osm_type": "node",
        "name": "Café Altamisa"
      }
    },
    {
      "type": "Feature",
      "geometry": {
        "type": "Point",
        "coordinates": [
          -0.6978883,
          38.2658339
        ]
      },
      "properties": {
        "id": 3343779398,
        "osm_type": "node",
        "name": "Domgim"
      }
    },
    {
      "type": "Feature",
      "geometry": {
        "type": "Point",
        "coordinates": [
          -0.6981888,
          38.2661266
        ]
      },
      "properties": {
        "id": 3343785458,
        "osm_type": "node",
        "name": "Magda"
      }
    },
    {
      "type": "Feature",
      "geometry": {
        "type": "Point",
        "coordinates": [
          -0.6976498,
          38.2660075
        ]
      },
      "properties": {
        "id": 3343904762,
        "osm_type": "node",
        "name": "Mari Jola"
      }
    },
    {
      "type": "Feature",
      "geometry": {
        "type": "Point",
        "coordinates": [
          -0.7085051,
          38.2567177
        ]
      },
      "properties": {
        "id": 3433304685,
        "osm_type": "node",
        "name": "Orxateria Xixona"
      }
    },
    {
      "type": "Feature",
      "geometry": {
        "type": "Point",
        "coordinates": [
          -0.3202818,
          39.8508393
        ]
      },
      "properties": {
        "id": 3435264100,
        "osm_type": "node",
        "name": "Horno Panadería Miguel"
      }
    },
    {
      "type": "Feature",
      "geometry": {
        "type": "Point",
        "coordinates": [
          -0.3499385,
          39.4763263
        ]
      },
      "properties": {
        "id": 3467890618,
        "osm_type": "node",
        "name": "Carajillo"
      }
    },
    {
      "type": "Feature",
      "geometry": {
        "type": "Point",
        "coordinates": [
          -0.3766604,
          39.4788578
        ]
      },
      "properties": {
        "id": 3498980540,
        "osm_type": "node",
        "name": "Montaner",
        "opening_hours": "Mo-Fr 07:30-15:00,16:30-20:30; Sa 08:00-15:00; Su 09:30-15:00"
      }
    },
    {
      "type": "Feature",
      "geometry": {
        "type": "Point",
        "coordinates": [
          -0.3325414,
          39.4723917
        ]
      },
      "properties": {
        "id": 3521425015,
        "osm_type": "node",
        "name": "Los Ángeles"
      }
    },
    {
      "type": "Feature",
      "geometry": {
        "type": "Point",
        "coordinates": [
          -0.331648,
          39.4727842
        ]
      },
      "properties": {
        "id": 3521433573,
        "osm_type": "node",
        "name": "Pasteleria"
      }
    },
    {
      "type": "Feature",
      "geometry": {
        "type": "Point",
        "coordinates": [
          -0.482414,
          38.3438322
        ]
      },
      "properties": {
        "id": 3523458969,
        "osm_type": "node",
        "name": "McCafé",
        "brand": "McCafé",
        "takeaway": "yes"
      }
    },
    {
      "type": "Feature",
      "geometry": {
        "type": "Point",
        "coordinates": [
          -0.7070793,
          38.2618727
        ]
      },
      "properties": {
        "id": 3543334329,
        "osm_type": "node",
        "name": "Terraza Nou Parquet"
      }
    },
    {
      "type": "Feature",
      "geometry": {
        "type": "Point",
        "coordinates": [
          -0.2550118,
          39.2202661
        ]
      },
      "properties": {
        "id": 3612470066,
        "osm_type": "node",
        "name": "La Beata Inés",
        "opening_hours": "08:00-22:30",
        "takeaway": "only",
        "outdoor_seating": "no"
      }
    },
    {
      "type": "Feature",
      "geometry": {
        "type": "Point",
        "coordinates": [
          -0.418799,
          39.4986077
        ]
      },
      "properties": {
        "id": 3615341675,
        "osm_type": "node",
        "name": "Horno de las Almas"
      }
    },
    {
      "type": "Feature",
      "geometry": {
        "type": "Point",
        "coordinates": [
          -0.4170043,
          39.5025375
        ]
      },
      "properties": {
        "id": 3615341678,
        "osm_type": "node",
        "name": "El Pozo"
      }
    },
    {
      "type": "Feature",
      "geometry": {
        "type": "Point",
        "coordinates": [
          -0.417066,
          39.5029376
        ]
      },
      "properties": {
        "id": 3615341679,
        "osm_type": "node",
        "name": "Ka La Mamá"
      }
    },
    {
      "type": "Feature",
      "geometry": {
        "type": "Point",
        "coordinates": [
          -0.417528,
          39.5029258
        ]
      },
      "properties": {
        "id": 3615341683,
        "osm_type": "node",
        "name": "Rosalen"
      }
    },
    {
      "type": "Feature",
      "geometry": {
        "type": "Point",
        "coordinates": [
          -0.3641957,
          39.4814109
        ]
      },
      "properties": {
        "id": 3626109031,
        "osm_type": "node",
        "name": "Pablo's breads, food & drink",
        "opening_hours": "Mo-Th 07:00-20:00; Fr 07:00-19:00",
        "outdoor_seating": "yes",
        "check_date": "2024-06-03"
      }
    },
    {
      "type": "Feature",
      "geometry": {
        "type": "Point",
        "coordinates": [
          -0.6757045,
          37.9794264
        ]
      },
      "properties": {
        "id": 3642091522,
        "osm_type": "node",
        "name": "Bar de la Estacion"
      }
    },
    {
      "type": "Feature",
      "geometry": {
        "type": "Point",
        "coordinates": [
          -0.7015362,
          37.9651958
        ]
      },
      "properties": {
        "id": 3656924451,
        "osm_type": "node",
        "name": "Caffé Milano"
      }
    },
    {
      "type": "Feature",
      "geometry": {
        "type": "Point",
        "coordinates": [
          -0.376537,
          39.4717307
        ]
      },
      "properties": {
        "id": 3657800510,
        "osm_type": "node",
        "name": "Aromas de Dakar"
      }
    },
    {
      "type": "Feature",
      "geometry": {
        "type": "Point",
        "coordinates": [
          -0.3716594,
          39.4695327
        ]
      },
      "properties": {
        "id": 3657800637,
        "osm_type": "node",
        "name": "Starbucks",
        "brand": "Starbucks",
        "takeaway": "yes",
        "check_date": "2025-05-20"
      }
    },
    {
      "type": "Feature",
      "geometry": {
        "type": "Point",
        "coordinates": [
          -0.3710506,
          39.4718995
        ]
      },
      "properties": {
        "id": 3657800641,
        "osm_type": "node",
        "name": "Cafe De Les Mones",
        "check_date": "2025-05-20"
      }
    },
    {
      "type": "Feature",
      "geometry": {
        "type": "Point",
        "coordinates": [
          -0.372075,
          39.4713782
        ]
      },
      "properties": {
        "id": 3657800647,
        "osm_type": "node",
        "name": "Cafetería Bombay"
      }
    },
    {
      "type": "Feature",
      "geometry": {
        "type": "Point",
        "coordinates": [
          -0.3751571,
          39.4672736
        ]
      },
      "properties": {
        "id": 3657800671,
        "osm_type": "node",
        "name": "Wowble",
        "takeaway": "only",
        "check_date": "2024-04-02"
      }
    },
    {
      "type": "Feature",
      "geometry": {
        "type": "Point",
        "coordinates": [
          -0.0115349,
          38.7400946
        ]
      },
      "properties": {
        "id": 3658068011,
        "osm_type": "node",
        "name": "Francis"
      }
    },
    {
      "type": "Feature",
      "geometry": {
        "type": "Point",
        "coordinates": [
          -0.3733877,
          39.4647243
        ]
      },
      "properties": {
        "id": 3658278546,
        "osm_type": "node",
        "name": "Coffee & Bastard Kitchen",
        "takeaway": "yes",
        "outdoor_seating": "yes",
        "check_date": "2024-11-29"
      }
    },
    {
      "type": "Feature",
      "geometry": {
        "type": "Point",
        "coordinates": [
          -0.3720372,
          39.4631364
        ]
      },
      "properties": {
        "id": 3658278551,
        "osm_type": "node",
        "name": "Panaria"
      }
    },
    {
      "type": "Feature",
      "geometry": {
        "type": "Point",
        "coordinates": [
          -0.3717626,
          39.462895
        ]
      },
      "properties": {
        "id": 3658278553,
        "osm_type": "node",
        "name": "Bocatería Centro"
      }
    },
    {
      "type": "Feature",
      "geometry": {
        "type": "Point",
        "coordinates": [
          -0.5193751,
          38.3952461
        ]
      },
      "properties": {
        "id": 3668498634,
        "osm_type": "node",
        "name": "El Solet"
      }
    },
    {
      "type": "Feature",
      "geometry": {
        "type": "Point",
        "coordinates": [
          -0.5174173,
          38.3959182
        ]
      },
      "properties": {
        "id": 3676190775,
        "osm_type": "node",
        "name": "Ay si voy"
      }
    },
    {
      "type": "Feature",
      "geometry": {
        "type": "Point",
        "coordinates": [
          -0.3410777,
          39.4613374
        ]
      },
      "properties": {
        "id": 3686352684,
        "osm_type": "node",
        "name": "Orxateria Gelateria Blanc i Verd"
      }
    },
    {
      "type": "Feature",
      "geometry": {
        "type": "Point",
        "coordinates": [
          -0.3837215,
          39.4755478
        ]
      },
      "properties": {
        "id": 3698647428,
        "osm_type": "node",
        "name": "Mayan Coffees",
        "opening_hours": "Mo-Fr 08:00-18:00; Sa 09:00-18:00; Su 09:00-14:00",
        "outdoor_seating": "no"
      }
    },
    {
      "type": "Feature",
      "geometry": {
        "type": "Point",
        "coordinates": [
          -0.3861118,
          39.4609356
        ]
      },
      "properties": {
        "id": 3698704897,
        "osm_type": "node",
        "name": "Amatud"
      }
    },
    {
      "type": "Feature",
      "geometry": {
        "type": "Point",
        "coordinates": [
          -0.3709224,
          39.4815914
        ]
      },
      "properties": {
        "id": 3699314139,
        "osm_type": "node",
        "name": "Bon Dolç",
        "opening_hours": "Mo-Sa 09:30-20:30"
      }
    },
    {
      "type": "Feature",
      "geometry": {
        "type": "Point",
        "coordinates": [
          -0.3709594,
          39.48091
        ]
      },
      "properties": {
        "id": 3699314149,
        "osm_type": "node",
        "name": "Horno y Pasteleria Miguel Martínez"
      }
    },
    {
      "type": "Feature",
      "geometry": {
        "type": "Point",
        "coordinates": [
          -0.4223389,
          39.5002007
        ]
      },
      "properties": {
        "id": 3702205239,
        "osm_type": "node"
      }
    },
    {
      "type": "Feature",
      "geometry": {
        "type": "Point",
        "coordinates": [
          0.1919882,
          38.770581
        ]
      },
      "properties": {
        "id": 3705974398,
        "osm_type": "node",
        "name": "Tutti Frutti"
      }
    },
    {
      "type": "Feature",
      "geometry": {
        "type": "Point",
        "coordinates": [
          -0.3690125,
          39.4671876
        ]
      },
      "properties": {
        "id": 3708224887,
        "osm_type": "node"
      }
    },
    {
      "type": "Feature",
      "geometry": {
        "type": "Point",
        "coordinates": [
          -0.4080331,
          39.4768153
        ]
      },
      "properties": {
        "id": 3718298733,
        "osm_type": "node",
        "name": "Deleita Cafeteria"
      }
    },
    {
      "type": "Feature",
      "geometry": {
        "type": "Point",
        "coordinates": [
          -0.1074114,
          38.5363075
        ]
      },
      "properties": {
        "id": 3722042937,
        "osm_type": "node",
        "name": "Jose & Family"
      }
    },
    {
      "type": "Feature",
      "geometry": {
        "type": "Point",
        "coordinates": [
          -0.4831511,
          38.3445629
        ]
      },
      "properties": {
        "id": 3740369930,
        "osm_type": "node",
        "name": "El Molí"
      }
    },
    {
      "type": "Feature",
      "geometry": {
        "type": "Point",
        "coordinates": [
          -0.1104162,
          38.7562325
        ]
      },
      "properties": {
        "id": 3747278745,
        "osm_type": "node",
        "name": "Forn Vicens"
      }
    },
    {
      "type": "Feature",
      "geometry": {
        "type": "Point",
        "coordinates": [
          0.1536233,
          40.1205279
        ]
      },
      "properties": {
        "id": 3754579061,
        "osm_type": "node"
      }
    },
    {
      "type": "Feature",
      "geometry": {
        "type": "Point",
        "coordinates": [
          -0.1326177,
          38.5367371
        ]
      },
      "properties": {
        "id": 3756251329,
        "osm_type": "node",
        "name": "Cafetería Tanit",
        "outdoor_seating": "yes",
        "check_date": "2024-05-29"
      }
    },
    {
      "type": "Feature",
      "geometry": {
        "type": "Point",
        "coordinates": [
          0.0472042,
          38.6440259
        ]
      },
      "properties": {
        "id": 3756357644,
        "osm_type": "node",
        "name": "Panadería Ifach",
        "outdoor_seating": "yes"
      }
    },
    {
      "type": "Feature",
      "geometry": {
        "type": "Point",
        "coordinates": [
          0.0492633,
          38.6426907
        ]
      },
      "properties": {
        "id": 3757956333,
        "osm_type": "node",
        "name": "Arrivo",
        "outdoor_seating": "yes"
      }
    },
    {
      "type": "Feature",
      "geometry": {
        "type": "Point",
        "coordinates": [
          0.0497131,
          38.6430846
        ]
      },
      "properties": {
        "id": 3758519176,
        "osm_type": "node",
        "name": "Holger's Café"
      }
    },
    {
      "type": "Feature",
      "geometry": {
        "type": "Point",
        "coordinates": [
          0.0502893,
          38.6426777
        ]
      },
      "properties": {
        "id": 3758687559,
        "osm_type": "node",
        "name": "The Coffee Box"
      }
    },
    {
      "type": "Feature",
      "geometry": {
        "type": "Point",
        "coordinates": [
          -0.3857801,
          39.4721911
        ]
      },
      "properties": {
        "id": 3759076810,
        "osm_type": "node",
        "name": "J. Martinez"
      }
    },
    {
      "type": "Feature",
      "geometry": {
        "type": "Point",
        "coordinates": [
          0.0448551,
          38.6456054
        ]
      },
      "properties": {
        "id": 3759207370,
        "osm_type": "node",
        "name": "Donde Alex",
        "opening_hours": "Fr-We 08:00-24:00"
      }
    },
    {
      "type": "Feature",
      "geometry": {
        "type": "Point",
        "coordinates": [
          -0.3355779,
          39.4216562
        ]
      },
      "properties": {
        "id": 3761606096,
        "osm_type": "node"
      }
    },
    {
      "type": "Feature",
      "geometry": {
        "type": "Point",
        "coordinates": [
          -0.4237432,
          39.5131147
        ]
      },
      "properties": {
        "id": 3761879918,
        "osm_type": "node",
        "opening_hours": "sunrise-sunset",
        "outdoor_seating": "yes"
      }
    },
    {
      "type": "Feature",
      "geometry": {
        "type": "Point",
        "coordinates": [
          0.2777268,
          40.2457808
        ]
      },
      "properties": {
        "id": 3764297332,
        "osm_type": "node",
        "name": "Casa Ferreres"
      }
    },
    {
      "type": "Feature",
      "geometry": {
        "type": "Point",
        "coordinates": [
          0.2783053,
          40.2450783
        ]
      },
      "properties": {
        "id": 3764297333,
        "osm_type": "node",
        "name": "Forn Fuster"
      }
    },
    {
      "type": "Feature",
      "geometry": {
        "type": "Point",
        "coordinates": [
          -0.4711798,
          38.3669213
        ]
      },
      "properties": {
        "id": 3764382920,
        "osm_type": "node",
        "name": "Better pan"
      }
    },
    {
      "type": "Feature",
      "geometry": {
        "type": "Point",
        "coordinates": [
          -0.4620227,
          39.4547143
        ]
      },
      "properties": {
        "id": 3773915980,
        "osm_type": "node",
        "name": "Tasca Ajoarriero"
      }
    },
    {
      "type": "Feature",
      "geometry": {
        "type": "Point",
        "coordinates": [
          0.0493886,
          38.6443136
        ]
      },
      "properties": {
        "id": 3774557532,
        "osm_type": "node",
        "name": "Café Azul",
        "outdoor_seating": "yes"
      }
    },
    {
      "type": "Feature",
      "geometry": {
        "type": "Point",
        "coordinates": [
          0.0492618,
          38.6441669
        ]
      },
      "properties": {
        "id": 3774557538,
        "osm_type": "node",
        "name": "Peter Pan",
        "outdoor_seating": "yes"
      }
    },
    {
      "type": "Feature",
      "geometry": {
        "type": "Point",
        "coordinates": [
          0.0513751,
          38.6423008
        ]
      },
      "properties": {
        "id": 3777210238,
        "osm_type": "node",
        "name": "Sweet Momente",
        "outdoor_seating": "yes"
      }
    },
    {
      "type": "Feature",
      "geometry": {
        "type": "Point",
        "coordinates": [
          0.0518362,
          38.6433163
        ]
      },
      "properties": {
        "id": 3777278223,
        "osm_type": "node",
        "name": "Cafetería Flandes",
        "outdoor_seating": "yes"
      }
    },
    {
      "type": "Feature",
      "geometry": {
        "type": "Point",
        "coordinates": [
          0.0554745,
          38.6425806
        ]
      },
      "properties": {
        "id": 3778634750,
        "osm_type": "node",
        "name": "The Frozen Cow",
        "outdoor_seating": "yes"
      }
    },
    {
      "type": "Feature",
      "geometry": {
        "type": "Point",
        "coordinates": [
          0.0703882,
          38.639999
        ]
      },
      "properties": {
        "id": 3785989304,
        "osm_type": "node",
        "name": "Café Ole",
        "outdoor_seating": "yes"
      }
    },
    {
      "type": "Feature",
      "geometry": {
        "type": "Point",
        "coordinates": [
          0.0705109,
          38.6399384
        ]
      },
      "properties": {
        "id": 3785989305,
        "osm_type": "node",
        "name": "Ciao Ciao",
        "outdoor_seating": "yes"
      }
    },
    {
      "type": "Feature",
      "geometry": {
        "type": "Point",
        "coordinates": [
          0.0696799,
          38.6401985
        ]
      },
      "properties": {
        "id": 3785989317,
        "osm_type": "node",
        "name": "Panadería Puerto Ifach"
      }
    },
    {
      "type": "Feature",
      "geometry": {
        "type": "Point",
        "coordinates": [
          -0.3180793,
          39.3092292
        ]
      },
      "properties": {
        "id": 3788088547,
        "osm_type": "node",
        "name": "Sant Josep"
      }
    },
    {
      "type": "Feature",
      "geometry": {
        "type": "Point",
        "coordinates": [
          -0.3179771,
          39.3107275
        ]
      },
      "properties": {
        "id": 3788147041,
        "osm_type": "node",
        "name": "Francisco Montoro Caraval"
      }
    },
    {
      "type": "Feature",
      "geometry": {
        "type": "Point",
        "coordinates": [
          0.071965,
          38.6406896
        ]
      },
      "properties": {
        "id": 3788872962,
        "osm_type": "node",
        "name": "Merengue",
        "outdoor_seating": "yes"
      }
    },
    {
      "type": "Feature",
      "geometry": {
        "type": "Point",
        "coordinates": [
          0.0764905,
          38.651371
        ]
      },
      "properties": {
        "id": 3795732222,
        "osm_type": "node",
        "name": "Makarpi"
      }
    },
    {
      "type": "Feature",
      "geometry": {
        "type": "Point",
        "coordinates": [
          0.0619161,
          38.6429379
        ]
      },
      "properties": {
        "id": 3797226399,
        "osm_type": "node",
        "name": "Deutsche Bäckerei",
        "outdoor_seating": "yes"
      }
    },
    {
      "type": "Feature",
      "geometry": {
        "type": "Point",
        "coordinates": [
          -0.1127127,
          38.5392973
        ]
      },
      "properties": {
        "id": 3814527756,
        "osm_type": "node",
        "name": "La Dulce Vida"
      }
    },
    {
      "type": "Feature",
      "geometry": {
        "type": "Point",
        "coordinates": [
          -0.0261815,
          39.9929051
        ]
      },
      "properties": {
        "id": 3824607501,
        "osm_type": "node",
        "name": "Cafetería El Rinconet",
        "outdoor_seating": "yes"
      }
    },
    {
      "type": "Feature",
      "geometry": {
        "type": "Point",
        "coordinates": [
          -0.3801721,
          39.4763983
        ]
      },
      "properties": {
        "id": 3830839837,
        "osm_type": "node",
        "name": "petitbistró"
      }
    },
    {
      "type": "Feature",
      "geometry": {
        "type": "Point",
        "coordinates": [
          -0.4755673,
          38.3570565
        ]
      },
      "properties": {
        "id": 3833609771,
        "osm_type": "node"
      }
    },
    {
      "type": "Feature",
      "geometry": {
        "type": "Point",
        "coordinates": [
          -0.4632515,
          39.4538709
        ]
      },
      "properties": {
        "id": 3843181983,
        "osm_type": "node",
        "name": "Bar El Rincón"
      }
    },
    {
      "type": "Feature",
      "geometry": {
        "type": "Point",
        "coordinates": [
          -0.462179,
          39.4543643
        ]
      },
      "properties": {
        "id": 3843181984,
        "osm_type": "node",
        "name": "Bar El Imperial",
        "outdoor_seating": "yes"
      }
    },
    {
      "type": "Feature",
      "geometry": {
        "type": "Point",
        "coordinates": [
          -0.5011123,
          38.3406568
        ]
      },
      "properties": {
        "id": 3843637767,
        "osm_type": "node",
        "name": "Kilómetro 0"
      }
    },
    {
      "type": "Feature",
      "geometry": {
        "type": "Point",
        "coordinates": [
          -0.500968,
          38.3416915
        ]
      },
      "properties": {
        "id": 3843637770,
        "osm_type": "node",
        "name": "Cantonados"
      }
    },
    {
      "type": "Feature",
      "geometry": {
        "type": "Point",
        "coordinates": [
          -0.5009872,
          38.3420851
        ]
      },
      "properties": {
        "id": 3843637773,
        "osm_type": "node",
        "name": "a L'alba",
        "opening_hours": "Mo-Fr 07:00-16:00; Fr 21:00-24:00; Sa 10:00-16:00,21:00-24:00"
      }
    },
    {
      "type": "Feature",
      "geometry": {
        "type": "Point",
        "coordinates": [
          -0.4014258,
          39.4810564
        ]
      },
      "properties": {
        "id": 3872582749,
        "osm_type": "node",
        "name": "Coffe house"
      }
    },
    {
      "type": "Feature",
      "geometry": {
        "type": "Point",
        "coordinates": [
          -0.3526589,
          39.4745535
        ]
      },
      "properties": {
        "id": 3874296057,
        "osm_type": "node",
        "name": "vera"
      }
    },
    {
      "type": "Feature",
      "geometry": {
        "type": "Point",
        "coordinates": [
          -0.0655964,
          39.9492418
        ]
      },
      "properties": {
        "id": 3879766128,
        "osm_type": "node",
        "name": "Café colibri",
        "opening_hours": "Mo-Su 08:00-21:00"
      }
    },
    {
      "type": "Feature",
      "geometry": {
        "type": "Point",
        "coordinates": [
          -0.4324962,
          38.3936093
        ]
      },
      "properties": {
        "id": 3887005718,
        "osm_type": "node",
        "name": "Panadería Ballesteros"
      }
    },
    {
      "type": "Feature",
      "geometry": {
        "type": "Point",
        "coordinates": [
          -0.4570778,
          39.4644681
        ]
      },
      "properties": {
        "id": 3888819195,
        "osm_type": "node",
        "name": "Cafetería La Font de la Pipa",
        "opening_hours": "Mo-Su 08:00-21:30"
      }
    },
    {
      "type": "Feature",
      "geometry": {
        "type": "Point",
        "coordinates": [
          -0.3547398,
          39.4735616
        ]
      },
      "properties": {
        "id": 3927309157,
        "osm_type": "node",
        "name": "distrito 21"
      }
    },
    {
      "type": "Feature",
      "geometry": {
        "type": "Point",
        "coordinates": [
          -0.4364174,
          39.1505216
        ]
      },
      "properties": {
        "id": 3931528518,
        "osm_type": "node",
        "name": "Attic",
        "outdoor_seating": "yes"
      }
    },
    {
      "type": "Feature",
      "geometry": {
        "type": "Point",
        "coordinates": [
          -0.437265,
          39.1516451
        ]
      },
      "properties": {
        "id": 3931528530,
        "osm_type": "node",
        "outdoor_seating": "yes"
      }
    },
    {
      "type": "Feature",
      "geometry": {
        "type": "Point",
        "coordinates": [
          -0.4300371,
          39.1476646
        ]
      },
      "properties": {
        "id": 3932769035,
        "osm_type": "node",
        "name": "Goya",
        "outdoor_seating": "yes"
      }
    },
    {
      "type": "Feature",
      "geometry": {
        "type": "Point",
        "coordinates": [
          -0.4609145,
          40.0557804
        ]
      },
      "properties": {
        "id": 3939107789,
        "osm_type": "node"
      }
    },
    {
      "type": "Feature",
      "geometry": {
        "type": "Point",
        "coordinates": [
          -0.4214465,
          38.367754
        ]
      },
      "properties": {
        "id": 3941562486,
        "osm_type": "node",
        "name": "Krokante"
      }
    },
    {
      "type": "Feature",
      "geometry": {
        "type": "Point",
        "coordinates": [
          -0.4212817,
          38.3677609
        ]
      },
      "properties": {
        "id": 3941562487,
        "osm_type": "node",
        "name": "Somos infancia"
      }
    },
    {
      "type": "Feature",
      "geometry": {
        "type": "Point",
        "coordinates": [
          -0.426118,
          38.3677438
        ]
      },
      "properties": {
        "id": 3941573170,
        "osm_type": "node",
        "name": "Raconet"
      }
    },
    {
      "type": "Feature",
      "geometry": {
        "type": "Point",
        "coordinates": [
          -0.4284844,
          38.3670655
        ]
      },
      "properties": {
        "id": 3941597124,
        "osm_type": "node",
        "name": "Nereida"
      }
    },
    {
      "type": "Feature",
      "geometry": {
        "type": "Point",
        "coordinates": [
          -0.9402098,
          38.0861183
        ]
      },
      "properties": {
        "id": 3942044439,
        "osm_type": "node",
        "name": "Bar Dani"
      }
    },
    {
      "type": "Feature",
      "geometry": {
        "type": "Point",
        "coordinates": [
          -0.431826,
          38.365401
        ]
      },
      "properties": {
        "id": 3942354208,
        "osm_type": "node",
        "name": "Döölze"
      }
    },
    {
      "type": "Feature",
      "geometry": {
        "type": "Point",
        "coordinates": [
          -0.4891869,
          38.3467421
        ]
      },
      "properties": {
        "id": 3951736361,
        "osm_type": "node",
        "name": "Magnolia Cafe",
        "opening_hours": "Mo-Fr 08:30-14:00; Mo-Sa 16:00-21:00; Sa-Su 10:00-14:00"
      }
    },
    {
      "type": "Feature",
      "geometry": {
        "type": "Point",
        "coordinates": [
          -0.3398429,
          39.5541051
        ]
      },
      "properties": {
        "id": 3957067021,
        "osm_type": "node",
        "name": "Merxe",
        "outdoor_seating": "yes"
      }
    },
    {
      "type": "Feature",
      "geometry": {
        "type": "Point",
        "coordinates": [
          -0.1365322,
          38.6257005
        ]
      },
      "properties": {
        "id": 4006044437,
        "osm_type": "node",
        "name": "Bar Ensueño"
      }
    },
    {
      "type": "Feature",
      "geometry": {
        "type": "Point",
        "coordinates": [
          -0.1151961,
          38.9491745
        ]
      },
      "properties": {
        "id": 4010289911,
        "osm_type": "node",
        "name": "Panaderia Rafael Pons",
        "check_date": "2023-08-08"
      }
    },
    {
      "type": "Feature",
      "geometry": {
        "type": "Point",
        "coordinates": [
          -0.2311986,
          39.6608911
        ]
      },
      "properties": {
        "id": 4010916472,
        "osm_type": "node",
        "name": "barraca"
      }
    },
    {
      "type": "Feature",
      "geometry": {
        "type": "Point",
        "coordinates": [
          -0.2150074,
          39.6647217
        ]
      },
      "properties": {
        "id": 4014321339,
        "osm_type": "node",
        "name": "Cafeteria Manhattan"
      }
    },
    {
      "type": "Feature",
      "geometry": {
        "type": "Point",
        "coordinates": [
          -0.2323767,
          39.6615674
        ]
      },
      "properties": {
        "id": 4014329637,
        "osm_type": "node",
        "name": "La Merced",
        "opening_hours": "07:00-15:00,17:00-20:30"
      }
    },
    {
      "type": "Feature",
      "geometry": {
        "type": "Point",
        "coordinates": [
          -0.2267719,
          39.6646565
        ]
      },
      "properties": {
        "id": 4014348635,
        "osm_type": "node",
        "name": "Domingo",
        "check_date": "2025-09-15"
      }
    },
    {
      "type": "Feature",
      "geometry": {
        "type": "Point",
        "coordinates": [
          -0.2324769,
          39.6631382
        ]
      },
      "properties": {
        "id": 4014365125,
        "osm_type": "node",
        "name": "Cafeteria Surco",
        "opening_hours": "09:00-24:00"
      }
    },
    {
      "type": "Feature",
      "geometry": {
        "type": "Point",
        "coordinates": [
          -0.2534917,
          39.9676065
        ]
      },
      "properties": {
        "id": 4015216536,
        "osm_type": "node",
        "name": "Sancar"
      }
    },
    {
      "type": "Feature",
      "geometry": {
        "type": "Point",
        "coordinates": [
          -0.0473668,
          39.9807693
        ]
      },
      "properties": {
        "id": 4016142763,
        "osm_type": "node",
        "name": "Ca la Noe"
      }
    },
    {
      "type": "Feature",
      "geometry": {
        "type": "Point",
        "coordinates": [
          -0.0467795,
          39.979523
        ]
      },
      "properties": {
        "id": 4016142764,
        "osm_type": "node",
        "name": "Candel",
        "outdoor_seating": "yes"
      }
    },
    {
      "type": "Feature",
      "geometry": {
        "type": "Point",
        "coordinates": [
          -0.0492719,
          39.9805096
        ]
      },
      "properties": {
        "id": 4016148789,
        "osm_type": "node",
        "name": "Forn Garcia"
      }
    },
    {
      "type": "Feature",
      "geometry": {
        "type": "Point",
        "coordinates": [
          -0.0433911,
          39.9797076
        ]
      },
      "properties": {
        "id": 4016148793,
        "osm_type": "node",
        "name": "Granier",
        "brand": "Granier",
        "outdoor_seating": "yes"
      }
    },
    {
      "type": "Feature",
      "geometry": {
        "type": "Point",
        "coordinates": [
          -0.0500324,
          39.9797134
        ]
      },
      "properties": {
        "id": 4016148798,
        "osm_type": "node",
        "name": "Kin Dolçor"
      }
    },
    {
      "type": "Feature",
      "geometry": {
        "type": "Point",
        "coordinates": [
          -0.0472765,
          39.9786488
        ]
      },
      "properties": {
        "id": 4016148810,
        "osm_type": "node",
        "name": "Miro"
      }
    },
    {
      "type": "Feature",
      "geometry": {
        "type": "Point",
        "coordinates": [
          -0.0432405,
          39.979823
        ]
      },
      "properties": {
        "id": 4016148830,
        "osm_type": "node",
        "name": "Raimon",
        "outdoor_seating": "no"
      }
    },
    {
      "type": "Feature",
      "geometry": {
        "type": "Point",
        "coordinates": [
          -0.0455446,
          39.978946
        ]
      },
      "properties": {
        "id": 4016148836,
        "osm_type": "node",
        "name": "Smith",
        "outdoor_seating": "no"
      }
    },
    {
      "type": "Feature",
      "geometry": {
        "type": "Point",
        "coordinates": [
          -0.0492418,
          39.9813116
        ]
      },
      "properties": {
        "id": 4016148837,
        "osm_type": "node",
        "name": "Tello"
      }
    },
    {
      "type": "Feature",
      "geometry": {
        "type": "Point",
        "coordinates": [
          -0.2131876,
          39.6652631
        ]
      },
      "properties": {
        "id": 4023388344,
        "osm_type": "node",
        "name": "Chocomel",
        "opening_hours": "8:00-21:30",
        "outdoor_seating": "yes"
      }
    },
    {
      "type": "Feature",
      "geometry": {
        "type": "Point",
        "coordinates": [
          -0.2139197,
          39.6633342
        ]
      },
      "properties": {
        "id": 4023400169,
        "osm_type": "node",
        "name": "Horno Los Amantes"
      }
    },
    {
      "type": "Feature",
      "geometry": {
        "type": "Point",
        "coordinates": [
          -0.2135255,
          39.6654427
        ]
      },
      "properties": {
        "id": 4023400628,
        "osm_type": "node",
        "name": "Domingo"
      }
    },
    {
      "type": "Feature",
      "geometry": {
        "type": "Point",
        "coordinates": [
          -0.2280111,
          39.6656668
        ]
      },
      "properties": {
        "id": 4027588033,
        "osm_type": "node",
        "name": "Canovas",
        "check_date": "2024-05-27"
      }
    },
    {
      "type": "Feature",
      "geometry": {
        "type": "Point",
        "coordinates": [
          -0.2320196,
          39.6639103
        ]
      },
      "properties": {
        "id": 4027592349,
        "osm_type": "node"
      }
    },
    {
      "type": "Feature",
      "geometry": {
        "type": "Point",
        "coordinates": [
          -0.2242058,
          39.6605419
        ]
      },
      "properties": {
        "id": 4027623819,
        "osm_type": "node",
        "name": "Panaderia Victoria"
      }
    },
    {
      "type": "Feature",
      "geometry": {
        "type": "Point",
        "coordinates": [
          -0.2199297,
          39.6594993
        ]
      },
      "properties": {
        "id": 4027627185,
        "osm_type": "node",
        "name": "Horno - Cafetería El Mercat",
        "check_date": "2026-02-19"
      }
    },
    {
      "type": "Feature",
      "geometry": {
        "type": "Point",
        "coordinates": [
          -0.2211052,
          39.664147
        ]
      },
      "properties": {
        "id": 4027627765,
        "osm_type": "node",
        "name": "Don Tifón"
      }
    },
    {
      "type": "Feature",
      "geometry": {
        "type": "Point",
        "coordinates": [
          -0.232202,
          39.6634395
        ]
      },
      "properties": {
        "id": 4027631435,
        "osm_type": "node",
        "name": "Panaderia La Merced"
      }
    },
    {
      "type": "Feature",
      "geometry": {
        "type": "Point",
        "coordinates": [
          -0.2243696,
          39.6648052
        ]
      },
      "properties": {
        "id": 4027635533,
        "osm_type": "node",
        "name": "Merced",
        "check_date": "2024-06-20"
      }
    },
    {
      "type": "Feature",
      "geometry": {
        "type": "Point",
        "coordinates": [
          -0.2337079,
          39.6647321
        ]
      },
      "properties": {
        "id": 4027637916,
        "osm_type": "node",
        "name": "Horno Casinos"
      }
    },
    {
      "type": "Feature",
      "geometry": {
        "type": "Point",
        "coordinates": [
          -0.2358415,
          39.6640109
        ]
      },
      "properties": {
        "id": 4027644714,
        "osm_type": "node",
        "name": "Cafeteria La Forja"
      }
    },
    {
      "type": "Feature",
      "geometry": {
        "type": "Point",
        "coordinates": [
          -0.2332458,
          39.6646863
        ]
      },
      "properties": {
        "id": 4027659565,
        "osm_type": "node",
        "name": "Cafeteria Cafetal",
        "opening_hours": "08:00-22:00; Th 08:00-00:30"
      }
    },
    {
      "type": "Feature",
      "geometry": {
        "type": "Point",
        "coordinates": [
          -0.1155384,
          38.9209339
        ]
      },
      "properties": {
        "id": 4044403504,
        "osm_type": "node",
        "name": "Pastisseria Sanchis",
        "outdoor_seating": "yes"
      }
    },
    {
      "type": "Feature",
      "geometry": {
        "type": "Point",
        "coordinates": [
          -0.1155925,
          38.9218555
        ]
      },
      "properties": {
        "id": 4044449828,
        "osm_type": "node",
        "name": "Pasteleria El Galano"
      }
    },
    {
      "type": "Feature",
      "geometry": {
        "type": "Point",
        "coordinates": [
          -0.3916696,
          39.4572606
        ]
      },
      "properties": {
        "id": 4052437490,
        "osm_type": "node",
        "name": "Los Arcos"
      }
    },
    {
      "type": "Feature",
      "geometry": {
        "type": "Point",
        "coordinates": [
          -0.4997676,
          38.3422779
        ]
      },
      "properties": {
        "id": 4062278152,
        "osm_type": "node",
        "name": "Chocolatería Benalúa"
      }
    },
    {
      "type": "Feature",
      "geometry": {
        "type": "Point",
        "coordinates": [
          -0.4992418,
          38.3411518
        ]
      },
      "properties": {
        "id": 4062297170,
        "osm_type": "node",
        "name": "La Benaluense"
      }
    },
    {
      "type": "Feature",
      "geometry": {
        "type": "Point",
        "coordinates": [
          -0.7213287,
          37.9311217
        ]
      },
      "properties": {
        "id": 4063865243,
        "osm_type": "node"
      }
    },
    {
      "type": "Feature",
      "geometry": {
        "type": "Point",
        "coordinates": [
          -0.7208237,
          37.9312693
        ]
      },
      "properties": {
        "id": 4063865244,
        "osm_type": "node",
        "name": "Flamingos"
      }
    },
    {
      "type": "Feature",
      "geometry": {
        "type": "Point",
        "coordinates": [
          -0.5735916,
          38.6198188
        ]
      },
      "properties": {
        "id": 4083569373,
        "osm_type": "node",
        "name": "La Solana"
      }
    },
    {
      "type": "Feature",
      "geometry": {
        "type": "Point",
        "coordinates": [
          -0.7005215,
          38.2630884
        ]
      },
      "properties": {
        "id": 4086591318,
        "osm_type": "node",
        "name": "Macadamia",
        "opening_hours": "Mo-Sa 07:30-21:00; Su,PH 08:00-21:00"
      }
    },
    {
      "type": "Feature",
      "geometry": {
        "type": "Point",
        "coordinates": [
          -0.9429068,
          38.087583
        ]
      },
      "properties": {
        "id": 4092311836,
        "osm_type": "node",
        "name": "Bar Alberto",
        "opening_hours": "Tu-Sa 08:00-21:00; Su 08:00-24:00"
      }
    },
    {
      "type": "Feature",
      "geometry": {
        "type": "Point",
        "coordinates": [
          -0.2831645,
          39.684654
        ]
      },
      "properties": {
        "id": 4102209071,
        "osm_type": "node",
        "name": "A l'Altre Costat"
      }
    },
    {
      "type": "Feature",
      "geometry": {
        "type": "Point",
        "coordinates": [
          0.1051895,
          38.8344883
        ]
      },
      "properties": {
        "id": 4106971999,
        "osm_type": "node",
        "name": "VOLT",
        "opening_hours": "Mo-Sa 09:00-17:00",
        "outdoor_seating": "yes"
      }
    },
    {
      "type": "Feature",
      "geometry": {
        "type": "Point",
        "coordinates": [
          -0.6446038,
          38.146535
        ]
      },
      "properties": {
        "id": 4107097399,
        "osm_type": "node",
        "name": "Mandala"
      }
    },
    {
      "type": "Feature",
      "geometry": {
        "type": "Point",
        "coordinates": [
          -0.6451537,
          38.1446252
        ]
      },
      "properties": {
        "id": 4107289637,
        "osm_type": "node",
        "name": "Sul·la"
      }
    },
    {
      "type": "Feature",
      "geometry": {
        "type": "Point",
        "coordinates": [
          -0.3910224,
          39.457279
        ]
      },
      "properties": {
        "id": 4111787064,
        "osm_type": "node",
        "name": "Horno El Capricho de Ana Melgar",
        "opening_hours": "Mo-Sa 07:00-21:00; Su,PH 08:00-21:00"
      }
    },
    {
      "type": "Feature",
      "geometry": {
        "type": "Point",
        "coordinates": [
          -0.4908282,
          38.347242
        ]
      },
      "properties": {
        "id": 4113740406,
        "osm_type": "node",
        "name": "Croissanteria Quintana",
        "opening_hours": "Mo-Fr 08:00-14:30, 17:00-20:30; Sa 08:30-14:00"
      }
    },
    {
      "type": "Feature",
      "geometry": {
        "type": "Point",
        "coordinates": [
          -0.4807721,
          38.3450486
        ]
      },
      "properties": {
        "id": 4113906616,
        "osm_type": "node",
        "name": "Plaza 2"
      }
    },
    {
      "type": "Feature",
      "geometry": {
        "type": "Point",
        "coordinates": [
          -0.481429,
          38.3449179
        ]
      },
      "properties": {
        "id": 4113906617,
        "osm_type": "node"
      }
    },
    {
      "type": "Feature",
      "geometry": {
        "type": "Point",
        "coordinates": [
          -0.5316451,
          39.5658829
        ]
      },
      "properties": {
        "id": 4117158111,
        "osm_type": "node",
        "name": "Mamushka L'Eliana",
        "opening_hours": "Tu-Fr 15:45-21:00; Sa-Su 17:30-22:00"
      }
    },
    {
      "type": "Feature",
      "geometry": {
        "type": "Point",
        "coordinates": [
          -0.5061996,
          38.3815042
        ]
      },
      "properties": {
        "id": 4122539191,
        "osm_type": "node",
        "name": "Bombón Boss"
      }
    },
    {
      "type": "Feature",
      "geometry": {
        "type": "Point",
        "coordinates": [
          -0.3535141,
          39.4962463
        ]
      },
      "properties": {
        "id": 4145170801,
        "osm_type": "node",
        "name": "Titi's Coffee"
      }
    },
    {
      "type": "Feature",
      "geometry": {
        "type": "Point",
        "coordinates": [
          -0.3491381,
          39.459354
        ]
      },
      "properties": {
        "id": 4158521489,
        "osm_type": "node",
        "name": "Panaderia Migas",
        "opening_hours": "Mo-Fr 07:00-21:00; Sa 08:00-21:00; Su 08:00-15:00"
      }
    },
    {
      "type": "Feature",
      "geometry": {
        "type": "Point",
        "coordinates": [
          -0.4730665,
          39.4319967
        ]
      },
      "properties": {
        "id": 4161512455,
        "osm_type": "node",
        "name": "Rustic",
        "opening_hours": "Mo-Fr 08:00-21:00; Sa, Su 09:00-14:30, 17:00-21:00"
      }
    },
    {
      "type": "Feature",
      "geometry": {
        "type": "Point",
        "coordinates": [
          -0.6795512,
          37.9903773
        ]
      },
      "properties": {
        "id": 4165921070,
        "osm_type": "node",
        "name": "La Brasería"
      }
    },
    {
      "type": "Feature",
      "geometry": {
        "type": "Point",
        "coordinates": [
          -0.6874121,
          37.9784243
        ]
      },
      "properties": {
        "id": 4166223489,
        "osm_type": "node",
        "name": "Albalajedo"
      }
    },
    {
      "type": "Feature",
      "geometry": {
        "type": "Point",
        "coordinates": [
          -0.698377,
          37.9702017
        ]
      },
      "properties": {
        "id": 4167240341,
        "osm_type": "node",
        "name": "La Teraza"
      }
    },
    {
      "type": "Feature",
      "geometry": {
        "type": "Point",
        "coordinates": [
          -0.6992358,
          37.9669386
        ]
      },
      "properties": {
        "id": 4167248959,
        "osm_type": "node",
        "name": "Evelin"
      }
    },
    {
      "type": "Feature",
      "geometry": {
        "type": "Point",
        "coordinates": [
          -0.6995448,
          37.9672965
        ]
      },
      "properties": {
        "id": 4167248960,
        "osm_type": "node",
        "name": "Mare Nostrum"
      }
    },
    {
      "type": "Feature",
      "geometry": {
        "type": "Point",
        "coordinates": [
          -0.6933247,
          37.974675
        ]
      },
      "properties": {
        "id": 4167282099,
        "osm_type": "node",
        "name": "Jelúa"
      }
    },
    {
      "type": "Feature",
      "geometry": {
        "type": "Point",
        "coordinates": [
          -0.6863571,
          37.9815822
        ]
      },
      "properties": {
        "id": 4169807891,
        "osm_type": "node"
      }
    },
    {
      "type": "Feature",
      "geometry": {
        "type": "Point",
        "coordinates": [
          -0.683648,
          37.9839275
        ]
      },
      "properties": {
        "id": 4169807898,
        "osm_type": "node",
        "name": "Swevi Café El Molino"
      }
    },
    {
      "type": "Feature",
      "geometry": {
        "type": "Point",
        "coordinates": [
          -0.5125587,
          39.8511982
        ]
      },
      "properties": {
        "id": 4179460889,
        "osm_type": "node",
        "name": "Panaderia La Palmera"
      }
    },
    {
      "type": "Feature",
      "geometry": {
        "type": "Point",
        "coordinates": [
          -0.5657953,
          39.9481597
        ]
      },
      "properties": {
        "id": 4198421406,
        "osm_type": "node"
      }
    },
    {
      "type": "Feature",
      "geometry": {
        "type": "Point",
        "coordinates": [
          -0.8184419,
          38.5375834
        ]
      },
      "properties": {
        "id": 4202025294,
        "osm_type": "node",
        "name": "Cafetería Dulcinea",
        "outdoor_seating": "yes"
      }
    },
    {
      "type": "Feature",
      "geometry": {
        "type": "Point",
        "coordinates": [
          -0.8185027,
          38.5373463
        ]
      },
      "properties": {
        "id": 4202146503,
        "osm_type": "node",
        "name": "Peña Madridista"
      }
    },
    {
      "type": "Feature",
      "geometry": {
        "type": "Point",
        "coordinates": [
          -0.8179146,
          38.5374384
        ]
      },
      "properties": {
        "id": 4205222690,
        "osm_type": "node",
        "name": "Café-bar Camarote"
      }
    },
    {
      "type": "Feature",
      "geometry": {
        "type": "Point",
        "coordinates": [
          -0.8211079,
          38.5340363
        ]
      },
      "properties": {
        "id": 4205248495,
        "osm_type": "node",
        "name": "Despacho de pan Santa Ana"
      }
    },
    {
      "type": "Feature",
      "geometry": {
        "type": "Point",
        "coordinates": [
          -0.8200777,
          38.5352233
        ]
      },
      "properties": {
        "id": 4205322389,
        "osm_type": "node",
        "name": "Despacho de pan la Moreneta"
      }
    },
    {
      "type": "Feature",
      "geometry": {
        "type": "Point",
        "coordinates": [
          -0.8199604,
          38.5353642
        ]
      },
      "properties": {
        "id": 4205322391,
        "osm_type": "node",
        "name": "Panaderia El rojo"
      }
    },
    {
      "type": "Feature",
      "geometry": {
        "type": "Point",
        "coordinates": [
          -0.8190736,
          38.5363737
        ]
      },
      "properties": {
        "id": 4205360799,
        "osm_type": "node",
        "name": "panaderia El Cano"
      }
    },
    {
      "type": "Feature",
      "geometry": {
        "type": "Point",
        "coordinates": [
          -0.8160059,
          38.5363205
        ]
      },
      "properties": {
        "id": 4205473390,
        "osm_type": "node",
        "name": "Café Eclipse",
        "outdoor_seating": "yes"
      }
    },
    {
      "type": "Feature",
      "geometry": {
        "type": "Point",
        "coordinates": [
          -0.8159782,
          38.5364844
        ]
      },
      "properties": {
        "id": 4205473392,
        "osm_type": "node",
        "name": "Rustiko"
      }
    },
    {
      "type": "Feature",
      "geometry": {
        "type": "Point",
        "coordinates": [
          -0.8173236,
          38.5350239
        ]
      },
      "properties": {
        "id": 4205613289,
        "osm_type": "node",
        "name": "café-bar Ibiza"
      }
    },
    {
      "type": "Feature",
      "geometry": {
        "type": "Point",
        "coordinates": [
          -0.8167147,
          38.5357445
        ]
      },
      "properties": {
        "id": 4205634289,
        "osm_type": "node",
        "name": "Cervezería Mío Cid",
        "outdoor_seating": "yes"
      }
    },
    {
      "type": "Feature",
      "geometry": {
        "type": "Point",
        "coordinates": [
          -0.6518338,
          38.0870369
        ]
      },
      "properties": {
        "id": 4205643734,
        "osm_type": "node",
        "name": "delnano",
        "outdoor_seating": "yes"
      }
    },
    {
      "type": "Feature",
      "geometry": {
        "type": "Point",
        "coordinates": [
          -0.8165539,
          38.5376256
        ]
      },
      "properties": {
        "id": 4205747390,
        "osm_type": "node",
        "name": "Pastelería-Bollería El bombón"
      }
    },
    {
      "type": "Feature",
      "geometry": {
        "type": "Point",
        "coordinates": [
          -0.8158062,
          38.5383235
        ]
      },
      "properties": {
        "id": 4205762889,
        "osm_type": "node",
        "name": "Café-bar Los Amigos"
      }
    },
    {
      "type": "Feature",
      "geometry": {
        "type": "Point",
        "coordinates": [
          -0.8195628,
          38.5343313
        ]
      },
      "properties": {
        "id": 4205825493,
        "osm_type": "node",
        "name": "La Senda",
        "outdoor_seating": "yes"
      }
    },
    {
      "type": "Feature",
      "geometry": {
        "type": "Point",
        "coordinates": [
          -0.8201767,
          38.5340883
        ]
      },
      "properties": {
        "id": 4205825495,
        "osm_type": "node",
        "name": "Victoria",
        "outdoor_seating": "yes"
      }
    },
    {
      "type": "Feature",
      "geometry": {
        "type": "Point",
        "coordinates": [
          -0.8202206,
          38.5364268
        ]
      },
      "properties": {
        "id": 4209491042,
        "osm_type": "node",
        "name": "Café-Teatro"
      }
    },
    {
      "type": "Feature",
      "geometry": {
        "type": "Point",
        "coordinates": [
          -0.8220657,
          38.5354812
        ]
      },
      "properties": {
        "id": 4209499665,
        "osm_type": "node",
        "name": "Confitería Toñi"
      }
    },
    {
      "type": "Feature",
      "geometry": {
        "type": "Point",
        "coordinates": [
          -0.3598577,
          39.4686139
        ]
      },
      "properties": {
        "id": 4211260189,
        "osm_type": "node",
        "name": "Borinot"
      }
    },
    {
      "type": "Feature",
      "geometry": {
        "type": "Point",
        "coordinates": [
          -0.3464383,
          39.4565314
        ]
      },
      "properties": {
        "id": 4243934693,
        "osm_type": "node",
        "name": "Neco",
        "opening_hours": "Mo-Su 13:15-17:00, 20:00-23:00"
      }
    },
    {
      "type": "Feature",
      "geometry": {
        "type": "Point",
        "coordinates": [
          -0.3737961,
          39.4697483
        ]
      },
      "properties": {
        "id": 4243940490,
        "osm_type": "node",
        "name": "Neco",
        "opening_hours": "Su-Th 13:00-16:30, 20:00-23:00; Fr-Sa 13:00-16:30, 20:00-23:30"
      }
    },
    {
      "type": "Feature",
      "geometry": {
        "type": "Point",
        "coordinates": [
          0.0834952,
          38.7735254
        ]
      },
      "properties": {
        "id": 4256054314,
        "osm_type": "node"
      }
    },
    {
      "type": "Feature",
      "geometry": {
        "type": "Point",
        "coordinates": [
          -0.7980961,
          39.2898161
        ]
      },
      "properties": {
        "id": 4258568276,
        "osm_type": "node",
        "name": "Horno Carmen"
      }
    },
    {
      "type": "Feature",
      "geometry": {
        "type": "Point",
        "coordinates": [
          0.1060598,
          38.8375675
        ]
      },
      "properties": {
        "id": 4271309899,
        "osm_type": "node",
        "name": "Duffin Dagels",
        "opening_hours": "Mo-Su 08:30-14:00, 16:00-21:00",
        "outdoor_seating": "yes"
      }
    },
    {
      "type": "Feature",
      "geometry": {
        "type": "Point",
        "coordinates": [
          -0.0638233,
          39.9927589
        ]
      },
      "properties": {
        "id": 4291159758,
        "osm_type": "node",
        "name": "Tram's Coffee",
        "opening_hours": "07:00-24:00",
        "outdoor_seating": "yes"
      }
    },
    {
      "type": "Feature",
      "geometry": {
        "type": "Point",
        "coordinates": [
          0.1905272,
          38.7715985
        ]
      },
      "properties": {
        "id": 4294611592,
        "osm_type": "node",
        "name": "Café Wien & Pastelería Austriaco"
      }
    },
    {
      "type": "Feature",
      "geometry": {
        "type": "Point",
        "coordinates": [
          -0.1905461,
          39.0404116
        ]
      },
      "properties": {
        "id": 4299208653,
        "osm_type": "node",
        "name": "D' Hui"
      }
    },
    {
      "type": "Feature",
      "geometry": {
        "type": "Point",
        "coordinates": [
          -0.1882769,
          38.9632114
        ]
      },
      "properties": {
        "id": 4299279308,
        "osm_type": "node",
        "name": "Lucía"
      }
    },
    {
      "type": "Feature",
      "geometry": {
        "type": "Point",
        "coordinates": [
          -0.1841195,
          38.9655454
        ]
      },
      "properties": {
        "id": 4299279417,
        "osm_type": "node",
        "name": "Teatro Serrano"
      }
    },
    {
      "type": "Feature",
      "geometry": {
        "type": "Point",
        "coordinates": [
          -0.181209,
          38.9653396
        ]
      },
      "properties": {
        "id": 4300378234,
        "osm_type": "node",
        "name": "Antiu Xixona"
      }
    },
    {
      "type": "Feature",
      "geometry": {
        "type": "Point",
        "coordinates": [
          -0.1816853,
          38.9656723
        ]
      },
      "properties": {
        "id": 4300378248,
        "osm_type": "node",
        "name": "Cafenet"
      }
    },
    {
      "type": "Feature",
      "geometry": {
        "type": "Point",
        "coordinates": [
          -0.1812357,
          38.9668214
        ]
      },
      "properties": {
        "id": 4300378260,
        "osm_type": "node",
        "name": "Granier",
        "brand": "Granier",
        "outdoor_seating": "yes"
      }
    },
    {
      "type": "Feature",
      "geometry": {
        "type": "Point",
        "coordinates": [
          -0.1815215,
          38.9660708
        ]
      },
      "properties": {
        "id": 4300378281,
        "osm_type": "node",
        "name": "Zumería"
      }
    },
    {
      "type": "Feature",
      "geometry": {
        "type": "Point",
        "coordinates": [
          -0.1804588,
          38.9654142
        ]
      },
      "properties": {
        "id": 4300378287,
        "osm_type": "node",
        "name": "Grefusa"
      }
    },
    {
      "type": "Feature",
      "geometry": {
        "type": "Point",
        "coordinates": [
          -0.0629588,
          39.9925506
        ]
      },
      "properties": {
        "id": 4307632481,
        "osm_type": "node",
        "name": "El Taller",
        "takeaway": "yes"
      }
    },
    {
      "type": "Feature",
      "geometry": {
        "type": "Point",
        "coordinates": [
          -0.3853671,
          39.4783071
        ]
      },
      "properties": {
        "id": 4308650775,
        "osm_type": "node",
        "name": "Cafe del Duende",
        "opening_hours": "Mo-Su 10:00-22:00"
      }
    },
    {
      "type": "Feature",
      "geometry": {
        "type": "Point",
        "coordinates": [
          -0.3421405,
          38.7846077
        ]
      },
      "properties": {
        "id": 4313902379,
        "osm_type": "node",
        "name": "El Molí"
      }
    },
    {
      "type": "Feature",
      "geometry": {
        "type": "Point",
        "coordinates": [
          -0.7024646,
          38.2736418
        ]
      },
      "properties": {
        "id": 4315457790,
        "osm_type": "node",
        "name": "Despacho de pan Mateu"
      }
    },
    {
      "type": "Feature",
      "geometry": {
        "type": "Point",
        "coordinates": [
          -0.8761323,
          38.122654
        ]
      },
      "properties": {
        "id": 4315683128,
        "osm_type": "node",
        "name": "Manhattan"
      }
    },
    {
      "type": "Feature",
      "geometry": {
        "type": "Point",
        "coordinates": [
          -0.442035,
          39.4828869
        ]
      },
      "properties": {
        "id": 4316740698,
        "osm_type": "node",
        "name": "El Fanalet"
      }
    },
    {
      "type": "Feature",
      "geometry": {
        "type": "Point",
        "coordinates": [
          -0.6459119,
          38.1441106
        ]
      },
      "properties": {
        "id": 4320334509,
        "osm_type": "node",
        "name": "Caribe"
      }
    },
    {
      "type": "Feature",
      "geometry": {
        "type": "Point",
        "coordinates": [
          -0.6459365,
          38.1450541
        ]
      },
      "properties": {
        "id": 4320334518,
        "osm_type": "node",
        "name": "El Fornet de Carolina"
      }
    },
    {
      "type": "Feature",
      "geometry": {
        "type": "Point",
        "coordinates": [
          -0.6456268,
          38.1461648
        ]
      },
      "properties": {
        "id": 4320334534,
        "osm_type": "node",
        "name": "La Escuera",
        "outdoor_seating": "yes"
      }
    },
    {
      "type": "Feature",
      "geometry": {
        "type": "Point",
        "coordinates": [
          -0.645957,
          38.1438358
        ]
      },
      "properties": {
        "id": 4320334547,
        "osm_type": "node",
        "name": "Soterín",
        "outdoor_seating": "no"
      }
    },
    {
      "type": "Feature",
      "geometry": {
        "type": "Point",
        "coordinates": [
          -0.6449102,
          38.1474384
        ]
      },
      "properties": {
        "id": 4320334548,
        "osm_type": "node",
        "name": "Soterín"
      }
    },
    {
      "type": "Feature",
      "geometry": {
        "type": "Point",
        "coordinates": [
          -0.1135477,
          38.5350173
        ]
      },
      "properties": {
        "id": 4342510143,
        "osm_type": "node",
        "name": "Copacabana",
        "check_date": "2023-01-09"
      }
    },
    {
      "type": "Feature",
      "geometry": {
        "type": "Point",
        "coordinates": [
          -0.6540354,
          38.0836725
        ]
      },
      "properties": {
        "id": 4346352492,
        "osm_type": "node",
        "name": "Bar-Tienda Marcel"
      }
    },
    {
      "type": "Feature",
      "geometry": {
        "type": "Point",
        "coordinates": [
          -0.6819226,
          37.9763317
        ]
      },
      "properties": {
        "id": 4347735697,
        "osm_type": "node",
        "name": "Plantaciones de origen"
      }
    },
    {
      "type": "Feature",
      "geometry": {
        "type": "Point",
        "coordinates": [
          -0.8661248,
          37.9911565
        ]
      },
      "properties": {
        "id": 4350892035,
        "osm_type": "node",
        "name": "Café d'Aaron"
      }
    },
    {
      "type": "Feature",
      "geometry": {
        "type": "Point",
        "coordinates": [
          -0.8644375,
          37.9910181
        ]
      },
      "properties": {
        "id": 4350892037,
        "osm_type": "node",
        "name": "Despacho de pan"
      }
    },
    {
      "type": "Feature",
      "geometry": {
        "type": "Point",
        "coordinates": [
          -0.6828976,
          37.9769627
        ]
      },
      "properties": {
        "id": 4352156890,
        "osm_type": "node",
        "name": "Chocolatería Valor",
        "outdoor_seating": "yes"
      }
    },
    {
      "type": "Feature",
      "geometry": {
        "type": "Point",
        "coordinates": [
          -0.3248834,
          39.4739519
        ]
      },
      "properties": {
        "id": 4360523390,
        "osm_type": "node",
        "name": "playa"
      }
    },
    {
      "type": "Feature",
      "geometry": {
        "type": "Point",
        "coordinates": [
          -0.2134078,
          39.0310092
        ]
      },
      "properties": {
        "id": 4361914929,
        "osm_type": "node",
        "name": "Cafeteria Empau"
      }
    },
    {
      "type": "Feature",
      "geometry": {
        "type": "Point",
        "coordinates": [
          -0.2142332,
          39.0338698
        ]
      },
      "properties": {
        "id": 4361914934,
        "osm_type": "node",
        "name": "Pastisseria Salva"
      }
    },
    {
      "type": "Feature",
      "geometry": {
        "type": "Point",
        "coordinates": [
          0.1386464,
          40.0933301
        ]
      },
      "properties": {
        "id": 4367830689,
        "osm_type": "node",
        "name": "Panadería Marga"
      }
    },
    {
      "type": "Feature",
      "geometry": {
        "type": "Point",
        "coordinates": [
          -0.2271733,
          39.8208743
        ]
      },
      "properties": {
        "id": 4379760806,
        "osm_type": "node",
        "name": "MonSucre Pastisseria"
      }
    },
    {
      "type": "Feature",
      "geometry": {
        "type": "Point",
        "coordinates": [
          -0.1278787,
          38.5353958
        ]
      },
      "properties": {
        "id": 4395093990,
        "osm_type": "node",
        "name": "Cafetería Rico",
        "check_date": "2023-10-28"
      }
    },
    {
      "type": "Feature",
      "geometry": {
        "type": "Point",
        "coordinates": [
          -0.1274695,
          38.5355232
        ]
      },
      "properties": {
        "id": 4395120390,
        "osm_type": "node",
        "name": "Helados Sirvent",
        "check_date": "2023-10-28"
      }
    },
    {
      "type": "Feature",
      "geometry": {
        "type": "Point",
        "coordinates": [
          -0.3725283,
          39.4731439
        ]
      },
      "properties": {
        "id": 4396025694,
        "osm_type": "node",
        "name": "Cafetería La Nau"
      }
    },
    {
      "type": "Feature",
      "geometry": {
        "type": "Point",
        "coordinates": [
          -0.375516,
          39.4759823
        ]
      },
      "properties": {
        "id": 4396060289,
        "osm_type": "node",
        "name": "Cafetería la Virgen"
      }
    },
    {
      "type": "Feature",
      "geometry": {
        "type": "Point",
        "coordinates": [
          -0.5226646,
          38.3977541
        ]
      },
      "properties": {
        "id": 4398009338,
        "osm_type": "node"
      }
    },
    {
      "type": "Feature",
      "geometry": {
        "type": "Point",
        "coordinates": [
          -0.124618,
          38.538155
        ]
      },
      "properties": {
        "id": 4405971165,
        "osm_type": "node",
        "name": "Panadería Belga"
      }
    },
    {
      "type": "Feature",
      "geometry": {
        "type": "Point",
        "coordinates": [
          -0.1184287,
          38.5357186
        ]
      },
      "properties": {
        "id": 4406717532,
        "osm_type": "node",
        "name": "Cafetería Durá"
      }
    },
    {
      "type": "Feature",
      "geometry": {
        "type": "Point",
        "coordinates": [
          -0.1185797,
          38.536921
        ]
      },
      "properties": {
        "id": 4406849724,
        "osm_type": "node",
        "name": "Jolly's",
        "outdoor_seating": "yes",
        "check_date": "2024-10-26"
      }
    },
    {
      "type": "Feature",
      "geometry": {
        "type": "Point",
        "coordinates": [
          -0.121674,
          38.5372083
        ]
      },
      "properties": {
        "id": 4406881287,
        "osm_type": "node",
        "name": "Cafetería Agir"
      }
    },
    {
      "type": "Feature",
      "geometry": {
        "type": "Point",
        "coordinates": [
          -0.3473384,
          39.4705206
        ]
      },
      "properties": {
        "id": 4407061293,
        "osm_type": "node",
        "name": "La clave"
      }
    },
    {
      "type": "Feature",
      "geometry": {
        "type": "Point",
        "coordinates": [
          -0.2192078,
          39.6635654
        ]
      },
      "properties": {
        "id": 4408214076,
        "osm_type": "node",
        "name": "Café Principal"
      }
    },
    {
      "type": "Feature",
      "geometry": {
        "type": "Point",
        "coordinates": [
          -0.2109183,
          39.6617264
        ]
      },
      "properties": {
        "id": 4409532444,
        "osm_type": "node",
        "name": "Gelateria Veneta",
        "check_date": "2024-05-27"
      }
    },
    {
      "type": "Feature",
      "geometry": {
        "type": "Point",
        "coordinates": [
          -0.1591961,
          38.8045441
        ]
      },
      "properties": {
        "id": 4415120179,
        "osm_type": "node"
      }
    },
    {
      "type": "Feature",
      "geometry": {
        "type": "Point",
        "coordinates": [
          -0.5558855,
          38.192188
        ]
      },
      "properties": {
        "id": 4416535900,
        "osm_type": "node",
        "name": "Juande"
      }
    },
    {
      "type": "Feature",
      "geometry": {
        "type": "Point",
        "coordinates": [
          -0.5552682,
          38.1918311
        ]
      },
      "properties": {
        "id": 4416535903,
        "osm_type": "node",
        "name": "La Fortaleza"
      }
    },
    {
      "type": "Feature",
      "geometry": {
        "type": "Point",
        "coordinates": [
          -0.5581098,
          38.1948053
        ]
      },
      "properties": {
        "id": 4417769959,
        "osm_type": "node",
        "name": "Paquito"
      }
    },
    {
      "type": "Feature",
      "geometry": {
        "type": "Point",
        "coordinates": [
          -0.5630514,
          38.1923655
        ]
      },
      "properties": {
        "id": 4418140336,
        "osm_type": "node",
        "name": "La Casa de Marta"
      }
    },
    {
      "type": "Feature",
      "geometry": {
        "type": "Point",
        "coordinates": [
          -0.6968407,
          38.2654718
        ]
      },
      "properties": {
        "id": 4426152607,
        "osm_type": "node",
        "name": "Boutique de Café"
      }
    },
    {
      "type": "Feature",
      "geometry": {
        "type": "Point",
        "coordinates": [
          -0.4018537,
          39.4714676
        ]
      },
      "properties": {
        "id": 4431093602,
        "osm_type": "node",
        "name": "Forn de Sant Vicent Ferrer"
      }
    },
    {
      "type": "Feature",
      "geometry": {
        "type": "Point",
        "coordinates": [
          -0.2195394,
          39.6624926
        ]
      },
      "properties": {
        "id": 4431537837,
        "osm_type": "node",
        "name": "El encuentro",
        "check_date": "2026-02-19"
      }
    },
    {
      "type": "Feature",
      "geometry": {
        "type": "Point",
        "coordinates": [
          -0.2185681,
          39.6619858
        ]
      },
      "properties": {
        "id": 4431543318,
        "osm_type": "node",
        "name": "Café De Luz",
        "check_date": "2026-02-19"
      }
    },
    {
      "type": "Feature",
      "geometry": {
        "type": "Point",
        "coordinates": [
          -0.2127529,
          39.659784
        ]
      },
      "properties": {
        "id": 4441332633,
        "osm_type": "node",
        "name": "Bar Voramar",
        "opening_hours": "Mo-Th 05:00-17:00; Fr 05:00-16:00,19:00-24:00; Sa,Su 07:00-16:00,19:00-24:00"
      }
    },
    {
      "type": "Feature",
      "geometry": {
        "type": "Point",
        "coordinates": [
          -0.2100708,
          39.6627063
        ]
      },
      "properties": {
        "id": 4444493660,
        "osm_type": "node",
        "name": "Vistalmar"
      }
    },
    {
      "type": "Feature",
      "geometry": {
        "type": "Point",
        "coordinates": [
          -0.2097254,
          39.6630702
        ]
      },
      "properties": {
        "id": 4444493940,
        "osm_type": "node",
        "name": "Café Bar Trenzas"
      }
    },
    {
      "type": "Feature",
      "geometry": {
        "type": "Point",
        "coordinates": [
          -0.2161853,
          39.6571671
        ]
      },
      "properties": {
        "id": 4444494100,
        "osm_type": "node",
        "name": "Todo a un euro"
      }
    },
    {
      "type": "Feature",
      "geometry": {
        "type": "Point",
        "coordinates": [
          -0.2147474,
          39.6637523
        ]
      },
      "properties": {
        "id": 4449630068,
        "osm_type": "node",
        "name": "Cafetería De Marco"
      }
    },
    {
      "type": "Feature",
      "geometry": {
        "type": "Point",
        "coordinates": [
          -0.0367177,
          39.9852447
        ]
      },
      "properties": {
        "id": 4450675589,
        "osm_type": "node",
        "name": "Café Barista",
        "opening_hours": "Mo-Su 07:30-22:00",
        "outdoor_seating": "no",
        "check_date": "2025-12-12"
      }
    },
    {
      "type": "Feature",
      "geometry": {
        "type": "Point",
        "coordinates": [
          -0.2308572,
          39.6639191
        ]
      },
      "properties": {
        "id": 4452415069,
        "osm_type": "node",
        "name": "Café latte"
      }
    },
    {
      "type": "Feature",
      "geometry": {
        "type": "Point",
        "coordinates": [
          -0.2118963,
          39.662985
        ]
      },
      "properties": {
        "id": 4452423789,
        "osm_type": "node",
        "name": "Cafetería Hermosilla"
      }
    },
    {
      "type": "Feature",
      "geometry": {
        "type": "Point",
        "coordinates": [
          -0.2295848,
          39.6624518
        ]
      },
      "properties": {
        "id": 4452484767,
        "osm_type": "node",
        "name": "Trappola"
      }
    },
    {
      "type": "Feature",
      "geometry": {
        "type": "Point",
        "coordinates": [
          -0.4973107,
          38.3635958
        ]
      },
      "properties": {
        "id": 4452510404,
        "osm_type": "node",
        "name": "La causa"
      }
    },
    {
      "type": "Feature",
      "geometry": {
        "type": "Point",
        "coordinates": [
          -0.2338025,
          39.6673788
        ]
      },
      "properties": {
        "id": 4453421360,
        "osm_type": "node",
        "name": "Cafetería Juan de Ribera",
        "check_date": "2024-06-11"
      }
    },
    {
      "type": "Feature",
      "geometry": {
        "type": "Point",
        "coordinates": [
          -0.2335828,
          39.6669793
        ]
      },
      "properties": {
        "id": 4453445916,
        "osm_type": "node",
        "name": "Cafetería Hípica Bocateria",
        "check_date": "2024-06-11"
      }
    },
    {
      "type": "Feature",
      "geometry": {
        "type": "Point",
        "coordinates": [
          0.2783484,
          40.2448469
        ]
      },
      "properties": {
        "id": 4459167880,
        "osm_type": "node",
        "name": "Bar la Maya",
        "check_date": "2025-12-11"
      }
    },
    {
      "type": "Feature",
      "geometry": {
        "type": "Point",
        "coordinates": [
          -0.4727754,
          38.3491424
        ]
      },
      "properties": {
        "id": 4472236189,
        "osm_type": "node",
        "name": "Trisurco"
      }
    },
    {
      "type": "Feature",
      "geometry": {
        "type": "Point",
        "coordinates": [
          -0.2296585,
          39.6671859
        ]
      },
      "properties": {
        "id": 4476615633,
        "osm_type": "node",
        "name": "Panadería La Merced",
        "check_date": "2026-01-26"
      }
    },
    {
      "type": "Feature",
      "geometry": {
        "type": "Point",
        "coordinates": [
          -0.375166,
          39.4738214
        ]
      },
      "properties": {
        "id": 4510176990,
        "osm_type": "node",
        "name": "Cappuccino Valencia",
        "outdoor_seating": "yes",
        "check_date": "2025-01-07"
      }
    },
    {
      "type": "Feature",
      "geometry": {
        "type": "Point",
        "coordinates": [
          -0.2784333,
          39.6797303
        ]
      },
      "properties": {
        "id": 4521741916,
        "osm_type": "node",
        "name": "El Cantonet",
        "outdoor_seating": "yes"
      }
    },
    {
      "type": "Feature",
      "geometry": {
        "type": "Point",
        "coordinates": [
          0.0104831,
          38.8641533
        ]
      },
      "properties": {
        "id": 4522987976,
        "osm_type": "node",
        "name": "Naunet"
      }
    },
    {
      "type": "Feature",
      "geometry": {
        "type": "Point",
        "coordinates": [
          -0.4403262,
          39.1489472
        ]
      },
      "properties": {
        "id": 4524510524,
        "osm_type": "node",
        "name": "Cafetería Delmar",
        "outdoor_seating": "yes"
      }
    },
    {
      "type": "Feature",
      "geometry": {
        "type": "Point",
        "coordinates": [
          -0.4377219,
          39.1511242
        ]
      },
      "properties": {
        "id": 4524510529,
        "osm_type": "node",
        "name": "Cafetería Velázquez",
        "outdoor_seating": "yes"
      }
    },
    {
      "type": "Feature",
      "geometry": {
        "type": "Point",
        "coordinates": [
          -0.4301524,
          39.1637438
        ]
      },
      "properties": {
        "id": 4524562338,
        "osm_type": "node",
        "name": "Quin Pizzeria",
        "outdoor_seating": "no"
      }
    },
    {
      "type": "Feature",
      "geometry": {
        "type": "Point",
        "coordinates": [
          -0.2272842,
          39.8200483
        ]
      },
      "properties": {
        "id": 4535558117,
        "osm_type": "node",
        "name": "La Saragosseta"
      }
    },
    {
      "type": "Feature",
      "geometry": {
        "type": "Point",
        "coordinates": [
          -0.7049792,
          38.256419
        ]
      },
      "properties": {
        "id": 4544785487,
        "osm_type": "node",
        "name": "Pansano's"
      }
    },
    {
      "type": "Feature",
      "geometry": {
        "type": "Point",
        "coordinates": [
          -0.4931694,
          38.3625297
        ]
      },
      "properties": {
        "id": 4548095556,
        "osm_type": "node",
        "name": "Panadería José María García"
      }
    },
    {
      "type": "Feature",
      "geometry": {
        "type": "Point",
        "coordinates": [
          0.1473814,
          40.09615
        ]
      },
      "properties": {
        "id": 4568413862,
        "osm_type": "node",
        "name": "Casa Tere"
      }
    },
    {
      "type": "Feature",
      "geometry": {
        "type": "Point",
        "coordinates": [
          -0.1262424,
          38.9591205
        ]
      },
      "properties": {
        "id": 4569224157,
        "osm_type": "node",
        "name": "Mirador"
      }
    },
    {
      "type": "Feature",
      "geometry": {
        "type": "Point",
        "coordinates": [
          -0.2327402,
          39.6650095
        ]
      },
      "properties": {
        "id": 4591431824,
        "osm_type": "node",
        "name": "Bar 9 de Octubre"
      }
    },
    {
      "type": "Feature",
      "geometry": {
        "type": "Point",
        "coordinates": [
          -0.3290668,
          39.5756743
        ]
      },
      "properties": {
        "id": 4594845928,
        "osm_type": "node",
        "name": "horchateria bamboo"
      }
    },
    {
      "type": "Feature",
      "geometry": {
        "type": "Point",
        "coordinates": [
          -0.3291399,
          39.5755343
        ]
      },
      "properties": {
        "id": 4594845929,
        "osm_type": "node",
        "name": "Cafeteria vizcainos"
      }
    },
    {
      "type": "Feature",
      "geometry": {
        "type": "Point",
        "coordinates": [
          -0.4835293,
          38.3445813
        ]
      },
      "properties": {
        "id": 4596954090,
        "osm_type": "node",
        "name": "Heladería Borgonesse"
      }
    },
    {
      "type": "Feature",
      "geometry": {
        "type": "Point",
        "coordinates": [
          -0.4812968,
          38.3442736
        ]
      },
      "properties": {
        "id": 4596966189,
        "osm_type": "node",
        "name": "Vanadí"
      }
    },
    {
      "type": "Feature",
      "geometry": {
        "type": "Point",
        "coordinates": [
          -0.5545079,
          39.5900177
        ]
      },
      "properties": {
        "id": 4649576993,
        "osm_type": "node",
        "name": "Bar Racó"
      }
    },
    {
      "type": "Feature",
      "geometry": {
        "type": "Point",
        "coordinates": [
          -0.5551184,
          39.58717
        ]
      },
      "properties": {
        "id": 4649577004,
        "osm_type": "node",
        "name": "El Negre"
      }
    },
    {
      "type": "Feature",
      "geometry": {
        "type": "Point",
        "coordinates": [
          -0.3762804,
          39.4633767
        ]
      },
      "properties": {
        "id": 4658776927,
        "osm_type": "node",
        "name": "El Horno de los Borrachos",
        "opening_hours": "00:00-24:00"
      }
    },
    {
      "type": "Feature",
      "geometry": {
        "type": "Point",
        "coordinates": [
          -0.379376,
          39.4489669
        ]
      },
      "properties": {
        "id": 4665195961,
        "osm_type": "node",
        "name": "Pan de Café",
        "outdoor_seating": "yes"
      }
    },
    {
      "type": "Feature",
      "geometry": {
        "type": "Point",
        "coordinates": [
          -0.3423059,
          39.4630217
        ]
      },
      "properties": {
        "id": 4679377305,
        "osm_type": "node"
      }
    },
    {
      "type": "Feature",
      "geometry": {
        "type": "Point",
        "coordinates": [
          0.0188421,
          38.8493806
        ]
      },
      "properties": {
        "id": 4687432490,
        "osm_type": "node",
        "name": "Temptacions",
        "opening_hours": "Mo-Sa 08:00-21:00; Su 09:00-13:00",
        "outdoor_seating": "yes"
      }
    },
    {
      "type": "Feature",
      "geometry": {
        "type": "Point",
        "coordinates": [
          0.0090946,
          38.8466721
        ]
      },
      "properties": {
        "id": 4688144189,
        "osm_type": "node",
        "name": "La Xocolateria"
      }
    },
    {
      "type": "Feature",
      "geometry": {
        "type": "Point",
        "coordinates": [
          -0.7983635,
          38.4730721
        ]
      },
      "properties": {
        "id": 4692412399,
        "osm_type": "node",
        "name": "Coffe & Drinks"
      }
    },
    {
      "type": "Feature",
      "geometry": {
        "type": "Point",
        "coordinates": [
          -0.7996407,
          38.4737982
        ]
      },
      "properties": {
        "id": 4692416020,
        "osm_type": "node",
        "name": "Insignia",
        "outdoor_seating": "yes"
      }
    },
    {
      "type": "Feature",
      "geometry": {
        "type": "Point",
        "coordinates": [
          -0.7972563,
          38.4724856
        ]
      },
      "properties": {
        "id": 4692487263,
        "osm_type": "node",
        "name": "Puerto Bávaro"
      }
    },
    {
      "type": "Feature",
      "geometry": {
        "type": "Point",
        "coordinates": [
          -0.786775,
          38.4746915
        ]
      },
      "properties": {
        "id": 4692517356,
        "osm_type": "node",
        "name": "El Jardin"
      }
    },
    {
      "type": "Feature",
      "geometry": {
        "type": "Point",
        "coordinates": [
          -0.7883387,
          38.4741823
        ]
      },
      "properties": {
        "id": 4692517359,
        "osm_type": "node",
        "name": "Glissando"
      }
    },
    {
      "type": "Feature",
      "geometry": {
        "type": "Point",
        "coordinates": [
          -0.7914307,
          38.4720245
        ]
      },
      "properties": {
        "id": 4692561217,
        "osm_type": "node",
        "name": "Panaderia Flori"
      }
    },
    {
      "type": "Feature",
      "geometry": {
        "type": "Point",
        "coordinates": [
          -0.792187,
          38.4725789
        ]
      },
      "properties": {
        "id": 4692561221,
        "osm_type": "node",
        "name": "Alejo 24"
      }
    },
    {
      "type": "Feature",
      "geometry": {
        "type": "Point",
        "coordinates": [
          -0.7934115,
          38.4732057
        ]
      },
      "properties": {
        "id": 4692561229,
        "osm_type": "node",
        "name": "Horno de Pan San Blas"
      }
    },
    {
      "type": "Feature",
      "geometry": {
        "type": "Point",
        "coordinates": [
          -0.7937441,
          38.47338
        ]
      },
      "properties": {
        "id": 4692561230,
        "osm_type": "node",
        "name": "Café Teo"
      }
    },
    {
      "type": "Feature",
      "geometry": {
        "type": "Point",
        "coordinates": [
          -0.7936797,
          38.4731263
        ]
      },
      "properties": {
        "id": 4692561231,
        "osm_type": "node",
        "name": "Despacho de Pan de Colombia"
      }
    },
    {
      "type": "Feature",
      "geometry": {
        "type": "Point",
        "coordinates": [
          -0.7956464,
          38.4741491
        ]
      },
      "properties": {
        "id": 4692561238,
        "osm_type": "node",
        "name": "La Feria"
      }
    },
    {
      "type": "Feature",
      "geometry": {
        "type": "Point",
        "coordinates": [
          -0.4969882,
          38.3430477
        ]
      },
      "properties": {
        "id": 4697672751,
        "osm_type": "node",
        "name": "Mazzapan",
        "outdoor_seating": "no"
      }
    },
    {
      "type": "Feature",
      "geometry": {
        "type": "Point",
        "coordinates": [
          -0.4853033,
          38.3507133
        ]
      },
      "properties": {
        "id": 4698722893,
        "osm_type": "node",
        "name": "Horchatería Azul"
      }
    },
    {
      "type": "Feature",
      "geometry": {
        "type": "Point",
        "coordinates": [
          -0.4242781,
          39.6584738
        ]
      },
      "properties": {
        "id": 4699054299,
        "osm_type": "node",
        "name": "Horno San José"
      }
    },
    {
      "type": "Feature",
      "geometry": {
        "type": "Point",
        "coordinates": [
          -0.4263434,
          39.6585367
        ]
      },
      "properties": {
        "id": 4703268839,
        "osm_type": "node",
        "name": "Horno del Arrabal"
      }
    },
    {
      "type": "Feature",
      "geometry": {
        "type": "Point",
        "coordinates": [
          -0.0345542,
          39.9859338
        ]
      },
      "properties": {
        "id": 4724823291,
        "osm_type": "node",
        "name": "Catering Pasteleria Esther"
      }
    },
    {
      "type": "Feature",
      "geometry": {
        "type": "Point",
        "coordinates": [
          -0.7789854,
          38.4800952
        ]
      },
      "properties": {
        "id": 4726920287,
        "osm_type": "node",
        "name": "Café Parador",
        "opening_hours": "08:00-02:00",
        "outdoor_seating": "yes"
      }
    },
    {
      "type": "Feature",
      "geometry": {
        "type": "Point",
        "coordinates": [
          -0.8134902,
          39.8356981
        ]
      },
      "properties": {
        "id": 4731058252,
        "osm_type": "node",
        "name": "Bar la Muralla"
      }
    },
    {
      "type": "Feature",
      "geometry": {
        "type": "Point",
        "coordinates": [
          -0.1328906,
          38.5458272
        ]
      },
      "properties": {
        "id": 4736199922,
        "osm_type": "node",
        "name": "Galera"
      }
    },
    {
      "type": "Feature",
      "geometry": {
        "type": "Point",
        "coordinates": [
          -0.1326675,
          38.5386527
        ]
      },
      "properties": {
        "id": 4736199923,
        "osm_type": "node",
        "name": "Montesol",
        "check_date": "2025-03-17"
      }
    },
    {
      "type": "Feature",
      "geometry": {
        "type": "Point",
        "coordinates": [
          -0.131991,
          38.5428738
        ]
      },
      "properties": {
        "id": 4736199926,
        "osm_type": "node",
        "name": "Ortega"
      }
    },
    {
      "type": "Feature",
      "geometry": {
        "type": "Point",
        "coordinates": [
          -0.1343791,
          38.6221259
        ]
      },
      "properties": {
        "id": 4736352223,
        "osm_type": "node",
        "name": "Panadería El Pont"
      }
    },
    {
      "type": "Feature",
      "geometry": {
        "type": "Point",
        "coordinates": [
          -0.1316357,
          38.6226065
        ]
      },
      "properties": {
        "id": 4736469424,
        "osm_type": "node",
        "name": "Panaderia L'Ermita",
        "takeaway": "yes"
      }
    },
    {
      "type": "Feature",
      "geometry": {
        "type": "Point",
        "coordinates": [
          -0.1211333,
          38.6501004
        ]
      },
      "properties": {
        "id": 4736500122,
        "osm_type": "node",
        "name": "Panadería Forn de Izla"
      }
    },
    {
      "type": "Feature",
      "geometry": {
        "type": "Point",
        "coordinates": [
          -0.8619339,
          38.6303883
        ]
      },
      "properties": {
        "id": 4737728925,
        "osm_type": "node"
      }
    },
    {
      "type": "Feature",
      "geometry": {
        "type": "Point",
        "coordinates": [
          -0.3508217,
          39.4652164
        ]
      },
      "properties": {
        "id": 4738384567,
        "osm_type": "node",
        "name": "Bar Cafeteria La Reja"
      }
    },
    {
      "type": "Feature",
      "geometry": {
        "type": "Point",
        "coordinates": [
          -0.350464,
          39.4651124
        ]
      },
      "properties": {
        "id": 4738395822,
        "osm_type": "node",
        "name": "Cafeteria Omar"
      }
    },
    {
      "type": "Feature",
      "geometry": {
        "type": "Point",
        "coordinates": [
          -0.3474008,
          39.4642054
        ]
      },
      "properties": {
        "id": 4738510558,
        "osm_type": "node",
        "name": "Planty",
        "opening_hours": "Mo-Su 08:30-19:00",
        "takeaway": "yes",
        "check_date": "2025-10-28"
      }
    },
    {
      "type": "Feature",
      "geometry": {
        "type": "Point",
        "coordinates": [
          -0.3465699,
          39.4639561
        ]
      },
      "properties": {
        "id": 4738520452,
        "osm_type": "node",
        "name": "NOU Amstel"
      }
    },
    {
      "type": "Feature",
      "geometry": {
        "type": "Point",
        "coordinates": [
          -0.365083,
          39.4654784
        ]
      },
      "properties": {
        "id": 4739450321,
        "osm_type": "node",
        "name": "Horno Miguel Martinez"
      }
    },
    {
      "type": "Feature",
      "geometry": {
        "type": "Point",
        "coordinates": [
          0.0733662,
          38.8565384
        ]
      },
      "properties": {
        "id": 4739993230,
        "osm_type": "node",
        "name": "Café Fornés"
      }
    },
    {
      "type": "Feature",
      "geometry": {
        "type": "Point",
        "coordinates": [
          -0.3642253,
          39.4644825
        ]
      },
      "properties": {
        "id": 4741189826,
        "osm_type": "node",
        "name": "Panaria"
      }
    },
    {
      "type": "Feature",
      "geometry": {
        "type": "Point",
        "coordinates": [
          -0.3988274,
          39.4767062
        ]
      },
      "properties": {
        "id": 4741566837,
        "osm_type": "node",
        "name": "Casal Faller"
      }
    },
    {
      "type": "Feature",
      "geometry": {
        "type": "Point",
        "coordinates": [
          -0.3983847,
          39.4767649
        ]
      },
      "properties": {
        "id": 4741567134,
        "osm_type": "node",
        "name": "Cafetería Plaza Picasso"
      }
    },
    {
      "type": "Feature",
      "geometry": {
        "type": "Point",
        "coordinates": [
          -0.393502,
          39.4781548
        ]
      },
      "properties": {
        "id": 4741567137,
        "osm_type": "node",
        "name": "Mnky",
        "check_date": "2023-07-14"
      }
    },
    {
      "type": "Feature",
      "geometry": {
        "type": "Point",
        "coordinates": [
          -0.3974222,
          39.4776653
        ]
      },
      "properties": {
        "id": 4741567424,
        "osm_type": "node",
        "name": "Café Cucharita",
        "outdoor_seating": "yes"
      }
    },
    {
      "type": "Feature",
      "geometry": {
        "type": "Point",
        "coordinates": [
          -0.379011,
          39.4691426
        ]
      },
      "properties": {
        "id": 4741576027,
        "osm_type": "node",
        "name": "San Vicente",
        "opening_hours": "Mo-Sa 07:00-21:00; PH,Su 08:00-16:00"
      }
    },
    {
      "type": "Feature",
      "geometry": {
        "type": "Point",
        "coordinates": [
          -0.3778051,
          39.4706169
        ]
      },
      "properties": {
        "id": 4744188538,
        "osm_type": "node",
        "name": "Cafeteria Aremar",
        "outdoor_seating": "yes",
        "check_date": "2025-06-11"
      }
    },
    {
      "type": "Feature",
      "geometry": {
        "type": "Point",
        "coordinates": [
          -0.3794192,
          39.4689699
        ]
      },
      "properties": {
        "id": 4744207922,
        "osm_type": "node",
        "name": "Paco Sucre i Blat"
      }
    },
    {
      "type": "Feature",
      "geometry": {
        "type": "Point",
        "coordinates": [
          -0.3804283,
          39.4760674
        ]
      },
      "properties": {
        "id": 4744208026,
        "osm_type": "node",
        "name": "El Tossal"
      }
    },
    {
      "type": "Feature",
      "geometry": {
        "type": "Point",
        "coordinates": [
          -0.3785809,
          39.4687556
        ]
      },
      "properties": {
        "id": 4744211222,
        "osm_type": "node",
        "name": "Cafetería Heladería Sant Pau"
      }
    },
    {
      "type": "Feature",
      "geometry": {
        "type": "Point",
        "coordinates": [
          -0.3757718,
          39.4748723
        ]
      },
      "properties": {
        "id": 4744804126,
        "osm_type": "node",
        "name": "Café Bertzal",
        "check_date": "2024-03-31"
      }
    },
    {
      "type": "Feature",
      "geometry": {
        "type": "Point",
        "coordinates": [
          -0.3878535,
          39.4803365
        ]
      },
      "properties": {
        "id": 4747234523,
        "osm_type": "node",
        "name": "Bar Cafetería"
      }
    },
    {
      "type": "Feature",
      "geometry": {
        "type": "Point",
        "coordinates": [
          -0.0469095,
          38.6006363
        ]
      },
      "properties": {
        "id": 4747555322,
        "osm_type": "node",
        "name": "Chocolates Valor"
      }
    },
    {
      "type": "Feature",
      "geometry": {
        "type": "Point",
        "coordinates": [
          -0.1268581,
          38.6119228
        ]
      },
      "properties": {
        "id": 4747555326,
        "osm_type": "node",
        "name": "La boutique del pan"
      }
    },
    {
      "type": "Feature",
      "geometry": {
        "type": "Point",
        "coordinates": [
          -0.4210474,
          38.4119944
        ]
      },
      "properties": {
        "id": 4747675122,
        "osm_type": "node",
        "name": "Cafetería Abril"
      }
    },
    {
      "type": "Feature",
      "geometry": {
        "type": "Point",
        "coordinates": [
          -0.99384,
          38.0672748
        ]
      },
      "properties": {
        "id": 4755856646,
        "osm_type": "node",
        "name": "Bar Rampa"
      }
    },
    {
      "type": "Feature",
      "geometry": {
        "type": "Point",
        "coordinates": [
          -0.4934139,
          38.3461542
        ]
      },
      "properties": {
        "id": 4756620221,
        "osm_type": "node"
      }
    },
    {
      "type": "Feature",
      "geometry": {
        "type": "Point",
        "coordinates": [
          -0.4941864,
          38.3456408
        ]
      },
      "properties": {
        "id": 4756620222,
        "osm_type": "node",
        "name": "Cafetería Jumilla"
      }
    },
    {
      "type": "Feature",
      "geometry": {
        "type": "Point",
        "coordinates": [
          -0.4376176,
          39.1545642
        ]
      },
      "properties": {
        "id": 4759713832,
        "osm_type": "node",
        "outdoor_seating": "yes"
      }
    },
    {
      "type": "Feature",
      "geometry": {
        "type": "Point",
        "coordinates": [
          -0.2807205,
          40.1379687
        ]
      },
      "properties": {
        "id": 4776561041,
        "osm_type": "node",
        "name": "La Grosella"
      }
    },
    {
      "type": "Feature",
      "geometry": {
        "type": "Point",
        "coordinates": [
          -0.2805621,
          40.1378977
        ]
      },
      "properties": {
        "id": 4776561124,
        "osm_type": "node",
        "name": "Enrique Negre"
      }
    },
    {
      "type": "Feature",
      "geometry": {
        "type": "Point",
        "coordinates": [
          -0.7967275,
          38.4791488
        ]
      },
      "properties": {
        "id": 4786935137,
        "osm_type": "node",
        "name": "El Café de Santa Ana"
      }
    },
    {
      "type": "Feature",
      "geometry": {
        "type": "Point",
        "coordinates": [
          -0.2444562,
          39.1635023
        ]
      },
      "properties": {
        "id": 4796546743,
        "osm_type": "node",
        "name": "Desi"
      }
    },
    {
      "type": "Feature",
      "geometry": {
        "type": "Point",
        "coordinates": [
          -0.2422864,
          39.1631746
        ]
      },
      "properties": {
        "id": 4799655591,
        "osm_type": "node",
        "name": "Natali"
      }
    },
    {
      "type": "Feature",
      "geometry": {
        "type": "Point",
        "coordinates": [
          -0.2497056,
          39.1655596
        ]
      },
      "properties": {
        "id": 4801494876,
        "osm_type": "node",
        "name": "Santuario de la Virgen del Castillo"
      }
    },
    {
      "type": "Feature",
      "geometry": {
        "type": "Point",
        "coordinates": [
          -0.2448832,
          39.164236
        ]
      },
      "properties": {
        "id": 4801755775,
        "osm_type": "node",
        "name": "Madrid"
      }
    },
    {
      "type": "Feature",
      "geometry": {
        "type": "Point",
        "coordinates": [
          -0.0178052,
          38.7931245
        ]
      },
      "properties": {
        "id": 4814961721,
        "osm_type": "node",
        "name": "Cueva Benidoleig"
      }
    },
    {
      "type": "Feature",
      "geometry": {
        "type": "Point",
        "coordinates": [
          -0.5753896,
          38.5324926
        ]
      },
      "properties": {
        "id": 4815020820,
        "osm_type": "node",
        "name": "Bar la Peña"
      }
    },
    {
      "type": "Feature",
      "geometry": {
        "type": "Point",
        "coordinates": [
          -0.5757959,
          38.5318859
        ]
      },
      "properties": {
        "id": 4815020924,
        "osm_type": "node"
      }
    },
    {
      "type": "Feature",
      "geometry": {
        "type": "Point",
        "coordinates": [
          -0.3315666,
          39.4636282
        ]
      },
      "properties": {
        "id": 4824774242,
        "osm_type": "node",
        "name": "Horno El Reloj"
      }
    },
    {
      "type": "Feature",
      "geometry": {
        "type": "Point",
        "coordinates": [
          0.3534985,
          40.4622928
        ]
      },
      "properties": {
        "id": 4827541121,
        "osm_type": "node",
        "name": "Panadería Sorlí"
      }
    },
    {
      "type": "Feature",
      "geometry": {
        "type": "Point",
        "coordinates": [
          0.1857956,
          38.7722605
        ]
      },
      "properties": {
        "id": 4831157728,
        "osm_type": "node",
        "name": "La Casita"
      }
    },
    {
      "type": "Feature",
      "geometry": {
        "type": "Point",
        "coordinates": [
          0.1026413,
          38.8346106
        ]
      },
      "properties": {
        "id": 4832649507,
        "osm_type": "node",
        "name": "Con Cariño Despensa"
      }
    },
    {
      "type": "Feature",
      "geometry": {
        "type": "Point",
        "coordinates": [
          -0.165891,
          38.5271646
        ]
      },
      "properties": {
        "id": 4839847698,
        "osm_type": "node",
        "name": "Vandisa"
      }
    },
    {
      "type": "Feature",
      "geometry": {
        "type": "Point",
        "coordinates": [
          0.4072082,
          40.3595303
        ]
      },
      "properties": {
        "id": 4840148223,
        "osm_type": "node",
        "name": "Chiquita"
      }
    },
    {
      "type": "Feature",
      "geometry": {
        "type": "Point",
        "coordinates": [
          -0.7059791,
          38.2618431
        ]
      },
      "properties": {
        "id": 4847036611,
        "osm_type": "node",
        "name": "Carmen"
      }
    },
    {
      "type": "Feature",
      "geometry": {
        "type": "Point",
        "coordinates": [
          -0.6651619,
          37.9833181
        ]
      },
      "properties": {
        "id": 4848007754,
        "osm_type": "node",
        "name": "Cafetería Bulacan"
      }
    },
    {
      "type": "Feature",
      "geometry": {
        "type": "Point",
        "coordinates": [
          -0.6910619,
          37.9762011
        ]
      },
      "properties": {
        "id": 4849105614,
        "osm_type": "node",
        "name": "Cafeteria Sorte Sport Bar Magani"
      }
    },
    {
      "type": "Feature",
      "geometry": {
        "type": "Point",
        "coordinates": [
          0.0101966,
          38.840468
        ]
      },
      "properties": {
        "id": 4849128921,
        "osm_type": "node",
        "name": "Hector"
      }
    },
    {
      "type": "Feature",
      "geometry": {
        "type": "Point",
        "coordinates": [
          -0.0562419,
          38.59867
        ]
      },
      "properties": {
        "id": 4860087524,
        "osm_type": "node",
        "name": "Cocoliso"
      }
    },
    {
      "type": "Feature",
      "geometry": {
        "type": "Point",
        "coordinates": [
          -0.4250956,
          39.660509
        ]
      },
      "properties": {
        "id": 4863348936,
        "osm_type": "node",
        "name": "Orxateria Gelateria Vinyes",
        "outdoor_seating": "yes"
      }
    },
    {
      "type": "Feature",
      "geometry": {
        "type": "Point",
        "coordinates": [
          -0.9445432,
          38.0837836
        ]
      },
      "properties": {
        "id": 4864474201,
        "osm_type": "node",
        "name": "Chiquita",
        "outdoor_seating": "yes"
      }
    },
    {
      "type": "Feature",
      "geometry": {
        "type": "Point",
        "coordinates": [
          -0.1583695,
          39.8496503
        ]
      },
      "properties": {
        "id": 4870598927,
        "osm_type": "node",
        "name": "Artespa",
        "outdoor_seating": "yes"
      }
    },
    {
      "type": "Feature",
      "geometry": {
        "type": "Point",
        "coordinates": [
          -0.7243856,
          37.9125988
        ]
      },
      "properties": {
        "id": 4870772720,
        "osm_type": "node",
        "name": "Pampa"
      }
    },
    {
      "type": "Feature",
      "geometry": {
        "type": "Point",
        "coordinates": [
          -0.5470808,
          38.2330771
        ]
      },
      "properties": {
        "id": 4874904321,
        "osm_type": "node",
        "name": "El Hatsikidee"
      }
    },
    {
      "type": "Feature",
      "geometry": {
        "type": "Point",
        "coordinates": [
          -0.8441611,
          37.9089379
        ]
      },
      "properties": {
        "id": 4877267306,
        "osm_type": "node",
        "name": "Panaderia Maripan"
      }
    },
    {
      "type": "Feature",
      "geometry": {
        "type": "Point",
        "coordinates": [
          -0.655623,
          38.094777
        ]
      },
      "properties": {
        "id": 4879035456,
        "osm_type": "node",
        "name": "Dalina"
      }
    },
    {
      "type": "Feature",
      "geometry": {
        "type": "Point",
        "coordinates": [
          -0.3759535,
          39.4788216
        ]
      },
      "properties": {
        "id": 4880287524,
        "osm_type": "node",
        "name": "Cafe Lavin"
      }
    },
    {
      "type": "Feature",
      "geometry": {
        "type": "Point",
        "coordinates": [
          -0.3463033,
          39.457773
        ]
      },
      "properties": {
        "id": 4880301721,
        "osm_type": "node",
        "name": "La Mie Dorée"
      }
    },
    {
      "type": "Feature",
      "geometry": {
        "type": "Point",
        "coordinates": [
          -0.7833897,
          37.8662795
        ]
      },
      "properties": {
        "id": 4882863069,
        "osm_type": "node",
        "name": "Panaderia Las Palomas"
      }
    },
    {
      "type": "Feature",
      "geometry": {
        "type": "Point",
        "coordinates": [
          -0.7863375,
          37.8653032
        ]
      },
      "properties": {
        "id": 4882863070,
        "osm_type": "node",
        "name": "Café La Rambla"
      }
    },
    {
      "type": "Feature",
      "geometry": {
        "type": "Point",
        "coordinates": [
          0.3475033,
          40.6060987
        ]
      },
      "properties": {
        "id": 4890459015,
        "osm_type": "node",
        "name": "Panadería Bollería Neus"
      }
    },
    {
      "type": "Feature",
      "geometry": {
        "type": "Point",
        "coordinates": [
          -0.3769547,
          39.4713869
        ]
      },
      "properties": {
        "id": 4892914829,
        "osm_type": "node",
        "name": "Cafetería Ascot",
        "check_date": "2026-01-14"
      }
    },
    {
      "type": "Feature",
      "geometry": {
        "type": "Point",
        "coordinates": [
          -0.3743013,
          39.4812203
        ]
      },
      "properties": {
        "id": 4892914835,
        "osm_type": "node",
        "name": "Coffee Of Day",
        "check_date": "2024-05-19"
      }
    },
    {
      "type": "Feature",
      "geometry": {
        "type": "Point",
        "coordinates": [
          -0.3851553,
          39.4830954
        ]
      },
      "properties": {
        "id": 4892914842,
        "osm_type": "node",
        "name": "Horno Tendetes",
        "opening_hours": "Mo-Fr 07:00-20:30; Sa-Su 07:00-14:30"
      }
    },
    {
      "type": "Feature",
      "geometry": {
        "type": "Point",
        "coordinates": [
          -0.6930753,
          38.0017075
        ]
      },
      "properties": {
        "id": 4893523932,
        "osm_type": "node",
        "name": "Cafetería Concierto Lucano"
      }
    },
    {
      "type": "Feature",
      "geometry": {
        "type": "Point",
        "coordinates": [
          -0.3896457,
          39.4695613
        ]
      },
      "properties": {
        "id": 4893666924,
        "osm_type": "node",
        "name": "Pastelería"
      }
    },
    {
      "type": "Feature",
      "geometry": {
        "type": "Point",
        "coordinates": [
          -0.3920228,
          39.4690716
        ]
      },
      "properties": {
        "id": 4893723324,
        "osm_type": "node",
        "name": "La Boutique del Pan"
      }
    },
    {
      "type": "Feature",
      "geometry": {
        "type": "Point",
        "coordinates": [
          -0.3811284,
          39.4662896
        ]
      },
      "properties": {
        "id": 4897429721,
        "osm_type": "node"
      }
    },
    {
      "type": "Feature",
      "geometry": {
        "type": "Point",
        "coordinates": [
          -0.6526268,
          38.0896479
        ]
      },
      "properties": {
        "id": 4898133871,
        "osm_type": "node",
        "name": "La Senia"
      }
    },
    {
      "type": "Feature",
      "geometry": {
        "type": "Point",
        "coordinates": [
          -0.6539316,
          38.0899438
        ]
      },
      "properties": {
        "id": 4898133904,
        "osm_type": "node",
        "name": "Hogar del pensionista"
      }
    },
    {
      "type": "Feature",
      "geometry": {
        "type": "Point",
        "coordinates": [
          -0.6478578,
          38.0856939
        ]
      },
      "properties": {
        "id": 4898133912,
        "osm_type": "node",
        "name": "La Brisa del Mar"
      }
    },
    {
      "type": "Feature",
      "geometry": {
        "type": "Point",
        "coordinates": [
          -0.3804747,
          39.4671309
        ]
      },
      "properties": {
        "id": 4907454030,
        "osm_type": "node",
        "name": "Granier",
        "brand": "Granier"
      }
    },
    {
      "type": "Feature",
      "geometry": {
        "type": "Point",
        "coordinates": [
          -0.379951,
          39.467759
        ]
      },
      "properties": {
        "id": 4907454323,
        "osm_type": "node",
        "name": "Cafetería Bertal"
      }
    },
    {
      "type": "Feature",
      "geometry": {
        "type": "Point",
        "coordinates": [
          0.0970998,
          38.8491462
        ]
      },
      "properties": {
        "id": 4909096521,
        "osm_type": "node",
        "name": "Da Pasquale pizzeria"
      }
    },
    {
      "type": "Feature",
      "geometry": {
        "type": "Point",
        "coordinates": [
          -1.1103966,
          39.4899511
        ]
      },
      "properties": {
        "id": 4917496821,
        "osm_type": "node",
        "name": "Panadería Perez Carcel"
      }
    },
    {
      "type": "Feature",
      "geometry": {
        "type": "Point",
        "coordinates": [
          -0.3873731,
          39.4692446
        ]
      },
      "properties": {
        "id": 4920008922,
        "osm_type": "node",
        "name": "Espai Llimera"
      }
    },
    {
      "type": "Feature",
      "geometry": {
        "type": "Point",
        "coordinates": [
          -0.6837865,
          37.9780851
        ]
      },
      "properties": {
        "id": 4928726921,
        "osm_type": "node",
        "name": "Lolyta Cafe"
      }
    },
    {
      "type": "Feature",
      "geometry": {
        "type": "Point",
        "coordinates": [
          -0.4969221,
          38.3478496
        ]
      },
      "properties": {
        "id": 4929260321,
        "osm_type": "node",
        "name": "Horno El Melsa"
      }
    },
    {
      "type": "Feature",
      "geometry": {
        "type": "Point",
        "coordinates": [
          -0.1806263,
          38.9727424
        ]
      },
      "properties": {
        "id": 4934491028,
        "osm_type": "node",
        "name": "Gandiconnect 2.0"
      }
    },
    {
      "type": "Feature",
      "geometry": {
        "type": "Point",
        "coordinates": [
          -0.1816012,
          38.9727078
        ]
      },
      "properties": {
        "id": 4934501324,
        "osm_type": "node",
        "name": "Capritx"
      }
    },
    {
      "type": "Feature",
      "geometry": {
        "type": "Point",
        "coordinates": [
          -0.1804111,
          38.9700079
        ]
      },
      "properties": {
        "id": 4934509021,
        "osm_type": "node",
        "name": "Pan y dulces"
      }
    },
    {
      "type": "Feature",
      "geometry": {
        "type": "Point",
        "coordinates": [
          -0.0381836,
          39.9857593
        ]
      },
      "properties": {
        "id": 4955432656,
        "osm_type": "node",
        "name": "Café El Fadrí",
        "outdoor_seating": "yes"
      }
    },
    {
      "type": "Feature",
      "geometry": {
        "type": "Point",
        "coordinates": [
          0.1038905,
          38.837154
        ]
      },
      "properties": {
        "id": 4975671926,
        "osm_type": "node",
        "name": "Pa i Dolços",
        "takeaway": "only",
        "outdoor_seating": "no"
      }
    },
    {
      "type": "Feature",
      "geometry": {
        "type": "Point",
        "coordinates": [
          -0.6471743,
          38.0886747
        ]
      },
      "properties": {
        "id": 4975785987,
        "osm_type": "node",
        "name": "Dedulce"
      }
    },
    {
      "type": "Feature",
      "geometry": {
        "type": "Point",
        "coordinates": [
          0.1097259,
          38.8446593
        ]
      },
      "properties": {
        "id": 4976033729,
        "osm_type": "node",
        "name": "Jamaica Inn",
        "outdoor_seating": "yes"
      }
    },
    {
      "type": "Feature",
      "geometry": {
        "type": "Point",
        "coordinates": [
          0.1102798,
          38.8435033
        ]
      },
      "properties": {
        "id": 4976033731,
        "osm_type": "node",
        "name": "Green Drinks"
      }
    },
    {
      "type": "Feature",
      "geometry": {
        "type": "Point",
        "coordinates": [
          0.0847609,
          38.8539151
        ]
      },
      "properties": {
        "id": 4976036327,
        "osm_type": "node",
        "name": "El Sol"
      }
    },
    {
      "type": "Feature",
      "geometry": {
        "type": "Point",
        "coordinates": [
          0.1114476,
          38.8374037
        ]
      },
      "properties": {
        "id": 4976036332,
        "osm_type": "node",
        "name": "Bar Chaflán",
        "outdoor_seating": "yes"
      }
    },
    {
      "type": "Feature",
      "geometry": {
        "type": "Point",
        "coordinates": [
          0.1124762,
          38.8405662
        ]
      },
      "properties": {
        "id": 4976036431,
        "osm_type": "node",
        "name": "Florencio",
        "outdoor_seating": "yes"
      }
    },
    {
      "type": "Feature",
      "geometry": {
        "type": "Point",
        "coordinates": [
          0.1055471,
          38.8372726
        ]
      },
      "properties": {
        "id": 4977745126,
        "osm_type": "node",
        "name": "Canela",
        "outdoor_seating": "yes"
      }
    },
    {
      "type": "Feature",
      "geometry": {
        "type": "Point",
        "coordinates": [
          0.0077947,
          38.8475023
        ]
      },
      "properties": {
        "id": 4977756822,
        "osm_type": "node",
        "name": "Andreu"
      }
    },
    {
      "type": "Feature",
      "geometry": {
        "type": "Point",
        "coordinates": [
          -0.1768713,
          38.9722028
        ]
      },
      "properties": {
        "id": 4977885225,
        "osm_type": "node",
        "name": "Esplai",
        "outdoor_seating": "yes"
      }
    },
    {
      "type": "Feature",
      "geometry": {
        "type": "Point",
        "coordinates": [
          -0.1755172,
          38.973778
        ]
      },
      "properties": {
        "id": 4977898623,
        "osm_type": "node",
        "name": "Pellicer"
      }
    },
    {
      "type": "Feature",
      "geometry": {
        "type": "Point",
        "coordinates": [
          -0.1742337,
          38.9753925
        ]
      },
      "properties": {
        "id": 4977914021,
        "osm_type": "node",
        "name": "Art & Coffee"
      }
    },
    {
      "type": "Feature",
      "geometry": {
        "type": "Point",
        "coordinates": [
          0.1103883,
          38.8431401
        ]
      },
      "properties": {
        "id": 4980574525,
        "osm_type": "node",
        "name": "Anima"
      }
    },
    {
      "type": "Feature",
      "geometry": {
        "type": "Point",
        "coordinates": [
          0.1115991,
          38.8413973
        ]
      },
      "properties": {
        "id": 4980574529,
        "osm_type": "node",
        "name": "Granier",
        "brand": "Granier",
        "opening_hours": "Mo-Su 07:30-21:00",
        "takeaway": "yes",
        "outdoor_seating": "yes"
      }
    },
    {
      "type": "Feature",
      "geometry": {
        "type": "Point",
        "coordinates": [
          0.1903972,
          38.7716566
        ]
      },
      "properties": {
        "id": 4982579123,
        "osm_type": "node",
        "name": "Nostro"
      }
    },
    {
      "type": "Feature",
      "geometry": {
        "type": "Point",
        "coordinates": [
          0.1827132,
          38.7961675
        ]
      },
      "properties": {
        "id": 4983806139,
        "osm_type": "node",
        "name": "Casa Índigo"
      }
    },
    {
      "type": "Feature",
      "geometry": {
        "type": "Point",
        "coordinates": [
          0.1773704,
          38.7922757
        ]
      },
      "properties": {
        "id": 4983878422,
        "osm_type": "node",
        "name": "Cortados"
      }
    },
    {
      "type": "Feature",
      "geometry": {
        "type": "Point",
        "coordinates": [
          0.1802327,
          38.7939322
        ]
      },
      "properties": {
        "id": 4983889422,
        "osm_type": "node",
        "name": "Express"
      }
    },
    {
      "type": "Feature",
      "geometry": {
        "type": "Point",
        "coordinates": [
          -0.4673994,
          39.3639782
        ]
      },
      "properties": {
        "id": 4984598087,
        "osm_type": "node",
        "name": "Caramelo"
      }
    },
    {
      "type": "Feature",
      "geometry": {
        "type": "Point",
        "coordinates": [
          0.073483,
          38.8565431
        ]
      },
      "properties": {
        "id": 4984981121,
        "osm_type": "node",
        "name": "Caramelo"
      }
    },
    {
      "type": "Feature",
      "geometry": {
        "type": "Point",
        "coordinates": [
          0.1915864,
          38.771431
        ]
      },
      "properties": {
        "id": 4985662022,
        "osm_type": "node",
        "name": "Espl"
      }
    },
    {
      "type": "Feature",
      "geometry": {
        "type": "Point",
        "coordinates": [
          0.1889685,
          38.7736246
        ]
      },
      "properties": {
        "id": 4985710521,
        "osm_type": "node",
        "name": "Froyosi"
      }
    },
    {
      "type": "Feature",
      "geometry": {
        "type": "Point",
        "coordinates": [
          0.1887082,
          38.773308
        ]
      },
      "properties": {
        "id": 4985710523,
        "osm_type": "node",
        "name": "El Trosset"
      }
    },
    {
      "type": "Feature",
      "geometry": {
        "type": "Point",
        "coordinates": [
          -0.401715,
          39.492542
        ]
      },
      "properties": {
        "id": 4987068523,
        "osm_type": "node",
        "name": "el café de camilo",
        "outdoor_seating": "yes",
        "check_date": "2025-05-25"
      }
    },
    {
      "type": "Feature",
      "geometry": {
        "type": "Point",
        "coordinates": [
          -0.3573552,
          39.4675096
        ]
      },
      "properties": {
        "id": 4989782806,
        "osm_type": "node"
      }
    },
    {
      "type": "Feature",
      "geometry": {
        "type": "Point",
        "coordinates": [
          -0.1018411,
          38.579333
        ]
      },
      "properties": {
        "id": 4989788522,
        "osm_type": "node",
        "name": "L' Alfassina, best Tapas!!"
      }
    },
    {
      "type": "Feature",
      "geometry": {
        "type": "Point",
        "coordinates": [
          -0.3534213,
          39.4663322
        ]
      },
      "properties": {
        "id": 4989821187,
        "osm_type": "node",
        "name": "Capuccino"
      }
    },
    {
      "type": "Feature",
      "geometry": {
        "type": "Point",
        "coordinates": [
          -0.3493115,
          39.4650951
        ]
      },
      "properties": {
        "id": 4989821198,
        "osm_type": "node",
        "name": "Horno, pasteleria"
      }
    },
    {
      "type": "Feature",
      "geometry": {
        "type": "Point",
        "coordinates": [
          -0.3443594,
          39.4636151
        ]
      },
      "properties": {
        "id": 4989856558,
        "osm_type": "node",
        "name": "Bar Cafeteria Patwalia"
      }
    },
    {
      "type": "Feature",
      "geometry": {
        "type": "Point",
        "coordinates": [
          -0.334417,
          39.4603529
        ]
      },
      "properties": {
        "id": 4989970382,
        "osm_type": "node",
        "name": "Gran Martinez"
      }
    },
    {
      "type": "Feature",
      "geometry": {
        "type": "Point",
        "coordinates": [
          -0.3347761,
          39.4604537
        ]
      },
      "properties": {
        "id": 4989970384,
        "osm_type": "node",
        "name": "Barcafeteria Alhambra"
      }
    },
    {
      "type": "Feature",
      "geometry": {
        "type": "Point",
        "coordinates": [
          -0.3400779,
          39.4620418
        ]
      },
      "properties": {
        "id": 4989970393,
        "osm_type": "node",
        "name": "Valikiria"
      }
    },
    {
      "type": "Feature",
      "geometry": {
        "type": "Point",
        "coordinates": [
          -0.3748573,
          39.473721
        ]
      },
      "properties": {
        "id": 4992129035,
        "osm_type": "node",
        "name": "Italian Break",
        "check_date": "2025-01-07"
      }
    },
    {
      "type": "Feature",
      "geometry": {
        "type": "Point",
        "coordinates": [
          -0.3771408,
          39.4736416
        ]
      },
      "properties": {
        "id": 5016389540,
        "osm_type": "node",
        "name": "El Café de Camilo",
        "check_date": "2025-05-21"
      }
    },
    {
      "type": "Feature",
      "geometry": {
        "type": "Point",
        "coordinates": [
          -0.1319188,
          39.8010532
        ]
      },
      "properties": {
        "id": 5017117016,
        "osm_type": "node",
        "name": "La Mura"
      }
    },
    {
      "type": "Feature",
      "geometry": {
        "type": "Point",
        "coordinates": [
          -0.1312742,
          39.8008023
        ]
      },
      "properties": {
        "id": 5018397582,
        "osm_type": "node",
        "name": "Ke Bo"
      }
    },
    {
      "type": "Feature",
      "geometry": {
        "type": "Point",
        "coordinates": [
          -0.1314612,
          39.8007693
        ]
      },
      "properties": {
        "id": 5018397585,
        "osm_type": "node",
        "name": "Ca Sandra"
      }
    },
    {
      "type": "Feature",
      "geometry": {
        "type": "Point",
        "coordinates": [
          -0.095779,
          39.9349052
        ]
      },
      "properties": {
        "id": 5021200959,
        "osm_type": "node",
        "name": "Café París"
      }
    },
    {
      "type": "Feature",
      "geometry": {
        "type": "Point",
        "coordinates": [
          -0.0567005,
          39.8750177
        ]
      },
      "properties": {
        "id": 5021238761,
        "osm_type": "node",
        "name": "Bómbora"
      }
    },
    {
      "type": "Feature",
      "geometry": {
        "type": "Point",
        "coordinates": [
          -0.1102232,
          38.5348895
        ]
      },
      "properties": {
        "id": 5024844603,
        "osm_type": "node",
        "name": "B-Town",
        "outdoor_seating": "yes",
        "check_date": "2025-03-18"
      }
    },
    {
      "type": "Feature",
      "geometry": {
        "type": "Point",
        "coordinates": [
          -0.1274337,
          38.5356226
        ]
      },
      "properties": {
        "id": 5024968979,
        "osm_type": "node",
        "name": "Aroma's",
        "check_date": "2023-04-05"
      }
    },
    {
      "type": "Feature",
      "geometry": {
        "type": "Point",
        "coordinates": [
          0.108505,
          38.840541
        ]
      },
      "properties": {
        "id": 5033236237,
        "osm_type": "node",
        "name": "Mon Blau"
      }
    },
    {
      "type": "Feature",
      "geometry": {
        "type": "Point",
        "coordinates": [
          0.1081272,
          38.8400866
        ]
      },
      "properties": {
        "id": 5033260621,
        "osm_type": "node",
        "name": "Chocolatería Valor"
      }
    },
    {
      "type": "Feature",
      "geometry": {
        "type": "Point",
        "coordinates": [
          -0.4838737,
          38.3432755
        ]
      },
      "properties": {
        "id": 5037035077,
        "osm_type": "node",
        "name": "Chocolatería Valor",
        "opening_hours": "Mo-Fr 18:00-24:00; Sa 18:00-02:00; Su 18:00-24:00",
        "outdoor_seating": "yes",
        "check_date": "2024-06-11"
      }
    },
    {
      "type": "Feature",
      "geometry": {
        "type": "Point",
        "coordinates": [
          0.1075109,
          38.8394982
        ]
      },
      "properties": {
        "id": 5037475022,
        "osm_type": "node",
        "name": "Comedus",
        "outdoor_seating": "yes"
      }
    },
    {
      "type": "Feature",
      "geometry": {
        "type": "Point",
        "coordinates": [
          -0.7035752,
          38.2547567
        ]
      },
      "properties": {
        "id": 5038863298,
        "osm_type": "node"
      }
    },
    {
      "type": "Feature",
      "geometry": {
        "type": "Point",
        "coordinates": [
          -0.7595762,
          38.3842681
        ]
      },
      "properties": {
        "id": 5040888921,
        "osm_type": "node",
        "name": "Victoria"
      }
    },
    {
      "type": "Feature",
      "geometry": {
        "type": "Point",
        "coordinates": [
          -0.3751465,
          39.469199
        ]
      },
      "properties": {
        "id": 5044805242,
        "osm_type": "node",
        "name": "Syra Coffee",
        "takeaway": "only",
        "check_date": "2024-04-01"
      }
    },
    {
      "type": "Feature",
      "geometry": {
        "type": "Point",
        "coordinates": [
          -0.3739633,
          39.4688468
        ]
      },
      "properties": {
        "id": 5044808335,
        "osm_type": "node",
        "name": "Barrafina",
        "check_date": "2024-04-01"
      }
    },
    {
      "type": "Feature",
      "geometry": {
        "type": "Point",
        "coordinates": [
          -0.3777625,
          39.4741196
        ]
      },
      "properties": {
        "id": 5046860633,
        "osm_type": "node",
        "name": "Horchatería El Collado",
        "opening_hours": "10:00-14:00,16:30-21:00",
        "takeaway": "yes",
        "outdoor_seating": "no",
        "check_date": "2025-06-18"
      }
    },
    {
      "type": "Feature",
      "geometry": {
        "type": "Point",
        "coordinates": [
          -0.3777898,
          39.4731895
        ]
      },
      "properties": {
        "id": 5046872427,
        "osm_type": "node",
        "name": "Granier",
        "opening_hours": "Mo-Su 07:30-21:00",
        "outdoor_seating": "no",
        "check_date": "2025-06-18"
      }
    },
    {
      "type": "Feature",
      "geometry": {
        "type": "Point",
        "coordinates": [
          -0.3770899,
          39.4690861
        ]
      },
      "properties": {
        "id": 5046886125,
        "osm_type": "node",
        "name": "Viena"
      }
    },
    {
      "type": "Feature",
      "geometry": {
        "type": "Point",
        "coordinates": [
          -0.3760733,
          39.4730581
        ]
      },
      "properties": {
        "id": 5046970845,
        "osm_type": "node",
        "name": "Granier",
        "brand": "Granier",
        "check_date": "2025-10-22"
      }
    },
    {
      "type": "Feature",
      "geometry": {
        "type": "Point",
        "coordinates": [
          0.1083284,
          38.8417075
        ]
      },
      "properties": {
        "id": 5048023321,
        "osm_type": "node",
        "name": "La Chocolatine",
        "opening_hours": "Mo-Sa 07:30-14:30; Su 07:30-14:30"
      }
    },
    {
      "type": "Feature",
      "geometry": {
        "type": "Point",
        "coordinates": [
          0.109129,
          38.8397366
        ]
      },
      "properties": {
        "id": 5048156222,
        "osm_type": "node",
        "name": "PuraMasa"
      }
    },
    {
      "type": "Feature",
      "geometry": {
        "type": "Point",
        "coordinates": [
          0.1062057,
          38.840331
        ]
      },
      "properties": {
        "id": 5049702521,
        "osm_type": "node",
        "name": "Códigos del Arte"
      }
    },
    {
      "type": "Feature",
      "geometry": {
        "type": "Point",
        "coordinates": [
          -0.365872,
          39.472373
        ]
      },
      "properties": {
        "id": 5058392247,
        "osm_type": "node",
        "outdoor_seating": "garden"
      }
    },
    {
      "type": "Feature",
      "geometry": {
        "type": "Point",
        "coordinates": [
          -0.3574978,
          39.4548641
        ]
      },
      "properties": {
        "id": 5094712621,
        "osm_type": "node",
        "name": "La Pequeña Pasteleria de Mama",
        "opening_hours": "Mo-Sa 08:00-14:00,17:00-20:30"
      }
    },
    {
      "type": "Feature",
      "geometry": {
        "type": "Point",
        "coordinates": [
          -0.0823163,
          38.9184775
        ]
      },
      "properties": {
        "id": 5127120721,
        "osm_type": "node",
        "name": "La Duna"
      }
    },
    {
      "type": "Feature",
      "geometry": {
        "type": "Point",
        "coordinates": [
          -0.3775779,
          39.4693658
        ]
      },
      "properties": {
        "id": 5139947760,
        "osm_type": "node",
        "name": "Granier",
        "brand": "Granier",
        "opening_hours": "Mo-Su 08:00-23:30"
      }
    },
    {
      "type": "Feature",
      "geometry": {
        "type": "Point",
        "coordinates": [
          -0.3778301,
          39.469029
        ]
      },
      "properties": {
        "id": 5139947761,
        "osm_type": "node",
        "name": "Pastelería Nuezcafé"
      }
    },
    {
      "type": "Feature",
      "geometry": {
        "type": "Point",
        "coordinates": [
          -0.3763119,
          39.4713686
        ]
      },
      "properties": {
        "id": 5139965863,
        "osm_type": "node",
        "name": "Cafeteria Suizo",
        "check_date": "2024-01-31"
      }
    },
    {
      "type": "Feature",
      "geometry": {
        "type": "Point",
        "coordinates": [
          -0.3751189,
          39.4774589
        ]
      },
      "properties": {
        "id": 5140036026,
        "osm_type": "node",
        "name": "Navellos"
      }
    },
    {
      "type": "Feature",
      "geometry": {
        "type": "Point",
        "coordinates": [
          -0.3703726,
          39.472578
        ]
      },
      "properties": {
        "id": 5140267719,
        "osm_type": "node",
        "name": "Cafes Reke Su Cafe Kiosco La Paz"
      }
    },
    {
      "type": "Feature",
      "geometry": {
        "type": "Point",
        "coordinates": [
          -0.1658064,
          39.0078086
        ]
      },
      "properties": {
        "id": 5140969981,
        "osm_type": "node",
        "name": "Cafetería-Heladería Virginia"
      }
    },
    {
      "type": "Feature",
      "geometry": {
        "type": "Point",
        "coordinates": [
          -0.1123547,
          38.9457375
        ]
      },
      "properties": {
        "id": 5144502921,
        "osm_type": "node",
        "name": "El Raco",
        "check_date": "2023-08-14"
      }
    },
    {
      "type": "Feature",
      "geometry": {
        "type": "Point",
        "coordinates": [
          -0.3667353,
          39.4674339
        ]
      },
      "properties": {
        "id": 5149556524,
        "osm_type": "node",
        "name": "Alvaro"
      }
    },
    {
      "type": "Feature",
      "geometry": {
        "type": "Point",
        "coordinates": [
          -0.4370475,
          38.3892523
        ]
      },
      "properties": {
        "id": 5170182065,
        "osm_type": "node",
        "name": "Biblioteca Universidad"
      }
    },
    {
      "type": "Feature",
      "geometry": {
        "type": "Point",
        "coordinates": [
          -0.0335228,
          39.9917775
        ]
      },
      "properties": {
        "id": 5170985993,
        "osm_type": "node",
        "name": "El Taller"
      }
    },
    {
      "type": "Feature",
      "geometry": {
        "type": "Point",
        "coordinates": [
          -0.1234956,
          38.922947
        ]
      },
      "properties": {
        "id": 5196768318,
        "osm_type": "node",
        "name": "El Galano"
      }
    },
    {
      "type": "Feature",
      "geometry": {
        "type": "Point",
        "coordinates": [
          -0.8920751,
          39.6561722
        ]
      },
      "properties": {
        "id": 5238791719,
        "osm_type": "node",
        "name": "Paniza"
      }
    },
    {
      "type": "Feature",
      "geometry": {
        "type": "Point",
        "coordinates": [
          -0.891794,
          39.6561368
        ]
      },
      "properties": {
        "id": 5238792203,
        "osm_type": "node",
        "name": "Ca Barbara"
      }
    },
    {
      "type": "Feature",
      "geometry": {
        "type": "Point",
        "coordinates": [
          -0.5234355,
          38.9895168
        ]
      },
      "properties": {
        "id": 5238792615,
        "osm_type": "node",
        "name": "Ortiz"
      }
    },
    {
      "type": "Feature",
      "geometry": {
        "type": "Point",
        "coordinates": [
          -0.3753599,
          39.4717113
        ]
      },
      "properties": {
        "id": 5249236321,
        "osm_type": "node",
        "name": "Federal",
        "opening_hours": "Su-Th 09:00-20:00; Fr-Sa 09:00-21:00"
      }
    },
    {
      "type": "Feature",
      "geometry": {
        "type": "Point",
        "coordinates": [
          -0.3798457,
          39.4769686
        ]
      },
      "properties": {
        "id": 5250590122,
        "osm_type": "node",
        "name": "Café Tertulia"
      }
    },
    {
      "type": "Feature",
      "geometry": {
        "type": "Point",
        "coordinates": [
          -0.3794057,
          39.4759284
        ]
      },
      "properties": {
        "id": 5250590421,
        "osm_type": "node"
      }
    },
    {
      "type": "Feature",
      "geometry": {
        "type": "Point",
        "coordinates": [
          -0.3928297,
          39.4858754
        ]
      },
      "properties": {
        "id": 5257504625,
        "osm_type": "node",
        "name": "Cafetería la creme",
        "opening_hours": "Mo-Su 08:00-00:00"
      }
    },
    {
      "type": "Feature",
      "geometry": {
        "type": "Point",
        "coordinates": [
          -0.0909536,
          39.8883324
        ]
      },
      "properties": {
        "id": 5262524472,
        "osm_type": "node",
        "name": "Panadería Raquel"
      }
    },
    {
      "type": "Feature",
      "geometry": {
        "type": "Point",
        "coordinates": [
          -0.6775781,
          37.9781555
        ]
      },
      "properties": {
        "id": 5266151821,
        "osm_type": "node",
        "name": "Viuna"
      }
    },
    {
      "type": "Feature",
      "geometry": {
        "type": "Point",
        "coordinates": [
          -0.6745329,
          37.9781655
        ]
      },
      "properties": {
        "id": 5266151822,
        "osm_type": "node",
        "name": "Pastelería Dulce de Leche"
      }
    },
    {
      "type": "Feature",
      "geometry": {
        "type": "Point",
        "coordinates": [
          -0.6330432,
          38.2505102
        ]
      },
      "properties": {
        "id": 5267791781,
        "osm_type": "node",
        "name": "Cine Rialto"
      }
    },
    {
      "type": "Feature",
      "geometry": {
        "type": "Point",
        "coordinates": [
          -0.6334219,
          38.2507243
        ]
      },
      "properties": {
        "id": 5267792302,
        "osm_type": "node",
        "name": "La Perla"
      }
    },
    {
      "type": "Feature",
      "geometry": {
        "type": "Point",
        "coordinates": [
          -0.4396728,
          39.1489541
        ]
      },
      "properties": {
        "id": 5267975914,
        "osm_type": "node",
        "name": "Cruspien"
      }
    },
    {
      "type": "Feature",
      "geometry": {
        "type": "Point",
        "coordinates": [
          -0.4333136,
          39.1505535
        ]
      },
      "properties": {
        "id": 5270198405,
        "osm_type": "node",
        "name": "Don Churro"
      }
    },
    {
      "type": "Feature",
      "geometry": {
        "type": "Point",
        "coordinates": [
          -0.4297845,
          39.1483243
        ]
      },
      "properties": {
        "id": 5270600169,
        "osm_type": "node"
      }
    },
    {
      "type": "Feature",
      "geometry": {
        "type": "Point",
        "coordinates": [
          -0.4401623,
          39.1499162
        ]
      },
      "properties": {
        "id": 5270720241,
        "osm_type": "node",
        "name": "Cafetería Reino"
      }
    },
    {
      "type": "Feature",
      "geometry": {
        "type": "Point",
        "coordinates": [
          -0.4294036,
          39.1544478
        ]
      },
      "properties": {
        "id": 5271737761,
        "osm_type": "node"
      }
    },
    {
      "type": "Feature",
      "geometry": {
        "type": "Point",
        "coordinates": [
          -0.4320907,
          39.1549101
        ]
      },
      "properties": {
        "id": 5271737773,
        "osm_type": "node"
      }
    },
    {
      "type": "Feature",
      "geometry": {
        "type": "Point",
        "coordinates": [
          -0.2917839,
          39.1268875
        ]
      },
      "properties": {
        "id": 5283872009,
        "osm_type": "node"
      }
    },
    {
      "type": "Feature",
      "geometry": {
        "type": "Point",
        "coordinates": [
          -0.6550459,
          38.091607
        ]
      },
      "properties": {
        "id": 5288041228,
        "osm_type": "node",
        "name": "Las Sonrisas"
      }
    },
    {
      "type": "Feature",
      "geometry": {
        "type": "Point",
        "coordinates": [
          -0.3903762,
          39.4863908
        ]
      },
      "properties": {
        "id": 5299081991,
        "osm_type": "node",
        "name": "Bar Cafeteria Avenida"
      }
    },
    {
      "type": "Feature",
      "geometry": {
        "type": "Point",
        "coordinates": [
          -0.3935508,
          39.485555
        ]
      },
      "properties": {
        "id": 5299082726,
        "osm_type": "node"
      }
    },
    {
      "type": "Feature",
      "geometry": {
        "type": "Point",
        "coordinates": [
          -0.393031,
          39.488078
        ]
      },
      "properties": {
        "id": 5299082737,
        "osm_type": "node",
        "name": "Punt"
      }
    },
    {
      "type": "Feature",
      "geometry": {
        "type": "Point",
        "coordinates": [
          -0.3936532,
          39.4878053
        ]
      },
      "properties": {
        "id": 5299082738,
        "osm_type": "node"
      }
    },
    {
      "type": "Feature",
      "geometry": {
        "type": "Point",
        "coordinates": [
          -0.3939161,
          39.4882374
        ]
      },
      "properties": {
        "id": 5299082739,
        "osm_type": "node"
      }
    },
    {
      "type": "Feature",
      "geometry": {
        "type": "Point",
        "coordinates": [
          -0.3618259,
          39.514427
        ]
      },
      "properties": {
        "id": 5322911209,
        "osm_type": "node",
        "name": "Horno - Panadería San Jaime"
      }
    },
    {
      "type": "Feature",
      "geometry": {
        "type": "Point",
        "coordinates": [
          -0.3574357,
          39.5128742
        ]
      },
      "properties": {
        "id": 5322911220,
        "osm_type": "node",
        "name": "La Font",
        "opening_hours": "Mo-Su 08:00-14:00+"
      }
    },
    {
      "type": "Feature",
      "geometry": {
        "type": "Point",
        "coordinates": [
          -0.3563644,
          39.512109
        ]
      },
      "properties": {
        "id": 5322911221,
        "osm_type": "node",
        "name": "Orchatería/Cafetería LA MARE"
      }
    },
    {
      "type": "Feature",
      "geometry": {
        "type": "Point",
        "coordinates": [
          -0.6761998,
          39.4989263
        ]
      },
      "properties": {
        "id": 5323901479,
        "osm_type": "node",
        "outdoor_seating": "yes"
      }
    },
    {
      "type": "Feature",
      "geometry": {
        "type": "Point",
        "coordinates": [
          -0.7813322,
          38.4848605
        ]
      },
      "properties": {
        "id": 5328194497,
        "osm_type": "node",
        "name": "Xokolate",
        "outdoor_seating": "yes"
      }
    },
    {
      "type": "Feature",
      "geometry": {
        "type": "Point",
        "coordinates": [
          -0.7816817,
          38.4848176
        ]
      },
      "properties": {
        "id": 5328194499,
        "osm_type": "node",
        "name": "Belén",
        "outdoor_seating": "yes"
      }
    },
    {
      "type": "Feature",
      "geometry": {
        "type": "Point",
        "coordinates": [
          -0.4399852,
          38.7412079
        ]
      },
      "properties": {
        "id": 5336696497,
        "osm_type": "node",
        "name": "10 punts"
      }
    },
    {
      "type": "Feature",
      "geometry": {
        "type": "Point",
        "coordinates": [
          -0.0189346,
          40.2700208
        ]
      },
      "properties": {
        "id": 5354123468,
        "osm_type": "node",
        "name": "Rafael Albalat Alvado",
        "opening_hours": "Mo-Sa 06:00-14:00"
      }
    },
    {
      "type": "Feature",
      "geometry": {
        "type": "Point",
        "coordinates": [
          -0.732649,
          38.2759585
        ]
      },
      "properties": {
        "id": 5354384354,
        "osm_type": "node",
        "name": "Faler"
      }
    },
    {
      "type": "Feature",
      "geometry": {
        "type": "Point",
        "coordinates": [
          -0.7586962,
          38.3848101
        ]
      },
      "properties": {
        "id": 5359397665,
        "osm_type": "node",
        "name": "La Picaeta"
      }
    },
    {
      "type": "Feature",
      "geometry": {
        "type": "Point",
        "coordinates": [
          -0.4344684,
          38.3960929
        ]
      },
      "properties": {
        "id": 5365510614,
        "osm_type": "node",
        "name": "Citta Nostra"
      }
    },
    {
      "type": "Feature",
      "geometry": {
        "type": "Point",
        "coordinates": [
          -0.425706,
          39.1527365
        ]
      },
      "properties": {
        "id": 5380388733,
        "osm_type": "node"
      }
    },
    {
      "type": "Feature",
      "geometry": {
        "type": "Point",
        "coordinates": [
          -0.4365088,
          39.1506427
        ]
      },
      "properties": {
        "id": 5380388773,
        "osm_type": "node"
      }
    },
    {
      "type": "Feature",
      "geometry": {
        "type": "Point",
        "coordinates": [
          -0.4179408,
          39.4724387
        ]
      },
      "properties": {
        "id": 5382629969,
        "osm_type": "node",
        "name": "Bar El Piñonero",
        "check_date": "2026-03-01"
      }
    },
    {
      "type": "Feature",
      "geometry": {
        "type": "Point",
        "coordinates": [
          -0.3730242,
          39.48888
        ]
      },
      "properties": {
        "id": 5382634205,
        "osm_type": "node"
      }
    },
    {
      "type": "Feature",
      "geometry": {
        "type": "Point",
        "coordinates": [
          -0.3722077,
          39.4877868
        ]
      },
      "properties": {
        "id": 5382634206,
        "osm_type": "node"
      }
    },
    {
      "type": "Feature",
      "geometry": {
        "type": "Point",
        "coordinates": [
          -0.6317825,
          38.2945045
        ]
      },
      "properties": {
        "id": 5395367915,
        "osm_type": "node",
        "name": "La Dama"
      }
    },
    {
      "type": "Feature",
      "geometry": {
        "type": "Point",
        "coordinates": [
          -0.3782989,
          39.4762722
        ]
      },
      "properties": {
        "id": 5405018423,
        "osm_type": "node"
      }
    },
    {
      "type": "Feature",
      "geometry": {
        "type": "Point",
        "coordinates": [
          -0.371446,
          39.4886231
        ]
      },
      "properties": {
        "id": 5405846047,
        "osm_type": "node",
        "name": "El Teu Racó"
      }
    },
    {
      "type": "Feature",
      "geometry": {
        "type": "Point",
        "coordinates": [
          -0.1716146,
          38.5272125
        ]
      },
      "properties": {
        "id": 5419741823,
        "osm_type": "node"
      }
    },
    {
      "type": "Feature",
      "geometry": {
        "type": "Point",
        "coordinates": [
          -0.7728785,
          39.2379495
        ]
      },
      "properties": {
        "id": 5440572868,
        "osm_type": "node",
        "name": "Maria Dolores Sáez"
      }
    },
    {
      "type": "Feature",
      "geometry": {
        "type": "Point",
        "coordinates": [
          -0.3748053,
          39.4855172
        ]
      },
      "properties": {
        "id": 5456516064,
        "osm_type": "node",
        "name": "Pastelería Valls",
        "opening_hours": "Mo-Fr 07:30-20:00; Sa off; Su 09:00-19:00"
      }
    },
    {
      "type": "Feature",
      "geometry": {
        "type": "Point",
        "coordinates": [
          -0.6574347,
          38.7177436
        ]
      },
      "properties": {
        "id": 5456550206,
        "osm_type": "node",
        "name": "Circulo's"
      }
    },
    {
      "type": "Feature",
      "geometry": {
        "type": "Point",
        "coordinates": [
          -0.659836,
          38.7168951
        ]
      },
      "properties": {
        "id": 5456976521,
        "osm_type": "node",
        "name": "Vicente Belda"
      }
    },
    {
      "type": "Feature",
      "geometry": {
        "type": "Point",
        "coordinates": [
          -0.3929664,
          39.4471737
        ]
      },
      "properties": {
        "id": 5457024525,
        "osm_type": "node"
      }
    },
    {
      "type": "Feature",
      "geometry": {
        "type": "Point",
        "coordinates": [
          -0.396118,
          39.4618825
        ]
      },
      "properties": {
        "id": 5457556985,
        "osm_type": "node",
        "name": "Cafetal Club"
      }
    },
    {
      "type": "Feature",
      "geometry": {
        "type": "Point",
        "coordinates": [
          -0.3885496,
          39.4645032
        ]
      },
      "properties": {
        "id": 5457808189,
        "osm_type": "node",
        "name": "Cafecito"
      }
    },
    {
      "type": "Feature",
      "geometry": {
        "type": "Point",
        "coordinates": [
          -0.3850131,
          39.469796
        ]
      },
      "properties": {
        "id": 5457892435,
        "osm_type": "node",
        "name": "Liaopastel",
        "opening_hours": "Mo-Su 06:00-22:00"
      }
    },
    {
      "type": "Feature",
      "geometry": {
        "type": "Point",
        "coordinates": [
          -0.3792318,
          39.4756965
        ]
      },
      "properties": {
        "id": 5457955857,
        "osm_type": "node",
        "name": "Horno Pastelería San Nicolás"
      }
    },
    {
      "type": "Feature",
      "geometry": {
        "type": "Point",
        "coordinates": [
          -0.0385604,
          39.9873765
        ]
      },
      "properties": {
        "id": 5464663296,
        "osm_type": "node",
        "name": "Cafeteria la Panaderia"
      }
    },
    {
      "type": "Feature",
      "geometry": {
        "type": "Point",
        "coordinates": [
          -0.3273382,
          39.4768829
        ]
      },
      "properties": {
        "id": 5473531946,
        "osm_type": "node",
        "name": "La Bianca"
      }
    },
    {
      "type": "Feature",
      "geometry": {
        "type": "Point",
        "coordinates": [
          -0.3323612,
          39.4672029
        ]
      },
      "properties": {
        "id": 5478306804,
        "osm_type": "node",
        "name": "Pannes",
        "opening_hours": "Mo-We,Fr 08:00-21:00; Th 07:30-21:00; Sa,Su 09:00-21:00",
        "outdoor_seating": "no"
      }
    },
    {
      "type": "Feature",
      "geometry": {
        "type": "Point",
        "coordinates": [
          -0.375129,
          39.4669108
        ]
      },
      "properties": {
        "id": 5480460803,
        "osm_type": "node",
        "name": "Granier",
        "check_date": "2024-04-02"
      }
    },
    {
      "type": "Feature",
      "geometry": {
        "type": "Point",
        "coordinates": [
          -0.1232074,
          39.8647052
        ]
      },
      "properties": {
        "id": 5494260042,
        "osm_type": "node",
        "name": "Àrea de servei La Plana"
      }
    },
    {
      "type": "Feature",
      "geometry": {
        "type": "Point",
        "coordinates": [
          -0.1221458,
          39.8646409
        ]
      },
      "properties": {
        "id": 5494260358,
        "osm_type": "node",
        "name": "Àrea de servei La Plana"
      }
    },
    {
      "type": "Feature",
      "geometry": {
        "type": "Point",
        "coordinates": [
          -0.416945,
          38.3856114
        ]
      },
      "properties": {
        "id": 5513306455,
        "osm_type": "node",
        "name": "Sweet Bakery"
      }
    },
    {
      "type": "Feature",
      "geometry": {
        "type": "Point",
        "coordinates": [
          -0.4168893,
          38.3855644
        ]
      },
      "properties": {
        "id": 5513306456,
        "osm_type": "node",
        "name": "Mister Galleta"
      }
    },
    {
      "type": "Feature",
      "geometry": {
        "type": "Point",
        "coordinates": [
          -0.41673,
          38.3854265
        ]
      },
      "properties": {
        "id": 5513306457,
        "osm_type": "node",
        "name": "Cafe Du Parc",
        "outdoor_seating": "yes"
      }
    },
    {
      "type": "Feature",
      "geometry": {
        "type": "Point",
        "coordinates": [
          -0.4125821,
          38.3818844
        ]
      },
      "properties": {
        "id": 5513306469,
        "osm_type": "node",
        "name": "Garberi"
      }
    },
    {
      "type": "Feature",
      "geometry": {
        "type": "Point",
        "coordinates": [
          -0.412151,
          38.3846637
        ]
      },
      "properties": {
        "id": 5513336594,
        "osm_type": "node",
        "name": "Delicias"
      }
    },
    {
      "type": "Feature",
      "geometry": {
        "type": "Point",
        "coordinates": [
          0.4058019,
          40.4591363
        ]
      },
      "properties": {
        "id": 5518701514,
        "osm_type": "node",
        "name": "Cafeteria",
        "opening_hours": "Mo-Su,PH 00:00-00:00"
      }
    },
    {
      "type": "Feature",
      "geometry": {
        "type": "Point",
        "coordinates": [
          -0.3488712,
          39.4649524
        ]
      },
      "properties": {
        "id": 5520319253,
        "osm_type": "node",
        "name": "Portobello",
        "opening_hours": "Mo-Fr 08:00-21:30; Sa,Su,Ph 08:00-14:30,17:30-21:30",
        "takeaway": "yes",
        "outdoor_seating": "yes"
      }
    },
    {
      "type": "Feature",
      "geometry": {
        "type": "Point",
        "coordinates": [
          -0.13794,
          38.5374223
        ]
      },
      "properties": {
        "id": 5522391682,
        "osm_type": "node",
        "name": "La Pinta",
        "check_date": "2024-05-27"
      }
    },
    {
      "type": "Feature",
      "geometry": {
        "type": "Point",
        "coordinates": [
          -0.1395566,
          38.537281
        ]
      },
      "properties": {
        "id": 5522391686,
        "osm_type": "node",
        "name": "Benipark Playa",
        "outdoor_seating": "yes",
        "check_date": "2024-05-27"
      }
    },
    {
      "type": "Feature",
      "geometry": {
        "type": "Point",
        "coordinates": [
          -0.1506822,
          38.5364554
        ]
      },
      "properties": {
        "id": 5522417401,
        "osm_type": "node",
        "name": "Las Delicias",
        "outdoor_seating": "yes",
        "check_date": "2024-05-24"
      }
    },
    {
      "type": "Feature",
      "geometry": {
        "type": "Point",
        "coordinates": [
          -0.1310191,
          38.5339758
        ]
      },
      "properties": {
        "id": 5527814512,
        "osm_type": "node",
        "name": "El Castell",
        "outdoor_seating": "yes",
        "check_date": "2023-10-29"
      }
    },
    {
      "type": "Feature",
      "geometry": {
        "type": "Point",
        "coordinates": [
          -0.1361505,
          38.5372447
        ]
      },
      "properties": {
        "id": 5530535646,
        "osm_type": "node",
        "name": "Las Olas De Poniente",
        "outdoor_seating": "yes",
        "check_date": "2024-05-01"
      }
    },
    {
      "type": "Feature",
      "geometry": {
        "type": "Point",
        "coordinates": [
          -0.6436211,
          39.4776481
        ]
      },
      "properties": {
        "id": 5533261484,
        "osm_type": "node",
        "name": "Cafeteria de Abajo",
        "outdoor_seating": "yes"
      }
    },
    {
      "type": "Feature",
      "geometry": {
        "type": "Point",
        "coordinates": [
          -0.644837,
          39.4826946
        ]
      },
      "properties": {
        "id": 5533275695,
        "osm_type": "node",
        "name": "Cafeteria de arriba"
      }
    },
    {
      "type": "Feature",
      "geometry": {
        "type": "Point",
        "coordinates": [
          -0.0482551,
          38.6008086
        ]
      },
      "properties": {
        "id": 5539680407,
        "osm_type": "node",
        "name": "La Bombonniere"
      }
    },
    {
      "type": "Feature",
      "geometry": {
        "type": "Point",
        "coordinates": [
          -0.0484547,
          38.6006425
        ]
      },
      "properties": {
        "id": 5539680410,
        "osm_type": "node",
        "name": "Mercat"
      }
    },
    {
      "type": "Feature",
      "geometry": {
        "type": "Point",
        "coordinates": [
          -0.0484601,
          38.6000175
        ]
      },
      "properties": {
        "id": 5539681125,
        "osm_type": "node",
        "name": "Café Filarmónica"
      }
    },
    {
      "type": "Feature",
      "geometry": {
        "type": "Point",
        "coordinates": [
          -0.0472895,
          38.6017603
        ]
      },
      "properties": {
        "id": 5539761632,
        "osm_type": "node",
        "name": "Internacional"
      }
    },
    {
      "type": "Feature",
      "geometry": {
        "type": "Point",
        "coordinates": [
          -0.0476381,
          38.6017127
        ]
      },
      "properties": {
        "id": 5539761634,
        "osm_type": "node",
        "name": "Cafetería El Poble"
      }
    },
    {
      "type": "Feature",
      "geometry": {
        "type": "Point",
        "coordinates": [
          -0.2088147,
          39.6789534
        ]
      },
      "properties": {
        "id": 5540434379,
        "osm_type": "node",
        "name": "La Merced"
      }
    },
    {
      "type": "Feature",
      "geometry": {
        "type": "Point",
        "coordinates": [
          -0.1311451,
          38.5353824
        ]
      },
      "properties": {
        "id": 5545629175,
        "osm_type": "node",
        "name": "Cafe 23"
      }
    },
    {
      "type": "Feature",
      "geometry": {
        "type": "Point",
        "coordinates": [
          -0.2928903,
          40.2939021
        ]
      },
      "properties": {
        "id": 5554443524,
        "osm_type": "node",
        "name": "Panaderia Raquel"
      }
    },
    {
      "type": "Feature",
      "geometry": {
        "type": "Point",
        "coordinates": [
          -0.5165508,
          38.7803763
        ]
      },
      "properties": {
        "id": 5554504649,
        "osm_type": "node",
        "name": "Forn De Pa Damian Belda"
      }
    },
    {
      "type": "Feature",
      "geometry": {
        "type": "Point",
        "coordinates": [
          -0.6073844,
          38.8200635
        ]
      },
      "properties": {
        "id": 5554867669,
        "osm_type": "node",
        "name": "Harmony Cafe"
      }
    },
    {
      "type": "Feature",
      "geometry": {
        "type": "Point",
        "coordinates": [
          -0.3705812,
          39.4749297
        ]
      },
      "properties": {
        "id": 5573272521,
        "osm_type": "node",
        "name": "Brunch Corner - Sant Bult",
        "opening_hours": "Mo-Fr 08:00-20:00; Sa 09:00-20:00; Su 09:00-15:00",
        "takeaway": "yes",
        "outdoor_seating": "yes",
        "check_date": "2024-09-01"
      }
    },
    {
      "type": "Feature",
      "geometry": {
        "type": "Point",
        "coordinates": [
          0.0101332,
          38.8446353
        ]
      },
      "properties": {
        "id": 5578501001,
        "osm_type": "node",
        "name": "Forn de Maruja"
      }
    },
    {
      "type": "Feature",
      "geometry": {
        "type": "Point",
        "coordinates": [
          -0.5484637,
          39.5919337
        ]
      },
      "properties": {
        "id": 5584110191,
        "osm_type": "node",
        "name": "Forn Tou"
      }
    },
    {
      "type": "Feature",
      "geometry": {
        "type": "Point",
        "coordinates": [
          0.1070413,
          38.8401878
        ]
      },
      "properties": {
        "id": 5586846223,
        "osm_type": "node",
        "name": "Chachi"
      }
    },
    {
      "type": "Feature",
      "geometry": {
        "type": "Point",
        "coordinates": [
          0.1322046,
          38.6874457
        ]
      },
      "properties": {
        "id": 5588923821,
        "osm_type": "node",
        "name": "Piquer"
      }
    },
    {
      "type": "Feature",
      "geometry": {
        "type": "Point",
        "coordinates": [
          -0.3738813,
          39.4604315
        ]
      },
      "properties": {
        "id": 5594269725,
        "osm_type": "node"
      }
    },
    {
      "type": "Feature",
      "geometry": {
        "type": "Point",
        "coordinates": [
          -0.3906632,
          39.4793644
        ]
      },
      "properties": {
        "id": 5598452387,
        "osm_type": "node",
        "name": "Cafeteria Fika"
      }
    },
    {
      "type": "Feature",
      "geometry": {
        "type": "Point",
        "coordinates": [
          -0.5852735,
          39.5940897
        ]
      },
      "properties": {
        "id": 5622353917,
        "osm_type": "node",
        "name": "Forn Ramona"
      }
    },
    {
      "type": "Feature",
      "geometry": {
        "type": "Point",
        "coordinates": [
          -0.0625344,
          38.780187
        ]
      },
      "properties": {
        "id": 5631707721,
        "osm_type": "node",
        "name": "Panadería Pastelería y Bolleria Vicens",
        "opening_hours": "Mo-Fr 06:10-14:00; Sa 06:10-14:30"
      }
    },
    {
      "type": "Feature",
      "geometry": {
        "type": "Point",
        "coordinates": [
          -0.1935212,
          38.725229
        ]
      },
      "properties": {
        "id": 5631707821,
        "osm_type": "node",
        "name": "Panadería Pastelería y Bolleria Vicens",
        "opening_hours": "Mo-Fr 07:00-11:00; Sa 07:00-11:00"
      }
    },
    {
      "type": "Feature",
      "geometry": {
        "type": "Point",
        "coordinates": [
          -0.3784686,
          39.4738331
        ]
      },
      "properties": {
        "id": 5643605422,
        "osm_type": "node",
        "name": "L'Orxateria"
      }
    },
    {
      "type": "Feature",
      "geometry": {
        "type": "Point",
        "coordinates": [
          -0.9570181,
          38.1191945
        ]
      },
      "properties": {
        "id": 5644379925,
        "osm_type": "node",
        "name": "Cafetería Morris"
      }
    },
    {
      "type": "Feature",
      "geometry": {
        "type": "Point",
        "coordinates": [
          -0.7879608,
          39.4165338
        ]
      },
      "properties": {
        "id": 5645744871,
        "osm_type": "node",
        "name": "Brox 33"
      }
    },
    {
      "type": "Feature",
      "geometry": {
        "type": "Point",
        "coordinates": [
          -1.2079416,
          39.5737645
        ]
      },
      "properties": {
        "id": 5649567391,
        "osm_type": "node",
        "name": "Gallego"
      }
    },
    {
      "type": "Feature",
      "geometry": {
        "type": "Point",
        "coordinates": [
          -0.3554539,
          39.4846738
        ]
      },
      "properties": {
        "id": 5668131735,
        "osm_type": "node",
        "name": "Cafeteria Panaderia Carmelas",
        "opening_hours": "Mo-Fr 07:30-21:00; Sa-Su 08:00-21:00"
      }
    },
    {
      "type": "Feature",
      "geometry": {
        "type": "Point",
        "coordinates": [
          -0.1313408,
          38.5387148
        ]
      },
      "properties": {
        "id": 5668936150,
        "osm_type": "node",
        "name": "Granier",
        "check_date": "2023-01-09"
      }
    },
    {
      "type": "Feature",
      "geometry": {
        "type": "Point",
        "coordinates": [
          -0.4369126,
          38.3949325
        ]
      },
      "properties": {
        "id": 5695174328,
        "osm_type": "node",
        "name": "Café Viena"
      }
    },
    {
      "type": "Feature",
      "geometry": {
        "type": "Point",
        "coordinates": [
          -0.4377168,
          38.394821
        ]
      },
      "properties": {
        "id": 5695175517,
        "osm_type": "node",
        "name": "El forn de Benimagrell"
      }
    },
    {
      "type": "Feature",
      "geometry": {
        "type": "Point",
        "coordinates": [
          0.4134538,
          40.3932424
        ]
      },
      "properties": {
        "id": 5699972693,
        "osm_type": "node",
        "name": "la Marsela",
        "check_date": "2025-12-10"
      }
    },
    {
      "type": "Feature",
      "geometry": {
        "type": "Point",
        "coordinates": [
          0.4134087,
          40.393206
        ]
      },
      "properties": {
        "id": 5699972705,
        "osm_type": "node",
        "name": "la Marsela",
        "check_date": "2025-12-10"
      }
    },
    {
      "type": "Feature",
      "geometry": {
        "type": "Point",
        "coordinates": [
          -0.3800354,
          39.4765022
        ]
      },
      "properties": {
        "id": 5700075321,
        "osm_type": "node",
        "name": "El Cagetín",
        "opening_hours": "Mo-Su 12:00-01:30"
      }
    },
    {
      "type": "Feature",
      "geometry": {
        "type": "Point",
        "coordinates": [
          -0.4324042,
          38.3934142
        ]
      },
      "properties": {
        "id": 5700397680,
        "osm_type": "node",
        "name": "Panadería Benimagrell"
      }
    },
    {
      "type": "Feature",
      "geometry": {
        "type": "Point",
        "coordinates": [
          -0.0163627,
          38.743458
        ]
      },
      "properties": {
        "id": 5715196550,
        "osm_type": "node",
        "name": "Delaney's"
      }
    },
    {
      "type": "Feature",
      "geometry": {
        "type": "Point",
        "coordinates": [
          -0.5069073,
          39.877824
        ]
      },
      "properties": {
        "id": 5726260378,
        "osm_type": "node",
        "name": "Cafe Valenciano",
        "check_date": "2024-03-24"
      }
    },
    {
      "type": "Feature",
      "geometry": {
        "type": "Point",
        "coordinates": [
          -0.3548558,
          39.4850052
        ]
      },
      "properties": {
        "id": 5732473922,
        "osm_type": "node",
        "name": "Horno Pastelería Real de Gandíaa",
        "opening_hours": "Mo-Sa 07:00-14:30; Su off"
      }
    },
    {
      "type": "Feature",
      "geometry": {
        "type": "Point",
        "coordinates": [
          -0.3596322,
          39.4875792
        ]
      },
      "properties": {
        "id": 5734614678,
        "osm_type": "node",
        "name": "Letras y Vinos",
        "opening_hours": "Mo,Tu 10:30-13:30,17:30-22:30; We off; Th 10:00-13:30,17:30-22:30; Fr 10:00-13:30,17:30-00:30; Sa 12:00-14:30,18:30-00:30; Su 12:00-14:30,18:30-21:30",
        "outdoor_seating": "yes"
      }
    },
    {
      "type": "Feature",
      "geometry": {
        "type": "Point",
        "coordinates": [
          -0.6927119,
          37.9735176
        ]
      },
      "properties": {
        "id": 5742546151,
        "osm_type": "node",
        "name": "Veromar",
        "outdoor_seating": "yes"
      }
    },
    {
      "type": "Feature",
      "geometry": {
        "type": "Point",
        "coordinates": [
          -0.8778536,
          38.1271636
        ]
      },
      "properties": {
        "id": 5755139304,
        "osm_type": "node",
        "name": "Panadería y Bollería Virgen de la Portería"
      }
    },
    {
      "type": "Feature",
      "geometry": {
        "type": "Point",
        "coordinates": [
          -0.4875862,
          38.3431385
        ]
      },
      "properties": {
        "id": 5764522053,
        "osm_type": "node",
        "name": "Vegan bombon",
        "opening_hours": "Mo-Fr 09:30-14:00,17:00-21:00; Sa 10:00-14:00,17:00-22:00"
      }
    },
    {
      "type": "Feature",
      "geometry": {
        "type": "Point",
        "coordinates": [
          -0.6024433,
          38.8244962
        ]
      },
      "properties": {
        "id": 5794466226,
        "osm_type": "node",
        "name": "La Penya"
      }
    },
    {
      "type": "Feature",
      "geometry": {
        "type": "Point",
        "coordinates": [
          -0.746752,
          38.0848156
        ]
      },
      "properties": {
        "id": 5808423853,
        "osm_type": "node",
        "name": "El Rulo"
      }
    },
    {
      "type": "Feature",
      "geometry": {
        "type": "Point",
        "coordinates": [
          -0.4845614,
          38.3475316
        ]
      },
      "properties": {
        "id": 5813384355,
        "osm_type": "node",
        "name": "Coffee Nutz",
        "opening_hours": "Mo-Fr 08:00-20:00; Sa,Su 09:00-20:00",
        "outdoor_seating": "sidewalk"
      }
    },
    {
      "type": "Feature",
      "geometry": {
        "type": "Point",
        "coordinates": [
          -0.434921,
          38.3970622
        ]
      },
      "properties": {
        "id": 5814681729,
        "osm_type": "node",
        "name": "París"
      }
    },
    {
      "type": "Feature",
      "geometry": {
        "type": "Point",
        "coordinates": [
          -0.4338791,
          38.3960608
        ]
      },
      "properties": {
        "id": 5814681993,
        "osm_type": "node",
        "name": "El Olivero"
      }
    },
    {
      "type": "Feature",
      "geometry": {
        "type": "Point",
        "coordinates": [
          -0.1238607,
          38.6513016
        ]
      },
      "properties": {
        "id": 5817788387,
        "osm_type": "node",
        "name": "Forn el Portal"
      }
    },
    {
      "type": "Feature",
      "geometry": {
        "type": "Point",
        "coordinates": [
          -0.1208452,
          38.6503665
        ]
      },
      "properties": {
        "id": 5817790281,
        "osm_type": "node",
        "name": "Panadería Rojas"
      }
    },
    {
      "type": "Feature",
      "geometry": {
        "type": "Point",
        "coordinates": [
          -0.1225755,
          38.650124
        ]
      },
      "properties": {
        "id": 5817792765,
        "osm_type": "node",
        "name": "Pastisseria Pana"
      }
    },
    {
      "type": "Feature",
      "geometry": {
        "type": "Point",
        "coordinates": [
          -0.1214337,
          38.6498801
        ]
      },
      "properties": {
        "id": 5817793872,
        "osm_type": "node",
        "name": "Modesto Pastissers"
      }
    },
    {
      "type": "Feature",
      "geometry": {
        "type": "Point",
        "coordinates": [
          -0.4452133,
          38.4184062
        ]
      },
      "properties": {
        "id": 5826752202,
        "osm_type": "node",
        "name": "Pan casero"
      }
    },
    {
      "type": "Feature",
      "geometry": {
        "type": "Point",
        "coordinates": [
          -0.4451324,
          38.4181456
        ]
      },
      "properties": {
        "id": 5826753731,
        "osm_type": "node",
        "name": "Qué vols, qué més"
      }
    },
    {
      "type": "Feature",
      "geometry": {
        "type": "Point",
        "coordinates": [
          -0.1828967,
          39.7352059
        ]
      },
      "properties": {
        "id": 5830764485,
        "osm_type": "node",
        "name": "Orxateria Gelateria Paqui"
      }
    },
    {
      "type": "Feature",
      "geometry": {
        "type": "Point",
        "coordinates": [
          -0.7208901,
          37.9310956
        ]
      },
      "properties": {
        "id": 5838430286,
        "osm_type": "node",
        "name": "Coffe del mar"
      }
    },
    {
      "type": "Feature",
      "geometry": {
        "type": "Point",
        "coordinates": [
          -0.4564667,
          39.3655304
        ]
      },
      "properties": {
        "id": 5850036771,
        "osm_type": "node",
        "name": "L'abadia"
      }
    },
    {
      "type": "Feature",
      "geometry": {
        "type": "Point",
        "coordinates": [
          -0.3568916,
          39.4813531
        ]
      },
      "properties": {
        "id": 5866589418,
        "osm_type": "node",
        "name": "Café de las Luces",
        "outdoor_seating": "yes"
      }
    },
    {
      "type": "Feature",
      "geometry": {
        "type": "Point",
        "coordinates": [
          0.10998,
          38.8397614
        ]
      },
      "properties": {
        "id": 5873931242,
        "osm_type": "node",
        "name": "Blava"
      }
    },
    {
      "type": "Feature",
      "geometry": {
        "type": "Point",
        "coordinates": [
          0.1081494,
          38.8392741
        ]
      },
      "properties": {
        "id": 5873931249,
        "osm_type": "node",
        "name": "Mediterranea"
      }
    },
    {
      "type": "Feature",
      "geometry": {
        "type": "Point",
        "coordinates": [
          0.1089995,
          38.8396624
        ]
      },
      "properties": {
        "id": 5873941713,
        "osm_type": "node",
        "name": "La Via",
        "outdoor_seating": "yes"
      }
    },
    {
      "type": "Feature",
      "geometry": {
        "type": "Point",
        "coordinates": [
          -0.1079345,
          38.5346747
        ]
      },
      "properties": {
        "id": 5874107855,
        "osm_type": "node",
        "name": "Med 66",
        "outdoor_seating": "yes",
        "check_date": "2024-10-24"
      }
    },
    {
      "type": "Feature",
      "geometry": {
        "type": "Point",
        "coordinates": [
          -0.1109913,
          38.5359911
        ]
      },
      "properties": {
        "id": 5874107877,
        "osm_type": "node",
        "name": "The Brunch Box",
        "outdoor_seating": "yes",
        "check_date": "2024-10-26"
      }
    },
    {
      "type": "Feature",
      "geometry": {
        "type": "Point",
        "coordinates": [
          -0.1127703,
          38.5362619
        ]
      },
      "properties": {
        "id": 5874127917,
        "osm_type": "node",
        "name": "levaduramadre",
        "check_date": "2024-10-26"
      }
    },
    {
      "type": "Feature",
      "geometry": {
        "type": "Point",
        "coordinates": [
          0.1044756,
          38.8407294
        ]
      },
      "properties": {
        "id": 5874128088,
        "osm_type": "node",
        "name": "M. Chardí"
      }
    },
    {
      "type": "Feature",
      "geometry": {
        "type": "Point",
        "coordinates": [
          -0.1085507,
          38.5335922
        ]
      },
      "properties": {
        "id": 5874128103,
        "osm_type": "node",
        "name": "Brisa Beach"
      }
    },
    {
      "type": "Feature",
      "geometry": {
        "type": "Point",
        "coordinates": [
          0.1913156,
          38.7711485
        ]
      },
      "properties": {
        "id": 5874133393,
        "osm_type": "node",
        "name": "El Rincón del Sol"
      }
    },
    {
      "type": "Feature",
      "geometry": {
        "type": "Point",
        "coordinates": [
          0.1869024,
          38.7744636
        ]
      },
      "properties": {
        "id": 5874133395,
        "osm_type": "node",
        "name": "Manhattan"
      }
    },
    {
      "type": "Feature",
      "geometry": {
        "type": "Point",
        "coordinates": [
          -0.8105064,
          38.2453489
        ]
      },
      "properties": {
        "id": 5887437290,
        "osm_type": "node",
        "name": "Cafetería D'Or"
      }
    },
    {
      "type": "Feature",
      "geometry": {
        "type": "Point",
        "coordinates": [
          -0.810621,
          38.2458405
        ]
      },
      "properties": {
        "id": 5887437297,
        "osm_type": "node",
        "name": "La Oca"
      }
    },
    {
      "type": "Feature",
      "geometry": {
        "type": "Point",
        "coordinates": [
          -0.8123611,
          38.2451152
        ]
      },
      "properties": {
        "id": 5887437300,
        "osm_type": "node",
        "name": "Panadería Porrut"
      }
    },
    {
      "type": "Feature",
      "geometry": {
        "type": "Point",
        "coordinates": [
          -0.8123586,
          38.2432101
        ]
      },
      "properties": {
        "id": 5890166431,
        "osm_type": "node",
        "name": "El Parquet"
      }
    },
    {
      "type": "Feature",
      "geometry": {
        "type": "Point",
        "coordinates": [
          -0.669297,
          38.27124
        ]
      },
      "properties": {
        "id": 5891511601,
        "osm_type": "node"
      }
    },
    {
      "type": "Feature",
      "geometry": {
        "type": "Point",
        "coordinates": [
          -0.4949749,
          38.3474114
        ]
      },
      "properties": {
        "id": 5911346065,
        "osm_type": "node",
        "name": "La Orquídea"
      }
    },
    {
      "type": "Feature",
      "geometry": {
        "type": "Point",
        "coordinates": [
          -0.7070106,
          38.25907
        ]
      },
      "properties": {
        "id": 5914655033,
        "osm_type": "node",
        "name": "Magia del pan"
      }
    },
    {
      "type": "Feature",
      "geometry": {
        "type": "Point",
        "coordinates": [
          -0.9625188,
          38.1458053
        ]
      },
      "properties": {
        "id": 5919088994,
        "osm_type": "node",
        "name": "Bar pizzería casa Pepa",
        "outdoor_seating": "yes"
      }
    },
    {
      "type": "Feature",
      "geometry": {
        "type": "Point",
        "coordinates": [
          -0.4092672,
          39.4997608
        ]
      },
      "properties": {
        "id": 5920254481,
        "osm_type": "node",
        "name": "Coffee Blue"
      }
    },
    {
      "type": "Feature",
      "geometry": {
        "type": "Point",
        "coordinates": [
          -0.80887,
          38.2452278
        ]
      },
      "properties": {
        "id": 5951618638,
        "osm_type": "node",
        "name": "La Oca"
      }
    },
    {
      "type": "Feature",
      "geometry": {
        "type": "Point",
        "coordinates": [
          -0.2369581,
          39.8280159
        ]
      },
      "properties": {
        "id": 5956799489,
        "osm_type": "node",
        "name": "Panadería Cafetería Eva"
      }
    },
    {
      "type": "Feature",
      "geometry": {
        "type": "Point",
        "coordinates": [
          -0.2370872,
          39.8272395
        ]
      },
      "properties": {
        "id": 5956799490,
        "osm_type": "node",
        "name": "Forn Eloisa"
      }
    },
    {
      "type": "Feature",
      "geometry": {
        "type": "Point",
        "coordinates": [
          -0.356215,
          39.4791354
        ]
      },
      "properties": {
        "id": 5960058080,
        "osm_type": "node",
        "name": "Foc"
      }
    },
    {
      "type": "Feature",
      "geometry": {
        "type": "Point",
        "coordinates": [
          -0.7740905,
          38.3858191
        ]
      },
      "properties": {
        "id": 5963501649,
        "osm_type": "node",
        "name": "Churrería San Roque",
        "check_date": "2024-06-10"
      }
    },
    {
      "type": "Feature",
      "geometry": {
        "type": "Point",
        "coordinates": [
          -0.9726424,
          39.7251873
        ]
      },
      "properties": {
        "id": 5965700145,
        "osm_type": "node",
        "name": "Horno Pastelería Santa Quitèria"
      }
    },
    {
      "type": "Feature",
      "geometry": {
        "type": "Point",
        "coordinates": [
          -0.4369117,
          38.4009548
        ]
      },
      "properties": {
        "id": 5968896143,
        "osm_type": "node",
        "name": "La Tentación",
        "opening_hours": "7:30-21:00"
      }
    },
    {
      "type": "Feature",
      "geometry": {
        "type": "Point",
        "coordinates": [
          -0.4348134,
          38.3969697
        ]
      },
      "properties": {
        "id": 5969567289,
        "osm_type": "node",
        "name": "Cafetería con Encanto"
      }
    },
    {
      "type": "Feature",
      "geometry": {
        "type": "Point",
        "coordinates": [
          -0.4401478,
          38.4031472
        ]
      },
      "properties": {
        "id": 5969597537,
        "osm_type": "node",
        "name": "El Canyaret"
      }
    },
    {
      "type": "Feature",
      "geometry": {
        "type": "Point",
        "coordinates": [
          0.0516995,
          38.6431335
        ]
      },
      "properties": {
        "id": 5969980685,
        "osm_type": "node",
        "name": "Pizzeria Rico Sabor"
      }
    },
    {
      "type": "Feature",
      "geometry": {
        "type": "Point",
        "coordinates": [
          -0.3770676,
          39.4739398
        ]
      },
      "properties": {
        "id": 5992775986,
        "osm_type": "node",
        "name": "El Cafe Del Mar",
        "opening_hours": "Mo-Th 09:30-00:30; Fr-Su 09:30-01:00"
      }
    },
    {
      "type": "Feature",
      "geometry": {
        "type": "Point",
        "coordinates": [
          -0.3772749,
          39.4708509
        ]
      },
      "properties": {
        "id": 5993721186,
        "osm_type": "node",
        "name": "Bocateria Tandem"
      }
    },
    {
      "type": "Feature",
      "geometry": {
        "type": "Point",
        "coordinates": [
          -0.478228,
          39.4784869
        ]
      },
      "properties": {
        "id": 5994287196,
        "osm_type": "node"
      }
    },
    {
      "type": "Feature",
      "geometry": {
        "type": "Point",
        "coordinates": [
          -0.3582532,
          39.4548013
        ]
      },
      "properties": {
        "id": 6001196527,
        "osm_type": "node",
        "name": "Bodegas Gargallo",
        "opening_hours": "Mo-Sa 08:00-23:30",
        "check_date": "2026-04-11"
      }
    },
    {
      "type": "Feature",
      "geometry": {
        "type": "Point",
        "coordinates": [
          -0.3640237,
          39.42692
        ]
      },
      "properties": {
        "id": 6010229787,
        "osm_type": "node",
        "name": "Forn Velarte",
        "opening_hours": "Mo-Sa 06:30-14:00, 17:00-20:00"
      }
    },
    {
      "type": "Feature",
      "geometry": {
        "type": "Point",
        "coordinates": [
          -0.3346299,
          39.4485632
        ]
      },
      "properties": {
        "id": 6010265085,
        "osm_type": "node",
        "name": "Forn de German",
        "opening_hours": "Mo-Sa 06:00-15:00, 17:00-20:30"
      }
    },
    {
      "type": "Feature",
      "geometry": {
        "type": "Point",
        "coordinates": [
          -0.3337017,
          39.449314
        ]
      },
      "properties": {
        "id": 6010265185,
        "osm_type": "node",
        "name": "Forn Les Netes"
      }
    },
    {
      "type": "Feature",
      "geometry": {
        "type": "Point",
        "coordinates": [
          -1.2054267,
          39.5675347
        ]
      },
      "properties": {
        "id": 6015241319,
        "osm_type": "node",
        "name": "Salon perez",
        "outdoor_seating": "yes"
      }
    },
    {
      "type": "Feature",
      "geometry": {
        "type": "Point",
        "coordinates": [
          -0.4909559,
          39.474153
        ]
      },
      "properties": {
        "id": 6015894596,
        "osm_type": "node"
      }
    },
    {
      "type": "Feature",
      "geometry": {
        "type": "Point",
        "coordinates": [
          -0.16636,
          40.0471182
        ]
      },
      "properties": {
        "id": 6019819336,
        "osm_type": "node",
        "name": "lÀrea",
        "opening_hours": "24/7"
      }
    },
    {
      "type": "Feature",
      "geometry": {
        "type": "Point",
        "coordinates": [
          -0.2676515,
          39.9630274
        ]
      },
      "properties": {
        "id": 6020440921,
        "osm_type": "node",
        "name": "Chelsa"
      }
    },
    {
      "type": "Feature",
      "geometry": {
        "type": "Point",
        "coordinates": [
          -0.419952,
          39.4776007
        ]
      },
      "properties": {
        "id": 6039011785,
        "osm_type": "node",
        "name": "Panadería Horno Balvent"
      }
    },
    {
      "type": "Feature",
      "geometry": {
        "type": "Point",
        "coordinates": [
          -0.5074124,
          39.1958469
        ]
      },
      "properties": {
        "id": 6039517085,
        "osm_type": "node",
        "name": "La Pastisseria"
      }
    },
    {
      "type": "Feature",
      "geometry": {
        "type": "Point",
        "coordinates": [
          -0.1810768,
          38.9663729
        ]
      },
      "properties": {
        "id": 6048934585,
        "osm_type": "node",
        "name": "Moreno"
      }
    },
    {
      "type": "Feature",
      "geometry": {
        "type": "Point",
        "coordinates": [
          -0.1795206,
          38.9675861
        ]
      },
      "properties": {
        "id": 6049584085,
        "osm_type": "node",
        "name": "Manel"
      }
    },
    {
      "type": "Feature",
      "geometry": {
        "type": "Point",
        "coordinates": [
          -0.4349218,
          39.4972963
        ]
      },
      "properties": {
        "id": 6052450193,
        "osm_type": "node",
        "name": "Bellmar"
      }
    },
    {
      "type": "Feature",
      "geometry": {
        "type": "Point",
        "coordinates": [
          -0.067031,
          39.9939248
        ]
      },
      "properties": {
        "id": 6060155726,
        "osm_type": "node",
        "name": "Café dels Sentits"
      }
    },
    {
      "type": "Feature",
      "geometry": {
        "type": "Point",
        "coordinates": [
          -0.0348919,
          39.98056
        ]
      },
      "properties": {
        "id": 6060253656,
        "osm_type": "node",
        "name": "Cafeteria BLESA"
      }
    },
    {
      "type": "Feature",
      "geometry": {
        "type": "Point",
        "coordinates": [
          -0.0484509,
          38.600882
        ]
      },
      "properties": {
        "id": 6064400911,
        "osm_type": "node",
        "name": "L'Antiga Rebosteria"
      }
    },
    {
      "type": "Feature",
      "geometry": {
        "type": "Point",
        "coordinates": [
          -0.3757748,
          39.4618929
        ]
      },
      "properties": {
        "id": 6070463188,
        "osm_type": "node",
        "name": "Bluebell Coffee Co.",
        "opening_hours": "Mo-Fr 09:00-19:00; Sa,Su,PH 09:00-20:00"
      }
    },
    {
      "type": "Feature",
      "geometry": {
        "type": "Point",
        "coordinates": [
          -0.3534197,
          39.4970233
        ]
      },
      "properties": {
        "id": 6110526373,
        "osm_type": "node",
        "name": "La sucrera",
        "outdoor_seating": "yes"
      }
    },
    {
      "type": "Feature",
      "geometry": {
        "type": "Point",
        "coordinates": [
          -0.4819865,
          38.3453841
        ]
      },
      "properties": {
        "id": 6122536387,
        "osm_type": "node",
        "name": "Madness Speciality Coffee",
        "opening_hours": "Mo-Su 08:30-21:00"
      }
    },
    {
      "type": "Feature",
      "geometry": {
        "type": "Point",
        "coordinates": [
          -0.4255639,
          39.462907
        ]
      },
      "properties": {
        "id": 6136000023,
        "osm_type": "node",
        "name": "Cafetería Berti"
      }
    },
    {
      "type": "Feature",
      "geometry": {
        "type": "Point",
        "coordinates": [
          -0.4263305,
          39.462881
        ]
      },
      "properties": {
        "id": 6136000025,
        "osm_type": "node",
        "name": "Forn Pastisseria Violeta"
      }
    },
    {
      "type": "Feature",
      "geometry": {
        "type": "Point",
        "coordinates": [
          -0.427093,
          39.4633127
        ]
      },
      "properties": {
        "id": 6136000054,
        "osm_type": "node",
        "name": "Café Les Roques"
      }
    },
    {
      "type": "Feature",
      "geometry": {
        "type": "Point",
        "coordinates": [
          -0.4269467,
          39.4633203
        ]
      },
      "properties": {
        "id": 6136000056,
        "osm_type": "node"
      }
    },
    {
      "type": "Feature",
      "geometry": {
        "type": "Point",
        "coordinates": [
          -0.0666443,
          38.5743835
        ]
      },
      "properties": {
        "id": 6139633662,
        "osm_type": "node"
      }
    },
    {
      "type": "Feature",
      "geometry": {
        "type": "Point",
        "coordinates": [
          -0.064707,
          38.5765244
        ]
      },
      "properties": {
        "id": 6139703473,
        "osm_type": "node"
      }
    },
    {
      "type": "Feature",
      "geometry": {
        "type": "Point",
        "coordinates": [
          -0.0646982,
          38.5765613
        ]
      },
      "properties": {
        "id": 6139703475,
        "osm_type": "node",
        "name": "restaurante italiano perrone"
      }
    },
    {
      "type": "Feature",
      "geometry": {
        "type": "Point",
        "coordinates": [
          -0.0647138,
          38.5764742
        ]
      },
      "properties": {
        "id": 6139703477,
        "osm_type": "node",
        "name": "family supermarket albir"
      }
    },
    {
      "type": "Feature",
      "geometry": {
        "type": "Point",
        "coordinates": [
          -0.064869,
          38.5732596
        ]
      },
      "properties": {
        "id": 6139703478,
        "osm_type": "node"
      }
    },
    {
      "type": "Feature",
      "geometry": {
        "type": "Point",
        "coordinates": [
          -0.064857,
          38.5733487
        ]
      },
      "properties": {
        "id": 6139703479,
        "osm_type": "node"
      }
    },
    {
      "type": "Feature",
      "geometry": {
        "type": "Point",
        "coordinates": [
          -0.034111,
          39.97363
        ]
      },
      "properties": {
        "id": 6140773746,
        "osm_type": "node",
        "name": "Cafetería & Snack Bar Sella",
        "opening_hours": "Mo-Sa 08:00-19:00",
        "outdoor_seating": "yes"
      }
    },
    {
      "type": "Feature",
      "geometry": {
        "type": "Point",
        "coordinates": [
          -0.4279842,
          38.363459
        ]
      },
      "properties": {
        "id": 6152585086,
        "osm_type": "node",
        "name": "Baker & Co"
      }
    },
    {
      "type": "Feature",
      "geometry": {
        "type": "Point",
        "coordinates": [
          -0.0520624,
          38.5959225
        ]
      },
      "properties": {
        "id": 6160862785,
        "osm_type": "node"
      }
    },
    {
      "type": "Feature",
      "geometry": {
        "type": "Point",
        "coordinates": [
          -0.125812,
          38.773467
        ]
      },
      "properties": {
        "id": 6165673630,
        "osm_type": "node",
        "name": "Cavall Verd"
      }
    },
    {
      "type": "Feature",
      "geometry": {
        "type": "Point",
        "coordinates": [
          -0.5692309,
          39.9474154
        ]
      },
      "properties": {
        "id": 6166597432,
        "osm_type": "node",
        "name": "Panadería y Pastas Cervantes"
      }
    },
    {
      "type": "Feature",
      "geometry": {
        "type": "Point",
        "coordinates": [
          -0.4347954,
          38.3954593
        ]
      },
      "properties": {
        "id": 6175309346,
        "osm_type": "node",
        "name": "La ermita"
      }
    },
    {
      "type": "Feature",
      "geometry": {
        "type": "Point",
        "coordinates": [
          -0.3493616,
          39.4749589
        ]
      },
      "properties": {
        "id": 6200952064,
        "osm_type": "node",
        "name": "Memphis"
      }
    },
    {
      "type": "Feature",
      "geometry": {
        "type": "Point",
        "coordinates": [
          0.1053017,
          38.8360326
        ]
      },
      "properties": {
        "id": 6207486481,
        "osm_type": "node",
        "name": "Beekery",
        "takeaway": "yes",
        "outdoor_seating": "no"
      }
    },
    {
      "type": "Feature",
      "geometry": {
        "type": "Point",
        "coordinates": [
          -0.0538885,
          38.5937093
        ]
      },
      "properties": {
        "id": 6223057708,
        "osm_type": "node",
        "name": "Ópera",
        "outdoor_seating": "yes"
      }
    },
    {
      "type": "Feature",
      "geometry": {
        "type": "Point",
        "coordinates": [
          0.0161537,
          38.828996
        ]
      },
      "properties": {
        "id": 6227406889,
        "osm_type": "node",
        "name": "Andreu"
      }
    },
    {
      "type": "Feature",
      "geometry": {
        "type": "Point",
        "coordinates": [
          -0.0654615,
          39.9930962
        ]
      },
      "properties": {
        "id": 6229409916,
        "osm_type": "node",
        "outdoor_seating": "yes"
      }
    },
    {
      "type": "Feature",
      "geometry": {
        "type": "Point",
        "coordinates": [
          -0.9414189,
          38.0551784
        ]
      },
      "properties": {
        "id": 6236302581,
        "osm_type": "node",
        "name": "Elsa"
      }
    },
    {
      "type": "Feature",
      "geometry": {
        "type": "Point",
        "coordinates": [
          0.0267807,
          40.2105086
        ]
      },
      "properties": {
        "id": 6256782299,
        "osm_type": "node",
        "name": "Forn Ca Pedro"
      }
    },
    {
      "type": "Feature",
      "geometry": {
        "type": "Point",
        "coordinates": [
          0.0252658,
          40.2109486
        ]
      },
      "properties": {
        "id": 6258812730,
        "osm_type": "node",
        "name": "Panadería Natura Isabel"
      }
    },
    {
      "type": "Feature",
      "geometry": {
        "type": "Point",
        "coordinates": [
          -0.0989692,
          39.9392287
        ]
      },
      "properties": {
        "id": 6259684061,
        "osm_type": "node",
        "name": "Forn de Pa Victoria"
      }
    },
    {
      "type": "Feature",
      "geometry": {
        "type": "Point",
        "coordinates": [
          -0.099138,
          39.9370366
        ]
      },
      "properties": {
        "id": 6259818453,
        "osm_type": "node"
      }
    },
    {
      "type": "Feature",
      "geometry": {
        "type": "Point",
        "coordinates": [
          -0.0460271,
          39.9911423
        ]
      },
      "properties": {
        "id": 6265662945,
        "osm_type": "node"
      }
    },
    {
      "type": "Feature",
      "geometry": {
        "type": "Point",
        "coordinates": [
          -0.3602496,
          39.4857024
        ]
      },
      "properties": {
        "id": 6278233923,
        "osm_type": "node",
        "name": "Antic Forn d'Alcalde"
      }
    },
    {
      "type": "Feature",
      "geometry": {
        "type": "Point",
        "coordinates": [
          -0.4360974,
          38.4012267
        ]
      },
      "properties": {
        "id": 6278542696,
        "osm_type": "node",
        "name": "Panaderia Escoda"
      }
    },
    {
      "type": "Feature",
      "geometry": {
        "type": "Point",
        "coordinates": [
          -0.3593574,
          39.4875527
        ]
      },
      "properties": {
        "id": 6301117353,
        "osm_type": "node",
        "name": "Isabel"
      }
    },
    {
      "type": "Feature",
      "geometry": {
        "type": "Point",
        "coordinates": [
          -0.3588085,
          39.4922646
        ]
      },
      "properties": {
        "id": 6313060840,
        "osm_type": "node",
        "name": "Horchateria Rin"
      }
    },
    {
      "type": "Feature",
      "geometry": {
        "type": "Point",
        "coordinates": [
          -0.060534,
          39.992743
        ]
      },
      "properties": {
        "id": 6329102432,
        "osm_type": "node",
        "name": "Botànic Café",
        "outdoor_seating": "yes"
      }
    },
    {
      "type": "Feature",
      "geometry": {
        "type": "Point",
        "coordinates": [
          -0.7178911,
          38.1141549
        ]
      },
      "properties": {
        "id": 6330890401,
        "osm_type": "node",
        "name": "Café Época"
      }
    },
    {
      "type": "Feature",
      "geometry": {
        "type": "Point",
        "coordinates": [
          -0.7162311,
          38.1145521
        ]
      },
      "properties": {
        "id": 6332964450,
        "osm_type": "node",
        "name": "Cafetería Avenida"
      }
    },
    {
      "type": "Feature",
      "geometry": {
        "type": "Point",
        "coordinates": [
          -1.0093521,
          38.1362244
        ]
      },
      "properties": {
        "id": 6333810821,
        "osm_type": "node",
        "name": "Josefina e Ignacio"
      }
    },
    {
      "type": "Feature",
      "geometry": {
        "type": "Point",
        "coordinates": [
          -0.5315574,
          38.4001503
        ]
      },
      "properties": {
        "id": 6337012688,
        "osm_type": "node",
        "name": "Cafetería El cafecito"
      }
    },
    {
      "type": "Feature",
      "geometry": {
        "type": "Point",
        "coordinates": [
          -0.8792757,
          38.1228564
        ]
      },
      "properties": {
        "id": 6339638824,
        "osm_type": "node",
        "name": "Las tres rosas"
      }
    },
    {
      "type": "Feature",
      "geometry": {
        "type": "Point",
        "coordinates": [
          -0.4620507,
          38.3629122
        ]
      },
      "properties": {
        "id": 6339673245,
        "osm_type": "node",
        "name": "Las Espartanas"
      }
    },
    {
      "type": "Feature",
      "geometry": {
        "type": "Point",
        "coordinates": [
          -0.4884841,
          38.3481377
        ]
      },
      "properties": {
        "id": 6339826850,
        "osm_type": "node",
        "name": "Work"
      }
    },
    {
      "type": "Feature",
      "geometry": {
        "type": "Point",
        "coordinates": [
          -0.4890124,
          38.3488613
        ]
      },
      "properties": {
        "id": 6339826852,
        "osm_type": "node",
        "name": "Javi Bar"
      }
    },
    {
      "type": "Feature",
      "geometry": {
        "type": "Point",
        "coordinates": [
          -0.4883935,
          38.3480028
        ]
      },
      "properties": {
        "id": 6339843940,
        "osm_type": "node",
        "name": "Entrepanes",
        "outdoor_seating": "yes"
      }
    },
    {
      "type": "Feature",
      "geometry": {
        "type": "Point",
        "coordinates": [
          -0.5005687,
          38.3419093
        ]
      },
      "properties": {
        "id": 6341124707,
        "osm_type": "node",
        "name": "Libra"
      }
    },
    {
      "type": "Feature",
      "geometry": {
        "type": "Point",
        "coordinates": [
          -0.6855067,
          38.2730701
        ]
      },
      "properties": {
        "id": 6341182541,
        "osm_type": "node",
        "name": "Mediterráneo Cañas y Tapas"
      }
    },
    {
      "type": "Feature",
      "geometry": {
        "type": "Point",
        "coordinates": [
          -0.6681529,
          37.980533
        ]
      },
      "properties": {
        "id": 6344705877,
        "osm_type": "node",
        "name": "Edu y Raquel"
      }
    },
    {
      "type": "Feature",
      "geometry": {
        "type": "Point",
        "coordinates": [
          -0.7244314,
          38.0868355
        ]
      },
      "properties": {
        "id": 6345619230,
        "osm_type": "node",
        "name": "Ezequiel",
        "outdoor_seating": "no"
      }
    },
    {
      "type": "Feature",
      "geometry": {
        "type": "Point",
        "coordinates": [
          -0.7245403,
          38.0868001
        ]
      },
      "properties": {
        "id": 6345619231,
        "osm_type": "node",
        "name": "La panadería de Paco"
      }
    },
    {
      "type": "Feature",
      "geometry": {
        "type": "Point",
        "coordinates": [
          -0.7239947,
          38.0872129
        ]
      },
      "properties": {
        "id": 6345619235,
        "osm_type": "node",
        "name": "El Paseo"
      }
    },
    {
      "type": "Feature",
      "geometry": {
        "type": "Point",
        "coordinates": [
          -0.0334257,
          39.9930664
        ]
      },
      "properties": {
        "id": 6350589250,
        "osm_type": "node",
        "name": "Panadería Vicente Miravete",
        "opening_hours": "Mo-Fr 07:30-20:30; Sa,Su 08:00-17:00"
      }
    },
    {
      "type": "Feature",
      "geometry": {
        "type": "Point",
        "coordinates": [
          -1.0975974,
          39.4917168
        ]
      },
      "properties": {
        "id": 6352048046,
        "osm_type": "node",
        "name": "Horno de los Pilares"
      }
    },
    {
      "type": "Feature",
      "geometry": {
        "type": "Point",
        "coordinates": [
          -1.0977524,
          39.4908238
        ]
      },
      "properties": {
        "id": 6352062378,
        "osm_type": "node"
      }
    },
    {
      "type": "Feature",
      "geometry": {
        "type": "Point",
        "coordinates": [
          -0.7229423,
          38.0869843
        ]
      },
      "properties": {
        "id": 6352144923,
        "osm_type": "node",
        "name": "Horno San José"
      }
    },
    {
      "type": "Feature",
      "geometry": {
        "type": "Point",
        "coordinates": [
          -0.3583584,
          39.4830851
        ]
      },
      "properties": {
        "id": 6361138457,
        "osm_type": "node",
        "name": "La Ola Fresca",
        "opening_hours": "Mo off; Tu,Fr 09:30-20:00; We 09:30-16:00; Th 09:30-23:00; Sa 10:00-16:00; Su 10:30-16:00",
        "outdoor_seating": "yes",
        "check_date": "2024-05-30"
      }
    },
    {
      "type": "Feature",
      "geometry": {
        "type": "Point",
        "coordinates": [
          -0.2726382,
          38.6852937
        ]
      },
      "properties": {
        "id": 6361375586,
        "osm_type": "node",
        "name": "La Venta"
      }
    },
    {
      "type": "Feature",
      "geometry": {
        "type": "Point",
        "coordinates": [
          -0.8374239,
          38.0783133
        ]
      },
      "properties": {
        "id": 6369791295,
        "osm_type": "node",
        "name": "Bar Casino"
      }
    },
    {
      "type": "Feature",
      "geometry": {
        "type": "Point",
        "coordinates": [
          -0.9433475,
          38.0834377
        ]
      },
      "properties": {
        "id": 6372054835,
        "osm_type": "node",
        "name": "Café París"
      }
    },
    {
      "type": "Feature",
      "geometry": {
        "type": "Point",
        "coordinates": [
          -0.8406392,
          38.0754948
        ]
      },
      "properties": {
        "id": 6372502404,
        "osm_type": "node",
        "name": "Carmelo II"
      }
    },
    {
      "type": "Feature",
      "geometry": {
        "type": "Point",
        "coordinates": [
          -0.7900434,
          37.978824
        ]
      },
      "properties": {
        "id": 6374471508,
        "osm_type": "node",
        "name": "Órbita Cafetería",
        "outdoor_seating": "yes"
      }
    },
    {
      "type": "Feature",
      "geometry": {
        "type": "Point",
        "coordinates": [
          -0.3761638,
          39.4727673
        ]
      },
      "properties": {
        "id": 6376763785,
        "osm_type": "node",
        "name": "Pinsa Re"
      }
    },
    {
      "type": "Feature",
      "geometry": {
        "type": "Point",
        "coordinates": [
          -1.0400641,
          39.7631295
        ]
      },
      "properties": {
        "id": 6380775540,
        "osm_type": "node",
        "name": "Panaderia-Pasteleria"
      }
    },
    {
      "type": "Feature",
      "geometry": {
        "type": "Point",
        "coordinates": [
          -0.7957596,
          38.0860739
        ]
      },
      "properties": {
        "id": 6383190274,
        "osm_type": "node",
        "name": "Dulcepan"
      }
    },
    {
      "type": "Feature",
      "geometry": {
        "type": "Point",
        "coordinates": [
          -0.7421288,
          38.0793032
        ]
      },
      "properties": {
        "id": 6387393547,
        "osm_type": "node",
        "name": "Hamiltons"
      }
    },
    {
      "type": "Feature",
      "geometry": {
        "type": "Point",
        "coordinates": [
          -0.7520119,
          38.1342052
        ]
      },
      "properties": {
        "id": 6387417748,
        "osm_type": "node",
        "name": "Tetería La Alquería"
      }
    },
    {
      "type": "Feature",
      "geometry": {
        "type": "Point",
        "coordinates": [
          -0.4870744,
          38.3541118
        ]
      },
      "properties": {
        "id": 6389264700,
        "osm_type": "node",
        "name": "El New Bodegón"
      }
    },
    {
      "type": "Feature",
      "geometry": {
        "type": "Point",
        "coordinates": [
          -0.9500122,
          38.0851784
        ]
      },
      "properties": {
        "id": 6389740965,
        "osm_type": "node",
        "name": "Café La Pepa"
      }
    },
    {
      "type": "Feature",
      "geometry": {
        "type": "Point",
        "coordinates": [
          -0.4991725,
          38.3426959
        ]
      },
      "properties": {
        "id": 6393642064,
        "osm_type": "node",
        "name": "Mimos Café"
      }
    },
    {
      "type": "Feature",
      "geometry": {
        "type": "Point",
        "coordinates": [
          -0.4989008,
          38.3426357
        ]
      },
      "properties": {
        "id": 6393642065,
        "osm_type": "node",
        "name": "Corso II"
      }
    },
    {
      "type": "Feature",
      "geometry": {
        "type": "Point",
        "coordinates": [
          -0.4972384,
          38.3427092
        ]
      },
      "properties": {
        "id": 6393642226,
        "osm_type": "node",
        "name": "Pastelería Ficar"
      }
    },
    {
      "type": "Feature",
      "geometry": {
        "type": "Point",
        "coordinates": [
          -0.4854821,
          38.343914
        ]
      },
      "properties": {
        "id": 6393642506,
        "osm_type": "node",
        "name": "Alquimia"
      }
    },
    {
      "type": "Feature",
      "geometry": {
        "type": "Point",
        "coordinates": [
          -0.4843654,
          38.3447469
        ]
      },
      "properties": {
        "id": 6393642510,
        "osm_type": "node",
        "name": "Bombon Boss"
      }
    },
    {
      "type": "Feature",
      "geometry": {
        "type": "Point",
        "coordinates": [
          -0.4841305,
          38.3448077
        ]
      },
      "properties": {
        "id": 6393642891,
        "osm_type": "node",
        "name": "Tradicionarius"
      }
    },
    {
      "type": "Feature",
      "geometry": {
        "type": "Point",
        "coordinates": [
          -0.4983376,
          38.3426731
        ]
      },
      "properties": {
        "id": 6393642896,
        "osm_type": "node",
        "name": "Churremi"
      }
    },
    {
      "type": "Feature",
      "geometry": {
        "type": "Point",
        "coordinates": [
          -0.4999794,
          38.3424241
        ]
      },
      "properties": {
        "id": 6393642897,
        "osm_type": "node",
        "name": "Horno Ester"
      }
    },
    {
      "type": "Feature",
      "geometry": {
        "type": "Point",
        "coordinates": [
          -0.7380095,
          38.0811282
        ]
      },
      "properties": {
        "id": 6393883629,
        "osm_type": "node",
        "name": "Oasis"
      }
    },
    {
      "type": "Feature",
      "geometry": {
        "type": "Point",
        "coordinates": [
          -0.7380739,
          38.0765347
        ]
      },
      "properties": {
        "id": 6393918197,
        "osm_type": "node",
        "name": "Nuestro Futuro"
      }
    },
    {
      "type": "Feature",
      "geometry": {
        "type": "Point",
        "coordinates": [
          -0.7461685,
          38.083738
        ]
      },
      "properties": {
        "id": 6395516515,
        "osm_type": "node",
        "name": "Bar Florencio"
      }
    },
    {
      "type": "Feature",
      "geometry": {
        "type": "Point",
        "coordinates": [
          -0.562381,
          38.1971576
        ]
      },
      "properties": {
        "id": 6395825573,
        "osm_type": "node",
        "name": "Cafetería L'estació"
      }
    },
    {
      "type": "Feature",
      "geometry": {
        "type": "Point",
        "coordinates": [
          -0.554777,
          38.1904031
        ]
      },
      "properties": {
        "id": 6398226941,
        "osm_type": "node",
        "name": "Horchatería Berenguer"
      }
    },
    {
      "type": "Feature",
      "geometry": {
        "type": "Point",
        "coordinates": [
          -0.735722,
          37.9291917
        ]
      },
      "properties": {
        "id": 6399360184,
        "osm_type": "node",
        "name": "Gourmet",
        "outdoor_seating": "pedestrian_zone",
        "check_date": "2026-01-27"
      }
    },
    {
      "type": "Feature",
      "geometry": {
        "type": "Point",
        "coordinates": [
          -0.5632018,
          38.1923691
        ]
      },
      "properties": {
        "id": 6399471653,
        "osm_type": "node",
        "name": "Horno Artesano José S.L."
      }
    },
    {
      "type": "Feature",
      "geometry": {
        "type": "Point",
        "coordinates": [
          -0.7385652,
          38.0764475
        ]
      },
      "properties": {
        "id": 6400054547,
        "osm_type": "node",
        "name": "Salou"
      }
    },
    {
      "type": "Feature",
      "geometry": {
        "type": "Point",
        "coordinates": [
          -0.8500023,
          38.1041513
        ]
      },
      "properties": {
        "id": 6400999764,
        "osm_type": "node",
        "name": "Pub Dinamo"
      }
    },
    {
      "type": "Feature",
      "geometry": {
        "type": "Point",
        "coordinates": [
          -0.8818026,
          38.0608238
        ]
      },
      "properties": {
        "id": 6402267257,
        "osm_type": "node",
        "name": "La Discoteca"
      }
    },
    {
      "type": "Feature",
      "geometry": {
        "type": "Point",
        "coordinates": [
          -0.8924886,
          38.061981
        ]
      },
      "properties": {
        "id": 6402687411,
        "osm_type": "node",
        "name": "Bar 4 Vientos"
      }
    },
    {
      "type": "Feature",
      "geometry": {
        "type": "Point",
        "coordinates": [
          -0.8967391,
          38.0627266
        ]
      },
      "properties": {
        "id": 6402814390,
        "osm_type": "node",
        "name": "Cocoa"
      }
    },
    {
      "type": "Feature",
      "geometry": {
        "type": "Point",
        "coordinates": [
          -0.8532209,
          38.1032666
        ]
      },
      "properties": {
        "id": 6406862873,
        "osm_type": "node",
        "name": "Panadería y Pastelería ARIS"
      }
    },
    {
      "type": "Feature",
      "geometry": {
        "type": "Point",
        "coordinates": [
          -0.6613582,
          37.9830407
        ]
      },
      "properties": {
        "id": 6406893122,
        "osm_type": "node",
        "name": "Nordic",
        "opening_hours": "Mo-Su 12:00-21:00",
        "outdoor_seating": "yes"
      }
    },
    {
      "type": "Feature",
      "geometry": {
        "type": "Point",
        "coordinates": [
          -0.5030747,
          38.343073
        ]
      },
      "properties": {
        "id": 6407458090,
        "osm_type": "node",
        "name": "La Terracita de Mari"
      }
    },
    {
      "type": "Feature",
      "geometry": {
        "type": "Point",
        "coordinates": [
          -0.503481,
          38.3440861
        ]
      },
      "properties": {
        "id": 6407458092,
        "osm_type": "node",
        "name": "Llorens"
      }
    },
    {
      "type": "Feature",
      "geometry": {
        "type": "Point",
        "coordinates": [
          -0.5038873,
          38.3450852
        ]
      },
      "properties": {
        "id": 6407458094,
        "osm_type": "node",
        "name": "Fresas"
      }
    },
    {
      "type": "Feature",
      "geometry": {
        "type": "Point",
        "coordinates": [
          -0.5037735,
          38.3448648
        ]
      },
      "properties": {
        "id": 6407458095,
        "osm_type": "node",
        "name": "El Tatú"
      }
    },
    {
      "type": "Feature",
      "geometry": {
        "type": "Point",
        "coordinates": [
          -0.5039147,
          38.3450219
        ]
      },
      "properties": {
        "id": 6407458096,
        "osm_type": "node",
        "name": "Sucre"
      }
    },
    {
      "type": "Feature",
      "geometry": {
        "type": "Point",
        "coordinates": [
          -0.4952134,
          38.3603565
        ]
      },
      "properties": {
        "id": 6407549015,
        "osm_type": "node",
        "name": "Escoda"
      }
    },
    {
      "type": "Feature",
      "geometry": {
        "type": "Point",
        "coordinates": [
          -0.494755,
          38.3611034
        ]
      },
      "properties": {
        "id": 6407549020,
        "osm_type": "node",
        "name": "Koala"
      }
    },
    {
      "type": "Feature",
      "geometry": {
        "type": "Point",
        "coordinates": [
          -0.4947011,
          38.3617974
        ]
      },
      "properties": {
        "id": 6407549021,
        "osm_type": "node",
        "name": "El Cantó de Santy"
      }
    },
    {
      "type": "Feature",
      "geometry": {
        "type": "Point",
        "coordinates": [
          -0.4948732,
          38.361732
        ]
      },
      "properties": {
        "id": 6407549022,
        "osm_type": "node",
        "name": "La Corte"
      }
    },
    {
      "type": "Feature",
      "geometry": {
        "type": "Point",
        "coordinates": [
          -0.4947163,
          38.3627461
        ]
      },
      "properties": {
        "id": 6407549033,
        "osm_type": "node",
        "name": "Monóver"
      }
    },
    {
      "type": "Feature",
      "geometry": {
        "type": "Point",
        "coordinates": [
          -0.3890549,
          39.4710965
        ]
      },
      "properties": {
        "id": 6410077833,
        "osm_type": "node",
        "name": "La taberna de Kalixto"
      }
    },
    {
      "type": "Feature",
      "geometry": {
        "type": "Point",
        "coordinates": [
          -0.3745828,
          39.4630998
        ]
      },
      "properties": {
        "id": 6413512606,
        "osm_type": "node",
        "name": "Café Berlin"
      }
    },
    {
      "type": "Feature",
      "geometry": {
        "type": "Point",
        "coordinates": [
          -0.3717082,
          39.45968
        ]
      },
      "properties": {
        "id": 6413801965,
        "osm_type": "node",
        "name": "Café Valiente"
      }
    },
    {
      "type": "Feature",
      "geometry": {
        "type": "Point",
        "coordinates": [
          -0.3824468,
          39.4753509
        ]
      },
      "properties": {
        "id": 6420457585,
        "osm_type": "node",
        "name": "Bendita cafeína",
        "takeaway": "only"
      }
    },
    {
      "type": "Feature",
      "geometry": {
        "type": "Point",
        "coordinates": [
          -0.3913611,
          38.7761546
        ]
      },
      "properties": {
        "id": 6421156494,
        "osm_type": "node",
        "name": "Forn de Pà i Pastisseria David Blasco"
      }
    },
    {
      "type": "Feature",
      "geometry": {
        "type": "Point",
        "coordinates": [
          -0.3301244,
          39.4671628
        ]
      },
      "properties": {
        "id": 6422926685,
        "osm_type": "node",
        "name": "Doux / Amer",
        "opening_hours": "Mo-Su 09:00-16:00",
        "takeaway": "yes",
        "outdoor_seating": "yes",
        "check_date": "2024-11-07"
      }
    },
    {
      "type": "Feature",
      "geometry": {
        "type": "Point",
        "coordinates": [
          -0.3295895,
          39.467003
        ]
      },
      "properties": {
        "id": 6422926686,
        "osm_type": "node",
        "name": "Montañana",
        "opening_hours": "Mo 07:30-14:00; Tu-Fr 07:30-20:00; Sa 08:00-14:00; Su 08:30-14:00"
      }
    },
    {
      "type": "Feature",
      "geometry": {
        "type": "Point",
        "coordinates": [
          -0.3759269,
          39.4683636
        ]
      },
      "properties": {
        "id": 6425420086,
        "osm_type": "node",
        "name": "Granier",
        "brand": "Granier",
        "check_date": "2025-05-29"
      }
    },
    {
      "type": "Feature",
      "geometry": {
        "type": "Point",
        "coordinates": [
          -0.7060357,
          38.2590085
        ]
      },
      "properties": {
        "id": 6427640561,
        "osm_type": "node",
        "name": "Panador pan y café"
      }
    },
    {
      "type": "Feature",
      "geometry": {
        "type": "Point",
        "coordinates": [
          -0.7028576,
          38.2582638
        ]
      },
      "properties": {
        "id": 6427680696,
        "osm_type": "node",
        "name": "Horno Artesano Jorge SL"
      }
    },
    {
      "type": "Feature",
      "geometry": {
        "type": "Point",
        "coordinates": [
          -0.7366423,
          37.9316094
        ]
      },
      "properties": {
        "id": 6430019487,
        "osm_type": "node",
        "name": "Bombon Boss",
        "outdoor_seating": "yes",
        "check_date": "2026-01-27"
      }
    },
    {
      "type": "Feature",
      "geometry": {
        "type": "Point",
        "coordinates": [
          -0.5211259,
          39.1419527
        ]
      },
      "properties": {
        "id": 6430153486,
        "osm_type": "node",
        "name": "Horno Cafeteria Puig",
        "opening_hours": "Mo-Su 05:00-21:00"
      }
    },
    {
      "type": "Feature",
      "geometry": {
        "type": "Point",
        "coordinates": [
          -0.8684292,
          38.0615437
        ]
      },
      "properties": {
        "id": 6430907149,
        "osm_type": "node",
        "name": "Mabella"
      }
    },
    {
      "type": "Feature",
      "geometry": {
        "type": "Point",
        "coordinates": [
          -0.4915462,
          38.345518
        ]
      },
      "properties": {
        "id": 6433814626,
        "osm_type": "node",
        "name": "Liaopastel",
        "opening_hours": "Mo-Su 07:00-22:00"
      }
    },
    {
      "type": "Feature",
      "geometry": {
        "type": "Point",
        "coordinates": [
          -0.4865881,
          38.3522221
        ]
      },
      "properties": {
        "id": 6433814634,
        "osm_type": "node",
        "name": "Toledo"
      }
    },
    {
      "type": "Feature",
      "geometry": {
        "type": "Point",
        "coordinates": [
          -0.4883711,
          38.3500015
        ]
      },
      "properties": {
        "id": 6433818156,
        "osm_type": "node",
        "name": "Pan y Más"
      }
    },
    {
      "type": "Feature",
      "geometry": {
        "type": "Point",
        "coordinates": [
          -0.4846464,
          38.3580706
        ]
      },
      "properties": {
        "id": 6433818161,
        "osm_type": "node",
        "name": "PandebonoS Café",
        "opening_hours": "Mo-Su 08:00-22:30"
      }
    },
    {
      "type": "Feature",
      "geometry": {
        "type": "Point",
        "coordinates": [
          -0.4795068,
          38.3603217
        ]
      },
      "properties": {
        "id": 6433819448,
        "osm_type": "node",
        "name": "Cafetería Ernesto"
      }
    },
    {
      "type": "Feature",
      "geometry": {
        "type": "Point",
        "coordinates": [
          -0.4800757,
          38.3613066
        ]
      },
      "properties": {
        "id": 6433819449,
        "osm_type": "node",
        "name": "Manila"
      }
    },
    {
      "type": "Feature",
      "geometry": {
        "type": "Point",
        "coordinates": [
          -0.4927361,
          38.347644
        ]
      },
      "properties": {
        "id": 6433819912,
        "osm_type": "node",
        "name": "Semillas"
      }
    },
    {
      "type": "Feature",
      "geometry": {
        "type": "Point",
        "coordinates": [
          -0.4863802,
          38.3531619
        ]
      },
      "properties": {
        "id": 6433819918,
        "osm_type": "node",
        "name": "Calipan"
      }
    },
    {
      "type": "Feature",
      "geometry": {
        "type": "Point",
        "coordinates": [
          -0.484015,
          38.3578844
        ]
      },
      "properties": {
        "id": 6433820084,
        "osm_type": "node",
        "name": "Cafetería Lola"
      }
    },
    {
      "type": "Feature",
      "geometry": {
        "type": "Point",
        "coordinates": [
          -0.4750497,
          38.3485199
        ]
      },
      "properties": {
        "id": 6433820155,
        "osm_type": "node",
        "name": "El Mirador",
        "outdoor_seating": "yes"
      }
    },
    {
      "type": "Feature",
      "geometry": {
        "type": "Point",
        "coordinates": [
          -0.4892517,
          38.3407676
        ]
      },
      "properties": {
        "id": 6433820158,
        "osm_type": "node",
        "name": "Café de las Artes"
      }
    },
    {
      "type": "Feature",
      "geometry": {
        "type": "Point",
        "coordinates": [
          -0.4836257,
          38.3576095
        ]
      },
      "properties": {
        "id": 6433820185,
        "osm_type": "node",
        "name": "Panadería Castillo"
      }
    },
    {
      "type": "Feature",
      "geometry": {
        "type": "Point",
        "coordinates": [
          -0.4800746,
          38.3613996
        ]
      },
      "properties": {
        "id": 6433820424,
        "osm_type": "node",
        "name": "Virginia"
      }
    },
    {
      "type": "Feature",
      "geometry": {
        "type": "Point",
        "coordinates": [
          -0.4844875,
          38.3595223
        ]
      },
      "properties": {
        "id": 6433820426,
        "osm_type": "node",
        "name": "El Molí"
      }
    },
    {
      "type": "Feature",
      "geometry": {
        "type": "Point",
        "coordinates": [
          -0.4852543,
          38.3543921
        ]
      },
      "properties": {
        "id": 6433820465,
        "osm_type": "node",
        "name": "Panadería Paqui"
      }
    },
    {
      "type": "Feature",
      "geometry": {
        "type": "Point",
        "coordinates": [
          -0.4923393,
          38.3387778
        ]
      },
      "properties": {
        "id": 6433820729,
        "osm_type": "node",
        "name": "Cafetería Mari Carmen"
      }
    },
    {
      "type": "Feature",
      "geometry": {
        "type": "Point",
        "coordinates": [
          -0.4919505,
          38.3422471
        ]
      },
      "properties": {
        "id": 6433820733,
        "osm_type": "node",
        "name": "La casa de B&L"
      }
    },
    {
      "type": "Feature",
      "geometry": {
        "type": "Point",
        "coordinates": [
          -0.3848191,
          39.4643549
        ]
      },
      "properties": {
        "id": 6434292412,
        "osm_type": "node",
        "name": "Dulce de Leche",
        "opening_hours": "Mo-Su 08:00-21:00",
        "takeaway": "yes",
        "outdoor_seating": "yes"
      }
    },
    {
      "type": "Feature",
      "geometry": {
        "type": "Point",
        "coordinates": [
          -0.7043199,
          38.2709688
        ]
      },
      "properties": {
        "id": 6435671576,
        "osm_type": "node",
        "name": "Churrería La Rueda"
      }
    },
    {
      "type": "Feature",
      "geometry": {
        "type": "Point",
        "coordinates": [
          -0.9435967,
          38.0826403
        ]
      },
      "properties": {
        "id": 6436380424,
        "osm_type": "node",
        "name": "AbraCadabra"
      }
    },
    {
      "type": "Feature",
      "geometry": {
        "type": "Point",
        "coordinates": [
          -0.6838105,
          37.9785939
        ]
      },
      "properties": {
        "id": 6437201453,
        "osm_type": "node",
        "name": "Torrepan"
      }
    },
    {
      "type": "Feature",
      "geometry": {
        "type": "Point",
        "coordinates": [
          -0.6513901,
          38.0863945
        ]
      },
      "properties": {
        "id": 6440650343,
        "osm_type": "node",
        "name": "Cremoso"
      }
    },
    {
      "type": "Feature",
      "geometry": {
        "type": "Point",
        "coordinates": [
          -0.2109127,
          38.5692305
        ]
      },
      "properties": {
        "id": 6446101658,
        "osm_type": "node",
        "name": "La Barra"
      }
    },
    {
      "type": "Feature",
      "geometry": {
        "type": "Point",
        "coordinates": [
          -0.9052333,
          38.111334
        ]
      },
      "properties": {
        "id": 6451708662,
        "osm_type": "node",
        "name": "Los Pinicos"
      }
    },
    {
      "type": "Feature",
      "geometry": {
        "type": "Point",
        "coordinates": [
          -0.2130959,
          38.5671864
        ]
      },
      "properties": {
        "id": 6459965148,
        "osm_type": "node"
      }
    },
    {
      "type": "Feature",
      "geometry": {
        "type": "Point",
        "coordinates": [
          -0.2137769,
          38.5674036
        ]
      },
      "properties": {
        "id": 6459965149,
        "osm_type": "node",
        "name": "Puerto"
      }
    },
    {
      "type": "Feature",
      "geometry": {
        "type": "Point",
        "coordinates": [
          -0.7244884,
          38.0882676
        ]
      },
      "properties": {
        "id": 6461101998,
        "osm_type": "node",
        "name": "Finetta"
      }
    },
    {
      "type": "Feature",
      "geometry": {
        "type": "Point",
        "coordinates": [
          -0.7245546,
          38.0876853
        ]
      },
      "properties": {
        "id": 6464839071,
        "osm_type": "node",
        "name": "El Paseo"
      }
    },
    {
      "type": "Feature",
      "geometry": {
        "type": "Point",
        "coordinates": [
          -0.9038765,
          38.1118288
        ]
      },
      "properties": {
        "id": 6467642551,
        "osm_type": "node",
        "name": "Harvest"
      }
    },
    {
      "type": "Feature",
      "geometry": {
        "type": "Point",
        "coordinates": [
          -0.9044762,
          38.1121188
        ]
      },
      "properties": {
        "id": 6467642555,
        "osm_type": "node",
        "name": "La Pepa"
      }
    },
    {
      "type": "Feature",
      "geometry": {
        "type": "Point",
        "coordinates": [
          -0.9040998,
          38.1118117
        ]
      },
      "properties": {
        "id": 6467642566,
        "osm_type": "node",
        "name": "Costablanca La Paz"
      }
    },
    {
      "type": "Feature",
      "geometry": {
        "type": "Point",
        "coordinates": [
          -0.9058662,
          38.1126518
        ]
      },
      "properties": {
        "id": 6467652249,
        "osm_type": "node",
        "name": "Cafetería Huellas"
      }
    },
    {
      "type": "Feature",
      "geometry": {
        "type": "Point",
        "coordinates": [
          -0.9055371,
          38.113627
        ]
      },
      "properties": {
        "id": 6471915067,
        "osm_type": "node",
        "name": "Xacara"
      }
    },
    {
      "type": "Feature",
      "geometry": {
        "type": "Point",
        "coordinates": [
          -0.8967339,
          38.1110261
        ]
      },
      "properties": {
        "id": 6483892148,
        "osm_type": "node",
        "name": "Bar Domingo"
      }
    },
    {
      "type": "Feature",
      "geometry": {
        "type": "Point",
        "coordinates": [
          -0.906142,
          38.11374
        ]
      },
      "properties": {
        "id": 6485114505,
        "osm_type": "node",
        "name": "Panadería Caselles"
      }
    },
    {
      "type": "Feature",
      "geometry": {
        "type": "Point",
        "coordinates": [
          -0.9095229,
          38.1136048
        ]
      },
      "properties": {
        "id": 6487399622,
        "osm_type": "node",
        "name": "Bar Veroka"
      }
    },
    {
      "type": "Feature",
      "geometry": {
        "type": "Point",
        "coordinates": [
          -0.7092048,
          38.2678272
        ]
      },
      "properties": {
        "id": 6495804073,
        "osm_type": "node",
        "name": "Cafetería Cinta"
      }
    },
    {
      "type": "Feature",
      "geometry": {
        "type": "Point",
        "coordinates": [
          -0.7080734,
          38.2693741
        ]
      },
      "properties": {
        "id": 6495804074,
        "osm_type": "node",
        "name": "Café Cibeles"
      }
    },
    {
      "type": "Feature",
      "geometry": {
        "type": "Point",
        "coordinates": [
          -0.7099214,
          38.2672799
        ]
      },
      "properties": {
        "id": 6496201281,
        "osm_type": "node",
        "name": "Cafetería Yang"
      }
    },
    {
      "type": "Feature",
      "geometry": {
        "type": "Point",
        "coordinates": [
          -0.1816942,
          38.9661006
        ]
      },
      "properties": {
        "id": 6499117000,
        "osm_type": "node"
      }
    },
    {
      "type": "Feature",
      "geometry": {
        "type": "Point",
        "coordinates": [
          -0.4502875,
          39.2886824
        ]
      },
      "properties": {
        "id": 6501205417,
        "osm_type": "node"
      }
    },
    {
      "type": "Feature",
      "geometry": {
        "type": "Point",
        "coordinates": [
          -0.4332407,
          38.3961589
        ]
      },
      "properties": {
        "id": 6501525922,
        "osm_type": "node",
        "name": "Dorka's",
        "outdoor_seating": "yes"
      }
    },
    {
      "type": "Feature",
      "geometry": {
        "type": "Point",
        "coordinates": [
          -0.9095935,
          38.1139889
        ]
      },
      "properties": {
        "id": 6503423781,
        "osm_type": "node",
        "name": "Cafetería La Ksika"
      }
    },
    {
      "type": "Feature",
      "geometry": {
        "type": "Point",
        "coordinates": [
          -0.9097716,
          38.1145647
        ]
      },
      "properties": {
        "id": 6503424409,
        "osm_type": "node",
        "name": "Bar El Coto"
      }
    },
    {
      "type": "Feature",
      "geometry": {
        "type": "Point",
        "coordinates": [
          -1.0038395,
          38.3389361
        ]
      },
      "properties": {
        "id": 6505485744,
        "osm_type": "node",
        "name": "Bar Nou Chorro"
      }
    },
    {
      "type": "Feature",
      "geometry": {
        "type": "Point",
        "coordinates": [
          -1.0019044,
          38.337049
        ]
      },
      "properties": {
        "id": 6505485750,
        "osm_type": "node",
        "name": "Café Bar Carrer Major"
      }
    },
    {
      "type": "Feature",
      "geometry": {
        "type": "Point",
        "coordinates": [
          -0.7105949,
          38.2722607
        ]
      },
      "properties": {
        "id": 6506848920,
        "osm_type": "node",
        "name": "Panadería Rosique"
      }
    },
    {
      "type": "Feature",
      "geometry": {
        "type": "Point",
        "coordinates": [
          -0.6805878,
          37.9764068
        ]
      },
      "properties": {
        "id": 6508555914,
        "osm_type": "node",
        "name": "Crepería Torregofre"
      }
    },
    {
      "type": "Feature",
      "geometry": {
        "type": "Point",
        "coordinates": [
          -0.678107,
          37.9746463
        ]
      },
      "properties": {
        "id": 6510869688,
        "osm_type": "node",
        "name": "Cafer Bar Esmeralda"
      }
    },
    {
      "type": "Feature",
      "geometry": {
        "type": "Point",
        "coordinates": [
          -0.6821327,
          37.9779149
        ]
      },
      "properties": {
        "id": 6514037072,
        "osm_type": "node",
        "name": "Bendita Cafeteria",
        "opening_hours": "Mo-Su 09:00-20:00",
        "outdoor_seating": "yes"
      }
    },
    {
      "type": "Feature",
      "geometry": {
        "type": "Point",
        "coordinates": [
          -0.681888,
          37.978037
        ]
      },
      "properties": {
        "id": 6514045886,
        "osm_type": "node",
        "name": "Cafetería Olga"
      }
    },
    {
      "type": "Feature",
      "geometry": {
        "type": "Point",
        "coordinates": [
          -0.6837088,
          37.9768879
        ]
      },
      "properties": {
        "id": 6514072313,
        "osm_type": "node",
        "name": "Café Viena"
      }
    },
    {
      "type": "Feature",
      "geometry": {
        "type": "Point",
        "coordinates": [
          -0.6836896,
          37.9766683
        ]
      },
      "properties": {
        "id": 6514072321,
        "osm_type": "node",
        "name": "Panadería Mudopan"
      }
    },
    {
      "type": "Feature",
      "geometry": {
        "type": "Point",
        "coordinates": [
          -0.4955893,
          38.3427862
        ]
      },
      "properties": {
        "id": 6524088598,
        "osm_type": "node",
        "name": "Artesano"
      }
    },
    {
      "type": "Feature",
      "geometry": {
        "type": "Point",
        "coordinates": [
          -0.4956639,
          38.3417953
        ]
      },
      "properties": {
        "id": 6524125503,
        "osm_type": "node",
        "name": "Zerona"
      }
    },
    {
      "type": "Feature",
      "geometry": {
        "type": "Point",
        "coordinates": [
          -0.4962901,
          38.3437507
        ]
      },
      "properties": {
        "id": 6524142502,
        "osm_type": "node",
        "name": "Aracataca"
      }
    },
    {
      "type": "Feature",
      "geometry": {
        "type": "Point",
        "coordinates": [
          -0.4966655,
          38.3406936
        ]
      },
      "properties": {
        "id": 6527860809,
        "osm_type": "node",
        "name": "Les Bessones"
      }
    },
    {
      "type": "Feature",
      "geometry": {
        "type": "Point",
        "coordinates": [
          -0.3887591,
          39.4713034
        ]
      },
      "properties": {
        "id": 6531941517,
        "osm_type": "node",
        "name": "Forn Pastisseria Tonet i Roseta"
      }
    },
    {
      "type": "Feature",
      "geometry": {
        "type": "Point",
        "coordinates": [
          -0.8903214,
          38.1495283
        ]
      },
      "properties": {
        "id": 6531999139,
        "osm_type": "node",
        "name": "Bar Carmencita"
      }
    },
    {
      "type": "Feature",
      "geometry": {
        "type": "Point",
        "coordinates": [
          -0.5235404,
          38.2324206
        ]
      },
      "properties": {
        "id": 6533996015,
        "osm_type": "node",
        "name": "La Cesta"
      }
    },
    {
      "type": "Feature",
      "geometry": {
        "type": "Point",
        "coordinates": [
          -0.5188241,
          38.2233336
        ]
      },
      "properties": {
        "id": 6534065752,
        "osm_type": "node",
        "name": "Cafetería Gran Alacant"
      }
    },
    {
      "type": "Feature",
      "geometry": {
        "type": "Point",
        "coordinates": [
          -0.7404182,
          37.9117852
        ]
      },
      "properties": {
        "id": 6535417597,
        "osm_type": "node",
        "name": "Le Cafe de Bruxelles"
      }
    },
    {
      "type": "Feature",
      "geometry": {
        "type": "Point",
        "coordinates": [
          -0.43314,
          38.395595
        ]
      },
      "properties": {
        "id": 6535492783,
        "osm_type": "node",
        "name": "Montecelio"
      }
    },
    {
      "type": "Feature",
      "geometry": {
        "type": "Point",
        "coordinates": [
          -0.6796885,
          37.9778999
        ]
      },
      "properties": {
        "id": 6541820715,
        "osm_type": "node",
        "name": "Cafetería JM"
      }
    },
    {
      "type": "Feature",
      "geometry": {
        "type": "Point",
        "coordinates": [
          -0.679296,
          37.9779231
        ]
      },
      "properties": {
        "id": 6541890802,
        "osm_type": "node",
        "name": "Ina Expresso"
      }
    },
    {
      "type": "Feature",
      "geometry": {
        "type": "Point",
        "coordinates": [
          -0.3721483,
          39.4636746
        ]
      },
      "properties": {
        "id": 6544274585,
        "osm_type": "node",
        "name": "Buñoleria El Contraste"
      }
    },
    {
      "type": "Feature",
      "geometry": {
        "type": "Point",
        "coordinates": [
          -0.6449893,
          39.0204231
        ]
      },
      "properties": {
        "id": 6544819186,
        "osm_type": "node",
        "name": "Dulces"
      }
    },
    {
      "type": "Feature",
      "geometry": {
        "type": "Point",
        "coordinates": [
          -0.3324596,
          39.3828948
        ]
      },
      "properties": {
        "id": 6551271485,
        "osm_type": "node",
        "name": "Horno El Saler"
      }
    },
    {
      "type": "Feature",
      "geometry": {
        "type": "Point",
        "coordinates": [
          -0.6833305,
          37.9781143
        ]
      },
      "properties": {
        "id": 6552461472,
        "osm_type": "node",
        "name": "La Glorieta Café"
      }
    },
    {
      "type": "Feature",
      "geometry": {
        "type": "Point",
        "coordinates": [
          -0.6835184,
          37.9777368
        ]
      },
      "properties": {
        "id": 6552523526,
        "osm_type": "node",
        "name": "Bar Cafetería Entre Tres"
      }
    },
    {
      "type": "Feature",
      "geometry": {
        "type": "Point",
        "coordinates": [
          -0.2534207,
          39.1569254
        ]
      },
      "properties": {
        "id": 6553246286,
        "osm_type": "node",
        "outdoor_seating": "yes"
      }
    },
    {
      "type": "Feature",
      "geometry": {
        "type": "Point",
        "coordinates": [
          -0.2610402,
          39.1645167
        ]
      },
      "properties": {
        "id": 6553421450,
        "osm_type": "node",
        "name": "Casa Toni"
      }
    },
    {
      "type": "Feature",
      "geometry": {
        "type": "Point",
        "coordinates": [
          -0.2452916,
          39.1651139
        ]
      },
      "properties": {
        "id": 6553423620,
        "osm_type": "node",
        "name": "Rosa Cafeteria"
      }
    },
    {
      "type": "Feature",
      "geometry": {
        "type": "Point",
        "coordinates": [
          -0.2421477,
          39.1648852
        ]
      },
      "properties": {
        "id": 6554702785,
        "osm_type": "node",
        "name": "Oasis"
      }
    },
    {
      "type": "Feature",
      "geometry": {
        "type": "Point",
        "coordinates": [
          -0.6844046,
          37.9774569
        ]
      },
      "properties": {
        "id": 6556076756,
        "osm_type": "node",
        "name": "Isigue"
      }
    },
    {
      "type": "Feature",
      "geometry": {
        "type": "Point",
        "coordinates": [
          -0.2431702,
          39.1652106
        ]
      },
      "properties": {
        "id": 6556881886,
        "osm_type": "node",
        "name": "Chilly Willy"
      }
    },
    {
      "type": "Feature",
      "geometry": {
        "type": "Point",
        "coordinates": [
          -0.2470744,
          39.1639215
        ]
      },
      "properties": {
        "id": 6556936688,
        "osm_type": "node",
        "name": "Botera"
      }
    },
    {
      "type": "Feature",
      "geometry": {
        "type": "Point",
        "coordinates": [
          -0.2479124,
          39.1634459
        ]
      },
      "properties": {
        "id": 6556936689,
        "osm_type": "node",
        "name": "Bohigues i Llí"
      }
    },
    {
      "type": "Feature",
      "geometry": {
        "type": "Point",
        "coordinates": [
          -0.2463045,
          39.1643993
        ]
      },
      "properties": {
        "id": 6556942887,
        "osm_type": "node",
        "name": "Cabañal"
      }
    },
    {
      "type": "Feature",
      "geometry": {
        "type": "Point",
        "coordinates": [
          -0.2425144,
          39.166237
        ]
      },
      "properties": {
        "id": 6558159385,
        "osm_type": "node",
        "name": "El Abuelo"
      }
    },
    {
      "type": "Feature",
      "geometry": {
        "type": "Point",
        "coordinates": [
          -0.2527266,
          39.1640933
        ]
      },
      "properties": {
        "id": 6559878985,
        "osm_type": "node",
        "name": "Corso Italia"
      }
    },
    {
      "type": "Feature",
      "geometry": {
        "type": "Point",
        "coordinates": [
          -0.2528398,
          39.1641312
        ]
      },
      "properties": {
        "id": 6559879085,
        "osm_type": "node",
        "name": "El Café Vell"
      }
    },
    {
      "type": "Feature",
      "geometry": {
        "type": "Point",
        "coordinates": [
          -0.2530457,
          39.164277
        ]
      },
      "properties": {
        "id": 6559893685,
        "osm_type": "node",
        "name": "Panadería Bollería"
      }
    },
    {
      "type": "Feature",
      "geometry": {
        "type": "Point",
        "coordinates": [
          -0.2531383,
          39.1643187
        ]
      },
      "properties": {
        "id": 6559893785,
        "osm_type": "node",
        "name": "Mediterraneo"
      }
    },
    {
      "type": "Feature",
      "geometry": {
        "type": "Point",
        "coordinates": [
          -0.2544879,
          39.1645618
        ]
      },
      "properties": {
        "id": 6560132785,
        "osm_type": "node",
        "name": "Passeig"
      }
    },
    {
      "type": "Feature",
      "geometry": {
        "type": "Point",
        "coordinates": [
          -0.2504973,
          39.1630516
        ]
      },
      "properties": {
        "id": 6560192186,
        "osm_type": "node",
        "name": "Muñoz"
      }
    },
    {
      "type": "Feature",
      "geometry": {
        "type": "Point",
        "coordinates": [
          -0.251947,
          39.1636258
        ]
      },
      "properties": {
        "id": 6560192385,
        "osm_type": "node",
        "name": "Napoléon"
      }
    },
    {
      "type": "Feature",
      "geometry": {
        "type": "Point",
        "coordinates": [
          -0.2442102,
          39.1637598
        ]
      },
      "properties": {
        "id": 6560227397,
        "osm_type": "node",
        "name": "El Bocao"
      }
    },
    {
      "type": "Feature",
      "geometry": {
        "type": "Point",
        "coordinates": [
          -0.2428526,
          39.1656802
        ]
      },
      "properties": {
        "id": 6565112385,
        "osm_type": "node",
        "name": "Sérgio"
      }
    },
    {
      "type": "Feature",
      "geometry": {
        "type": "Point",
        "coordinates": [
          -0.2437568,
          39.1641183
        ]
      },
      "properties": {
        "id": 6565622790,
        "osm_type": "node",
        "name": "El Paso"
      }
    },
    {
      "type": "Feature",
      "geometry": {
        "type": "Point",
        "coordinates": [
          -0.2443765,
          39.1638448
        ]
      },
      "properties": {
        "id": 6565652689,
        "osm_type": "node",
        "name": "Marimar"
      }
    },
    {
      "type": "Feature",
      "geometry": {
        "type": "Point",
        "coordinates": [
          -0.2447775,
          39.1635271
        ]
      },
      "properties": {
        "id": 6565661587,
        "osm_type": "node",
        "name": "Hermin Bakery"
      }
    },
    {
      "type": "Feature",
      "geometry": {
        "type": "Point",
        "coordinates": [
          -0.245319,
          39.1636108
        ]
      },
      "properties": {
        "id": 6565661787,
        "osm_type": "node",
        "name": "Zumeria Nectar"
      }
    },
    {
      "type": "Feature",
      "geometry": {
        "type": "Point",
        "coordinates": [
          -0.3671852,
          39.4701421
        ]
      },
      "properties": {
        "id": 6565739829,
        "osm_type": "node",
        "name": "La Petite Brioche Bakery",
        "opening_hours": "Mo-Fr 09:00-21:00; Sa,Su 09:00-14:00,17:00-21:00",
        "outdoor_seating": "yes"
      }
    },
    {
      "type": "Feature",
      "geometry": {
        "type": "Point",
        "coordinates": [
          -0.2346014,
          39.8279978
        ]
      },
      "properties": {
        "id": 6565906671,
        "osm_type": "node",
        "name": "Aquilino"
      }
    },
    {
      "type": "Feature",
      "geometry": {
        "type": "Point",
        "coordinates": [
          -0.2344144,
          39.8280454
        ]
      },
      "properties": {
        "id": 6565906672,
        "osm_type": "node",
        "name": "Carmen"
      }
    },
    {
      "type": "Feature",
      "geometry": {
        "type": "Point",
        "coordinates": [
          -0.2529199,
          39.8243909
        ]
      },
      "properties": {
        "id": 6566260685,
        "osm_type": "node",
        "name": "Riu"
      }
    },
    {
      "type": "Feature",
      "geometry": {
        "type": "Point",
        "coordinates": [
          -0.2524553,
          39.8241545
        ]
      },
      "properties": {
        "id": 6566260886,
        "osm_type": "node",
        "name": "Alasi"
      }
    },
    {
      "type": "Feature",
      "geometry": {
        "type": "Point",
        "coordinates": [
          -0.2459297,
          39.167361
        ]
      },
      "properties": {
        "id": 6566356885,
        "osm_type": "node",
        "name": "Lenon"
      }
    },
    {
      "type": "Feature",
      "geometry": {
        "type": "Point",
        "coordinates": [
          -0.6780492,
          37.9766175
        ]
      },
      "properties": {
        "id": 6572003560,
        "osm_type": "node",
        "name": "Teteria Arabesco"
      }
    },
    {
      "type": "Feature",
      "geometry": {
        "type": "Point",
        "coordinates": [
          -0.6771881,
          37.9763114
        ]
      },
      "properties": {
        "id": 6572006807,
        "osm_type": "node",
        "name": "Malabar Ermita"
      }
    },
    {
      "type": "Feature",
      "geometry": {
        "type": "Point",
        "coordinates": [
          -0.1018727,
          38.6942963
        ]
      },
      "properties": {
        "id": 6572250783,
        "osm_type": "node",
        "opening_hours": "Mo-Fr 09:00-14:00,18:00-20:30; Sa 09:00-14:00; PH closed"
      }
    },
    {
      "type": "Feature",
      "geometry": {
        "type": "Point",
        "coordinates": [
          -0.675139,
          37.976605
        ]
      },
      "properties": {
        "id": 6577003534,
        "osm_type": "node",
        "name": "Cafetería Vintage"
      }
    },
    {
      "type": "Feature",
      "geometry": {
        "type": "Point",
        "coordinates": [
          -0.6754012,
          37.977158
        ]
      },
      "properties": {
        "id": 6577039742,
        "osm_type": "node",
        "name": "Cafetería La Vida"
      }
    },
    {
      "type": "Feature",
      "geometry": {
        "type": "Point",
        "coordinates": [
          -0.6762985,
          37.9771437
        ]
      },
      "properties": {
        "id": 6577040093,
        "osm_type": "node",
        "name": "Cafetería Capricho"
      }
    },
    {
      "type": "Feature",
      "geometry": {
        "type": "Point",
        "coordinates": [
          -0.3856309,
          39.4785318
        ]
      },
      "properties": {
        "id": 6584883897,
        "osm_type": "node",
        "name": "Horno San Jose"
      }
    },
    {
      "type": "Feature",
      "geometry": {
        "type": "Point",
        "coordinates": [
          -0.3641424,
          39.4248716
        ]
      },
      "properties": {
        "id": 6584941787,
        "osm_type": "node",
        "name": "Horno San Jose"
      }
    },
    {
      "type": "Feature",
      "geometry": {
        "type": "Point",
        "coordinates": [
          -0.377268,
          39.4784291
        ]
      },
      "properties": {
        "id": 6587695599,
        "osm_type": "node",
        "name": "El Coffi del Carmen"
      }
    },
    {
      "type": "Feature",
      "geometry": {
        "type": "Point",
        "coordinates": [
          0.124374,
          38.6859647
        ]
      },
      "properties": {
        "id": 6594842507,
        "osm_type": "node",
        "name": "Cafe Bar Billy",
        "outdoor_seating": "yes"
      }
    },
    {
      "type": "Feature",
      "geometry": {
        "type": "Point",
        "coordinates": [
          -0.439112,
          38.7788371
        ]
      },
      "properties": {
        "id": 6596252353,
        "osm_type": "node",
        "name": "Bar Cafe Cots"
      }
    },
    {
      "type": "Feature",
      "geometry": {
        "type": "Point",
        "coordinates": [
          -0.653827,
          38.0848207
        ]
      },
      "properties": {
        "id": 6603703895,
        "osm_type": "node",
        "name": "La Bicicleta"
      }
    },
    {
      "type": "Feature",
      "geometry": {
        "type": "Point",
        "coordinates": [
          -0.410169,
          39.4661747
        ]
      },
      "properties": {
        "id": 6604006826,
        "osm_type": "node"
      }
    },
    {
      "type": "Feature",
      "geometry": {
        "type": "Point",
        "coordinates": [
          -0.3755858,
          39.4770689
        ]
      },
      "properties": {
        "id": 6612821695,
        "osm_type": "node",
        "name": "Cafe de las Horas",
        "opening_hours": "Su-Th 10:00-01:30; Fr-Sa 10:00-02:00",
        "check_date": "2024-04-01"
      }
    },
    {
      "type": "Feature",
      "geometry": {
        "type": "Point",
        "coordinates": [
          -0.3506597,
          39.4680614
        ]
      },
      "properties": {
        "id": 6617346022,
        "osm_type": "node",
        "name": "Cafés Valiente"
      }
    },
    {
      "type": "Feature",
      "geometry": {
        "type": "Point",
        "coordinates": [
          -0.3511436,
          39.4677897
        ]
      },
      "properties": {
        "id": 6617346025,
        "osm_type": "node",
        "name": "Cafeteria la Gavina"
      }
    },
    {
      "type": "Feature",
      "geometry": {
        "type": "Point",
        "coordinates": [
          -0.3510976,
          39.4679175
        ]
      },
      "properties": {
        "id": 6617346027,
        "osm_type": "node",
        "name": "Panaria"
      }
    },
    {
      "type": "Feature",
      "geometry": {
        "type": "Point",
        "coordinates": [
          -0.3514442,
          39.4657201
        ]
      },
      "properties": {
        "id": 6617346037,
        "osm_type": "node",
        "name": "LiaoPastel",
        "check_date": "2026-01-13"
      }
    },
    {
      "type": "Feature",
      "geometry": {
        "type": "Point",
        "coordinates": [
          -0.4425771,
          38.7816893
        ]
      },
      "properties": {
        "id": 6620846083,
        "osm_type": "node",
        "name": "Faus"
      }
    },
    {
      "type": "Feature",
      "geometry": {
        "type": "Point",
        "coordinates": [
          -0.4864838,
          38.3592266
        ]
      },
      "properties": {
        "id": 6631184430,
        "osm_type": "node",
        "name": "La Manchega"
      }
    },
    {
      "type": "Feature",
      "geometry": {
        "type": "Point",
        "coordinates": [
          -0.6539746,
          38.0865436
        ]
      },
      "properties": {
        "id": 6634713519,
        "osm_type": "node",
        "name": "Cafetería Elígeme",
        "outdoor_seating": "yes"
      }
    },
    {
      "type": "Feature",
      "geometry": {
        "type": "Point",
        "coordinates": [
          -0.383465,
          39.4774675
        ]
      },
      "properties": {
        "id": 6638508085,
        "osm_type": "node",
        "name": "Nou Dorita",
        "opening_hours": "Mo-Fr 07:00-20:00; Sa 08:30-14:30; Su,PH 09:00-14:30"
      }
    },
    {
      "type": "Feature",
      "geometry": {
        "type": "Point",
        "coordinates": [
          -0.6877125,
          38.9799791
        ]
      },
      "properties": {
        "id": 6652802348,
        "osm_type": "node",
        "name": "La Cafedería",
        "outdoor_seating": "yes"
      }
    },
    {
      "type": "Feature",
      "geometry": {
        "type": "Point",
        "coordinates": [
          -0.6879009,
          38.9793246
        ]
      },
      "properties": {
        "id": 6653091500,
        "osm_type": "node"
      }
    },
    {
      "type": "Feature",
      "geometry": {
        "type": "Point",
        "coordinates": [
          -0.6888144,
          38.979062
        ]
      },
      "properties": {
        "id": 6653091501,
        "osm_type": "node",
        "name": "Revert"
      }
    },
    {
      "type": "Feature",
      "geometry": {
        "type": "Point",
        "coordinates": [
          -0.6888332,
          38.9781721
        ]
      },
      "properties": {
        "id": 6653091502,
        "osm_type": "node"
      }
    },
    {
      "type": "Feature",
      "geometry": {
        "type": "Point",
        "coordinates": [
          -0.6869597,
          38.980359
        ]
      },
      "properties": {
        "id": 6653131052,
        "osm_type": "node"
      }
    },
    {
      "type": "Feature",
      "geometry": {
        "type": "Point",
        "coordinates": [
          -0.6875435,
          38.9775083
        ]
      },
      "properties": {
        "id": 6653328418,
        "osm_type": "node",
        "name": "Almela"
      }
    },
    {
      "type": "Feature",
      "geometry": {
        "type": "Point",
        "coordinates": [
          -0.6873216,
          38.9774544
        ]
      },
      "properties": {
        "id": 6653328419,
        "osm_type": "node",
        "name": "Horno Puchol"
      }
    },
    {
      "type": "Feature",
      "geometry": {
        "type": "Point",
        "coordinates": [
          -0.6887028,
          38.9810309
        ]
      },
      "properties": {
        "id": 6654845510,
        "osm_type": "node"
      }
    },
    {
      "type": "Feature",
      "geometry": {
        "type": "Point",
        "coordinates": [
          -0.5989849,
          38.8228027
        ]
      },
      "properties": {
        "id": 6677224865,
        "osm_type": "node",
        "name": "Sucre. Cafetería"
      }
    },
    {
      "type": "Feature",
      "geometry": {
        "type": "Point",
        "coordinates": [
          -0.1276994,
          38.5362212
        ]
      },
      "properties": {
        "id": 6681841323,
        "osm_type": "node",
        "name": "Coffee & Co"
      }
    },
    {
      "type": "Feature",
      "geometry": {
        "type": "Point",
        "coordinates": [
          -0.4883424,
          39.5276388
        ]
      },
      "properties": {
        "id": 6684939522,
        "osm_type": "node",
        "name": "Horno Casa Pepet"
      }
    },
    {
      "type": "Feature",
      "geometry": {
        "type": "Point",
        "coordinates": [
          -0.4891385,
          38.340622
        ]
      },
      "properties": {
        "id": 6687223545,
        "osm_type": "node",
        "name": "La Tahona de Parra"
      }
    },
    {
      "type": "Feature",
      "geometry": {
        "type": "Point",
        "coordinates": [
          -0.4873226,
          39.5266281
        ]
      },
      "properties": {
        "id": 6690357370,
        "osm_type": "node"
      }
    },
    {
      "type": "Feature",
      "geometry": {
        "type": "Point",
        "coordinates": [
          -0.4872972,
          39.5271816
        ]
      },
      "properties": {
        "id": 6690357371,
        "osm_type": "node",
        "name": "Horno la Esmeralda"
      }
    },
    {
      "type": "Feature",
      "geometry": {
        "type": "Point",
        "coordinates": [
          -0.4872072,
          38.3485639
        ]
      },
      "properties": {
        "id": 6690365146,
        "osm_type": "node",
        "name": "Cafetería Panadería Cristina"
      }
    },
    {
      "type": "Feature",
      "geometry": {
        "type": "Point",
        "coordinates": [
          -0.4874992,
          38.3489615
        ]
      },
      "properties": {
        "id": 6690365160,
        "osm_type": "node",
        "name": "Jevole"
      }
    },
    {
      "type": "Feature",
      "geometry": {
        "type": "Point",
        "coordinates": [
          -0.4812528,
          39.5302917
        ]
      },
      "properties": {
        "id": 6693350347,
        "osm_type": "node",
        "name": "Cafés Valiente"
      }
    },
    {
      "type": "Feature",
      "geometry": {
        "type": "Point",
        "coordinates": [
          -0.6537297,
          38.0870572
        ]
      },
      "properties": {
        "id": 6695374057,
        "osm_type": "node",
        "name": "Habana Cafe",
        "outdoor_seating": "yes"
      }
    },
    {
      "type": "Feature",
      "geometry": {
        "type": "Point",
        "coordinates": [
          -0.5145508,
          38.3283818
        ]
      },
      "properties": {
        "id": 6696735387,
        "osm_type": "node",
        "name": "Panadería Barrio San Gabriel"
      }
    },
    {
      "type": "Feature",
      "geometry": {
        "type": "Point",
        "coordinates": [
          -0.4903067,
          38.3428321
        ]
      },
      "properties": {
        "id": 6698618128,
        "osm_type": "node",
        "name": "Picnic Urbano",
        "outdoor_seating": "yes"
      }
    },
    {
      "type": "Feature",
      "geometry": {
        "type": "Point",
        "coordinates": [
          -0.3490997,
          39.5019656
        ]
      },
      "properties": {
        "id": 6703191785,
        "osm_type": "node",
        "name": "Horno"
      }
    },
    {
      "type": "Feature",
      "geometry": {
        "type": "Point",
        "coordinates": [
          -0.3517431,
          39.4973645
        ]
      },
      "properties": {
        "id": 6703250831,
        "osm_type": "node",
        "name": "Orxateria Panach"
      }
    },
    {
      "type": "Feature",
      "geometry": {
        "type": "Point",
        "coordinates": [
          -0.351072,
          39.4942346
        ]
      },
      "properties": {
        "id": 6703250832,
        "osm_type": "node"
      }
    },
    {
      "type": "Feature",
      "geometry": {
        "type": "Point",
        "coordinates": [
          -0.3464834,
          39.501486
        ]
      },
      "properties": {
        "id": 6703343703,
        "osm_type": "node",
        "name": "Bar Casa Cultura Alboraya"
      }
    },
    {
      "type": "Feature",
      "geometry": {
        "type": "Point",
        "coordinates": [
          -0.8054466,
          37.9302413
        ]
      },
      "properties": {
        "id": 6705092277,
        "osm_type": "node",
        "name": "UNIK Café"
      }
    },
    {
      "type": "Feature",
      "geometry": {
        "type": "Point",
        "coordinates": [
          -0.1298118,
          38.537907
        ]
      },
      "properties": {
        "id": 6708170976,
        "osm_type": "node",
        "name": "Café Mayna"
      }
    },
    {
      "type": "Feature",
      "geometry": {
        "type": "Point",
        "coordinates": [
          -0.653506,
          38.0892244
        ]
      },
      "properties": {
        "id": 6717943733,
        "osm_type": "node",
        "name": "Panadería La Espiga"
      }
    },
    {
      "type": "Feature",
      "geometry": {
        "type": "Point",
        "coordinates": [
          -0.5860546,
          38.2929483
        ]
      },
      "properties": {
        "id": 6721890057,
        "osm_type": "node",
        "name": "Pastelería Confitería Candy"
      }
    },
    {
      "type": "Feature",
      "geometry": {
        "type": "Point",
        "coordinates": [
          -0.5857462,
          38.2924238
        ]
      },
      "properties": {
        "id": 6721898088,
        "osm_type": "node",
        "name": "Cafe Pub Hierbabuena",
        "outdoor_seating": "yes"
      }
    },
    {
      "type": "Feature",
      "geometry": {
        "type": "Point",
        "coordinates": [
          -0.5855076,
          38.2910221
        ]
      },
      "properties": {
        "id": 6721898122,
        "osm_type": "node",
        "name": "Coffi"
      }
    },
    {
      "type": "Feature",
      "geometry": {
        "type": "Point",
        "coordinates": [
          -0.5876044,
          38.293143
        ]
      },
      "properties": {
        "id": 6726073914,
        "osm_type": "node",
        "name": "Panadería Toalpan"
      }
    },
    {
      "type": "Feature",
      "geometry": {
        "type": "Point",
        "coordinates": [
          -0.5880739,
          38.29356
        ]
      },
      "properties": {
        "id": 6726073932,
        "osm_type": "node"
      }
    },
    {
      "type": "Feature",
      "geometry": {
        "type": "Point",
        "coordinates": [
          -0.5882512,
          38.2897937
        ]
      },
      "properties": {
        "id": 6726074002,
        "osm_type": "node",
        "name": "Cafeteria polideportivo",
        "outdoor_seating": "yes"
      }
    },
    {
      "type": "Feature",
      "geometry": {
        "type": "Point",
        "coordinates": [
          -0.5878351,
          38.2949536
        ]
      },
      "properties": {
        "id": 6726074120,
        "osm_type": "node",
        "name": "Cafetería centro social",
        "outdoor_seating": "yes"
      }
    },
    {
      "type": "Feature",
      "geometry": {
        "type": "Point",
        "coordinates": [
          -0.583816,
          38.2958717
        ]
      },
      "properties": {
        "id": 6726074147,
        "osm_type": "node",
        "name": "Cafeteria IES Torrellano"
      }
    },
    {
      "type": "Feature",
      "geometry": {
        "type": "Point",
        "coordinates": [
          -0.5872417,
          39.5941607
        ]
      },
      "properties": {
        "id": 6726433584,
        "osm_type": "node",
        "name": "Cafés Valiente",
        "outdoor_seating": "yes"
      }
    },
    {
      "type": "Feature",
      "geometry": {
        "type": "Point",
        "coordinates": [
          -0.6798007,
          37.9789063
        ]
      },
      "properties": {
        "id": 6735081740,
        "osm_type": "node",
        "name": "Panadería Almira"
      }
    },
    {
      "type": "Feature",
      "geometry": {
        "type": "Point",
        "coordinates": [
          -0.4385654,
          38.7805392
        ]
      },
      "properties": {
        "id": 6738331416,
        "osm_type": "node",
        "name": "Copfes"
      }
    },
    {
      "type": "Feature",
      "geometry": {
        "type": "Point",
        "coordinates": [
          -0.4874602,
          38.3476727
        ]
      },
      "properties": {
        "id": 6741881389,
        "osm_type": "node",
        "name": "Sip and Wonder",
        "opening_hours": "Mo-Su 09:30-16:00; We off"
      }
    },
    {
      "type": "Feature",
      "geometry": {
        "type": "Point",
        "coordinates": [
          -0.1025,
          38.5368144
        ]
      },
      "properties": {
        "id": 6741901686,
        "osm_type": "node",
        "name": "Cafetería Playmon Park"
      }
    },
    {
      "type": "Feature",
      "geometry": {
        "type": "Point",
        "coordinates": [
          -0.376319,
          39.4634712
        ]
      },
      "properties": {
        "id": 6742055624,
        "osm_type": "node",
        "name": "Le Grand Café"
      }
    },
    {
      "type": "Feature",
      "geometry": {
        "type": "Point",
        "coordinates": [
          -0.1098544,
          38.5359231
        ]
      },
      "properties": {
        "id": 6750540493,
        "osm_type": "node",
        "name": "Vesta Caffè",
        "outdoor_seating": "yes",
        "check_date": "2024-10-26"
      }
    },
    {
      "type": "Feature",
      "geometry": {
        "type": "Point",
        "coordinates": [
          -0.564442,
          38.1914748
        ]
      },
      "properties": {
        "id": 6767395730,
        "osm_type": "node",
        "name": "Cafetería Alexandra"
      }
    },
    {
      "type": "Feature",
      "geometry": {
        "type": "Point",
        "coordinates": [
          -0.1196772,
          38.5370761
        ]
      },
      "properties": {
        "id": 6772814095,
        "osm_type": "node",
        "name": "Caffe Mediterráneo",
        "outdoor_seating": "yes",
        "check_date": "2024-10-26"
      }
    },
    {
      "type": "Feature",
      "geometry": {
        "type": "Point",
        "coordinates": [
          -0.1283069,
          38.5364217
        ]
      },
      "properties": {
        "id": 6772814101,
        "osm_type": "node",
        "name": "Belagua"
      }
    },
    {
      "type": "Feature",
      "geometry": {
        "type": "Point",
        "coordinates": [
          -0.9529973,
          38.0869744
        ]
      },
      "properties": {
        "id": 6782427740,
        "osm_type": "node",
        "name": "Bombon Boss"
      }
    },
    {
      "type": "Feature",
      "geometry": {
        "type": "Point",
        "coordinates": [
          -0.3318105,
          39.4639584
        ]
      },
      "properties": {
        "id": 6783603175,
        "osm_type": "node",
        "name": "Cafeteria l'Arbre"
      }
    },
    {
      "type": "Feature",
      "geometry": {
        "type": "Point",
        "coordinates": [
          -0.3750631,
          39.4710482
        ]
      },
      "properties": {
        "id": 6803046230,
        "osm_type": "node",
        "name": "Transits",
        "opening_hours": "Mo-Sa 07:30-17:30"
      }
    },
    {
      "type": "Feature",
      "geometry": {
        "type": "Point",
        "coordinates": [
          -0.5076526,
          39.1929735
        ]
      },
      "properties": {
        "id": 6808427319,
        "osm_type": "node",
        "name": "Pita-Pita",
        "outdoor_seating": "yes"
      }
    },
    {
      "type": "Feature",
      "geometry": {
        "type": "Point",
        "coordinates": [
          -0.7112088,
          38.2646609
        ]
      },
      "properties": {
        "id": 6810728168,
        "osm_type": "node",
        "name": "Bar Charly"
      }
    },
    {
      "type": "Feature",
      "geometry": {
        "type": "Point",
        "coordinates": [
          -0.7115108,
          38.264548
        ]
      },
      "properties": {
        "id": 6810728937,
        "osm_type": "node",
        "name": "Lifestyle Cafe"
      }
    },
    {
      "type": "Feature",
      "geometry": {
        "type": "Point",
        "coordinates": [
          -0.3570887,
          39.4843616
        ]
      },
      "properties": {
        "id": 6811998174,
        "osm_type": "node",
        "name": "Landipan"
      }
    },
    {
      "type": "Feature",
      "geometry": {
        "type": "Point",
        "coordinates": [
          -0.3586441,
          39.4848386
        ]
      },
      "properties": {
        "id": 6812000990,
        "osm_type": "node",
        "name": "Su Pan",
        "takeaway": "only"
      }
    },
    {
      "type": "Feature",
      "geometry": {
        "type": "Point",
        "coordinates": [
          -0.3589256,
          39.4850737
        ]
      },
      "properties": {
        "id": 6812000996,
        "osm_type": "node",
        "name": "El Café de Camilo",
        "outdoor_seating": "yes"
      }
    },
    {
      "type": "Feature",
      "geometry": {
        "type": "Point",
        "coordinates": [
          -0.3644328,
          39.463154
        ]
      },
      "properties": {
        "id": 6812590181,
        "osm_type": "node",
        "name": "Horno Avenida",
        "opening_hours": "Mo-Fr 07:30-15:00; Sa 08:00-14:00; Su off",
        "check_date": "2026-02-04"
      }
    },
    {
      "type": "Feature",
      "geometry": {
        "type": "Point",
        "coordinates": [
          -0.3586807,
          39.4862881
        ]
      },
      "properties": {
        "id": 6812975418,
        "osm_type": "node",
        "name": "La senzilla",
        "opening_hours": "Mo-Su 08:00-01:00"
      }
    },
    {
      "type": "Feature",
      "geometry": {
        "type": "Point",
        "coordinates": [
          -0.3495476,
          39.4690786
        ]
      },
      "properties": {
        "id": 6817889921,
        "osm_type": "node",
        "name": "Horno Vinuesa"
      }
    },
    {
      "type": "Feature",
      "geometry": {
        "type": "Point",
        "coordinates": [
          -0.3509308,
          39.4658316
        ]
      },
      "properties": {
        "id": 6822193923,
        "osm_type": "node",
        "name": "Horno Bells"
      }
    },
    {
      "type": "Feature",
      "geometry": {
        "type": "Point",
        "coordinates": [
          -0.3644983,
          39.4627527
        ]
      },
      "properties": {
        "id": 6823354038,
        "osm_type": "node",
        "name": "Cafes Montecelio"
      }
    },
    {
      "type": "Feature",
      "geometry": {
        "type": "Point",
        "coordinates": [
          -0.3675249,
          39.4630962
        ]
      },
      "properties": {
        "id": 6823354810,
        "osm_type": "node",
        "name": "Alma de Cafe"
      }
    },
    {
      "type": "Feature",
      "geometry": {
        "type": "Point",
        "coordinates": [
          -0.3783495,
          39.4703852
        ]
      },
      "properties": {
        "id": 6840233688,
        "osm_type": "node",
        "name": "dulce de leche San Vicente - DDL",
        "check_date": "2024-01-31"
      }
    },
    {
      "type": "Feature",
      "geometry": {
        "type": "Point",
        "coordinates": [
          -0.474852,
          38.3486769
        ]
      },
      "properties": {
        "id": 6852205069,
        "osm_type": "node",
        "name": "Panaderia Horno Mayte"
      }
    },
    {
      "type": "Feature",
      "geometry": {
        "type": "Point",
        "coordinates": [
          -0.484782,
          38.3429525
        ]
      },
      "properties": {
        "id": 6852456985,
        "osm_type": "node",
        "name": "Acapulco"
      }
    },
    {
      "type": "Feature",
      "geometry": {
        "type": "Point",
        "coordinates": [
          -0.5201651,
          39.4119956
        ]
      },
      "properties": {
        "id": 6858677252,
        "osm_type": "node"
      }
    },
    {
      "type": "Feature",
      "geometry": {
        "type": "Point",
        "coordinates": [
          -0.1528304,
          38.968309
        ]
      },
      "properties": {
        "id": 6874095315,
        "osm_type": "node",
        "name": "Forn Nou Daimus",
        "outdoor_seating": "yes"
      }
    },
    {
      "type": "Feature",
      "geometry": {
        "type": "Point",
        "coordinates": [
          -0.7081982,
          38.2645789
        ]
      },
      "properties": {
        "id": 6895913964,
        "osm_type": "node",
        "name": "Panadería Asunción"
      }
    },
    {
      "type": "Feature",
      "geometry": {
        "type": "Point",
        "coordinates": [
          -0.7081814,
          38.2647307
        ]
      },
      "properties": {
        "id": 6895913965,
        "osm_type": "node",
        "name": "Chickers Coffee"
      }
    },
    {
      "type": "Feature",
      "geometry": {
        "type": "Point",
        "coordinates": [
          -0.7259017,
          37.9254908
        ]
      },
      "properties": {
        "id": 6908447285,
        "osm_type": "node",
        "name": "Makai cafe"
      }
    },
    {
      "type": "Feature",
      "geometry": {
        "type": "Point",
        "coordinates": [
          -0.4365207,
          39.1507724
        ]
      },
      "properties": {
        "id": 6935848648,
        "osm_type": "node",
        "outdoor_seating": "yes"
      }
    },
    {
      "type": "Feature",
      "geometry": {
        "type": "Point",
        "coordinates": [
          -0.3699977,
          39.4829495
        ]
      },
      "properties": {
        "id": 6935967455,
        "osm_type": "node",
        "name": "Horno del Carmen"
      }
    },
    {
      "type": "Feature",
      "geometry": {
        "type": "Point",
        "coordinates": [
          -0.588605,
          38.2927829
        ]
      },
      "properties": {
        "id": 6935974068,
        "osm_type": "node",
        "name": "Jose artesano"
      }
    },
    {
      "type": "Feature",
      "geometry": {
        "type": "Point",
        "coordinates": [
          -0.7685428,
          38.3848631
        ]
      },
      "properties": {
        "id": 6938342962,
        "osm_type": "node",
        "name": "La Glorieta",
        "check_date": "2024-06-13"
      }
    },
    {
      "type": "Feature",
      "geometry": {
        "type": "Point",
        "coordinates": [
          -0.0392993,
          39.9836587
        ]
      },
      "properties": {
        "id": 6938996646,
        "osm_type": "node",
        "name": "Panhevi"
      }
    },
    {
      "type": "Feature",
      "geometry": {
        "type": "Point",
        "coordinates": [
          -0.3574742,
          39.4836433
        ]
      },
      "properties": {
        "id": 6939213000,
        "osm_type": "node",
        "name": "Cafés Valiente"
      }
    },
    {
      "type": "Feature",
      "geometry": {
        "type": "Point",
        "coordinates": [
          -0.3581967,
          39.4849415
        ]
      },
      "properties": {
        "id": 6939758121,
        "osm_type": "node"
      }
    },
    {
      "type": "Feature",
      "geometry": {
        "type": "Point",
        "coordinates": [
          -0.3616082,
          39.4859103
        ]
      },
      "properties": {
        "id": 6943810868,
        "osm_type": "node",
        "name": "Café Maysa"
      }
    },
    {
      "type": "Feature",
      "geometry": {
        "type": "Point",
        "coordinates": [
          -0.1850644,
          38.9690991
        ]
      },
      "properties": {
        "id": 6947478121,
        "osm_type": "node",
        "name": "Roxy Cafe"
      }
    },
    {
      "type": "Feature",
      "geometry": {
        "type": "Point",
        "coordinates": [
          -0.3589949,
          39.4824816
        ]
      },
      "properties": {
        "id": 6947782127,
        "osm_type": "node",
        "name": "Cafetería Zafiro"
      }
    },
    {
      "type": "Feature",
      "geometry": {
        "type": "Point",
        "coordinates": [
          -0.3620572,
          39.4848975
        ]
      },
      "properties": {
        "id": 6949715135,
        "osm_type": "node",
        "name": "Panaria"
      }
    },
    {
      "type": "Feature",
      "geometry": {
        "type": "Point",
        "coordinates": [
          -0.3614102,
          39.4863437
        ]
      },
      "properties": {
        "id": 6955405807,
        "osm_type": "node",
        "name": "Cafés Valiente"
      }
    },
    {
      "type": "Feature",
      "geometry": {
        "type": "Point",
        "coordinates": [
          -0.3627085,
          39.4810519
        ]
      },
      "properties": {
        "id": 6959650078,
        "osm_type": "node",
        "name": "Barocco"
      }
    },
    {
      "type": "Feature",
      "geometry": {
        "type": "Point",
        "coordinates": [
          -0.377623,
          39.4727472
        ]
      },
      "properties": {
        "id": 6960330687,
        "osm_type": "node"
      }
    },
    {
      "type": "Feature",
      "geometry": {
        "type": "Point",
        "coordinates": [
          -0.370346,
          39.4827979
        ]
      },
      "properties": {
        "id": 6960375099,
        "osm_type": "node",
        "name": "El Bar del Super",
        "outdoor_seating": "yes"
      }
    },
    {
      "type": "Feature",
      "geometry": {
        "type": "Point",
        "coordinates": [
          -0.360575,
          39.4830618
        ]
      },
      "properties": {
        "id": 6960694727,
        "osm_type": "node",
        "name": "Bon pa"
      }
    },
    {
      "type": "Feature",
      "geometry": {
        "type": "Point",
        "coordinates": [
          -0.3611232,
          39.4827952
        ]
      },
      "properties": {
        "id": 6960743704,
        "osm_type": "node"
      }
    },
    {
      "type": "Feature",
      "geometry": {
        "type": "Point",
        "coordinates": [
          -0.3608905,
          39.4880335
        ]
      },
      "properties": {
        "id": 6960810032,
        "osm_type": "node"
      }
    },
    {
      "type": "Feature",
      "geometry": {
        "type": "Point",
        "coordinates": [
          -0.3665184,
          39.4886105
        ]
      },
      "properties": {
        "id": 6961570690,
        "osm_type": "node",
        "name": "Bar-dan"
      }
    },
    {
      "type": "Feature",
      "geometry": {
        "type": "Point",
        "coordinates": [
          -0.4614593,
          39.4648784
        ]
      },
      "properties": {
        "id": 6985191436,
        "osm_type": "node",
        "name": "Anaya"
      }
    },
    {
      "type": "Feature",
      "geometry": {
        "type": "Point",
        "coordinates": [
          -0.3989841,
          39.4715201
        ]
      },
      "properties": {
        "id": 6994555070,
        "osm_type": "node",
        "name": "Kiruma"
      }
    },
    {
      "type": "Feature",
      "geometry": {
        "type": "Point",
        "coordinates": [
          -0.4870674,
          38.3477901
        ]
      },
      "properties": {
        "id": 7001780380,
        "osm_type": "node",
        "name": "Wasamole"
      }
    },
    {
      "type": "Feature",
      "geometry": {
        "type": "Point",
        "coordinates": [
          -0.4867062,
          38.3491302
        ]
      },
      "properties": {
        "id": 7001780382,
        "osm_type": "node",
        "name": "la coveta"
      }
    },
    {
      "type": "Feature",
      "geometry": {
        "type": "Point",
        "coordinates": [
          -0.5862405,
          38.2940445
        ]
      },
      "properties": {
        "id": 7003387110,
        "osm_type": "node"
      }
    },
    {
      "type": "Feature",
      "geometry": {
        "type": "Point",
        "coordinates": [
          -0.4606049,
          39.4648126
        ]
      },
      "properties": {
        "id": 7005750300,
        "osm_type": "node",
        "name": "El raconet"
      }
    },
    {
      "type": "Feature",
      "geometry": {
        "type": "Point",
        "coordinates": [
          -0.4830253,
          38.3443455
        ]
      },
      "properties": {
        "id": 7010079367,
        "osm_type": "node",
        "name": "Starbucks",
        "brand": "Starbucks",
        "opening_hours": "Mo-Su 08:00-22:00",
        "takeaway": "yes",
        "outdoor_seating": "yes"
      }
    },
    {
      "type": "Feature",
      "geometry": {
        "type": "Point",
        "coordinates": [
          -0.3715799,
          39.4821616
        ]
      },
      "properties": {
        "id": 7011711775,
        "osm_type": "node",
        "name": "Mayan Coffees",
        "opening_hours": "Mo-Fr 08:00-18:00; Sa 10:00-18:00",
        "outdoor_seating": "yes"
      }
    },
    {
      "type": "Feature",
      "geometry": {
        "type": "Point",
        "coordinates": [
          -0.3084795,
          39.5371833
        ]
      },
      "properties": {
        "id": 7020538913,
        "osm_type": "node",
        "name": "Tienda"
      }
    },
    {
      "type": "Feature",
      "geometry": {
        "type": "Point",
        "coordinates": [
          -0.0341995,
          39.9942331
        ]
      },
      "properties": {
        "id": 7021780651,
        "osm_type": "node",
        "name": "J. A. Vives",
        "opening_hours": "Mo-Fr 07:30-20:00; Sa 07:30-14:00",
        "outdoor_seating": "yes"
      }
    },
    {
      "type": "Feature",
      "geometry": {
        "type": "Point",
        "coordinates": [
          -0.4628424,
          39.4366243
        ]
      },
      "properties": {
        "id": 7026813916,
        "osm_type": "node",
        "name": "Forn I Pastisseria Germanes Ortí"
      }
    },
    {
      "type": "Feature",
      "geometry": {
        "type": "Point",
        "coordinates": [
          -0.462779,
          39.441368
        ]
      },
      "properties": {
        "id": 7026813918,
        "osm_type": "node",
        "name": "Horno San Ramón"
      }
    },
    {
      "type": "Feature",
      "geometry": {
        "type": "Point",
        "coordinates": [
          -0.464677,
          39.44096
        ]
      },
      "properties": {
        "id": 7026813919,
        "osm_type": "node",
        "name": "Forn Pastisseria Germans Ramírez"
      }
    },
    {
      "type": "Feature",
      "geometry": {
        "type": "Point",
        "coordinates": [
          -0.4600149,
          39.4393971
        ]
      },
      "properties": {
        "id": 7026813922,
        "osm_type": "node",
        "name": "Panadería Paquito"
      }
    },
    {
      "type": "Feature",
      "geometry": {
        "type": "Point",
        "coordinates": [
          -0.474769,
          39.43317
        ]
      },
      "properties": {
        "id": 7026813924,
        "osm_type": "node",
        "name": "Panadería Ópera"
      }
    },
    {
      "type": "Feature",
      "geometry": {
        "type": "Point",
        "coordinates": [
          -0.4628159,
          39.4399318
        ]
      },
      "properties": {
        "id": 7026813925,
        "osm_type": "node",
        "name": "Panadería Orti - Cañas"
      }
    },
    {
      "type": "Feature",
      "geometry": {
        "type": "Point",
        "coordinates": [
          -0.461654,
          39.437725
        ]
      },
      "properties": {
        "id": 7026813926,
        "osm_type": "node",
        "name": "Forn Les Delicies"
      }
    },
    {
      "type": "Feature",
      "geometry": {
        "type": "Point",
        "coordinates": [
          -0.4739828,
          39.430998
        ]
      },
      "properties": {
        "id": 7026813927,
        "osm_type": "node",
        "name": "Panadería Anchel"
      }
    },
    {
      "type": "Feature",
      "geometry": {
        "type": "Point",
        "coordinates": [
          -0.463967,
          39.440125
        ]
      },
      "properties": {
        "id": 7026813928,
        "osm_type": "node",
        "name": "Panadería Rogelio Mora Hernández"
      }
    },
    {
      "type": "Feature",
      "geometry": {
        "type": "Point",
        "coordinates": [
          -0.4710654,
          39.4353634
        ]
      },
      "properties": {
        "id": 7026813929,
        "osm_type": "node",
        "name": "Andreu Moreno Forn De Pa"
      }
    },
    {
      "type": "Feature",
      "geometry": {
        "type": "Point",
        "coordinates": [
          -0.4753243,
          39.4344978
        ]
      },
      "properties": {
        "id": 7026813930,
        "osm_type": "node",
        "name": "Horno La Espiga De Oro"
      }
    },
    {
      "type": "Feature",
      "geometry": {
        "type": "Point",
        "coordinates": [
          -0.474828,
          39.4317361
        ]
      },
      "properties": {
        "id": 7026813931,
        "osm_type": "node",
        "name": "Horno Sergio Galla"
      }
    },
    {
      "type": "Feature",
      "geometry": {
        "type": "Point",
        "coordinates": [
          -0.474077,
          39.435223
        ]
      },
      "properties": {
        "id": 7026813932,
        "osm_type": "node",
        "name": "Enrique y Ana Montoro"
      }
    },
    {
      "type": "Feature",
      "geometry": {
        "type": "Point",
        "coordinates": [
          -0.4601612,
          39.4382712
        ]
      },
      "properties": {
        "id": 7026813933,
        "osm_type": "node",
        "name": "Forn"
      }
    },
    {
      "type": "Feature",
      "geometry": {
        "type": "Point",
        "coordinates": [
          -0.4674053,
          39.4342774
        ]
      },
      "properties": {
        "id": 7026813934,
        "osm_type": "node",
        "name": "Horno La Foieta"
      }
    },
    {
      "type": "Feature",
      "geometry": {
        "type": "Point",
        "coordinates": [
          -0.463368,
          39.436729
        ]
      },
      "properties": {
        "id": 7026813935,
        "osm_type": "node",
        "name": "Horno Bolleria La Torre"
      }
    },
    {
      "type": "Feature",
      "geometry": {
        "type": "Point",
        "coordinates": [
          -0.468714,
          39.4324
        ]
      },
      "properties": {
        "id": 7026813936,
        "osm_type": "node",
        "name": "Horno Bollería Hnos. Ramírez"
      }
    },
    {
      "type": "Feature",
      "geometry": {
        "type": "Point",
        "coordinates": [
          -0.464872,
          39.435429
        ]
      },
      "properties": {
        "id": 7026813937,
        "osm_type": "node",
        "name": "Forn Bollería Hnos. Gascón"
      }
    },
    {
      "type": "Feature",
      "geometry": {
        "type": "Point",
        "coordinates": [
          -0.46533,
          39.439297
        ]
      },
      "properties": {
        "id": 7026813938,
        "osm_type": "node",
        "name": "Horno Germans Vilanova"
      }
    },
    {
      "type": "Feature",
      "geometry": {
        "type": "Point",
        "coordinates": [
          -0.4776791,
          39.430093
        ]
      },
      "properties": {
        "id": 7026813939,
        "osm_type": "node",
        "name": "Forn Pastisseria Germans Vilanova"
      }
    },
    {
      "type": "Feature",
      "geometry": {
        "type": "Point",
        "coordinates": [
          -0.4765321,
          39.4342249
        ]
      },
      "properties": {
        "id": 7026813940,
        "osm_type": "node",
        "name": "Horno Calamocha"
      }
    },
    {
      "type": "Feature",
      "geometry": {
        "type": "Point",
        "coordinates": [
          -0.472479,
          39.435905
        ]
      },
      "properties": {
        "id": 7026813941,
        "osm_type": "node",
        "name": "Forn Canuto"
      }
    },
    {
      "type": "Feature",
      "geometry": {
        "type": "Point",
        "coordinates": [
          -0.464301,
          39.437229
        ]
      },
      "properties": {
        "id": 7026813942,
        "osm_type": "node",
        "name": "Panadería Hermanos Molero"
      }
    },
    {
      "type": "Feature",
      "geometry": {
        "type": "Point",
        "coordinates": [
          -0.468864,
          39.43504
        ]
      },
      "properties": {
        "id": 7026813944,
        "osm_type": "node",
        "name": "Panadería Anaya"
      }
    },
    {
      "type": "Feature",
      "geometry": {
        "type": "Point",
        "coordinates": [
          -0.4694027,
          39.4339896
        ]
      },
      "properties": {
        "id": 7026813945,
        "osm_type": "node",
        "name": "Horno Avenida"
      }
    },
    {
      "type": "Feature",
      "geometry": {
        "type": "Point",
        "coordinates": [
          -0.4667061,
          39.4370837
        ]
      },
      "properties": {
        "id": 7026813946,
        "osm_type": "node",
        "name": "Panadería Anaya"
      }
    },
    {
      "type": "Feature",
      "geometry": {
        "type": "Point",
        "coordinates": [
          -0.469928,
          39.437595
        ]
      },
      "properties": {
        "id": 7026813947,
        "osm_type": "node",
        "name": "Panadería Anaya"
      }
    },
    {
      "type": "Feature",
      "geometry": {
        "type": "Point",
        "coordinates": [
          -0.4721205,
          39.4337548
        ]
      },
      "properties": {
        "id": 7026813948,
        "osm_type": "node",
        "name": "Forn De Pa Cunyat"
      }
    },
    {
      "type": "Feature",
      "geometry": {
        "type": "Point",
        "coordinates": [
          -0.467769,
          39.440704
        ]
      },
      "properties": {
        "id": 7026813949,
        "osm_type": "node",
        "name": "Forn Pastisseria Xenillet"
      }
    },
    {
      "type": "Feature",
      "geometry": {
        "type": "Point",
        "coordinates": [
          -0.4765867,
          39.4313144
        ]
      },
      "properties": {
        "id": 7026920734,
        "osm_type": "node",
        "name": "La Tahona"
      }
    },
    {
      "type": "Feature",
      "geometry": {
        "type": "Point",
        "coordinates": [
          -0.4753882,
          39.4286314
        ]
      },
      "properties": {
        "id": 7026920735,
        "osm_type": "node",
        "name": "Agua y Harina"
      }
    },
    {
      "type": "Feature",
      "geometry": {
        "type": "Point",
        "coordinates": [
          -0.4764425,
          39.4294185
        ]
      },
      "properties": {
        "id": 7026920737,
        "osm_type": "node",
        "name": "Anaya Panadería Artesanal"
      }
    },
    {
      "type": "Feature",
      "geometry": {
        "type": "Point",
        "coordinates": [
          -0.466572,
          39.43285
        ]
      },
      "properties": {
        "id": 7026920740,
        "osm_type": "node",
        "name": "Horno Montoro"
      }
    },
    {
      "type": "Feature",
      "geometry": {
        "type": "Point",
        "coordinates": [
          -0.4711549,
          39.4332324
        ]
      },
      "properties": {
        "id": 7026920742,
        "osm_type": "node",
        "name": "Granier",
        "brand": "Granier"
      }
    },
    {
      "type": "Feature",
      "geometry": {
        "type": "Point",
        "coordinates": [
          -0.4686162,
          39.4380206
        ]
      },
      "properties": {
        "id": 7026920744,
        "osm_type": "node",
        "name": "Forn - Pastisseria L´ermita"
      }
    },
    {
      "type": "Feature",
      "geometry": {
        "type": "Point",
        "coordinates": [
          -0.464838,
          39.431278
        ]
      },
      "properties": {
        "id": 7026920746,
        "osm_type": "node",
        "name": "Expendeduría Maribel"
      }
    },
    {
      "type": "Feature",
      "geometry": {
        "type": "Point",
        "coordinates": [
          -0.458876,
          39.4394679
        ]
      },
      "properties": {
        "id": 7039612691,
        "osm_type": "node",
        "name": "Cafeteria Canela"
      }
    },
    {
      "type": "Feature",
      "geometry": {
        "type": "Point",
        "coordinates": [
          -0.4657437,
          39.4347272
        ]
      },
      "properties": {
        "id": 7039612720,
        "osm_type": "node",
        "name": "Taberna Trakatra"
      }
    },
    {
      "type": "Feature",
      "geometry": {
        "type": "Point",
        "coordinates": [
          -0.463995,
          39.438705
        ]
      },
      "properties": {
        "id": 7039612727,
        "osm_type": "node",
        "name": "Cafeteria Como Quieras"
      }
    },
    {
      "type": "Feature",
      "geometry": {
        "type": "Point",
        "coordinates": [
          -0.4757777,
          39.4282653
        ]
      },
      "properties": {
        "id": 7039612730,
        "osm_type": "node",
        "name": "Cafeteria La Conquista"
      }
    },
    {
      "type": "Feature",
      "geometry": {
        "type": "Point",
        "coordinates": [
          -0.4714718,
          39.4333541
        ]
      },
      "properties": {
        "id": 7039612733,
        "osm_type": "node",
        "name": "Cafeteria Carreras"
      }
    },
    {
      "type": "Feature",
      "geometry": {
        "type": "Point",
        "coordinates": [
          -0.479713,
          39.42976
        ]
      },
      "properties": {
        "id": 7039612735,
        "osm_type": "node",
        "name": "Cafetería Palau"
      }
    },
    {
      "type": "Feature",
      "geometry": {
        "type": "Point",
        "coordinates": [
          -0.4770235,
          39.432205
        ]
      },
      "properties": {
        "id": 7039612737,
        "osm_type": "node",
        "name": "Bar Tapeo",
        "outdoor_seating": "yes"
      }
    },
    {
      "type": "Feature",
      "geometry": {
        "type": "Point",
        "coordinates": [
          -0.4655919,
          39.4364515
        ]
      },
      "properties": {
        "id": 7039612745,
        "osm_type": "node",
        "name": "Cafeteria Panaderia 7 Artesanales"
      }
    },
    {
      "type": "Feature",
      "geometry": {
        "type": "Point",
        "coordinates": [
          -0.462276,
          39.43634
        ]
      },
      "properties": {
        "id": 7039612748,
        "osm_type": "node",
        "name": "Café Bolero"
      }
    },
    {
      "type": "Feature",
      "geometry": {
        "type": "Point",
        "coordinates": [
          -0.476344,
          39.4298635
        ]
      },
      "properties": {
        "id": 7039612803,
        "osm_type": "node",
        "name": "Cafeteria El Molino"
      }
    },
    {
      "type": "Feature",
      "geometry": {
        "type": "Point",
        "coordinates": [
          -0.46012,
          39.438408
        ]
      },
      "properties": {
        "id": 7039612815,
        "osm_type": "node",
        "name": "Cafetería Keniche"
      }
    },
    {
      "type": "Feature",
      "geometry": {
        "type": "Point",
        "coordinates": [
          -0.4667092,
          39.4356279
        ]
      },
      "properties": {
        "id": 7039612816,
        "osm_type": "node",
        "name": "Cafeteria Montecarlo"
      }
    },
    {
      "type": "Feature",
      "geometry": {
        "type": "Point",
        "coordinates": [
          -0.474302,
          39.4308032
        ]
      },
      "properties": {
        "id": 7039612818,
        "osm_type": "node",
        "name": "Cafeteria Legal"
      }
    },
    {
      "type": "Feature",
      "geometry": {
        "type": "Point",
        "coordinates": [
          -0.4769388,
          39.4332925
        ]
      },
      "properties": {
        "id": 7039612819,
        "osm_type": "node",
        "name": "Cafetería Bocatería Madok"
      }
    },
    {
      "type": "Feature",
      "geometry": {
        "type": "Point",
        "coordinates": [
          -0.4734882,
          39.4301755
        ]
      },
      "properties": {
        "id": 7039612820,
        "osm_type": "node",
        "name": "Cafeteria Cerveceria Juzgados"
      }
    },
    {
      "type": "Feature",
      "geometry": {
        "type": "Point",
        "coordinates": [
          -0.466937,
          39.437119
        ]
      },
      "properties": {
        "id": 7039612821,
        "osm_type": "node",
        "name": "Cafetería L'horta"
      }
    },
    {
      "type": "Feature",
      "geometry": {
        "type": "Point",
        "coordinates": [
          -0.4750789,
          39.4347848
        ]
      },
      "properties": {
        "id": 7039612822,
        "osm_type": "node",
        "name": "Cafetería Guille"
      }
    },
    {
      "type": "Feature",
      "geometry": {
        "type": "Point",
        "coordinates": [
          -0.4663786,
          39.4363218
        ]
      },
      "properties": {
        "id": 7039612824,
        "osm_type": "node",
        "name": "Cafeteria Caixa Rural"
      }
    },
    {
      "type": "Feature",
      "geometry": {
        "type": "Point",
        "coordinates": [
          -0.4675351,
          39.4362075
        ]
      },
      "properties": {
        "id": 7039612825,
        "osm_type": "node",
        "name": "Cafetería Gala"
      }
    },
    {
      "type": "Feature",
      "geometry": {
        "type": "Point",
        "coordinates": [
          -0.4704672,
          39.4336784
        ]
      },
      "properties": {
        "id": 7039612827,
        "osm_type": "node",
        "name": "Cafeteria Boncafe"
      }
    },
    {
      "type": "Feature",
      "geometry": {
        "type": "Point",
        "coordinates": [
          -0.4678336,
          39.4356283
        ]
      },
      "properties": {
        "id": 7039612830,
        "osm_type": "node",
        "name": "Cafes Valiente"
      }
    },
    {
      "type": "Feature",
      "geometry": {
        "type": "Point",
        "coordinates": [
          -0.4794937,
          39.430283
        ]
      },
      "properties": {
        "id": 7039612831,
        "osm_type": "node",
        "name": "Cafés Valiente"
      }
    },
    {
      "type": "Feature",
      "geometry": {
        "type": "Point",
        "coordinates": [
          -0.4754109,
          39.4349516
        ]
      },
      "properties": {
        "id": 7039612832,
        "osm_type": "node",
        "name": "Café La Cremeta"
      }
    },
    {
      "type": "Feature",
      "geometry": {
        "type": "Point",
        "coordinates": [
          -0.46199,
          39.440525
        ]
      },
      "properties": {
        "id": 7039612833,
        "osm_type": "node",
        "name": "Café Quijote"
      }
    },
    {
      "type": "Feature",
      "geometry": {
        "type": "Point",
        "coordinates": [
          -0.4765931,
          39.4281578
        ]
      },
      "properties": {
        "id": 7039612834,
        "osm_type": "node",
        "name": "Bar Cafeteria El Teu Raco"
      }
    },
    {
      "type": "Feature",
      "geometry": {
        "type": "Point",
        "coordinates": [
          -0.4689902,
          39.4346351
        ]
      },
      "properties": {
        "id": 7039612835,
        "osm_type": "node",
        "name": "Café Bar Pick-up"
      }
    },
    {
      "type": "Feature",
      "geometry": {
        "type": "Point",
        "coordinates": [
          -0.1327556,
          38.5455346
        ]
      },
      "properties": {
        "id": 7044127770,
        "osm_type": "node",
        "name": "La Estrella del Pan"
      }
    },
    {
      "type": "Feature",
      "geometry": {
        "type": "Point",
        "coordinates": [
          -0.4624096,
          39.4623109
        ]
      },
      "properties": {
        "id": 7056343115,
        "osm_type": "node",
        "name": "Forn de Llenya Pa artesà"
      }
    },
    {
      "type": "Feature",
      "geometry": {
        "type": "Point",
        "coordinates": [
          -0.397779,
          39.4714915
        ]
      },
      "properties": {
        "id": 7056343124,
        "osm_type": "node",
        "name": "Espresso Pastel",
        "opening_hours": "Su-Fr 08:00-14:00, 17:00-21:00; Sa 08:00-14:00",
        "takeaway": "yes"
      }
    },
    {
      "type": "Feature",
      "geometry": {
        "type": "Point",
        "coordinates": [
          -0.4601994,
          39.4655421
        ]
      },
      "properties": {
        "id": 7057800273,
        "osm_type": "node",
        "name": "El Reloj"
      }
    },
    {
      "type": "Feature",
      "geometry": {
        "type": "Point",
        "coordinates": [
          -0.4369945,
          38.4053056
        ]
      },
      "properties": {
        "id": 7058050489,
        "osm_type": "node",
        "name": "Salt"
      }
    },
    {
      "type": "Feature",
      "geometry": {
        "type": "Point",
        "coordinates": [
          -0.5152702,
          38.3296847
        ]
      },
      "properties": {
        "id": 7099364706,
        "osm_type": "node",
        "name": "Café del Alba"
      }
    },
    {
      "type": "Feature",
      "geometry": {
        "type": "Point",
        "coordinates": [
          -0.7024069,
          38.2667188
        ]
      },
      "properties": {
        "id": 7099755742,
        "osm_type": "node",
        "name": "The Sweetcase",
        "opening_hours": "Mo-Su 08:30-13:30,16:00-20:30"
      }
    },
    {
      "type": "Feature",
      "geometry": {
        "type": "Point",
        "coordinates": [
          -0.6101437,
          39.3332645
        ]
      },
      "properties": {
        "id": 7103279485,
        "osm_type": "node",
        "name": "El caçador"
      }
    },
    {
      "type": "Feature",
      "geometry": {
        "type": "Point",
        "coordinates": [
          -0.6555247,
          38.0875301
        ]
      },
      "properties": {
        "id": 7114651219,
        "osm_type": "node",
        "name": "El Café del Arte"
      }
    },
    {
      "type": "Feature",
      "geometry": {
        "type": "Point",
        "coordinates": [
          -0.6552634,
          38.0862809
        ]
      },
      "properties": {
        "id": 7114701445,
        "osm_type": "node",
        "name": "La Nube"
      }
    },
    {
      "type": "Feature",
      "geometry": {
        "type": "Point",
        "coordinates": [
          -0.3733767,
          39.4781314
        ]
      },
      "properties": {
        "id": 7122004386,
        "osm_type": "node",
        "name": "azo"
      }
    },
    {
      "type": "Feature",
      "geometry": {
        "type": "Point",
        "coordinates": [
          -0.5067312,
          38.5402404
        ]
      },
      "properties": {
        "id": 7125632263,
        "osm_type": "node",
        "name": "Antiu Xixona"
      }
    },
    {
      "type": "Feature",
      "geometry": {
        "type": "Point",
        "coordinates": [
          -0.5073949,
          38.5392061
        ]
      },
      "properties": {
        "id": 7127049563,
        "osm_type": "node",
        "name": "Gelats Elies"
      }
    },
    {
      "type": "Feature",
      "geometry": {
        "type": "Point",
        "coordinates": [
          -0.4680431,
          39.4338377
        ]
      },
      "properties": {
        "id": 7131399079,
        "osm_type": "node",
        "name": "Coneiximent"
      }
    },
    {
      "type": "Feature",
      "geometry": {
        "type": "Point",
        "coordinates": [
          -0.4672077,
          39.4354119
        ]
      },
      "properties": {
        "id": 7131399080,
        "osm_type": "node",
        "name": "Liao Pastel"
      }
    },
    {
      "type": "Feature",
      "geometry": {
        "type": "Point",
        "coordinates": [
          -0.4761521,
          38.6944139
        ]
      },
      "properties": {
        "id": 7135338954,
        "osm_type": "node",
        "name": "Cafetería Universidad EPSA",
        "outdoor_seating": "yes"
      }
    },
    {
      "type": "Feature",
      "geometry": {
        "type": "Point",
        "coordinates": [
          -0.0356137,
          39.9840152
        ]
      },
      "properties": {
        "id": 7141546034,
        "osm_type": "node",
        "name": "Chocolate Cafe Te",
        "outdoor_seating": "yes"
      }
    },
    {
      "type": "Feature",
      "geometry": {
        "type": "Point",
        "coordinates": [
          -0.3771248,
          39.46064
        ]
      },
      "properties": {
        "id": 7142538189,
        "osm_type": "node",
        "name": "Café Madrigal",
        "opening_hours": "Mo-Su 10:00-24:00",
        "outdoor_seating": "yes"
      }
    },
    {
      "type": "Feature",
      "geometry": {
        "type": "Point",
        "coordinates": [
          -0.4642689,
          39.4530752
        ]
      },
      "properties": {
        "id": 7154864016,
        "osm_type": "node",
        "name": "Oporto café e vinho"
      }
    },
    {
      "type": "Feature",
      "geometry": {
        "type": "Point",
        "coordinates": [
          -0.462433,
          39.453827
        ]
      },
      "properties": {
        "id": 7154864022,
        "osm_type": "node",
        "name": "Naguara Bar-Tapería"
      }
    },
    {
      "type": "Feature",
      "geometry": {
        "type": "Point",
        "coordinates": [
          -0.4777906,
          38.358689
        ]
      },
      "properties": {
        "id": 7156326293,
        "osm_type": "node"
      }
    },
    {
      "type": "Feature",
      "geometry": {
        "type": "Point",
        "coordinates": [
          -0.4768778,
          38.3572754
        ]
      },
      "properties": {
        "id": 7160346890,
        "osm_type": "node"
      }
    },
    {
      "type": "Feature",
      "geometry": {
        "type": "Point",
        "coordinates": [
          -0.4199886,
          38.6074193
        ]
      },
      "properties": {
        "id": 7161009132,
        "osm_type": "node",
        "name": "Panadería Ivorra Pérez"
      }
    },
    {
      "type": "Feature",
      "geometry": {
        "type": "Point",
        "coordinates": [
          -0.4196775,
          38.6073271
        ]
      },
      "properties": {
        "id": 7161009133,
        "osm_type": "node",
        "name": "Forn de pa \"La Plaça\" de la Torre de les Maçanes"
      }
    },
    {
      "type": "Feature",
      "geometry": {
        "type": "Point",
        "coordinates": [
          -0.4694946,
          38.3651909
        ]
      },
      "properties": {
        "id": 7170377053,
        "osm_type": "node",
        "name": "Samarkanda Café & Cocktail Bar"
      }
    },
    {
      "type": "Feature",
      "geometry": {
        "type": "Point",
        "coordinates": [
          -0.0316632,
          39.9858506
        ]
      },
      "properties": {
        "id": 7177811774,
        "osm_type": "node",
        "name": "Rafael Galindo"
      }
    },
    {
      "type": "Feature",
      "geometry": {
        "type": "Point",
        "coordinates": [
          -0.0323984,
          39.9859687
        ]
      },
      "properties": {
        "id": 7177816423,
        "osm_type": "node",
        "name": "L'artesà",
        "outdoor_seating": "yes"
      }
    },
    {
      "type": "Feature",
      "geometry": {
        "type": "Point",
        "coordinates": [
          -0.0320075,
          39.9859107
        ]
      },
      "properties": {
        "id": 7177818141,
        "osm_type": "node",
        "name": "Panificadora San José"
      }
    },
    {
      "type": "Feature",
      "geometry": {
        "type": "Point",
        "coordinates": [
          -0.03539,
          39.9875895
        ]
      },
      "properties": {
        "id": 7177937785,
        "osm_type": "node",
        "name": "La Bicicleta"
      }
    },
    {
      "type": "Feature",
      "geometry": {
        "type": "Point",
        "coordinates": [
          -0.0351195,
          39.9808645
        ]
      },
      "properties": {
        "id": 7193546686,
        "osm_type": "node",
        "name": "Horno Estellés"
      }
    },
    {
      "type": "Feature",
      "geometry": {
        "type": "Point",
        "coordinates": [
          -0.792821,
          38.1085544
        ]
      },
      "properties": {
        "id": 7194169881,
        "osm_type": "node",
        "name": "Cafetería Vapor"
      }
    },
    {
      "type": "Feature",
      "geometry": {
        "type": "Point",
        "coordinates": [
          -0.3745638,
          39.466099
        ]
      },
      "properties": {
        "id": 7194171380,
        "osm_type": "node",
        "name": "Santagloria",
        "brand": "Santagloria"
      }
    },
    {
      "type": "Feature",
      "geometry": {
        "type": "Point",
        "coordinates": [
          -0.410227,
          39.3644939
        ]
      },
      "properties": {
        "id": 7203695040,
        "osm_type": "node",
        "name": "Horno pastelería"
      }
    },
    {
      "type": "Feature",
      "geometry": {
        "type": "Point",
        "coordinates": [
          -0.3798044,
          39.4695341
        ]
      },
      "properties": {
        "id": 7214075575,
        "osm_type": "node",
        "name": "Café Ibérico",
        "outdoor_seating": "yes",
        "check_date": "2026-04-01"
      }
    },
    {
      "type": "Feature",
      "geometry": {
        "type": "Point",
        "coordinates": [
          -0.6487174,
          38.0783339
        ]
      },
      "properties": {
        "id": 7222807674,
        "osm_type": "node",
        "name": "Cafetería Heladería Llinares Mira"
      }
    },
    {
      "type": "Feature",
      "geometry": {
        "type": "Point",
        "coordinates": [
          -0.3728695,
          39.4646487
        ]
      },
      "properties": {
        "id": 7228557086,
        "osm_type": "node",
        "name": "Panaderia Horno V. Garcia",
        "opening_hours": "Mo-Fr 07:30-21:30"
      }
    },
    {
      "type": "Feature",
      "geometry": {
        "type": "Point",
        "coordinates": [
          -0.6581968,
          38.7175929
        ]
      },
      "properties": {
        "id": 7235659905,
        "osm_type": "node",
        "name": "Cafetería Heladería Alonso"
      }
    },
    {
      "type": "Feature",
      "geometry": {
        "type": "Point",
        "coordinates": [
          -0.6570421,
          38.7159801
        ]
      },
      "properties": {
        "id": 7235679164,
        "osm_type": "node",
        "name": "Cafetería Baima"
      }
    },
    {
      "type": "Feature",
      "geometry": {
        "type": "Point",
        "coordinates": [
          -0.2149393,
          40.0721642
        ]
      },
      "properties": {
        "id": 7236811032,
        "osm_type": "node",
        "name": "Versalles"
      }
    },
    {
      "type": "Feature",
      "geometry": {
        "type": "Point",
        "coordinates": [
          -0.3756298,
          39.4769318
        ]
      },
      "properties": {
        "id": 7244332285,
        "osm_type": "node",
        "name": "Brunch Corner La Virgen",
        "opening_hours": "Mo-Fr 08:00-20:00; Sa 09:00-20:00; Su 09:00-16:00",
        "outdoor_seating": "yes",
        "check_date": "2024-04-01"
      }
    },
    {
      "type": "Feature",
      "geometry": {
        "type": "Point",
        "coordinates": [
          -0.1700667,
          38.9158016
        ]
      },
      "properties": {
        "id": 7287626071,
        "osm_type": "node",
        "name": "Font de Pena"
      }
    },
    {
      "type": "Feature",
      "geometry": {
        "type": "Point",
        "coordinates": [
          0.0355539,
          38.7955058
        ]
      },
      "properties": {
        "id": 7289620373,
        "osm_type": "node",
        "name": "Bar Avinguda"
      }
    },
    {
      "type": "Feature",
      "geometry": {
        "type": "Point",
        "coordinates": [
          0.0352898,
          38.7954562
        ]
      },
      "properties": {
        "id": 7289620374,
        "osm_type": "node",
        "name": "Chico's",
        "takeaway": "only",
        "outdoor_seating": "no"
      }
    },
    {
      "type": "Feature",
      "geometry": {
        "type": "Point",
        "coordinates": [
          0.0337387,
          38.7933478
        ]
      },
      "properties": {
        "id": 7299286374,
        "osm_type": "node",
        "name": "Cafeteria-Pastisseria Els Pòrxens",
        "outdoor_seating": "yes"
      }
    },
    {
      "type": "Feature",
      "geometry": {
        "type": "Point",
        "coordinates": [
          -0.5136332,
          38.3957647
        ]
      },
      "properties": {
        "id": 7315013196,
        "osm_type": "node",
        "name": "D'Sucre"
      }
    },
    {
      "type": "Feature",
      "geometry": {
        "type": "Point",
        "coordinates": [
          -0.5097727,
          38.3453605
        ]
      },
      "properties": {
        "id": 7323436996,
        "osm_type": "node",
        "name": "Las Lomas"
      }
    },
    {
      "type": "Feature",
      "geometry": {
        "type": "Point",
        "coordinates": [
          -0.5083331,
          38.346108
        ]
      },
      "properties": {
        "id": 7323436997,
        "osm_type": "node",
        "name": "Panadería Jaime Zaragoza"
      }
    },
    {
      "type": "Feature",
      "geometry": {
        "type": "Point",
        "coordinates": [
          -0.3311353,
          39.5707907
        ]
      },
      "properties": {
        "id": 7323505638,
        "osm_type": "node",
        "name": "4 Cantons"
      }
    },
    {
      "type": "Feature",
      "geometry": {
        "type": "Point",
        "coordinates": [
          -0.3298058,
          39.5705187
        ]
      },
      "properties": {
        "id": 7327919616,
        "osm_type": "node",
        "name": "El Bombo"
      }
    },
    {
      "type": "Feature",
      "geometry": {
        "type": "Point",
        "coordinates": [
          -0.3322773,
          39.5706053
        ]
      },
      "properties": {
        "id": 7328659279,
        "osm_type": "node",
        "name": "Moka"
      }
    },
    {
      "type": "Feature",
      "geometry": {
        "type": "Point",
        "coordinates": [
          -0.5046035,
          39.1985424
        ]
      },
      "properties": {
        "id": 7364558829,
        "osm_type": "node",
        "name": "Nou Mil·leni"
      }
    },
    {
      "type": "Feature",
      "geometry": {
        "type": "Point",
        "coordinates": [
          -0.5043199,
          39.1950846
        ]
      },
      "properties": {
        "id": 7364572576,
        "osm_type": "node",
        "name": "La Coca Briz"
      }
    },
    {
      "type": "Feature",
      "geometry": {
        "type": "Point",
        "coordinates": [
          -0.5022565,
          39.1950177
        ]
      },
      "properties": {
        "id": 7364622077,
        "osm_type": "node",
        "name": "La Cinta"
      }
    },
    {
      "type": "Feature",
      "geometry": {
        "type": "Point",
        "coordinates": [
          -0.3753056,
          39.4592465
        ]
      },
      "properties": {
        "id": 7411994005,
        "osm_type": "node",
        "name": "Los Picos Café",
        "outdoor_seating": "pedestrian_zone"
      }
    },
    {
      "type": "Feature",
      "geometry": {
        "type": "Point",
        "coordinates": [
          -0.8802348,
          38.8072644
        ]
      },
      "properties": {
        "id": 7414183775,
        "osm_type": "node",
        "name": "La Plaza"
      }
    },
    {
      "type": "Feature",
      "geometry": {
        "type": "Point",
        "coordinates": [
          -0.3750366,
          39.4741889
        ]
      },
      "properties": {
        "id": 7464324782,
        "osm_type": "node",
        "name": "Chocolatería Valor",
        "check_date": "2024-04-01"
      }
    },
    {
      "type": "Feature",
      "geometry": {
        "type": "Point",
        "coordinates": [
          -0.5000645,
          38.369987
        ]
      },
      "properties": {
        "id": 7479356839,
        "osm_type": "node",
        "name": "Alacant",
        "outdoor_seating": "yes"
      }
    },
    {
      "type": "Feature",
      "geometry": {
        "type": "Point",
        "coordinates": [
          -0.3589098,
          39.4900801
        ]
      },
      "properties": {
        "id": 7485717136,
        "osm_type": "node",
        "name": "Horno Pastelería J.R. Casas"
      }
    },
    {
      "type": "Feature",
      "geometry": {
        "type": "Point",
        "coordinates": [
          -0.358048,
          39.4886163
        ]
      },
      "properties": {
        "id": 7500271861,
        "osm_type": "node",
        "name": "Eva Panadería"
      }
    },
    {
      "type": "Feature",
      "geometry": {
        "type": "Point",
        "coordinates": [
          -0.4125988,
          39.5085959
        ]
      },
      "properties": {
        "id": 7502916677,
        "osm_type": "node",
        "name": "El Dolcet",
        "opening_hours": "Mo-Fr 06:30-14:00,17:00-20:30; Sa 06:30-14:00"
      }
    },
    {
      "type": "Feature",
      "geometry": {
        "type": "Point",
        "coordinates": [
          -0.3675139,
          39.4649374
        ]
      },
      "properties": {
        "id": 7562372622,
        "osm_type": "node",
        "name": "Marabú",
        "opening_hours": "Mo-Fr 07:30-00:00; PH off",
        "outdoor_seating": "yes"
      }
    },
    {
      "type": "Feature",
      "geometry": {
        "type": "Point",
        "coordinates": [
          -0.3531957,
          39.4659288
        ]
      },
      "properties": {
        "id": 7599824427,
        "osm_type": "node",
        "name": "Forn-Pa i dolços-Manel Embuena Sena"
      }
    },
    {
      "type": "Feature",
      "geometry": {
        "type": "Point",
        "coordinates": [
          -0.3536523,
          39.4660701
        ]
      },
      "properties": {
        "id": 7599824428,
        "osm_type": "node",
        "name": "Bar Boca2"
      }
    },
    {
      "type": "Feature",
      "geometry": {
        "type": "Point",
        "coordinates": [
          -0.3545379,
          39.4663211
        ]
      },
      "properties": {
        "id": 7599965277,
        "osm_type": "node",
        "name": "Cervecería Taxi-Driver"
      }
    },
    {
      "type": "Feature",
      "geometry": {
        "type": "Point",
        "coordinates": [
          -0.3549137,
          39.4664374
        ]
      },
      "properties": {
        "id": 7599965278,
        "osm_type": "node",
        "name": "Cerveceria Tamesis"
      }
    },
    {
      "type": "Feature",
      "geometry": {
        "type": "Point",
        "coordinates": [
          -0.3597185,
          39.4538582
        ]
      },
      "properties": {
        "id": 7615543187,
        "osm_type": "node",
        "name": "Horno Blanca",
        "opening_hours": "Mo-Fr 07:00-20:30; Sa, Su 08:00-15:00"
      }
    },
    {
      "type": "Feature",
      "geometry": {
        "type": "Point",
        "coordinates": [
          -0.2165427,
          40.5819133
        ]
      },
      "properties": {
        "id": 7619902376,
        "osm_type": "node"
      }
    },
    {
      "type": "Feature",
      "geometry": {
        "type": "Point",
        "coordinates": [
          -0.3551813,
          39.4575524
        ]
      },
      "properties": {
        "id": 7656668685,
        "osm_type": "node",
        "name": "Contrapunto Les Artes",
        "opening_hours": "Mo-Tu off; We-Sa 12:00-01:00; Su 12:00-18:00",
        "outdoor_seating": "yes",
        "check_date": "2024-03-08"
      }
    },
    {
      "type": "Feature",
      "geometry": {
        "type": "Point",
        "coordinates": [
          -0.3723109,
          39.4729456
        ]
      },
      "properties": {
        "id": 7658106285,
        "osm_type": "node",
        "name": "Las Comedias"
      }
    },
    {
      "type": "Feature",
      "geometry": {
        "type": "Point",
        "coordinates": [
          -0.5181958,
          38.1952156
        ]
      },
      "properties": {
        "id": 7670785985,
        "osm_type": "node",
        "name": "Al+Ba",
        "opening_hours": "Mo-Fr 09:00-15:00, 18:00-22:00; Sa 09:00-22:00; Su 10:00-22:00"
      }
    },
    {
      "type": "Feature",
      "geometry": {
        "type": "Point",
        "coordinates": [
          -0.5007251,
          39.5615697
        ]
      },
      "properties": {
        "id": 7674229222,
        "osm_type": "node",
        "name": "Horno Pastelería San Antonio"
      }
    },
    {
      "type": "Feature",
      "geometry": {
        "type": "Point",
        "coordinates": [
          -0.0262223,
          38.6246257
        ]
      },
      "properties": {
        "id": 7678004023,
        "osm_type": "node",
        "name": "El jardin de los sentidos"
      }
    },
    {
      "type": "Feature",
      "geometry": {
        "type": "Point",
        "coordinates": [
          -0.6500528,
          38.0847675
        ]
      },
      "properties": {
        "id": 7681304656,
        "osm_type": "node",
        "name": "Cafetería El Pórtico"
      }
    },
    {
      "type": "Feature",
      "geometry": {
        "type": "Point",
        "coordinates": [
          -0.6506301,
          38.0851712
        ]
      },
      "properties": {
        "id": 7681304657,
        "osm_type": "node",
        "name": "Panadería Bolero"
      }
    },
    {
      "type": "Feature",
      "geometry": {
        "type": "Point",
        "coordinates": [
          -0.1580364,
          39.8524089
        ]
      },
      "properties": {
        "id": 7694435834,
        "osm_type": "node",
        "name": "Cafeteria Geladeria l'Estoneta",
        "opening_hours": "Mo-Sa 08:30-13:30,17:00-21:00; Su,PH 09:00-13:30,17:00-21:00"
      }
    },
    {
      "type": "Feature",
      "geometry": {
        "type": "Point",
        "coordinates": [
          -0.441607,
          39.5297403
        ]
      },
      "properties": {
        "id": 7755850957,
        "osm_type": "node",
        "name": "Coffee House"
      }
    },
    {
      "type": "Feature",
      "geometry": {
        "type": "Point",
        "coordinates": [
          -0.9447785,
          38.0864974
        ]
      },
      "properties": {
        "id": 7764441649,
        "osm_type": "node",
        "name": "Horno del Obispo"
      }
    },
    {
      "type": "Feature",
      "geometry": {
        "type": "Point",
        "coordinates": [
          -0.1915615,
          38.966421
        ]
      },
      "properties": {
        "id": 7776497132,
        "osm_type": "node",
        "name": "El lloc del celíac"
      }
    },
    {
      "type": "Feature",
      "geometry": {
        "type": "Point",
        "coordinates": [
          -0.8015688,
          38.1608046
        ]
      },
      "properties": {
        "id": 7810809974,
        "osm_type": "node",
        "name": "Cafetería Vapor Catral",
        "outdoor_seating": "yes"
      }
    },
    {
      "type": "Feature",
      "geometry": {
        "type": "Point",
        "coordinates": [
          0.0268002,
          39.9927877
        ]
      },
      "properties": {
        "id": 7814559337,
        "osm_type": "node",
        "name": "My Sweet",
        "opening_hours": "Mo-Fr 08:00-21:00; Sa,Su 08:00-22:00",
        "takeaway": "yes",
        "outdoor_seating": "yes"
      }
    },
    {
      "type": "Feature",
      "geometry": {
        "type": "Point",
        "coordinates": [
          -0.6143038,
          38.344875
        ]
      },
      "properties": {
        "id": 7815032042,
        "osm_type": "node"
      }
    },
    {
      "type": "Feature",
      "geometry": {
        "type": "Point",
        "coordinates": [
          -0.6120553,
          38.3440122
        ]
      },
      "properties": {
        "id": 7815032084,
        "osm_type": "node"
      }
    },
    {
      "type": "Feature",
      "geometry": {
        "type": "Point",
        "coordinates": [
          -0.4100299,
          39.5117037
        ]
      },
      "properties": {
        "id": 7834746721,
        "osm_type": "node",
        "outdoor_seating": "yes"
      }
    },
    {
      "type": "Feature",
      "geometry": {
        "type": "Point",
        "coordinates": [
          -0.3516475,
          39.4598655
        ]
      },
      "properties": {
        "id": 7855579974,
        "osm_type": "node",
        "name": "Dulce de Leche (Francia)",
        "opening_hours": "Mo-Su 08:30-21:30",
        "takeaway": "yes",
        "outdoor_seating": "yes"
      }
    },
    {
      "type": "Feature",
      "geometry": {
        "type": "Point",
        "coordinates": [
          -0.8049015,
          38.1594877
        ]
      },
      "properties": {
        "id": 7860792712,
        "osm_type": "node",
        "name": "Cafetería Mérida"
      }
    },
    {
      "type": "Feature",
      "geometry": {
        "type": "Point",
        "coordinates": [
          -0.80496,
          38.1595743
        ]
      },
      "properties": {
        "id": 7860792713,
        "osm_type": "node",
        "name": "Antojicos"
      }
    },
    {
      "type": "Feature",
      "geometry": {
        "type": "Point",
        "coordinates": [
          -0.7995195,
          38.1615705
        ]
      },
      "properties": {
        "id": 7861796523,
        "osm_type": "node",
        "name": "El Escondite",
        "outdoor_seating": "yes"
      }
    },
    {
      "type": "Feature",
      "geometry": {
        "type": "Point",
        "coordinates": [
          -0.1232196,
          38.5382381
        ]
      },
      "properties": {
        "id": 7865290620,
        "osm_type": "node",
        "name": "Portafino"
      }
    },
    {
      "type": "Feature",
      "geometry": {
        "type": "Point",
        "coordinates": [
          -0.3781619,
          39.4837212
        ]
      },
      "properties": {
        "id": 7881212102,
        "osm_type": "node"
      }
    },
    {
      "type": "Feature",
      "geometry": {
        "type": "Point",
        "coordinates": [
          -0.7687173,
          38.3804262
        ]
      },
      "properties": {
        "id": 7899600424,
        "osm_type": "node",
        "name": "Despacho de pan García"
      }
    },
    {
      "type": "Feature",
      "geometry": {
        "type": "Point",
        "coordinates": [
          -0.6919724,
          38.2762376
        ]
      },
      "properties": {
        "id": 7899849101,
        "osm_type": "node",
        "name": "Cantina UMH"
      }
    },
    {
      "type": "Feature",
      "geometry": {
        "type": "Point",
        "coordinates": [
          -0.7702302,
          38.3838552
        ]
      },
      "properties": {
        "id": 7902517034,
        "osm_type": "node",
        "name": "Premium Sport Café"
      }
    },
    {
      "type": "Feature",
      "geometry": {
        "type": "Point",
        "coordinates": [
          -0.7562692,
          38.388541
        ]
      },
      "properties": {
        "id": 7902534040,
        "osm_type": "node",
        "name": "Café Ledua"
      }
    },
    {
      "type": "Feature",
      "geometry": {
        "type": "Point",
        "coordinates": [
          -0.7302812,
          38.3801155
        ]
      },
      "properties": {
        "id": 7904649968,
        "osm_type": "node",
        "name": "Hermanos Cervera C.B."
      }
    },
    {
      "type": "Feature",
      "geometry": {
        "type": "Point",
        "coordinates": [
          -0.7311998,
          38.3781821
        ]
      },
      "properties": {
        "id": 7904686511,
        "osm_type": "node",
        "name": "Panadería Dolores Pérez Hernández"
      }
    },
    {
      "type": "Feature",
      "geometry": {
        "type": "Point",
        "coordinates": [
          -0.7755755,
          38.4047016
        ]
      },
      "properties": {
        "id": 7908244397,
        "osm_type": "node",
        "name": "Cafetería-Bar Chacón"
      }
    },
    {
      "type": "Feature",
      "geometry": {
        "type": "Point",
        "coordinates": [
          -0.5760539,
          38.6257142
        ]
      },
      "properties": {
        "id": 7918207386,
        "osm_type": "node",
        "name": "Pastelería Rico",
        "opening_hours": "Mo-Su 08:00-01:30"
      }
    },
    {
      "type": "Feature",
      "geometry": {
        "type": "Point",
        "coordinates": [
          -0.1196957,
          38.5379801
        ]
      },
      "properties": {
        "id": 7925240644,
        "osm_type": "node",
        "name": "Villa Centro"
      }
    },
    {
      "type": "Feature",
      "geometry": {
        "type": "Point",
        "coordinates": [
          -0.1129377,
          38.5362796
        ]
      },
      "properties": {
        "id": 7925297414,
        "osm_type": "node",
        "name": "Granier",
        "outdoor_seating": "yes",
        "check_date": "2025-04-09"
      }
    },
    {
      "type": "Feature",
      "geometry": {
        "type": "Point",
        "coordinates": [
          -0.1308736,
          38.539961
        ]
      },
      "properties": {
        "id": 7947705201,
        "osm_type": "node",
        "name": "Sánchez"
      }
    },
    {
      "type": "Feature",
      "geometry": {
        "type": "Point",
        "coordinates": [
          0.1467161,
          38.6874572
        ]
      },
      "properties": {
        "id": 7963184341,
        "osm_type": "node"
      }
    },
    {
      "type": "Feature",
      "geometry": {
        "type": "Point",
        "coordinates": [
          -0.107853,
          39.9302887
        ]
      },
      "properties": {
        "id": 7963861813,
        "osm_type": "node",
        "outdoor_seating": "yes"
      }
    },
    {
      "type": "Feature",
      "geometry": {
        "type": "Point",
        "coordinates": [
          -1.1018031,
          39.4903347
        ]
      },
      "properties": {
        "id": 7964461916,
        "osm_type": "node",
        "name": "Cervantes"
      }
    },
    {
      "type": "Feature",
      "geometry": {
        "type": "Point",
        "coordinates": [
          -0.5288542,
          39.5776676
        ]
      },
      "properties": {
        "id": 7970960179,
        "osm_type": "node",
        "name": "Bertal (El Osito)",
        "opening_hours": "Mo-Sa 10:00-22:00",
        "takeaway": "yes",
        "outdoor_seating": "no"
      }
    },
    {
      "type": "Feature",
      "geometry": {
        "type": "Point",
        "coordinates": [
          -0.131085,
          38.5380626
        ]
      },
      "properties": {
        "id": 7973040661,
        "osm_type": "node",
        "name": "Café Troyano",
        "outdoor_seating": "yes",
        "check_date": "2023-01-09"
      }
    },
    {
      "type": "Feature",
      "geometry": {
        "type": "Point",
        "coordinates": [
          -0.1312158,
          38.5389036
        ]
      },
      "properties": {
        "id": 7973142690,
        "osm_type": "node",
        "name": "Café Toulouse",
        "check_date": "2023-01-09"
      }
    },
    {
      "type": "Feature",
      "geometry": {
        "type": "Point",
        "coordinates": [
          -0.1235102,
          38.5407596
        ]
      },
      "properties": {
        "id": 7992549855,
        "osm_type": "node",
        "name": "My Bakery"
      }
    },
    {
      "type": "Feature",
      "geometry": {
        "type": "Point",
        "coordinates": [
          -0.123234,
          38.5391376
        ]
      },
      "properties": {
        "id": 8000605832,
        "osm_type": "node",
        "name": "Valor"
      }
    },
    {
      "type": "Feature",
      "geometry": {
        "type": "Point",
        "coordinates": [
          -0.1162182,
          38.5394981
        ]
      },
      "properties": {
        "id": 8016270996,
        "osm_type": "node",
        "name": "Angelina",
        "check_date": "2026-03-18"
      }
    },
    {
      "type": "Feature",
      "geometry": {
        "type": "Point",
        "coordinates": [
          -0.1171539,
          38.5394165
        ]
      },
      "properties": {
        "id": 8016406621,
        "osm_type": "node",
        "name": "Basha"
      }
    },
    {
      "type": "Feature",
      "geometry": {
        "type": "Point",
        "coordinates": [
          -1.0559575,
          39.0593722
        ]
      },
      "properties": {
        "id": 8016439764,
        "osm_type": "node",
        "name": "Panadería Sánchez"
      }
    },
    {
      "type": "Feature",
      "geometry": {
        "type": "Point",
        "coordinates": [
          -1.0562386,
          39.0592853
        ]
      },
      "properties": {
        "id": 8016439765,
        "osm_type": "node",
        "name": "Horno Matias"
      }
    },
    {
      "type": "Feature",
      "geometry": {
        "type": "Point",
        "coordinates": [
          -0.1200177,
          38.5395889
        ]
      },
      "properties": {
        "id": 8016542858,
        "osm_type": "node"
      }
    },
    {
      "type": "Feature",
      "geometry": {
        "type": "Point",
        "coordinates": [
          -0.1225548,
          38.5403942
        ]
      },
      "properties": {
        "id": 8016542869,
        "osm_type": "node",
        "name": "Bonjour"
      }
    },
    {
      "type": "Feature",
      "geometry": {
        "type": "Point",
        "coordinates": [
          -0.1067859,
          38.5375568
        ]
      },
      "properties": {
        "id": 8032940363,
        "osm_type": "node",
        "name": "Crijusa"
      }
    },
    {
      "type": "Feature",
      "geometry": {
        "type": "Point",
        "coordinates": [
          -0.1083686,
          38.5383013
        ]
      },
      "properties": {
        "id": 8033000284,
        "osm_type": "node",
        "name": "Cafetería Haomar"
      }
    },
    {
      "type": "Feature",
      "geometry": {
        "type": "Point",
        "coordinates": [
          -0.417394,
          39.471442
        ]
      },
      "properties": {
        "id": 8039128419,
        "osm_type": "node",
        "name": "Bar Knopfler",
        "outdoor_seating": "yes"
      }
    },
    {
      "type": "Feature",
      "geometry": {
        "type": "Point",
        "coordinates": [
          -0.7576271,
          38.3847112
        ]
      },
      "properties": {
        "id": 8060165618,
        "osm_type": "node",
        "name": "Churrería Rubén",
        "takeaway": "yes",
        "outdoor_seating": "yes"
      }
    },
    {
      "type": "Feature",
      "geometry": {
        "type": "Point",
        "coordinates": [
          -0.7575361,
          38.3845029
        ]
      },
      "properties": {
        "id": 8060165620,
        "osm_type": "node",
        "name": "Cafetería La Luna",
        "takeaway": "yes",
        "check_date": "2024-06-10"
      }
    },
    {
      "type": "Feature",
      "geometry": {
        "type": "Point",
        "coordinates": [
          -0.3850158,
          39.4590798
        ]
      },
      "properties": {
        "id": 8093312116,
        "osm_type": "node",
        "name": "Cafetería Trafi",
        "opening_hours": "Mo-Sa 08:00-22:30; Su 11:00-22:00",
        "takeaway": "yes",
        "outdoor_seating": "yes"
      }
    },
    {
      "type": "Feature",
      "geometry": {
        "type": "Point",
        "coordinates": [
          -0.2938944,
          40.2938619
        ]
      },
      "properties": {
        "id": 8098050511,
        "osm_type": "node",
        "name": "Forn de Llenya Escrig El Pa del Cel"
      }
    },
    {
      "type": "Feature",
      "geometry": {
        "type": "Point",
        "coordinates": [
          -0.2078825,
          38.8845495
        ]
      },
      "properties": {
        "id": 8145544814,
        "osm_type": "node",
        "name": "Panadería Serquera C.B."
      }
    },
    {
      "type": "Feature",
      "geometry": {
        "type": "Point",
        "coordinates": [
          -0.7638146,
          37.8540202
        ]
      },
      "properties": {
        "id": 8198479430,
        "osm_type": "node"
      }
    },
    {
      "type": "Feature",
      "geometry": {
        "type": "Point",
        "coordinates": [
          -1.1025724,
          39.4897132
        ]
      },
      "properties": {
        "id": 8267909900,
        "osm_type": "node",
        "name": "Bar Morado",
        "outdoor_seating": "yes"
      }
    },
    {
      "type": "Feature",
      "geometry": {
        "type": "Point",
        "coordinates": [
          -0.3702472,
          39.5376414
        ]
      },
      "properties": {
        "id": 8298039274,
        "osm_type": "node",
        "name": "Mossets"
      }
    },
    {
      "type": "Feature",
      "geometry": {
        "type": "Point",
        "coordinates": [
          -0.3762125,
          39.4852156
        ]
      },
      "properties": {
        "id": 8299743187,
        "osm_type": "node",
        "name": "Horno Ruaya"
      }
    },
    {
      "type": "Feature",
      "geometry": {
        "type": "Point",
        "coordinates": [
          -0.3702308,
          39.4849533
        ]
      },
      "properties": {
        "id": 8308679519,
        "osm_type": "node",
        "name": "Serendipity Valencia",
        "opening_hours": "Tu-Sa 09:00-20:00; Su 09:00-16:00"
      }
    },
    {
      "type": "Feature",
      "geometry": {
        "type": "Point",
        "coordinates": [
          0.1931714,
          40.2187133
        ]
      },
      "properties": {
        "id": 8340206704,
        "osm_type": "node",
        "name": "Cafetería El Ribet",
        "outdoor_seating": "yes"
      }
    },
    {
      "type": "Feature",
      "geometry": {
        "type": "Point",
        "coordinates": [
          -0.4619391,
          39.4567276
        ]
      },
      "properties": {
        "id": 8355260972,
        "osm_type": "node",
        "name": "Horno el pan de Vera",
        "opening_hours": "Mo-Sa 07:00-20:00"
      }
    },
    {
      "type": "Feature",
      "geometry": {
        "type": "Point",
        "coordinates": [
          -0.4615364,
          39.4554831
        ]
      },
      "properties": {
        "id": 8355260976,
        "osm_type": "node",
        "name": "Horno Esmar",
        "opening_hours": "Mo-Fr 06:30-20:00; Sa 07:00-14:30"
      }
    },
    {
      "type": "Feature",
      "geometry": {
        "type": "Point",
        "coordinates": [
          0.106941,
          38.8428837
        ]
      },
      "properties": {
        "id": 8464518174,
        "osm_type": "node"
      }
    },
    {
      "type": "Feature",
      "geometry": {
        "type": "Point",
        "coordinates": [
          -0.1034166,
          39.9322118
        ]
      },
      "properties": {
        "id": 8485742416,
        "osm_type": "node",
        "name": "Panadería Gil-Cheza (Masianet)"
      }
    },
    {
      "type": "Feature",
      "geometry": {
        "type": "Point",
        "coordinates": [
          -0.1027934,
          39.9318906
        ]
      },
      "properties": {
        "id": 8493984224,
        "osm_type": "node",
        "name": "Cafeteria Ainhoa",
        "outdoor_seating": "yes"
      }
    },
    {
      "type": "Feature",
      "geometry": {
        "type": "Point",
        "coordinates": [
          0.06545,
          40.0553818
        ]
      },
      "properties": {
        "id": 8524514112,
        "osm_type": "node",
        "name": "Forn de Sant Antoni Jose María",
        "opening_hours": "Mo-Fr 07:00-13:30,17:00-20:00; Sa 07:00-14:00; Su,PH off"
      }
    },
    {
      "type": "Feature",
      "geometry": {
        "type": "Point",
        "coordinates": [
          -0.6529039,
          38.0086267
        ]
      },
      "properties": {
        "id": 8583460365,
        "osm_type": "node",
        "name": "Pura Vida"
      }
    },
    {
      "type": "Feature",
      "geometry": {
        "type": "Point",
        "coordinates": [
          -0.330889,
          39.4716721
        ]
      },
      "properties": {
        "id": 8596017383,
        "osm_type": "node",
        "name": "La Tahona del Abuelo",
        "opening_hours": "Mo-Fr 07:00-14:30,17:00-20:00",
        "check_date": "2025-12-17"
      }
    },
    {
      "type": "Feature",
      "geometry": {
        "type": "Point",
        "coordinates": [
          -0.4409836,
          39.1495599
        ]
      },
      "properties": {
        "id": 8606559823,
        "osm_type": "node",
        "name": "Cafetería - Restaurante El Rampell",
        "outdoor_seating": "yes"
      }
    },
    {
      "type": "Feature",
      "geometry": {
        "type": "Point",
        "coordinates": [
          -0.4412251,
          39.1501925
        ]
      },
      "properties": {
        "id": 8606559837,
        "osm_type": "node",
        "name": "Forn Bernia Martí"
      }
    },
    {
      "type": "Feature",
      "geometry": {
        "type": "Point",
        "coordinates": [
          0.1216476,
          40.3100881
        ]
      },
      "properties": {
        "id": 8617485078,
        "osm_type": "node",
        "name": "Ca Iban"
      }
    },
    {
      "type": "Feature",
      "geometry": {
        "type": "Point",
        "coordinates": [
          0.121378,
          40.3105916
        ]
      },
      "properties": {
        "id": 8617486403,
        "osm_type": "node"
      }
    },
    {
      "type": "Feature",
      "geometry": {
        "type": "Point",
        "coordinates": [
          0.0496051,
          38.7153026
        ]
      },
      "properties": {
        "id": 8663168999,
        "osm_type": "node",
        "name": "Pa De Sucre"
      }
    },
    {
      "type": "Feature",
      "geometry": {
        "type": "Point",
        "coordinates": [
          0.0442613,
          38.7134644
        ]
      },
      "properties": {
        "id": 8665481233,
        "osm_type": "node",
        "name": "El Bar de Pedro",
        "outdoor_seating": "yes"
      }
    },
    {
      "type": "Feature",
      "geometry": {
        "type": "Point",
        "coordinates": [
          -0.0298628,
          39.9846649
        ]
      },
      "properties": {
        "id": 8711949199,
        "osm_type": "node",
        "name": "La Tostadora"
      }
    },
    {
      "type": "Feature",
      "geometry": {
        "type": "Point",
        "coordinates": [
          -0.0297311,
          39.9849522
        ]
      },
      "properties": {
        "id": 8711992220,
        "osm_type": "node",
        "name": "Tacita a Tacita",
        "outdoor_seating": "yes",
        "check_date": "2025-12-12"
      }
    },
    {
      "type": "Feature",
      "geometry": {
        "type": "Point",
        "coordinates": [
          0.0632786,
          40.0546512
        ]
      },
      "properties": {
        "id": 8722722289,
        "osm_type": "node",
        "name": "Cafetería Symple"
      }
    },
    {
      "type": "Feature",
      "geometry": {
        "type": "Point",
        "coordinates": [
          -0.0423491,
          38.7515894
        ]
      },
      "properties": {
        "id": 8729247249,
        "osm_type": "node",
        "name": "Musette"
      }
    },
    {
      "type": "Feature",
      "geometry": {
        "type": "Point",
        "coordinates": [
          0.0500064,
          38.7141632
        ]
      },
      "properties": {
        "id": 8739909698,
        "osm_type": "node",
        "name": "Bar Poble",
        "outdoor_seating": "no",
        "check_date": "2025-12-20"
      }
    },
    {
      "type": "Feature",
      "geometry": {
        "type": "Point",
        "coordinates": [
          -0.3379007,
          39.4722614
        ]
      },
      "properties": {
        "id": 8753560025,
        "osm_type": "node",
        "name": "Mister Café"
      }
    },
    {
      "type": "Feature",
      "geometry": {
        "type": "Point",
        "coordinates": [
          -0.3378673,
          39.4723348
        ]
      },
      "properties": {
        "id": 8754804777,
        "osm_type": "node",
        "name": "Venu's Coffee",
        "opening_hours": "Mo-Fr 07:30-23:30; Sa 08:00-23:30; Su 09:00-15:00",
        "outdoor_seating": "yes"
      }
    },
    {
      "type": "Feature",
      "geometry": {
        "type": "Point",
        "coordinates": [
          -0.335677,
          39.4731823
        ]
      },
      "properties": {
        "id": 8755610580,
        "osm_type": "node",
        "name": "Camino del Cabañal",
        "outdoor_seating": "yes"
      }
    },
    {
      "type": "Feature",
      "geometry": {
        "type": "Point",
        "coordinates": [
          -0.3541758,
          39.4753392
        ]
      },
      "properties": {
        "id": 8758336402,
        "osm_type": "node",
        "name": "Horno Salvador Sebastián",
        "opening_hours": "Mo-Sa 07:00-14:30; Su 10:00-14:30"
      }
    },
    {
      "type": "Feature",
      "geometry": {
        "type": "Point",
        "coordinates": [
          -0.1322082,
          38.5422918
        ]
      },
      "properties": {
        "id": 8769469759,
        "osm_type": "node",
        "name": "Tasca Gat Negre",
        "outdoor_seating": "yes",
        "check_date": "2023-01-09"
      }
    },
    {
      "type": "Feature",
      "geometry": {
        "type": "Point",
        "coordinates": [
          -0.1321813,
          38.5422094
        ]
      },
      "properties": {
        "id": 8769469760,
        "osm_type": "node",
        "name": "Majestyc",
        "outdoor_seating": "yes",
        "check_date": "2023-01-09"
      }
    },
    {
      "type": "Feature",
      "geometry": {
        "type": "Point",
        "coordinates": [
          -0.1315698,
          38.5407434
        ]
      },
      "properties": {
        "id": 8776948654,
        "osm_type": "node",
        "name": "Bendita LoKura",
        "check_date": "2023-01-09"
      }
    },
    {
      "type": "Feature",
      "geometry": {
        "type": "Point",
        "coordinates": [
          -0.3266823,
          39.578692
        ]
      },
      "properties": {
        "id": 8777038822,
        "osm_type": "node",
        "name": "Forn de Sant Josep",
        "opening_hours": "Mo-Sa 09:00-20:00",
        "outdoor_seating": "yes"
      }
    },
    {
      "type": "Feature",
      "geometry": {
        "type": "Point",
        "coordinates": [
          -0.1311669,
          38.5368205
        ]
      },
      "properties": {
        "id": 8777081281,
        "osm_type": "node",
        "name": "Pinocchio",
        "outdoor_seating": "yes",
        "check_date": "2026-03-17"
      }
    },
    {
      "type": "Feature",
      "geometry": {
        "type": "Point",
        "coordinates": [
          -0.1312442,
          38.5364983
        ]
      },
      "properties": {
        "id": 8777081283,
        "osm_type": "node",
        "name": "Santagloria",
        "outdoor_seating": "yes",
        "check_date": "2026-03-17"
      }
    },
    {
      "type": "Feature",
      "geometry": {
        "type": "Point",
        "coordinates": [
          -0.1199323,
          38.5380391
        ]
      },
      "properties": {
        "id": 8807288204,
        "osm_type": "node",
        "name": "Café Amsterdam"
      }
    },
    {
      "type": "Feature",
      "geometry": {
        "type": "Point",
        "coordinates": [
          -0.4947561,
          38.6896249
        ]
      },
      "properties": {
        "id": 8809192201,
        "osm_type": "node",
        "name": "Despacho de pan"
      }
    },
    {
      "type": "Feature",
      "geometry": {
        "type": "Point",
        "coordinates": [
          -0.4957193,
          38.3448066
        ]
      },
      "properties": {
        "id": 8810665547,
        "osm_type": "node",
        "name": "Cafestore"
      }
    },
    {
      "type": "Feature",
      "geometry": {
        "type": "Point",
        "coordinates": [
          -0.028711,
          39.9930934
        ]
      },
      "properties": {
        "id": 8852387490,
        "osm_type": "node",
        "name": "Julieta Pan & Café"
      }
    },
    {
      "type": "Feature",
      "geometry": {
        "type": "Point",
        "coordinates": [
          -0.1371333,
          38.5372297
        ]
      },
      "properties": {
        "id": 8866276901,
        "osm_type": "node",
        "name": "San Remo"
      }
    },
    {
      "type": "Feature",
      "geometry": {
        "type": "Point",
        "coordinates": [
          -0.132189,
          38.5365702
        ]
      },
      "properties": {
        "id": 8866321117,
        "osm_type": "node",
        "name": "Milords Express",
        "outdoor_seating": "yes",
        "check_date": "2024-05-30"
      }
    },
    {
      "type": "Feature",
      "geometry": {
        "type": "Point",
        "coordinates": [
          0.0510024,
          38.7158115
        ]
      },
      "properties": {
        "id": 8895611311,
        "osm_type": "node",
        "name": "panadero"
      }
    },
    {
      "type": "Feature",
      "geometry": {
        "type": "Point",
        "coordinates": [
          -0.0114655,
          38.7420487
        ]
      },
      "properties": {
        "id": 8928422968,
        "osm_type": "node",
        "name": "La Vicentica",
        "opening_hours": "Mo-Fr 08:00-13:30, 16:00-20:00; Sa 08:00-14:00"
      }
    },
    {
      "type": "Feature",
      "geometry": {
        "type": "Point",
        "coordinates": [
          -0.7496921,
          38.8757883
        ]
      },
      "properties": {
        "id": 8932201747,
        "osm_type": "node",
        "name": "Catarroja"
      }
    },
    {
      "type": "Feature",
      "geometry": {
        "type": "Point",
        "coordinates": [
          -0.463094,
          39.459671
        ]
      },
      "properties": {
        "id": 8932927585,
        "osm_type": "node",
        "name": "Panadería Sol"
      }
    },
    {
      "type": "Feature",
      "geometry": {
        "type": "Point",
        "coordinates": [
          -0.7442206,
          37.9097072
        ]
      },
      "properties": {
        "id": 8936558199,
        "osm_type": "node",
        "name": "Lucie Bakery",
        "opening_hours": "Mo-Sa 08:00-19:00; PH,Su 08:00-14:00"
      }
    },
    {
      "type": "Feature",
      "geometry": {
        "type": "Point",
        "coordinates": [
          -0.7529142,
          38.8747427
        ]
      },
      "properties": {
        "id": 8944128971,
        "osm_type": "node",
        "name": "Emilio Serra"
      }
    },
    {
      "type": "Feature",
      "geometry": {
        "type": "Point",
        "coordinates": [
          -0.3327543,
          39.5677868
        ]
      },
      "properties": {
        "id": 8951964739,
        "osm_type": "node",
        "name": "Forn del Raval"
      }
    },
    {
      "type": "Feature",
      "geometry": {
        "type": "Point",
        "coordinates": [
          -0.7528457,
          38.8756193
        ]
      },
      "properties": {
        "id": 8952213801,
        "osm_type": "node"
      }
    },
    {
      "type": "Feature",
      "geometry": {
        "type": "Point",
        "coordinates": [
          -0.466951,
          39.4621409
        ]
      },
      "properties": {
        "id": 8959573844,
        "osm_type": "node",
        "name": "Panadería Bollería Delicias"
      }
    },
    {
      "type": "Feature",
      "geometry": {
        "type": "Point",
        "coordinates": [
          -0.4410788,
          39.1491135
        ]
      },
      "properties": {
        "id": 8961274967,
        "osm_type": "node",
        "name": "Bar Cafetería Cid"
      }
    },
    {
      "type": "Feature",
      "geometry": {
        "type": "Point",
        "coordinates": [
          -0.4409839,
          39.1490718
        ]
      },
      "properties": {
        "id": 8961274968,
        "osm_type": "node",
        "name": "CCT Cafe Caña y Tapa"
      }
    },
    {
      "type": "Feature",
      "geometry": {
        "type": "Point",
        "coordinates": [
          -0.4416452,
          39.152045
        ]
      },
      "properties": {
        "id": 8969266874,
        "osm_type": "node",
        "name": "Bar Forners de Sant Roc",
        "outdoor_seating": "no"
      }
    },
    {
      "type": "Feature",
      "geometry": {
        "type": "Point",
        "coordinates": [
          -0.037873,
          39.9866103
        ]
      },
      "properties": {
        "id": 8992510095,
        "osm_type": "node",
        "name": "Café Cupido",
        "outdoor_seating": "yes"
      }
    },
    {
      "type": "Feature",
      "geometry": {
        "type": "Point",
        "coordinates": [
          -0.2690941,
          39.6023708
        ]
      },
      "properties": {
        "id": 8995270341,
        "osm_type": "node",
        "name": "La Terraza"
      }
    },
    {
      "type": "Feature",
      "geometry": {
        "type": "Point",
        "coordinates": [
          -0.0373419,
          39.9844299
        ]
      },
      "properties": {
        "id": 9003652504,
        "osm_type": "node",
        "name": "Panaderia Macián",
        "check_date": "2025-12-12"
      }
    },
    {
      "type": "Feature",
      "geometry": {
        "type": "Point",
        "coordinates": [
          0.1112295,
          38.8404903
        ]
      },
      "properties": {
        "id": 9006555568,
        "osm_type": "node",
        "name": "Bar Centre Social",
        "outdoor_seating": "yes"
      }
    },
    {
      "type": "Feature",
      "geometry": {
        "type": "Point",
        "coordinates": [
          -0.4153475,
          39.4783043
        ]
      },
      "properties": {
        "id": 9014451687,
        "osm_type": "node",
        "name": "Bon Día",
        "outdoor_seating": "yes"
      }
    },
    {
      "type": "Feature",
      "geometry": {
        "type": "Point",
        "coordinates": [
          -0.3718517,
          40.086882
        ]
      },
      "properties": {
        "id": 9014595586,
        "osm_type": "node",
        "name": "Panaderia Flor"
      }
    },
    {
      "type": "Feature",
      "geometry": {
        "type": "Point",
        "coordinates": [
          -0.0013511,
          40.1028524
        ]
      },
      "properties": {
        "id": 9018225978,
        "osm_type": "node"
      }
    },
    {
      "type": "Feature",
      "geometry": {
        "type": "Point",
        "coordinates": [
          -0.0013589,
          40.1025552
        ]
      },
      "properties": {
        "id": 9018225981,
        "osm_type": "node",
        "name": "Gelateria Cafeteria El Cantó",
        "opening_hours": "Mo-Su 07:00-23:00"
      }
    },
    {
      "type": "Feature",
      "geometry": {
        "type": "Point",
        "coordinates": [
          -0.7525947,
          37.8995563
        ]
      },
      "properties": {
        "id": 9029315120,
        "osm_type": "node",
        "name": "La Cafetería del Super"
      }
    },
    {
      "type": "Feature",
      "geometry": {
        "type": "Point",
        "coordinates": [
          -0.5669687,
          38.6238735
        ]
      },
      "properties": {
        "id": 9031410216,
        "osm_type": "node"
      }
    },
    {
      "type": "Feature",
      "geometry": {
        "type": "Point",
        "coordinates": [
          -0.7543761,
          37.8989522
        ]
      },
      "properties": {
        "id": 9038829353,
        "osm_type": "node",
        "name": "La Colegiala"
      }
    },
    {
      "type": "Feature",
      "geometry": {
        "type": "Point",
        "coordinates": [
          0.0647635,
          40.0557819
        ]
      },
      "properties": {
        "id": 9048916075,
        "osm_type": "node",
        "name": "Sweet & Tasty Gofres y Crepes",
        "outdoor_seating": "yes"
      }
    },
    {
      "type": "Feature",
      "geometry": {
        "type": "Point",
        "coordinates": [
          -0.5610837,
          38.1905392
        ]
      },
      "properties": {
        "id": 9094549456,
        "osm_type": "node",
        "name": "Miramar"
      }
    },
    {
      "type": "Feature",
      "geometry": {
        "type": "Point",
        "coordinates": [
          -0.5601297,
          38.1909318
        ]
      },
      "properties": {
        "id": 9094549468,
        "osm_type": "node",
        "name": "Cafetería La Barca"
      }
    },
    {
      "type": "Feature",
      "geometry": {
        "type": "Point",
        "coordinates": [
          -0.5607946,
          38.1938138
        ]
      },
      "properties": {
        "id": 9095217394,
        "osm_type": "node",
        "name": "Cafeteria Ecus"
      }
    },
    {
      "type": "Feature",
      "geometry": {
        "type": "Point",
        "coordinates": [
          -0.3469031,
          39.46986
        ]
      },
      "properties": {
        "id": 9103411717,
        "osm_type": "node"
      }
    },
    {
      "type": "Feature",
      "geometry": {
        "type": "Point",
        "coordinates": [
          -0.3762672,
          39.462441
        ]
      },
      "properties": {
        "id": 9103869479,
        "osm_type": "node",
        "name": "Café ArtySana",
        "outdoor_seating": "yes"
      }
    },
    {
      "type": "Feature",
      "geometry": {
        "type": "Point",
        "coordinates": [
          -0.1269116,
          38.5370203
        ]
      },
      "properties": {
        "id": 9105562281,
        "osm_type": "node",
        "name": "Café Brooklyn"
      }
    },
    {
      "type": "Feature",
      "geometry": {
        "type": "Point",
        "coordinates": [
          -0.1269789,
          38.5370391
        ]
      },
      "properties": {
        "id": 9105562282,
        "osm_type": "node",
        "name": "Center Plaza"
      }
    },
    {
      "type": "Feature",
      "geometry": {
        "type": "Point",
        "coordinates": [
          -0.1291784,
          38.5367754
        ]
      },
      "properties": {
        "id": 9111335844,
        "osm_type": "node",
        "name": "Cafetería La Creu"
      }
    },
    {
      "type": "Feature",
      "geometry": {
        "type": "Point",
        "coordinates": [
          0.0653682,
          40.0520781
        ]
      },
      "properties": {
        "id": 9116784896,
        "osm_type": "node",
        "name": "Picadilly Coffee",
        "opening_hours": "Mo-Fr 09:30-14:00,16:30-20:00; Sa 09:00-14:00; Su off"
      }
    },
    {
      "type": "Feature",
      "geometry": {
        "type": "Point",
        "coordinates": [
          -0.3576289,
          39.4776337
        ]
      },
      "properties": {
        "id": 9137204354,
        "osm_type": "node",
        "name": "Sietepanes"
      }
    },
    {
      "type": "Feature",
      "geometry": {
        "type": "Point",
        "coordinates": [
          -0.4083668,
          39.5074446
        ]
      },
      "properties": {
        "id": 9138692996,
        "osm_type": "node",
        "name": "La Oveja Negra"
      }
    },
    {
      "type": "Feature",
      "geometry": {
        "type": "Point",
        "coordinates": [
          -0.4414332,
          39.1518874
        ]
      },
      "properties": {
        "id": 9146882670,
        "osm_type": "node",
        "name": "Café Alina"
      }
    },
    {
      "type": "Feature",
      "geometry": {
        "type": "Point",
        "coordinates": [
          -0.4408227,
          39.1527211
        ]
      },
      "properties": {
        "id": 9155754878,
        "osm_type": "node",
        "name": "Café Bar dels Jutjats"
      }
    },
    {
      "type": "Feature",
      "geometry": {
        "type": "Point",
        "coordinates": [
          -0.4389095,
          39.1507116
        ]
      },
      "properties": {
        "id": 9158153614,
        "osm_type": "node",
        "name": "Café del Mercat"
      }
    },
    {
      "type": "Feature",
      "geometry": {
        "type": "Point",
        "coordinates": [
          -0.4386314,
          39.1511846
        ]
      },
      "properties": {
        "id": 9158156053,
        "osm_type": "node",
        "name": "La Cafeteria de Siempre"
      }
    },
    {
      "type": "Feature",
      "geometry": {
        "type": "Point",
        "coordinates": [
          -0.4386525,
          39.1510947
        ]
      },
      "properties": {
        "id": 9158156055,
        "osm_type": "node",
        "name": "La Taberna del Muerto"
      }
    },
    {
      "type": "Feature",
      "geometry": {
        "type": "Point",
        "coordinates": [
          -0.2256807,
          38.8186873
        ]
      },
      "properties": {
        "id": 9170043464,
        "osm_type": "node",
        "name": "Forn de Pa i Pastisseria Alfonso"
      }
    },
    {
      "type": "Feature",
      "geometry": {
        "type": "Point",
        "coordinates": [
          -0.4380158,
          39.1519962
        ]
      },
      "properties": {
        "id": 9171759041,
        "osm_type": "node",
        "name": "Granier",
        "brand": "Granier"
      }
    },
    {
      "type": "Feature",
      "geometry": {
        "type": "Point",
        "coordinates": [
          -0.4380285,
          39.1519345
        ]
      },
      "properties": {
        "id": 9171759043,
        "osm_type": "node",
        "name": "Ikebana Coffe & Tea",
        "outdoor_seating": "yes"
      }
    },
    {
      "type": "Feature",
      "geometry": {
        "type": "Point",
        "coordinates": [
          -0.4378182,
          39.1534501
        ]
      },
      "properties": {
        "id": 9172603523,
        "osm_type": "node",
        "name": "Forn L'Espiga"
      }
    },
    {
      "type": "Feature",
      "geometry": {
        "type": "Point",
        "coordinates": [
          -0.4387681,
          39.1535611
        ]
      },
      "properties": {
        "id": 9172603547,
        "osm_type": "node",
        "name": "Cafetería Restaurante Tulell",
        "outdoor_seating": "yes"
      }
    },
    {
      "type": "Feature",
      "geometry": {
        "type": "Point",
        "coordinates": [
          0.0609287,
          40.0512338
        ]
      },
      "properties": {
        "id": 9172613798,
        "osm_type": "node",
        "name": "La Corretgera",
        "opening_hours": "Mo-Su 08:00-21:00",
        "takeaway": "yes",
        "outdoor_seating": "yes"
      }
    },
    {
      "type": "Feature",
      "geometry": {
        "type": "Point",
        "coordinates": [
          -0.0519724,
          38.595076
        ]
      },
      "properties": {
        "id": 9176308234,
        "osm_type": "node",
        "name": "Trenta QA3",
        "opening_hours": "Mo-Sa 08:00-19:00",
        "outdoor_seating": "yes"
      }
    },
    {
      "type": "Feature",
      "geometry": {
        "type": "Point",
        "coordinates": [
          -0.0520529,
          38.5950371
        ]
      },
      "properties": {
        "id": 9176308235,
        "osm_type": "node",
        "name": "Rotary",
        "outdoor_seating": "yes"
      }
    },
    {
      "type": "Feature",
      "geometry": {
        "type": "Point",
        "coordinates": [
          -0.0529668,
          38.594934
        ]
      },
      "properties": {
        "id": 9177803735,
        "osm_type": "node",
        "name": "Granada",
        "outdoor_seating": "yes"
      }
    },
    {
      "type": "Feature",
      "geometry": {
        "type": "Point",
        "coordinates": [
          -0.3473066,
          39.4758616
        ]
      },
      "properties": {
        "id": 9187963753,
        "osm_type": "node",
        "name": "Savory",
        "outdoor_seating": "yes"
      }
    },
    {
      "type": "Feature",
      "geometry": {
        "type": "Point",
        "coordinates": [
          -0.7714956,
          38.4824483
        ]
      },
      "properties": {
        "id": 9212484338,
        "osm_type": "node",
        "name": "Panadería Herrero"
      }
    },
    {
      "type": "Feature",
      "geometry": {
        "type": "Point",
        "coordinates": [
          -0.0566493,
          38.5985317
        ]
      },
      "properties": {
        "id": 9222096394,
        "osm_type": "node",
        "name": "La Petite",
        "outdoor_seating": "yes"
      }
    },
    {
      "type": "Feature",
      "geometry": {
        "type": "Point",
        "coordinates": [
          -0.3570021,
          39.4656414
        ]
      },
      "properties": {
        "id": 9235666250,
        "osm_type": "node",
        "name": "Liaopastel",
        "opening_hours": "Mo-Su 06:00-21:30",
        "outdoor_seating": "yes"
      }
    },
    {
      "type": "Feature",
      "geometry": {
        "type": "Point",
        "coordinates": [
          -0.3776272,
          39.4756782
        ]
      },
      "properties": {
        "id": 9251095617,
        "osm_type": "node",
        "name": "Dempanadas",
        "opening_hours": "Tu-Th 19:00-23:00; Fr-Sa 12:00-16:00, 19:00-23:30; Su 12:00-16:00",
        "outdoor_seating": "no"
      }
    },
    {
      "type": "Feature",
      "geometry": {
        "type": "Point",
        "coordinates": [
          0.1022589,
          38.8344107
        ]
      },
      "properties": {
        "id": 9260481761,
        "osm_type": "node",
        "name": "Madremía"
      }
    },
    {
      "type": "Feature",
      "geometry": {
        "type": "Point",
        "coordinates": [
          0.1023968,
          38.8414268
        ]
      },
      "properties": {
        "id": 9264560833,
        "osm_type": "node",
        "name": "Royal"
      }
    },
    {
      "type": "Feature",
      "geometry": {
        "type": "Point",
        "coordinates": [
          -0.3098676,
          39.0444901
        ]
      },
      "properties": {
        "id": 9274879013,
        "osm_type": "node",
        "name": "Forn Pastisseria Castillo",
        "outdoor_seating": "yes"
      }
    },
    {
      "type": "Feature",
      "geometry": {
        "type": "Point",
        "coordinates": [
          -0.0453691,
          38.6021979
        ]
      },
      "properties": {
        "id": 9307384496,
        "osm_type": "node",
        "name": "Quinoa",
        "outdoor_seating": "yes"
      }
    },
    {
      "type": "Feature",
      "geometry": {
        "type": "Point",
        "coordinates": [
          -0.045612,
          38.6019503
        ]
      },
      "properties": {
        "id": 9307384497,
        "osm_type": "node",
        "name": "Aux Delices",
        "outdoor_seating": "yes"
      }
    },
    {
      "type": "Feature",
      "geometry": {
        "type": "Point",
        "coordinates": [
          -0.048856,
          38.6018798
        ]
      },
      "properties": {
        "id": 9307424678,
        "osm_type": "node",
        "name": "Pepos"
      }
    },
    {
      "type": "Feature",
      "geometry": {
        "type": "Point",
        "coordinates": [
          -0.3803072,
          39.4780584
        ]
      },
      "properties": {
        "id": 9309361926,
        "osm_type": "node",
        "name": "Off Line Café"
      }
    },
    {
      "type": "Feature",
      "geometry": {
        "type": "Point",
        "coordinates": [
          -0.0548347,
          38.5928212
        ]
      },
      "properties": {
        "id": 9310795250,
        "osm_type": "node",
        "name": "El Petenero"
      }
    },
    {
      "type": "Feature",
      "geometry": {
        "type": "Point",
        "coordinates": [
          -0.0495069,
          38.5986261
        ]
      },
      "properties": {
        "id": 9310795251,
        "osm_type": "node",
        "name": "El Petenero"
      }
    },
    {
      "type": "Feature",
      "geometry": {
        "type": "Point",
        "coordinates": [
          -0.0460264,
          38.6033684
        ]
      },
      "properties": {
        "id": 9310795252,
        "osm_type": "node",
        "name": "El Petenero"
      }
    },
    {
      "type": "Feature",
      "geometry": {
        "type": "Point",
        "coordinates": [
          -0.0479638,
          38.6004881
        ]
      },
      "properties": {
        "id": 9317362910,
        "osm_type": "node",
        "name": "Volare",
        "outdoor_seating": "yes"
      }
    },
    {
      "type": "Feature",
      "geometry": {
        "type": "Point",
        "coordinates": [
          -0.7693107,
          38.1390391
        ]
      },
      "properties": {
        "id": 9337819921,
        "osm_type": "node",
        "name": "Xanadú"
      }
    },
    {
      "type": "Feature",
      "geometry": {
        "type": "Point",
        "coordinates": [
          -0.4373053,
          39.150763
        ]
      },
      "properties": {
        "id": 9347341163,
        "osm_type": "node",
        "name": "Glaçons Plaça",
        "opening_hours": "Mo-Su 09:00-23:59",
        "outdoor_seating": "yes"
      }
    },
    {
      "type": "Feature",
      "geometry": {
        "type": "Point",
        "coordinates": [
          -0.4378698,
          39.1506591
        ]
      },
      "properties": {
        "id": 9347341170,
        "osm_type": "node",
        "name": "Tradicionarius Alzira",
        "opening_hours": "Fr-We 08:30-20:00"
      }
    },
    {
      "type": "Feature",
      "geometry": {
        "type": "Point",
        "coordinates": [
          -0.4378473,
          39.1507757
        ]
      },
      "properties": {
        "id": 9347341172,
        "osm_type": "node",
        "name": "Bon Café"
      }
    },
    {
      "type": "Feature",
      "geometry": {
        "type": "Point",
        "coordinates": [
          -0.96145,
          38.4153519
        ]
      },
      "properties": {
        "id": 9347469162,
        "osm_type": "node"
      }
    },
    {
      "type": "Feature",
      "geometry": {
        "type": "Point",
        "coordinates": [
          -0.0557333,
          38.5985268
        ]
      },
      "properties": {
        "id": 9353996983,
        "osm_type": "node",
        "name": "Café L'Abret"
      }
    },
    {
      "type": "Feature",
      "geometry": {
        "type": "Point",
        "coordinates": [
          -0.3772369,
          39.476683
        ]
      },
      "properties": {
        "id": 9375662517,
        "osm_type": "node",
        "name": "Nobles"
      }
    },
    {
      "type": "Feature",
      "geometry": {
        "type": "Point",
        "coordinates": [
          -0.034482,
          39.9889687
        ]
      },
      "properties": {
        "id": 9381387960,
        "osm_type": "node",
        "name": "Cafetería Panadería 365",
        "outdoor_seating": "yes"
      }
    },
    {
      "type": "Feature",
      "geometry": {
        "type": "Point",
        "coordinates": [
          -0.0506738,
          38.5960932
        ]
      },
      "properties": {
        "id": 9382441331,
        "osm_type": "node",
        "name": "L'Ideal"
      }
    },
    {
      "type": "Feature",
      "geometry": {
        "type": "Point",
        "coordinates": [
          -0.0501616,
          38.59678
        ]
      },
      "properties": {
        "id": 9382441336,
        "osm_type": "node",
        "name": "Hollands Glorie",
        "outdoor_seating": "yes"
      }
    },
    {
      "type": "Feature",
      "geometry": {
        "type": "Point",
        "coordinates": [
          -0.0555278,
          38.5918476
        ]
      },
      "properties": {
        "id": 9382441343,
        "osm_type": "node",
        "name": "Rosa's",
        "check_date": "2023-04-26"
      }
    },
    {
      "type": "Feature",
      "geometry": {
        "type": "Point",
        "coordinates": [
          -1.0624194,
          39.2296345
        ]
      },
      "properties": {
        "id": 9404341495,
        "osm_type": "node"
      }
    },
    {
      "type": "Feature",
      "geometry": {
        "type": "Point",
        "coordinates": [
          0.1116565,
          38.8380591
        ]
      },
      "properties": {
        "id": 9405794227,
        "osm_type": "node",
        "name": "Panaderia Arte y Sabor",
        "opening_hours": "Mo-Fr 06:00-14:00; Sa 06:30-14:00",
        "takeaway": "only",
        "outdoor_seating": "no"
      }
    },
    {
      "type": "Feature",
      "geometry": {
        "type": "Point",
        "coordinates": [
          -0.1005669,
          40.6179587
        ]
      },
      "properties": {
        "id": 9415176514,
        "osm_type": "node",
        "name": "Dominguez"
      }
    },
    {
      "type": "Feature",
      "geometry": {
        "type": "Point",
        "coordinates": [
          0.1140232,
          38.838653
        ]
      },
      "properties": {
        "id": 9417996188,
        "osm_type": "node",
        "name": "noray",
        "outdoor_seating": "yes"
      }
    },
    {
      "type": "Feature",
      "geometry": {
        "type": "Point",
        "coordinates": [
          -0.3748879,
          39.4550277
        ]
      },
      "properties": {
        "id": 9422617617,
        "osm_type": "node",
        "name": "Ausiás March 18"
      }
    },
    {
      "type": "Feature",
      "geometry": {
        "type": "Point",
        "coordinates": [
          0.0341076,
          38.7944938
        ]
      },
      "properties": {
        "id": 9423452044,
        "osm_type": "node",
        "name": "Cal Comes",
        "outdoor_seating": "yes"
      }
    },
    {
      "type": "Feature",
      "geometry": {
        "type": "Point",
        "coordinates": [
          -0.0046213,
          38.8214278
        ]
      },
      "properties": {
        "id": 9438223766,
        "osm_type": "node",
        "name": "Forn d'Adela"
      }
    },
    {
      "type": "Feature",
      "geometry": {
        "type": "Point",
        "coordinates": [
          0.0342182,
          38.7922015
        ]
      },
      "properties": {
        "id": 9439104491,
        "osm_type": "node"
      }
    },
    {
      "type": "Feature",
      "geometry": {
        "type": "Point",
        "coordinates": [
          -0.1161948,
          38.8414002
        ]
      },
      "properties": {
        "id": 9468721228,
        "osm_type": "node",
        "name": "Casino"
      }
    },
    {
      "type": "Feature",
      "geometry": {
        "type": "Point",
        "coordinates": [
          0.1026913,
          38.8362696
        ]
      },
      "properties": {
        "id": 9472819319,
        "osm_type": "node",
        "name": "Trufa",
        "outdoor_seating": "no"
      }
    },
    {
      "type": "Feature",
      "geometry": {
        "type": "Point",
        "coordinates": [
          -0.6842356,
          38.2722899
        ]
      },
      "properties": {
        "id": 9490260534,
        "osm_type": "node",
        "name": "Altabix",
        "check_date": "2024-05-12"
      }
    },
    {
      "type": "Feature",
      "geometry": {
        "type": "Point",
        "coordinates": [
          -0.1199042,
          38.8402294
        ]
      },
      "properties": {
        "id": 9506593883,
        "osm_type": "node",
        "name": "Cafeteria Karina",
        "outdoor_seating": "yes"
      }
    },
    {
      "type": "Feature",
      "geometry": {
        "type": "Point",
        "coordinates": [
          -0.4144649,
          39.5084748
        ]
      },
      "properties": {
        "id": 9514281435,
        "osm_type": "node",
        "name": "Churro va!",
        "opening_hours": "Fr 17:00-20:00; Sa,Su,PH 08:00-12:00,05:00-20:30; Mo-Th off",
        "takeaway": "yes",
        "outdoor_seating": "no"
      }
    },
    {
      "type": "Feature",
      "geometry": {
        "type": "Point",
        "coordinates": [
          -0.4151164,
          39.5107893
        ]
      },
      "properties": {
        "id": 9514333183,
        "osm_type": "node",
        "name": "Que Més",
        "opening_hours": "Mo-Fr 08:30-21:00; Sa,Su,PH 09:00-21:00",
        "outdoor_seating": "yes"
      }
    },
    {
      "type": "Feature",
      "geometry": {
        "type": "Point",
        "coordinates": [
          -0.0329951,
          39.9845537
        ]
      },
      "properties": {
        "id": 9514609316,
        "osm_type": "node",
        "name": "El Fadrí"
      }
    },
    {
      "type": "Feature",
      "geometry": {
        "type": "Point",
        "coordinates": [
          -0.4949369,
          38.3481884
        ]
      },
      "properties": {
        "id": 9522271386,
        "osm_type": "node",
        "name": "La Feliz"
      }
    },
    {
      "type": "Feature",
      "geometry": {
        "type": "Point",
        "coordinates": [
          0.111126,
          38.831629
        ]
      },
      "properties": {
        "id": 9524985657,
        "osm_type": "node",
        "name": "La Paraeta del Montgó",
        "opening_hours": "Mo-Th 08:00-21:30; Fr 08:00-00:00; Sa 08:00-21:30",
        "outdoor_seating": "yes"
      }
    },
    {
      "type": "Feature",
      "geometry": {
        "type": "Point",
        "coordinates": [
          0.102415,
          38.8369172
        ]
      },
      "properties": {
        "id": 9529199943,
        "osm_type": "node",
        "name": "Haz Novillos",
        "outdoor_seating": "no"
      }
    },
    {
      "type": "Feature",
      "geometry": {
        "type": "Point",
        "coordinates": [
          0.1089046,
          38.8361533
        ]
      },
      "properties": {
        "id": 9540494906,
        "osm_type": "node",
        "name": "Zapata Mexican Bar",
        "outdoor_seating": "yes"
      }
    },
    {
      "type": "Feature",
      "geometry": {
        "type": "Point",
        "coordinates": [
          -0.4097427,
          39.3566675
        ]
      },
      "properties": {
        "id": 9543327303,
        "osm_type": "node"
      }
    },
    {
      "type": "Feature",
      "geometry": {
        "type": "Point",
        "coordinates": [
          -0.8985059,
          38.0636876
        ]
      },
      "properties": {
        "id": 9547791429,
        "osm_type": "node",
        "name": "Café Quintón",
        "outdoor_seating": "yes"
      }
    },
    {
      "type": "Feature",
      "geometry": {
        "type": "Point",
        "coordinates": [
          0.0994514,
          38.8485269
        ]
      },
      "properties": {
        "id": 9552422189,
        "osm_type": "node",
        "name": "Café Ciclista",
        "opening_hours": "Tu-Su 09:00-15:00"
      }
    },
    {
      "type": "Feature",
      "geometry": {
        "type": "Point",
        "coordinates": [
          -0.3856941,
          39.4754008
        ]
      },
      "properties": {
        "id": 9554390717,
        "osm_type": "node",
        "name": "Bycia Cafetería"
      }
    },
    {
      "type": "Feature",
      "geometry": {
        "type": "Point",
        "coordinates": [
          -0.3926267,
          39.4709761
        ]
      },
      "properties": {
        "id": 9555943417,
        "osm_type": "node",
        "name": "Liaopastel",
        "opening_hours": "Mo-Su 06:00-22:00"
      }
    },
    {
      "type": "Feature",
      "geometry": {
        "type": "Point",
        "coordinates": [
          -0.1561324,
          39.7681367
        ]
      },
      "properties": {
        "id": 9566696915,
        "osm_type": "node",
        "name": "Glacé"
      }
    },
    {
      "type": "Feature",
      "geometry": {
        "type": "Point",
        "coordinates": [
          0.0983667,
          38.8414282
        ]
      },
      "properties": {
        "id": 9567253863,
        "osm_type": "node",
        "name": "Beekery"
      }
    },
    {
      "type": "Feature",
      "geometry": {
        "type": "Point",
        "coordinates": [
          0.1742519,
          40.4185488
        ]
      },
      "properties": {
        "id": 9573846831,
        "osm_type": "node"
      }
    },
    {
      "type": "Feature",
      "geometry": {
        "type": "Point",
        "coordinates": [
          0.0187071,
          38.8506607
        ]
      },
      "properties": {
        "id": 9576605332,
        "osm_type": "node",
        "name": "Cafetería Andreu",
        "outdoor_seating": "yes"
      }
    },
    {
      "type": "Feature",
      "geometry": {
        "type": "Point",
        "coordinates": [
          -0.7708186,
          38.4845577
        ]
      },
      "properties": {
        "id": 9579531461,
        "osm_type": "node",
        "name": "Nuevo Estilo",
        "outdoor_seating": "yes"
      }
    },
    {
      "type": "Feature",
      "geometry": {
        "type": "Point",
        "coordinates": [
          0.0111458,
          38.8633127
        ]
      },
      "properties": {
        "id": 9581912439,
        "osm_type": "node",
        "name": "Lecker"
      }
    },
    {
      "type": "Feature",
      "geometry": {
        "type": "Point",
        "coordinates": [
          -0.7863258,
          38.4774986
        ]
      },
      "properties": {
        "id": 9586657784,
        "osm_type": "node",
        "name": "Via Veneto café",
        "outdoor_seating": "yes"
      }
    },
    {
      "type": "Feature",
      "geometry": {
        "type": "Point",
        "coordinates": [
          -0.0957151,
          39.9375539
        ]
      },
      "properties": {
        "id": 9588831322,
        "osm_type": "node"
      }
    },
    {
      "type": "Feature",
      "geometry": {
        "type": "Point",
        "coordinates": [
          -0.8983188,
          38.0637136
        ]
      },
      "properties": {
        "id": 9590319252,
        "osm_type": "node",
        "name": "Confitería Panadería Rico Rico"
      }
    },
    {
      "type": "Feature",
      "geometry": {
        "type": "Point",
        "coordinates": [
          -0.7940224,
          38.4777296
        ]
      },
      "properties": {
        "id": 9598417573,
        "osm_type": "node"
      }
    },
    {
      "type": "Feature",
      "geometry": {
        "type": "Point",
        "coordinates": [
          0.0950067,
          38.8377818
        ]
      },
      "properties": {
        "id": 9641022614,
        "osm_type": "node",
        "name": "Moni Penny"
      }
    },
    {
      "type": "Feature",
      "geometry": {
        "type": "Point",
        "coordinates": [
          -0.727051,
          38.3783293
        ]
      },
      "properties": {
        "id": 9666576836,
        "osm_type": "node"
      }
    },
    {
      "type": "Feature",
      "geometry": {
        "type": "Point",
        "coordinates": [
          -0.2312858,
          38.5060205
        ]
      },
      "properties": {
        "id": 9668229461,
        "osm_type": "node",
        "name": "Conde"
      }
    },
    {
      "type": "Feature",
      "geometry": {
        "type": "Point",
        "coordinates": [
          -0.0404731,
          38.7494353
        ]
      },
      "properties": {
        "id": 9674802918,
        "osm_type": "node",
        "name": "Forn Vicens",
        "opening_hours": "Mo-Sa 09:00-14:00"
      }
    },
    {
      "type": "Feature",
      "geometry": {
        "type": "Point",
        "coordinates": [
          0.0994532,
          38.8398456
        ]
      },
      "properties": {
        "id": 9684894786,
        "osm_type": "node",
        "name": "Pa i Dolços"
      }
    },
    {
      "type": "Feature",
      "geometry": {
        "type": "Point",
        "coordinates": [
          -0.520844,
          39.1138268
        ]
      },
      "properties": {
        "id": 9684966739,
        "osm_type": "node",
        "name": "Forn de San Roc"
      }
    },
    {
      "type": "Feature",
      "geometry": {
        "type": "Point",
        "coordinates": [
          -0.3515201,
          39.47454
        ]
      },
      "properties": {
        "id": 9694747001,
        "osm_type": "node",
        "name": "Horchatertía dolz"
      }
    },
    {
      "type": "Feature",
      "geometry": {
        "type": "Point",
        "coordinates": [
          -0.4115429,
          39.529736
        ]
      },
      "properties": {
        "id": 9715698598,
        "osm_type": "node",
        "name": "Forn Nou",
        "opening_hours": "Mo-Fr 08:00-20:30; Sa 06:00-14:25"
      }
    },
    {
      "type": "Feature",
      "geometry": {
        "type": "Point",
        "coordinates": [
          -0.5875093,
          38.9579042
        ]
      },
      "properties": {
        "id": 9719888653,
        "osm_type": "node",
        "name": "Panadería Mengual"
      }
    },
    {
      "type": "Feature",
      "geometry": {
        "type": "Point",
        "coordinates": [
          -0.4103272,
          39.5036922
        ]
      },
      "properties": {
        "id": 9727564117,
        "osm_type": "node",
        "name": "Cafeteria La Serena",
        "opening_hours": "Th-Tu 09:00-14:30, Mo,Tu,Th-Sa 17:30-20:00"
      }
    },
    {
      "type": "Feature",
      "geometry": {
        "type": "Point",
        "coordinates": [
          0.1054686,
          38.8373765
        ]
      },
      "properties": {
        "id": 9764019624,
        "osm_type": "node",
        "name": "Stocker"
      }
    },
    {
      "type": "Feature",
      "geometry": {
        "type": "Point",
        "coordinates": [
          -0.6130366,
          38.3439554
        ]
      },
      "properties": {
        "id": 9798416665,
        "osm_type": "node"
      }
    },
    {
      "type": "Feature",
      "geometry": {
        "type": "Point",
        "coordinates": [
          0.1059566,
          38.8367341
        ]
      },
      "properties": {
        "id": 9806039327,
        "osm_type": "node",
        "name": "Despatx de Pa Vanesa"
      }
    },
    {
      "type": "Feature",
      "geometry": {
        "type": "Point",
        "coordinates": [
          -0.4607384,
          39.4758632
        ]
      },
      "properties": {
        "id": 9853609300,
        "osm_type": "node",
        "name": "Angelines"
      }
    },
    {
      "type": "Feature",
      "geometry": {
        "type": "Point",
        "coordinates": [
          -0.4583848,
          39.4673345
        ]
      },
      "properties": {
        "id": 9853646400,
        "osm_type": "node",
        "name": "Cafetería Casa Orta"
      }
    },
    {
      "type": "Feature",
      "geometry": {
        "type": "Point",
        "coordinates": [
          -0.0645146,
          39.9467334
        ]
      },
      "properties": {
        "id": 9858421690,
        "osm_type": "node",
        "name": "LiaoPastel",
        "opening_hours": "Mo-Su 06:00-22:00"
      }
    },
    {
      "type": "Feature",
      "geometry": {
        "type": "Point",
        "coordinates": [
          -0.3395025,
          39.46702
        ]
      },
      "properties": {
        "id": 9862537308,
        "osm_type": "node",
        "name": "El Pastisset"
      }
    },
    {
      "type": "Feature",
      "geometry": {
        "type": "Point",
        "coordinates": [
          -0.3404318,
          39.4670898
        ]
      },
      "properties": {
        "id": 9862537310,
        "osm_type": "node",
        "name": "El Panete"
      }
    },
    {
      "type": "Feature",
      "geometry": {
        "type": "Point",
        "coordinates": [
          -0.0528015,
          39.9751876
        ]
      },
      "properties": {
        "id": 9872076504,
        "osm_type": "node",
        "name": "Forn de Pa Sant Pere",
        "opening_hours": "Mo-Fr 07:30-14:00, 17:00-20:00; Sa 07:30-14:00; Su,PH off"
      }
    },
    {
      "type": "Feature",
      "geometry": {
        "type": "Point",
        "coordinates": [
          -0.3255048,
          39.4672598
        ]
      },
      "properties": {
        "id": 9878622586,
        "osm_type": "node",
        "name": "Glasol Platja",
        "opening_hours": "Mo-Fr 09:00-20:00; Su,PH 09:00-21:00",
        "takeaway": "yes",
        "outdoor_seating": "yes"
      }
    },
    {
      "type": "Feature",
      "geometry": {
        "type": "Point",
        "coordinates": [
          -0.1986601,
          38.6756491
        ]
      },
      "properties": {
        "id": 9886000400,
        "osm_type": "node",
        "name": "El patio"
      }
    },
    {
      "type": "Feature",
      "geometry": {
        "type": "Point",
        "coordinates": [
          -0.3289324,
          39.4660216
        ]
      },
      "properties": {
        "id": 9893025420,
        "osm_type": "node",
        "name": "Cafe Artysana - Cabanyal",
        "opening_hours": "Mo-Th 08:30-18:30; Fr 08:30-22:00; Sa 09:30-22:00; Su 09:30-16:00",
        "check_date": "2025-05-21"
      }
    },
    {
      "type": "Feature",
      "geometry": {
        "type": "Point",
        "coordinates": [
          -0.8920742,
          39.6559897
        ]
      },
      "properties": {
        "id": 9895090743,
        "osm_type": "node",
        "name": "Horno Esteve"
      }
    },
    {
      "type": "Feature",
      "geometry": {
        "type": "Point",
        "coordinates": [
          -0.6925366,
          37.9887485
        ]
      },
      "properties": {
        "id": 9905817518,
        "osm_type": "node",
        "name": "Cerveceria Florida"
      }
    },
    {
      "type": "Feature",
      "geometry": {
        "type": "Point",
        "coordinates": [
          -0.153871,
          38.9373706
        ]
      },
      "properties": {
        "id": 9912645333,
        "osm_type": "node",
        "name": "Pa i dolcos la socia"
      }
    },
    {
      "type": "Feature",
      "geometry": {
        "type": "Point",
        "coordinates": [
          -0.6383738,
          38.4386753
        ]
      },
      "properties": {
        "id": 9913233454,
        "osm_type": "node",
        "name": "Forn Nela"
      }
    },
    {
      "type": "Feature",
      "geometry": {
        "type": "Point",
        "coordinates": [
          -0.6379595,
          38.4389091
        ]
      },
      "properties": {
        "id": 9913233455,
        "osm_type": "node",
        "name": "Forn Sant Roi"
      }
    },
    {
      "type": "Feature",
      "geometry": {
        "type": "Point",
        "coordinates": [
          -0.6379953,
          38.4392948
        ]
      },
      "properties": {
        "id": 9913233456,
        "osm_type": "node",
        "name": "La fornera"
      }
    },
    {
      "type": "Feature",
      "geometry": {
        "type": "Point",
        "coordinates": [
          -0.6390489,
          38.4409812
        ]
      },
      "properties": {
        "id": 9913233459,
        "osm_type": "node",
        "name": "Sant roc"
      }
    },
    {
      "type": "Feature",
      "geometry": {
        "type": "Point",
        "coordinates": [
          -0.7857786,
          38.4812403
        ]
      },
      "properties": {
        "id": 9929840511,
        "osm_type": "node",
        "name": "Avenida 38",
        "outdoor_seating": "yes"
      }
    },
    {
      "type": "Feature",
      "geometry": {
        "type": "Point",
        "coordinates": [
          -0.6541235,
          38.0211917
        ]
      },
      "properties": {
        "id": 9945458278,
        "osm_type": "node",
        "name": "M. Hernandez"
      }
    },
    {
      "type": "Feature",
      "geometry": {
        "type": "Point",
        "coordinates": [
          -0.4784624,
          38.7011334
        ]
      },
      "properties": {
        "id": 9947513976,
        "osm_type": "node",
        "name": "ÜNIC - Més que café",
        "outdoor_seating": "yes"
      }
    },
    {
      "type": "Feature",
      "geometry": {
        "type": "Point",
        "coordinates": [
          -0.4766769,
          38.7023739
        ]
      },
      "properties": {
        "id": 9947513977,
        "osm_type": "node",
        "name": "Pepe's Coffee & Co.",
        "opening_hours": "Mo-Su 08:00-22:00",
        "outdoor_seating": "yes"
      }
    },
    {
      "type": "Feature",
      "geometry": {
        "type": "Point",
        "coordinates": [
          -0.4790235,
          38.7006464
        ]
      },
      "properties": {
        "id": 9947513978,
        "osm_type": "node",
        "name": "New Coffee Alcoy",
        "opening_hours": "Mo-Su 07:30-22:00",
        "outdoor_seating": "yes"
      }
    },
    {
      "type": "Feature",
      "geometry": {
        "type": "Point",
        "coordinates": [
          -0.3753789,
          39.4689687
        ]
      },
      "properties": {
        "id": 9947828563,
        "osm_type": "node",
        "name": "Starbucks",
        "brand": "Starbucks",
        "takeaway": "yes",
        "check_date": "2024-03-31"
      }
    },
    {
      "type": "Feature",
      "geometry": {
        "type": "Point",
        "coordinates": [
          -0.4107112,
          39.5302047
        ]
      },
      "properties": {
        "id": 9972263253,
        "osm_type": "node",
        "name": "Horno Buenavista",
        "opening_hours": "closed"
      }
    },
    {
      "type": "Feature",
      "geometry": {
        "type": "Point",
        "coordinates": [
          -0.0726699,
          40.0414836
        ]
      },
      "properties": {
        "id": 9972499237,
        "osm_type": "node",
        "name": "Panaderia Silverio"
      }
    },
    {
      "type": "Feature",
      "geometry": {
        "type": "Point",
        "coordinates": [
          -0.0677301,
          38.7449356
        ]
      },
      "properties": {
        "id": 9972782218,
        "osm_type": "node",
        "name": "Siremar"
      }
    },
    {
      "type": "Feature",
      "geometry": {
        "type": "Point",
        "coordinates": [
          -0.3707169,
          39.4703883
        ]
      },
      "properties": {
        "id": 10007026369,
        "osm_type": "node",
        "name": "Suprem",
        "check_date": "2024-03-31"
      }
    },
    {
      "type": "Feature",
      "geometry": {
        "type": "Point",
        "coordinates": [
          -0.7021789,
          37.9624318
        ]
      },
      "properties": {
        "id": 10061401589,
        "osm_type": "node",
        "name": "La Veleta"
      }
    },
    {
      "type": "Feature",
      "geometry": {
        "type": "Point",
        "coordinates": [
          -0.3099237,
          39.6836958
        ]
      },
      "properties": {
        "id": 10073784794,
        "osm_type": "node",
        "name": "Maidormim For i Boleria"
      }
    },
    {
      "type": "Feature",
      "geometry": {
        "type": "Point",
        "coordinates": [
          -0.7826874,
          38.481012
        ]
      },
      "properties": {
        "id": 10073915693,
        "osm_type": "node",
        "name": "Manía café"
      }
    },
    {
      "type": "Feature",
      "geometry": {
        "type": "Point",
        "coordinates": [
          -0.7827249,
          38.4786477
        ]
      },
      "properties": {
        "id": 10073935940,
        "osm_type": "node",
        "name": "Maduixa",
        "outdoor_seating": "yes"
      }
    },
    {
      "type": "Feature",
      "geometry": {
        "type": "Point",
        "coordinates": [
          0.0330693,
          38.7954133
        ]
      },
      "properties": {
        "id": 10085847982,
        "osm_type": "node",
        "outdoor_seating": "parklet"
      }
    },
    {
      "type": "Feature",
      "geometry": {
        "type": "Point",
        "coordinates": [
          -0.276887,
          39.6797925
        ]
      },
      "properties": {
        "id": 10101657856,
        "osm_type": "node",
        "name": "Hermanos Cortina",
        "outdoor_seating": "no"
      }
    },
    {
      "type": "Feature",
      "geometry": {
        "type": "Point",
        "coordinates": [
          -0.7831246,
          38.482772
        ]
      },
      "properties": {
        "id": 10104529406,
        "osm_type": "node",
        "name": "Cara de pa"
      }
    },
    {
      "type": "Feature",
      "geometry": {
        "type": "Point",
        "coordinates": [
          -0.5000147,
          38.3431446
        ]
      },
      "properties": {
        "id": 10107308845,
        "osm_type": "node",
        "name": "Cafetería J.J."
      }
    },
    {
      "type": "Feature",
      "geometry": {
        "type": "Point",
        "coordinates": [
          -0.758727,
          37.8679876
        ]
      },
      "properties": {
        "id": 10108615818,
        "osm_type": "node",
        "name": "Galán",
        "outdoor_seating": "yes"
      }
    },
    {
      "type": "Feature",
      "geometry": {
        "type": "Point",
        "coordinates": [
          -0.3580856,
          39.5120361
        ]
      },
      "properties": {
        "id": 10109316079,
        "osm_type": "node",
        "name": "El Punt",
        "opening_hours": "Mo-Fr 07:00-20:00; Sa-Su 07:30-14:00",
        "takeaway": "yes",
        "outdoor_seating": "yes",
        "check_date": "2022-12-27"
      }
    },
    {
      "type": "Feature",
      "geometry": {
        "type": "Point",
        "coordinates": [
          -0.4894421,
          38.3434038
        ]
      },
      "properties": {
        "id": 10110162746,
        "osm_type": "node",
        "name": "Vanadi"
      }
    },
    {
      "type": "Feature",
      "geometry": {
        "type": "Point",
        "coordinates": [
          -0.783456,
          38.4817926
        ]
      },
      "properties": {
        "id": 10115212937,
        "osm_type": "node",
        "name": "Friends",
        "outdoor_seating": "yes"
      }
    },
    {
      "type": "Feature",
      "geometry": {
        "type": "Point",
        "coordinates": [
          -0.7851389,
          38.4785401
        ]
      },
      "properties": {
        "id": 10117580523,
        "osm_type": "node",
        "name": "180 Grados café bar",
        "outdoor_seating": "yes"
      }
    },
    {
      "type": "Feature",
      "geometry": {
        "type": "Point",
        "coordinates": [
          -0.7847446,
          38.478665
        ]
      },
      "properties": {
        "id": 10117580525,
        "osm_type": "node",
        "name": "La Granja"
      }
    },
    {
      "type": "Feature",
      "geometry": {
        "type": "Point",
        "coordinates": [
          -0.7891957,
          38.4774388
        ]
      },
      "properties": {
        "id": 10119953065,
        "osm_type": "node",
        "name": "Horno La Inmaculada - Juanito"
      }
    },
    {
      "type": "Feature",
      "geometry": {
        "type": "Point",
        "coordinates": [
          -0.4743652,
          38.6974676
        ]
      },
      "properties": {
        "id": 10128649821,
        "osm_type": "node",
        "name": "Goldsmith"
      }
    },
    {
      "type": "Feature",
      "geometry": {
        "type": "Point",
        "coordinates": [
          -0.1791558,
          40.7173415
        ]
      },
      "properties": {
        "id": 10128786161,
        "osm_type": "node"
      }
    },
    {
      "type": "Feature",
      "geometry": {
        "type": "Point",
        "coordinates": [
          -0.2782414,
          39.6795982
        ]
      },
      "properties": {
        "id": 10130523411,
        "osm_type": "node",
        "name": "Forn del La Melica",
        "opening_hours": "Mo-Fr 07:00-14:30,17:00-20:00; Sa 07:00-14:30"
      }
    },
    {
      "type": "Feature",
      "geometry": {
        "type": "Point",
        "coordinates": [
          -0.3434861,
          39.4687138
        ]
      },
      "properties": {
        "id": 10132861053,
        "osm_type": "node",
        "name": "Café Colonia 2",
        "opening_hours": "Mo-Su 07:00-23:00",
        "outdoor_seating": "yes"
      }
    },
    {
      "type": "Feature",
      "geometry": {
        "type": "Point",
        "coordinates": [
          0.2778432,
          40.2450469
        ]
      },
      "properties": {
        "id": 10135359138,
        "osm_type": "node",
        "name": "Los Maños"
      }
    },
    {
      "type": "Feature",
      "geometry": {
        "type": "Point",
        "coordinates": [
          -0.4919828,
          38.3399961
        ]
      },
      "properties": {
        "id": 10137801685,
        "osm_type": "node",
        "name": "Camri"
      }
    },
    {
      "type": "Feature",
      "geometry": {
        "type": "Point",
        "coordinates": [
          -0.5220817,
          38.9886897
        ]
      },
      "properties": {
        "id": 10139515199,
        "osm_type": "node",
        "name": "Cafetal Club",
        "opening_hours": "Mo-Sa 08:00-13:30, 16:00-20:30",
        "outdoor_seating": "yes"
      }
    },
    {
      "type": "Feature",
      "geometry": {
        "type": "Point",
        "coordinates": [
          -0.4648386,
          38.7134661
        ]
      },
      "properties": {
        "id": 10156423107,
        "osm_type": "node",
        "outdoor_seating": "yes"
      }
    },
    {
      "type": "Feature",
      "geometry": {
        "type": "Point",
        "coordinates": [
          -0.4916462,
          38.3401549
        ]
      },
      "properties": {
        "id": 10159217112,
        "osm_type": "node"
      }
    },
    {
      "type": "Feature",
      "geometry": {
        "type": "Point",
        "coordinates": [
          -1.2862541,
          40.0606605
        ]
      },
      "properties": {
        "id": 10173037117,
        "osm_type": "node",
        "name": "A. Soriano"
      }
    },
    {
      "type": "Feature",
      "geometry": {
        "type": "Point",
        "coordinates": [
          -0.3735842,
          39.4566582
        ]
      },
      "properties": {
        "id": 10184693426,
        "osm_type": "node",
        "name": "Liao Pastel",
        "brand": "Liao Pastel",
        "opening_hours": "Mo-Su 06:00-22:00"
      }
    },
    {
      "type": "Feature",
      "geometry": {
        "type": "Point",
        "coordinates": [
          -0.373851,
          39.456978
        ]
      },
      "properties": {
        "id": 10184693427,
        "osm_type": "node",
        "name": "Panadería Úbeda",
        "opening_hours": "Mo-Fr 06:45-20:00; Sa 07:00-14:30"
      }
    },
    {
      "type": "Feature",
      "geometry": {
        "type": "Point",
        "coordinates": [
          -0.373484,
          39.457396
        ]
      },
      "properties": {
        "id": 10184693428,
        "osm_type": "node",
        "name": "Bon Paladar"
      }
    },
    {
      "type": "Feature",
      "geometry": {
        "type": "Point",
        "coordinates": [
          -0.7785219,
          38.4847687
        ]
      },
      "properties": {
        "id": 10198345009,
        "osm_type": "node",
        "name": "24 Hores La Canal",
        "opening_hours": "24/7"
      }
    },
    {
      "type": "Feature",
      "geometry": {
        "type": "Point",
        "coordinates": [
          0.1040174,
          38.8348576
        ]
      },
      "properties": {
        "id": 10200109697,
        "osm_type": "node",
        "outdoor_seating": "yes"
      }
    },
    {
      "type": "Feature",
      "geometry": {
        "type": "Point",
        "coordinates": [
          -0.3863821,
          39.475283
        ]
      },
      "properties": {
        "id": 10202092275,
        "osm_type": "node",
        "name": "Café La Placita",
        "opening_hours": "Tu-Th 09:30-00:30; Fr-Sa 09:30-01:30",
        "outdoor_seating": "yes"
      }
    },
    {
      "type": "Feature",
      "geometry": {
        "type": "Point",
        "coordinates": [
          -0.3709562,
          39.4640529
        ]
      },
      "properties": {
        "id": 10233056321,
        "osm_type": "node",
        "name": "Milk & Butter",
        "outdoor_seating": "yes",
        "check_date": "2022-12-02"
      }
    },
    {
      "type": "Feature",
      "geometry": {
        "type": "Point",
        "coordinates": [
          -0.3283944,
          39.4713983
        ]
      },
      "properties": {
        "id": 10240385796,
        "osm_type": "node",
        "name": "Bombo",
        "outdoor_seating": "yes",
        "check_date": "2022-12-05"
      }
    },
    {
      "type": "Feature",
      "geometry": {
        "type": "Point",
        "coordinates": [
          -0.4737131,
          39.4912447
        ]
      },
      "properties": {
        "id": 10240886966,
        "osm_type": "node",
        "name": "Starbucks",
        "brand": "Starbucks",
        "opening_hours": "Mo-Su 07:00-22:00",
        "takeaway": "yes",
        "outdoor_seating": "no",
        "check_date": "2025-12-28"
      }
    },
    {
      "type": "Feature",
      "geometry": {
        "type": "Point",
        "coordinates": [
          0.4521184,
          40.4537288
        ]
      },
      "properties": {
        "id": 10245252457,
        "osm_type": "node",
        "name": "Baguette D'or",
        "outdoor_seating": "no",
        "check_date": "2025-12-10"
      }
    },
    {
      "type": "Feature",
      "geometry": {
        "type": "Point",
        "coordinates": [
          -0.0819805,
          39.8907432
        ]
      },
      "properties": {
        "id": 10249266826,
        "osm_type": "node",
        "name": "Forn i Pa",
        "check_date": "2025-12-12"
      }
    },
    {
      "type": "Feature",
      "geometry": {
        "type": "Point",
        "coordinates": [
          -0.2783045,
          39.6799514
        ]
      },
      "properties": {
        "id": 10250922898,
        "osm_type": "node",
        "name": "Hornos Domingo",
        "takeaway": "yes",
        "outdoor_seating": "yes"
      }
    },
    {
      "type": "Feature",
      "geometry": {
        "type": "Point",
        "coordinates": [
          -0.3228593,
          39.5069085
        ]
      },
      "properties": {
        "id": 10251110661,
        "osm_type": "node",
        "name": "Cafeto",
        "check_date": "2025-12-18"
      }
    },
    {
      "type": "Feature",
      "geometry": {
        "type": "Point",
        "coordinates": [
          -0.323162,
          39.5062119
        ]
      },
      "properties": {
        "id": 10251110665,
        "osm_type": "node",
        "name": "Encuentra el Gato",
        "outdoor_seating": "no"
      }
    },
    {
      "type": "Feature",
      "geometry": {
        "type": "Point",
        "coordinates": [
          -0.9444598,
          38.0850507
        ]
      },
      "properties": {
        "id": 10254135553,
        "osm_type": "node",
        "name": "Valentina Café",
        "outdoor_seating": "yes"
      }
    },
    {
      "type": "Feature",
      "geometry": {
        "type": "Point",
        "coordinates": [
          -0.4725363,
          38.7062741
        ]
      },
      "properties": {
        "id": 10255225322,
        "osm_type": "node",
        "name": "Élite café"
      }
    },
    {
      "type": "Feature",
      "geometry": {
        "type": "Point",
        "coordinates": [
          -0.2648335,
          39.2460263
        ]
      },
      "properties": {
        "id": 10255472830,
        "osm_type": "node",
        "name": "Iborra",
        "takeaway": "only",
        "outdoor_seating": "no"
      }
    },
    {
      "type": "Feature",
      "geometry": {
        "type": "Point",
        "coordinates": [
          -0.1710529,
          38.9705934
        ]
      },
      "properties": {
        "id": 10257806878,
        "osm_type": "node",
        "outdoor_seating": "no"
      }
    },
    {
      "type": "Feature",
      "geometry": {
        "type": "Point",
        "coordinates": [
          -0.3231122,
          39.6786423
        ]
      },
      "properties": {
        "id": 10262649172,
        "osm_type": "node",
        "name": "Forn Nelo",
        "opening_hours": "Tu-Sa 7:00-14:00; Su,PH 09:00-13:00"
      }
    },
    {
      "type": "Feature",
      "geometry": {
        "type": "Point",
        "coordinates": [
          -0.4835,
          38.6971844
        ]
      },
      "properties": {
        "id": 10276261791,
        "osm_type": "node",
        "name": "Kala's",
        "outdoor_seating": "yes"
      }
    },
    {
      "type": "Feature",
      "geometry": {
        "type": "Point",
        "coordinates": [
          -0.4814582,
          38.696423
        ]
      },
      "properties": {
        "id": 10276279394,
        "osm_type": "node",
        "name": "Panaderia"
      }
    },
    {
      "type": "Feature",
      "geometry": {
        "type": "Point",
        "coordinates": [
          -0.4861763,
          38.6961524
        ]
      },
      "properties": {
        "id": 10278325346,
        "osm_type": "node",
        "name": "La espiga de oro",
        "takeaway": "only",
        "outdoor_seating": "no"
      }
    },
    {
      "type": "Feature",
      "geometry": {
        "type": "Point",
        "coordinates": [
          -0.9480008,
          38.0853609
        ]
      },
      "properties": {
        "id": 10287385983,
        "osm_type": "node",
        "name": "María Magdalena",
        "outdoor_seating": "no"
      }
    },
    {
      "type": "Feature",
      "geometry": {
        "type": "Point",
        "coordinates": [
          0.0231958,
          38.8183366
        ]
      },
      "properties": {
        "id": 10288005444,
        "osm_type": "node",
        "name": "artCafè",
        "outdoor_seating": "no"
      }
    },
    {
      "type": "Feature",
      "geometry": {
        "type": "Point",
        "coordinates": [
          -0.7812309,
          38.4790907
        ]
      },
      "properties": {
        "id": 10290393080,
        "osm_type": "node",
        "name": "El Horno d'el Campet"
      }
    },
    {
      "type": "Feature",
      "geometry": {
        "type": "Point",
        "coordinates": [
          -0.7796062,
          38.4823468
        ]
      },
      "properties": {
        "id": 10290401914,
        "osm_type": "node",
        "name": "Cafetería Mundo Joven"
      }
    },
    {
      "type": "Feature",
      "geometry": {
        "type": "Point",
        "coordinates": [
          -0.9455697,
          38.086109
        ]
      },
      "properties": {
        "id": 10290468082,
        "osm_type": "node",
        "name": "Café del Poeta",
        "outdoor_seating": "yes"
      }
    },
    {
      "type": "Feature",
      "geometry": {
        "type": "Point",
        "coordinates": [
          0.0220045,
          38.8174805
        ]
      },
      "properties": {
        "id": 10290628719,
        "osm_type": "node",
        "name": "De Sucre",
        "outdoor_seating": "no"
      }
    },
    {
      "type": "Feature",
      "geometry": {
        "type": "Point",
        "coordinates": [
          -0.4926235,
          38.3482892
        ]
      },
      "properties": {
        "id": 10294164918,
        "osm_type": "node",
        "name": "Sabor Marvá",
        "opening_hours": "Mo-We 07:00-16:00; Th,Fr 07:00-16:00,18:00-22:00; Sa 08:00-16:00,18:00-22:00"
      }
    },
    {
      "type": "Feature",
      "geometry": {
        "type": "Point",
        "coordinates": [
          -0.3640859,
          39.4581322
        ]
      },
      "properties": {
        "id": 10295146917,
        "osm_type": "node",
        "name": "Karime",
        "opening_hours": "Mo-Su 08:00-22:00"
      }
    },
    {
      "type": "Feature",
      "geometry": {
        "type": "Point",
        "coordinates": [
          -0.4939254,
          38.3450319
        ]
      },
      "properties": {
        "id": 10298386788,
        "osm_type": "node",
        "name": "Yes"
      }
    },
    {
      "type": "Feature",
      "geometry": {
        "type": "Point",
        "coordinates": [
          -0.493911,
          38.3446457
        ]
      },
      "properties": {
        "id": 10298533550,
        "osm_type": "node",
        "name": "Mi Colombia"
      }
    },
    {
      "type": "Feature",
      "geometry": {
        "type": "Point",
        "coordinates": [
          -0.4934661,
          38.3448028
        ]
      },
      "properties": {
        "id": 10298534144,
        "osm_type": "node",
        "name": "Taberna Estrella"
      }
    },
    {
      "type": "Feature",
      "geometry": {
        "type": "Point",
        "coordinates": [
          -0.4794736,
          38.6999468
        ]
      },
      "properties": {
        "id": 10302506892,
        "osm_type": "node",
        "name": "Granier",
        "brand": "Granier",
        "outdoor_seating": "yes"
      }
    },
    {
      "type": "Feature",
      "geometry": {
        "type": "Point",
        "coordinates": [
          -0.4807194,
          38.6974322
        ]
      },
      "properties": {
        "id": 10302568707,
        "osm_type": "node",
        "name": "Loops & coffe",
        "outdoor_seating": "no"
      }
    },
    {
      "type": "Feature",
      "geometry": {
        "type": "Point",
        "coordinates": [
          -0.4792613,
          38.3570104
        ]
      },
      "properties": {
        "id": 10307494709,
        "osm_type": "node",
        "name": "Churrería la Madrileña"
      }
    },
    {
      "type": "Feature",
      "geometry": {
        "type": "Point",
        "coordinates": [
          0.1050475,
          38.8362212
        ]
      },
      "properties": {
        "id": 10307688411,
        "osm_type": "node",
        "name": "Le Petit Mokka",
        "takeaway": "yes",
        "outdoor_seating": "no"
      }
    },
    {
      "type": "Feature",
      "geometry": {
        "type": "Point",
        "coordinates": [
          -0.3711212,
          39.4657435
        ]
      },
      "properties": {
        "id": 10311075693,
        "osm_type": "node",
        "name": "Beverly"
      }
    },
    {
      "type": "Feature",
      "geometry": {
        "type": "Point",
        "coordinates": [
          -0.3262298,
          39.4943221
        ]
      },
      "properties": {
        "id": 10314579023,
        "osm_type": "node",
        "name": "Cafetería Mare Nostrum"
      }
    },
    {
      "type": "Feature",
      "geometry": {
        "type": "Point",
        "coordinates": [
          -0.3287418,
          39.471561
        ]
      },
      "properties": {
        "id": 10314624949,
        "osm_type": "node",
        "name": "Four",
        "opening_hours": "We,Th 09:00-18:00; Fr-Su 09:00-21:00",
        "outdoor_seating": "sidewalk"
      }
    },
    {
      "type": "Feature",
      "geometry": {
        "type": "Point",
        "coordinates": [
          -0.9497081,
          38.0855557
        ]
      },
      "properties": {
        "id": 10315303324,
        "osm_type": "node",
        "name": "El Rincón de Santa Justa"
      }
    },
    {
      "type": "Feature",
      "geometry": {
        "type": "Point",
        "coordinates": [
          -0.1320168,
          38.5430738
        ]
      },
      "properties": {
        "id": 10316452705,
        "osm_type": "node",
        "name": "El Cruce",
        "check_date": "2023-01-09"
      }
    },
    {
      "type": "Feature",
      "geometry": {
        "type": "Point",
        "coordinates": [
          -0.1317664,
          38.5420433
        ]
      },
      "properties": {
        "id": 10316535172,
        "osm_type": "node",
        "name": "Prince",
        "outdoor_seating": "yes",
        "check_date": "2023-01-09"
      }
    },
    {
      "type": "Feature",
      "geometry": {
        "type": "Point",
        "coordinates": [
          -0.4121733,
          39.3950903
        ]
      },
      "properties": {
        "id": 10342154950,
        "osm_type": "node",
        "name": "Café Cremoss"
      }
    },
    {
      "type": "Feature",
      "geometry": {
        "type": "Point",
        "coordinates": [
          -0.3725093,
          39.4560221
        ]
      },
      "properties": {
        "id": 10392182786,
        "osm_type": "node",
        "name": "Cafetería Onfri coffee"
      }
    },
    {
      "type": "Feature",
      "geometry": {
        "type": "Point",
        "coordinates": [
          -0.7839782,
          38.4779438
        ]
      },
      "properties": {
        "id": 10553297432,
        "osm_type": "node",
        "name": "Tierra",
        "outdoor_seating": "yes"
      }
    },
    {
      "type": "Feature",
      "geometry": {
        "type": "Point",
        "coordinates": [
          -0.7838597,
          38.4779807
        ]
      },
      "properties": {
        "id": 10553297433,
        "osm_type": "node",
        "name": "Gregori Pastelería Cafetería",
        "outdoor_seating": "yes"
      }
    },
    {
      "type": "Feature",
      "geometry": {
        "type": "Point",
        "coordinates": [
          -0.7836977,
          38.4780313
        ]
      },
      "properties": {
        "id": 10553297434,
        "osm_type": "node",
        "name": "Café Albatros",
        "outdoor_seating": "yes"
      }
    },
    {
      "type": "Feature",
      "geometry": {
        "type": "Point",
        "coordinates": [
          -0.783793,
          38.4780016
        ]
      },
      "properties": {
        "id": 10553297435,
        "osm_type": "node",
        "name": "Rincón de Noel",
        "outdoor_seating": "yes"
      }
    },
    {
      "type": "Feature",
      "geometry": {
        "type": "Point",
        "coordinates": [
          -0.4749715,
          38.6970596
        ]
      },
      "properties": {
        "id": 10554228795,
        "osm_type": "node",
        "name": "La Trastienda",
        "outdoor_seating": "yes"
      }
    },
    {
      "type": "Feature",
      "geometry": {
        "type": "Point",
        "coordinates": [
          -0.3852711,
          39.4660131
        ]
      },
      "properties": {
        "id": 10554545709,
        "osm_type": "node",
        "name": "ROGEL",
        "opening_hours": "Mo-Su 08:00-21:00",
        "outdoor_seating": "veranda"
      }
    },
    {
      "type": "Feature",
      "geometry": {
        "type": "Point",
        "coordinates": [
          -0.4679965,
          38.7074787
        ]
      },
      "properties": {
        "id": 10558999097,
        "osm_type": "node",
        "name": "Chaflán"
      }
    },
    {
      "type": "Feature",
      "geometry": {
        "type": "Point",
        "coordinates": [
          -0.4928193,
          38.68672
        ]
      },
      "properties": {
        "id": 10559055216,
        "osm_type": "node",
        "name": "Ñas... coca!"
      }
    },
    {
      "type": "Feature",
      "geometry": {
        "type": "Point",
        "coordinates": [
          -0.4646819,
          38.7085403
        ]
      },
      "properties": {
        "id": 10559129520,
        "osm_type": "node",
        "name": "Café 23"
      }
    },
    {
      "type": "Feature",
      "geometry": {
        "type": "Point",
        "coordinates": [
          -0.0864424,
          38.922421
        ]
      },
      "properties": {
        "id": 10570702679,
        "osm_type": "node",
        "name": "Antiu Xixona Helados",
        "opening_hours": "Mo-Su 08:00-23:00",
        "takeaway": "yes",
        "outdoor_seating": "yes"
      }
    },
    {
      "type": "Feature",
      "geometry": {
        "type": "Point",
        "coordinates": [
          -0.0863238,
          38.9225293
        ]
      },
      "properties": {
        "id": 10570853589,
        "osm_type": "node",
        "name": "Pan Beach"
      }
    },
    {
      "type": "Feature",
      "geometry": {
        "type": "Point",
        "coordinates": [
          -0.9510079,
          38.086939
        ]
      },
      "properties": {
        "id": 10570963811,
        "osm_type": "node",
        "name": "Café Bar Harpo"
      }
    },
    {
      "type": "Feature",
      "geometry": {
        "type": "Point",
        "coordinates": [
          -0.4673112,
          38.7087706
        ]
      },
      "properties": {
        "id": 10579767521,
        "osm_type": "node",
        "name": "Despatx Rosana",
        "takeaway": "only",
        "outdoor_seating": "no"
      }
    },
    {
      "type": "Feature",
      "geometry": {
        "type": "Point",
        "coordinates": [
          -0.1590803,
          38.5323995
        ]
      },
      "properties": {
        "id": 10580427786,
        "osm_type": "node",
        "name": "Nirvana"
      }
    },
    {
      "type": "Feature",
      "geometry": {
        "type": "Point",
        "coordinates": [
          -0.9417632,
          38.0885956
        ]
      },
      "properties": {
        "id": 10584668963,
        "osm_type": "node",
        "name": "Bar Los Santos"
      }
    },
    {
      "type": "Feature",
      "geometry": {
        "type": "Point",
        "coordinates": [
          -0.3989818,
          38.4162051
        ]
      },
      "properties": {
        "id": 10585295805,
        "osm_type": "node",
        "name": "Cafetería La Pinada"
      }
    },
    {
      "type": "Feature",
      "geometry": {
        "type": "Point",
        "coordinates": [
          -0.1310518,
          38.5378341
        ]
      },
      "properties": {
        "id": 10589334205,
        "osm_type": "node",
        "name": "Caffe Trieste",
        "opening_hours": "Mo-Fr 09:30-19:00; Su 09:30-13:00"
      }
    },
    {
      "type": "Feature",
      "geometry": {
        "type": "Point",
        "coordinates": [
          -0.4763329,
          38.4108827
        ]
      },
      "properties": {
        "id": 10589791250,
        "osm_type": "node",
        "name": "Bar Aquí mateix",
        "outdoor_seating": "yes"
      }
    },
    {
      "type": "Feature",
      "geometry": {
        "type": "Point",
        "coordinates": [
          -0.4664409,
          38.7097875
        ]
      },
      "properties": {
        "id": 10593700105,
        "osm_type": "node",
        "name": "Panis"
      }
    },
    {
      "type": "Feature",
      "geometry": {
        "type": "Point",
        "coordinates": [
          -0.0324579,
          39.9898614
        ]
      },
      "properties": {
        "id": 10604675683,
        "osm_type": "node",
        "name": "Panadería Pastelería Valls"
      }
    },
    {
      "type": "Feature",
      "geometry": {
        "type": "Point",
        "coordinates": [
          -0.368353,
          39.4688435
        ]
      },
      "properties": {
        "id": 10608268212,
        "osm_type": "node",
        "name": "Pantalán 5",
        "check_date": "2024-10-10"
      }
    },
    {
      "type": "Feature",
      "geometry": {
        "type": "Point",
        "coordinates": [
          -0.3682284,
          39.4694037
        ]
      },
      "properties": {
        "id": 10608291798,
        "osm_type": "node",
        "name": "El Pan de Estellés",
        "takeaway": "only",
        "outdoor_seating": "no",
        "check_date": "2025-05-16"
      }
    },
    {
      "type": "Feature",
      "geometry": {
        "type": "Point",
        "coordinates": [
          -0.9404354,
          38.0885186
        ]
      },
      "properties": {
        "id": 10610861196,
        "osm_type": "node",
        "name": "Bar Jeromo",
        "opening_hours": "Mo-Su 05:45-21:00"
      }
    },
    {
      "type": "Feature",
      "geometry": {
        "type": "Point",
        "coordinates": [
          -0.4905428,
          38.3870061
        ]
      },
      "properties": {
        "id": 10616507624,
        "osm_type": "node",
        "name": "La Ermita",
        "opening_hours": "Mo-Fr 06:30-15:00; Sa 06:30-15:00; Su,PH off"
      }
    },
    {
      "type": "Feature",
      "geometry": {
        "type": "Point",
        "coordinates": [
          -0.3130172,
          39.0446882
        ]
      },
      "properties": {
        "id": 10621961857,
        "osm_type": "node",
        "name": "Forn Sepell"
      }
    },
    {
      "type": "Feature",
      "geometry": {
        "type": "Point",
        "coordinates": [
          -0.6712235,
          38.0573546
        ]
      },
      "properties": {
        "id": 10635200331,
        "osm_type": "node",
        "name": "Crazy Giraffe Cafe"
      }
    },
    {
      "type": "Feature",
      "geometry": {
        "type": "Point",
        "coordinates": [
          -0.734986,
          37.9300906
        ]
      },
      "properties": {
        "id": 10665631708,
        "osm_type": "node",
        "name": "Caféole",
        "outdoor_seating": "yes"
      }
    },
    {
      "type": "Feature",
      "geometry": {
        "type": "Point",
        "coordinates": [
          -0.7367599,
          37.9302506
        ]
      },
      "properties": {
        "id": 10665631777,
        "osm_type": "node",
        "name": "Cafeteria Express",
        "outdoor_seating": "yes",
        "check_date": "2025-12-21"
      }
    },
    {
      "type": "Feature",
      "geometry": {
        "type": "Point",
        "coordinates": [
          -0.7352342,
          37.9299291
        ]
      },
      "properties": {
        "id": 10665631800,
        "osm_type": "node",
        "name": "Terrassa",
        "outdoor_seating": "pedestrian_zone"
      }
    },
    {
      "type": "Feature",
      "geometry": {
        "type": "Point",
        "coordinates": [
          -0.7356887,
          37.9311339
        ]
      },
      "properties": {
        "id": 10665631805,
        "osm_type": "node",
        "name": "Da Favola",
        "outdoor_seating": "yes",
        "check_date": "2026-01-27"
      }
    },
    {
      "type": "Feature",
      "geometry": {
        "type": "Point",
        "coordinates": [
          -0.7361925,
          37.9315158
        ]
      },
      "properties": {
        "id": 10665631812,
        "osm_type": "node",
        "name": "Starbucks",
        "brand": "Starbucks",
        "takeaway": "yes",
        "outdoor_seating": "yes",
        "check_date": "2026-01-27"
      }
    },
    {
      "type": "Feature",
      "geometry": {
        "type": "Point",
        "coordinates": [
          -0.4242228,
          38.4068116
        ]
      },
      "properties": {
        "id": 10676797573,
        "osm_type": "node",
        "name": "Chaflán",
        "outdoor_seating": "no"
      }
    },
    {
      "type": "Feature",
      "geometry": {
        "type": "Point",
        "coordinates": [
          -0.4242447,
          38.4065844
        ]
      },
      "properties": {
        "id": 10676857873,
        "osm_type": "node",
        "outdoor_seating": "no"
      }
    },
    {
      "type": "Feature",
      "geometry": {
        "type": "Point",
        "coordinates": [
          0.0700457,
          38.7894603
        ]
      },
      "properties": {
        "id": 10684127136,
        "osm_type": "node"
      }
    },
    {
      "type": "Feature",
      "geometry": {
        "type": "Point",
        "coordinates": [
          -0.0201698,
          39.9839157
        ]
      },
      "properties": {
        "id": 10693611038,
        "osm_type": "node",
        "name": "Café Bar",
        "opening_hours": "Mo-Sa 09:00-22:00; Su 10:00-22:00",
        "outdoor_seating": "no",
        "check_date": "2025-12-11"
      }
    },
    {
      "type": "Feature",
      "geometry": {
        "type": "Point",
        "coordinates": [
          -0.0195779,
          39.9837244
        ]
      },
      "properties": {
        "id": 10693611044,
        "osm_type": "node",
        "name": "el Salero",
        "opening_hours": "Mo-Sa 09:00-22:00; Su 10:00-22:00",
        "outdoor_seating": "no",
        "check_date": "2025-12-11"
      }
    },
    {
      "type": "Feature",
      "geometry": {
        "type": "Point",
        "coordinates": [
          -0.9433746,
          38.0883161
        ]
      },
      "properties": {
        "id": 10695181089,
        "osm_type": "node",
        "name": "Panadería El Turro"
      }
    },
    {
      "type": "Feature",
      "geometry": {
        "type": "Point",
        "coordinates": [
          -0.629596,
          39.0965334
        ]
      },
      "properties": {
        "id": 10733949449,
        "osm_type": "node"
      }
    },
    {
      "type": "Feature",
      "geometry": {
        "type": "Point",
        "coordinates": [
          -0.5676199,
          39.0690804
        ]
      },
      "properties": {
        "id": 10742877158,
        "osm_type": "node",
        "name": "Forn Agustina S.L."
      }
    },
    {
      "type": "Feature",
      "geometry": {
        "type": "Point",
        "coordinates": [
          -0.4662059,
          39.4920421
        ]
      },
      "properties": {
        "id": 10743311873,
        "osm_type": "node",
        "name": "Andrea",
        "check_date": "2025-05-07"
      }
    },
    {
      "type": "Feature",
      "geometry": {
        "type": "Point",
        "coordinates": [
          -0.4602169,
          39.4917936
        ]
      },
      "properties": {
        "id": 10743706101,
        "osm_type": "node",
        "name": "Pan y Dulces",
        "check_date": "2025-05-07"
      }
    },
    {
      "type": "Feature",
      "geometry": {
        "type": "Point",
        "coordinates": [
          -0.6789706,
          37.9774632
        ]
      },
      "properties": {
        "id": 10771272524,
        "osm_type": "node",
        "name": "Granier"
      }
    },
    {
      "type": "Feature",
      "geometry": {
        "type": "Point",
        "coordinates": [
          0.0603041,
          40.0516105
        ]
      },
      "properties": {
        "id": 10779178106,
        "osm_type": "node",
        "name": "Café Rebeca",
        "brand": "NAME IT"
      }
    },
    {
      "type": "Feature",
      "geometry": {
        "type": "Point",
        "coordinates": [
          -0.5261069,
          38.2410093
        ]
      },
      "properties": {
        "id": 10790865964,
        "osm_type": "node",
        "name": "Mallorca"
      }
    },
    {
      "type": "Feature",
      "geometry": {
        "type": "Point",
        "coordinates": [
          -0.0374257,
          39.9922812
        ]
      },
      "properties": {
        "id": 10792748547,
        "osm_type": "node",
        "name": "Panadería Pastelería José Vives"
      }
    },
    {
      "type": "Feature",
      "geometry": {
        "type": "Point",
        "coordinates": [
          -0.6809995,
          37.9768576
        ]
      },
      "properties": {
        "id": 10821397049,
        "osm_type": "node",
        "name": "Coffee & Toffee"
      }
    },
    {
      "type": "Feature",
      "geometry": {
        "type": "Point",
        "coordinates": [
          -0.680451,
          37.9766057
        ]
      },
      "properties": {
        "id": 10823878470,
        "osm_type": "node",
        "name": "El Rincón de las Jarras"
      }
    },
    {
      "type": "Feature",
      "geometry": {
        "type": "Point",
        "coordinates": [
          -0.6815229,
          37.9778023
        ]
      },
      "properties": {
        "id": 10826351686,
        "osm_type": "node",
        "name": "Delicious Bakery"
      }
    },
    {
      "type": "Feature",
      "geometry": {
        "type": "Point",
        "coordinates": [
          -0.6301414,
          39.0973003
        ]
      },
      "properties": {
        "id": 10834141283,
        "osm_type": "node"
      }
    },
    {
      "type": "Feature",
      "geometry": {
        "type": "Point",
        "coordinates": [
          -0.681061,
          37.9779751
        ]
      },
      "properties": {
        "id": 10839293614,
        "osm_type": "node",
        "name": "Lolyta Food and Coffee"
      }
    },
    {
      "type": "Feature",
      "geometry": {
        "type": "Point",
        "coordinates": [
          -0.6797557,
          37.9812492
        ]
      },
      "properties": {
        "id": 10845635582,
        "osm_type": "node",
        "name": "Mudopan"
      }
    },
    {
      "type": "Feature",
      "geometry": {
        "type": "Point",
        "coordinates": [
          -0.1296944,
          38.536492
        ]
      },
      "properties": {
        "id": 10847025259,
        "osm_type": "node",
        "name": "The NE Bar",
        "outdoor_seating": "yes",
        "check_date": "2023-04-27"
      }
    },
    {
      "type": "Feature",
      "geometry": {
        "type": "Point",
        "coordinates": [
          -0.2625215,
          39.963511
        ]
      },
      "properties": {
        "id": 10855645887,
        "osm_type": "node",
        "name": "La Panderola cafeteria-heladeria",
        "opening_hours": "Mo-Th 08:30-20:00; Fr-Sa 08:30-21:00",
        "outdoor_seating": "yes"
      }
    },
    {
      "type": "Feature",
      "geometry": {
        "type": "Point",
        "coordinates": [
          -0.2679869,
          39.9630585
        ]
      },
      "properties": {
        "id": 10855645893,
        "osm_type": "node",
        "name": "Bar Cafeteria Geyser",
        "opening_hours": "Mo-Su 09:00-22:30",
        "outdoor_seating": "no"
      }
    },
    {
      "type": "Feature",
      "geometry": {
        "type": "Point",
        "coordinates": [
          -0.3792883,
          39.4701604
        ]
      },
      "properties": {
        "id": 10855653633,
        "osm_type": "node",
        "name": "Las Cañitas",
        "outdoor_seating": "yes",
        "check_date": "2023-04-29"
      }
    },
    {
      "type": "Feature",
      "geometry": {
        "type": "Point",
        "coordinates": [
          -0.3854887,
          39.5301001
        ]
      },
      "properties": {
        "id": 10856731564,
        "osm_type": "node"
      }
    },
    {
      "type": "Feature",
      "geometry": {
        "type": "Point",
        "coordinates": [
          -0.3844529,
          39.5296381
        ]
      },
      "properties": {
        "id": 10856731565,
        "osm_type": "node"
      }
    },
    {
      "type": "Feature",
      "geometry": {
        "type": "Point",
        "coordinates": [
          -0.3854254,
          39.5308739
        ]
      },
      "properties": {
        "id": 10856881783,
        "osm_type": "node",
        "name": "Bar la torre"
      }
    },
    {
      "type": "Feature",
      "geometry": {
        "type": "Point",
        "coordinates": [
          -0.4748486,
          39.4921496
        ]
      },
      "properties": {
        "id": 10862905317,
        "osm_type": "node",
        "name": "Enrique Tomas",
        "takeaway": "yes",
        "outdoor_seating": "no",
        "check_date": "2025-12-28"
      }
    },
    {
      "type": "Feature",
      "geometry": {
        "type": "Point",
        "coordinates": [
          -0.6872153,
          37.9774971
        ]
      },
      "properties": {
        "id": 10864374990,
        "osm_type": "node",
        "name": "Bar Y Pesca"
      }
    },
    {
      "type": "Feature",
      "geometry": {
        "type": "Point",
        "coordinates": [
          -0.5424571,
          39.0911115
        ]
      },
      "properties": {
        "id": 10865237787,
        "osm_type": "node",
        "name": "Forn Pastissería L'Arnadi"
      }
    },
    {
      "type": "Feature",
      "geometry": {
        "type": "Point",
        "coordinates": [
          -0.545202,
          39.0906082
        ]
      },
      "properties": {
        "id": 10865309591,
        "osm_type": "node",
        "name": "Forn Pastisseria Germans Martínez Julián S.C."
      }
    },
    {
      "type": "Feature",
      "geometry": {
        "type": "Point",
        "coordinates": [
          -0.595893,
          39.6272237
        ]
      },
      "properties": {
        "id": 10873327277,
        "osm_type": "node",
        "name": "El Pibe"
      }
    },
    {
      "type": "Feature",
      "geometry": {
        "type": "Point",
        "coordinates": [
          0.1457802,
          40.0893088
        ]
      },
      "properties": {
        "id": 10878038617,
        "osm_type": "node",
        "name": "New Ibiza"
      }
    },
    {
      "type": "Feature",
      "geometry": {
        "type": "Point",
        "coordinates": [
          -0.4232377,
          39.5268174
        ]
      },
      "properties": {
        "id": 10902888376,
        "osm_type": "node"
      }
    },
    {
      "type": "Feature",
      "geometry": {
        "type": "Point",
        "coordinates": [
          -0.6770635,
          37.9798623
        ]
      },
      "properties": {
        "id": 10921180320,
        "osm_type": "node",
        "name": "Los Amigos"
      }
    },
    {
      "type": "Feature",
      "geometry": {
        "type": "Point",
        "coordinates": [
          -0.6771358,
          37.979623
        ]
      },
      "properties": {
        "id": 10921227011,
        "osm_type": "node",
        "name": "Los Angeles"
      }
    },
    {
      "type": "Feature",
      "geometry": {
        "type": "Point",
        "coordinates": [
          -0.6783222,
          37.9767021
        ]
      },
      "properties": {
        "id": 10923635120,
        "osm_type": "node",
        "name": "Teteria Al Andalus"
      }
    },
    {
      "type": "Feature",
      "geometry": {
        "type": "Point",
        "coordinates": [
          -0.3790095,
          39.4441794
        ]
      },
      "properties": {
        "id": 10942952926,
        "osm_type": "node",
        "name": "Café Nueva Fe",
        "outdoor_seating": "yes"
      }
    },
    {
      "type": "Feature",
      "geometry": {
        "type": "Point",
        "coordinates": [
          -0.377342,
          39.4734111
        ]
      },
      "properties": {
        "id": 10957010005,
        "osm_type": "node",
        "name": "Trencar"
      }
    },
    {
      "type": "Feature",
      "geometry": {
        "type": "Point",
        "coordinates": [
          -0.7594447,
          37.8683213
        ]
      },
      "properties": {
        "id": 10973836724,
        "osm_type": "node",
        "name": "Mejias Beach",
        "outdoor_seating": "yes"
      }
    },
    {
      "type": "Feature",
      "geometry": {
        "type": "Point",
        "coordinates": [
          -0.7495829,
          37.9342944
        ]
      },
      "properties": {
        "id": 10994727000,
        "osm_type": "node",
        "name": "Repsol"
      }
    },
    {
      "type": "Feature",
      "geometry": {
        "type": "Point",
        "coordinates": [
          -0.1706743,
          40.2161167
        ]
      },
      "properties": {
        "id": 11023520369,
        "osm_type": "node",
        "name": "Panaderia García Tena"
      }
    },
    {
      "type": "Feature",
      "geometry": {
        "type": "Point",
        "coordinates": [
          -0.1717322,
          40.2170023
        ]
      },
      "properties": {
        "id": 11023520375,
        "osm_type": "node",
        "name": "Panaderia Rosa Elvira"
      }
    },
    {
      "type": "Feature",
      "geometry": {
        "type": "Point",
        "coordinates": [
          0.1609431,
          38.7877038
        ]
      },
      "properties": {
        "id": 11030684852,
        "osm_type": "node",
        "name": "D.T. Lounge Cafe Bar",
        "outdoor_seating": "yes"
      }
    },
    {
      "type": "Feature",
      "geometry": {
        "type": "Point",
        "coordinates": [
          0.0712948,
          38.8564296
        ]
      },
      "properties": {
        "id": 11032219470,
        "osm_type": "node",
        "name": "Panaderia/ Pasteleria - Stocker"
      }
    },
    {
      "type": "Feature",
      "geometry": {
        "type": "Point",
        "coordinates": [
          -0.3763928,
          39.4732226
        ]
      },
      "properties": {
        "id": 11037698105,
        "osm_type": "node",
        "name": "The Coffee",
        "brand": "The Coffee",
        "takeaway": "yes",
        "check_date": "2025-05-21"
      }
    },
    {
      "type": "Feature",
      "geometry": {
        "type": "Point",
        "coordinates": [
          -0.4030565,
          39.4733757
        ]
      },
      "properties": {
        "id": 11043083288,
        "osm_type": "node",
        "name": "Pechina",
        "check_date": "2023-07-13"
      }
    },
    {
      "type": "Feature",
      "geometry": {
        "type": "Point",
        "coordinates": [
          -0.3859565,
          39.4634985
        ]
      },
      "properties": {
        "id": 11043410458,
        "osm_type": "node",
        "check_date": "2023-07-13"
      }
    },
    {
      "type": "Feature",
      "geometry": {
        "type": "Point",
        "coordinates": [
          -0.6579374,
          38.0481504
        ]
      },
      "properties": {
        "id": 11046363785,
        "osm_type": "node",
        "name": "Cafetería Heladería Playa Moncayo"
      }
    },
    {
      "type": "Feature",
      "geometry": {
        "type": "Point",
        "coordinates": [
          -0.4076643,
          39.4671095
        ]
      },
      "properties": {
        "id": 11047071028,
        "osm_type": "node",
        "name": "Julivert"
      }
    },
    {
      "type": "Feature",
      "geometry": {
        "type": "Point",
        "coordinates": [
          -0.1150661,
          38.9184562
        ]
      },
      "properties": {
        "id": 11062031390,
        "osm_type": "node",
        "name": "Cafetería panadería Mel Romer"
      }
    },
    {
      "type": "Feature",
      "geometry": {
        "type": "Point",
        "coordinates": [
          -0.3771114,
          39.4766793
        ]
      },
      "properties": {
        "id": 11071058811,
        "osm_type": "node",
        "name": "Pantanelli Valencia"
      }
    },
    {
      "type": "Feature",
      "geometry": {
        "type": "Point",
        "coordinates": [
          -0.369675,
          39.4679482
        ]
      },
      "properties": {
        "id": 11071058907,
        "osm_type": "node",
        "name": "levaduramadre"
      }
    },
    {
      "type": "Feature",
      "geometry": {
        "type": "Point",
        "coordinates": [
          -0.3750067,
          39.4737469
        ]
      },
      "properties": {
        "id": 11071059112,
        "osm_type": "node",
        "name": "Levaduramadre",
        "brand": "Levaduramadre",
        "opening_hours": "08:00-20:00",
        "check_date": "2025-01-07"
      }
    },
    {
      "type": "Feature",
      "geometry": {
        "type": "Point",
        "coordinates": [
          -0.2804435,
          40.1377354
        ]
      },
      "properties": {
        "id": 11091202302,
        "osm_type": "node",
        "name": "Albero"
      }
    },
    {
      "type": "Feature",
      "geometry": {
        "type": "Point",
        "coordinates": [
          -0.1390777,
          38.5372905
        ]
      },
      "properties": {
        "id": 11099124837,
        "osm_type": "node",
        "name": "Leodorm",
        "check_date": "2024-05-27"
      }
    },
    {
      "type": "Feature",
      "geometry": {
        "type": "Point",
        "coordinates": [
          -0.1539005,
          38.5359021
        ]
      },
      "properties": {
        "id": 11100037837,
        "osm_type": "node",
        "name": "L'Atelier"
      }
    },
    {
      "type": "Feature",
      "geometry": {
        "type": "Point",
        "coordinates": [
          0.4217712,
          40.4185577
        ]
      },
      "properties": {
        "id": 11123772104,
        "osm_type": "node",
        "name": "Panaderia Torrent"
      }
    },
    {
      "type": "Feature",
      "geometry": {
        "type": "Point",
        "coordinates": [
          -0.3686819,
          39.4729763
        ]
      },
      "properties": {
        "id": 11124477305,
        "osm_type": "node",
        "name": "FAV coffe",
        "opening_hours": "Mo-Fr 08:00-20:00; Sa-Su 10:00-18:00",
        "check_date": "2023-09-01"
      }
    },
    {
      "type": "Feature",
      "geometry": {
        "type": "Point",
        "coordinates": [
          -0.3776973,
          39.4735077
        ]
      },
      "properties": {
        "id": 11134784603,
        "osm_type": "node",
        "name": "Panaria",
        "check_date": "2024-10-02"
      }
    },
    {
      "type": "Feature",
      "geometry": {
        "type": "Point",
        "coordinates": [
          -0.6982754,
          38.2653485
        ]
      },
      "properties": {
        "id": 11136315737,
        "osm_type": "node",
        "name": "Borgonesse"
      }
    },
    {
      "type": "Feature",
      "geometry": {
        "type": "Point",
        "coordinates": [
          -0.0658523,
          38.5744588
        ]
      },
      "properties": {
        "id": 11153593940,
        "osm_type": "node",
        "name": "D·Origen Coffee Roasters",
        "opening_hours": "Mo-Tu 08:30-20:00; We 08:30-14:00; Th-Su 08:30-2:00",
        "outdoor_seating": "yes"
      }
    },
    {
      "type": "Feature",
      "geometry": {
        "type": "Point",
        "coordinates": [
          -0.3675831,
          39.4703527
        ]
      },
      "properties": {
        "id": 11163034142,
        "osm_type": "node",
        "name": "East Crema Coffee Sorni",
        "opening_hours": "Mo-Fr 08:00-20:00; Sa-Su 09:00-20:00",
        "takeaway": "yes",
        "outdoor_seating": "no",
        "check_date": "2023-09-02"
      }
    },
    {
      "type": "Feature",
      "geometry": {
        "type": "Point",
        "coordinates": [
          -0.2079461,
          39.7683381
        ]
      },
      "properties": {
        "id": 11164889382,
        "osm_type": "node",
        "name": "Viciach"
      }
    },
    {
      "type": "Feature",
      "geometry": {
        "type": "Point",
        "coordinates": [
          -0.3637125,
          39.4756572
        ]
      },
      "properties": {
        "id": 11166516438,
        "osm_type": "node",
        "name": "La Tenda 1950"
      }
    },
    {
      "type": "Feature",
      "geometry": {
        "type": "Point",
        "coordinates": [
          -0.3632289,
          39.4758011
        ]
      },
      "properties": {
        "id": 11166524838,
        "osm_type": "node",
        "name": "Panaria"
      }
    },
    {
      "type": "Feature",
      "geometry": {
        "type": "Point",
        "coordinates": [
          -0.3631867,
          39.4752838
        ]
      },
      "properties": {
        "id": 11166527068,
        "osm_type": "node",
        "name": "Pan de Estellés"
      }
    },
    {
      "type": "Feature",
      "geometry": {
        "type": "Point",
        "coordinates": [
          -0.3472112,
          39.4749061
        ]
      },
      "properties": {
        "id": 11176156728,
        "osm_type": "node",
        "name": "Cofix",
        "opening_hours": "Mo-Su 08:00-20:00"
      }
    },
    {
      "type": "Feature",
      "geometry": {
        "type": "Point",
        "coordinates": [
          -0.3403123,
          39.4712221
        ]
      },
      "properties": {
        "id": 11178560110,
        "osm_type": "node",
        "name": "Roma Caffè"
      }
    },
    {
      "type": "Feature",
      "geometry": {
        "type": "Point",
        "coordinates": [
          -0.3617385,
          39.431509
        ]
      },
      "properties": {
        "id": 11188860526,
        "osm_type": "node",
        "name": "Forn Velarte"
      }
    },
    {
      "type": "Feature",
      "geometry": {
        "type": "Point",
        "coordinates": [
          -0.415686,
          39.5070977
        ]
      },
      "properties": {
        "id": 11190003437,
        "osm_type": "node",
        "name": "Trigo y cacao"
      }
    },
    {
      "type": "Feature",
      "geometry": {
        "type": "Point",
        "coordinates": [
          -0.4134765,
          39.5139026
        ]
      },
      "properties": {
        "id": 11197392737,
        "osm_type": "node",
        "name": "Horno san Vicente Tosi",
        "opening_hours": "Mo-Su 07:00-19:00"
      }
    },
    {
      "type": "Feature",
      "geometry": {
        "type": "Point",
        "coordinates": [
          -1.2847617,
          40.0654706
        ]
      },
      "properties": {
        "id": 11205118657,
        "osm_type": "node",
        "name": "Férriz",
        "opening_hours": "Mo-Sa 07:30-13:30"
      }
    },
    {
      "type": "Feature",
      "geometry": {
        "type": "Point",
        "coordinates": [
          -0.3523272,
          39.467973
        ]
      },
      "properties": {
        "id": 11222086742,
        "osm_type": "node",
        "name": "El cafe de camilo"
      }
    },
    {
      "type": "Feature",
      "geometry": {
        "type": "Point",
        "coordinates": [
          -0.396285,
          39.4950208
        ]
      },
      "properties": {
        "id": 11226663048,
        "osm_type": "node",
        "name": "Forn Rafa Pasteseria",
        "check_date": "2025-10-24"
      }
    },
    {
      "type": "Feature",
      "geometry": {
        "type": "Point",
        "coordinates": [
          0.0700712,
          40.2636385
        ]
      },
      "properties": {
        "id": 11232632212,
        "osm_type": "node",
        "name": "Cafetería Panadería Momento"
      }
    },
    {
      "type": "Feature",
      "geometry": {
        "type": "Point",
        "coordinates": [
          -0.3321083,
          39.4614434
        ]
      },
      "properties": {
        "id": 11237193303,
        "osm_type": "node",
        "name": "MiKengo",
        "outdoor_seating": "sidewalk"
      }
    },
    {
      "type": "Feature",
      "geometry": {
        "type": "Point",
        "coordinates": [
          -0.6733533,
          38.2771266
        ]
      },
      "properties": {
        "id": 11238307685,
        "osm_type": "node"
      }
    },
    {
      "type": "Feature",
      "geometry": {
        "type": "Point",
        "coordinates": [
          -0.3298285,
          39.4654353
        ]
      },
      "properties": {
        "id": 11239716933,
        "osm_type": "node",
        "name": "Cafè al Forn",
        "outdoor_seating": "yes"
      }
    },
    {
      "type": "Feature",
      "geometry": {
        "type": "Point",
        "coordinates": [
          -0.3289925,
          39.4656299
        ]
      },
      "properties": {
        "id": 11239716934,
        "osm_type": "node",
        "name": "Monkee",
        "opening_hours": "Mo-Fr 08:30-14:00,16:00-20:00; Sa-Su 09:00-14:00",
        "outdoor_seating": "yes",
        "check_date": "2025-07-31"
      }
    },
    {
      "type": "Feature",
      "geometry": {
        "type": "Point",
        "coordinates": [
          -0.3492246,
          39.4718509
        ]
      },
      "properties": {
        "id": 11265326241,
        "osm_type": "node",
        "name": "Harbin"
      }
    },
    {
      "type": "Feature",
      "geometry": {
        "type": "Point",
        "coordinates": [
          -0.3593933,
          39.4867947
        ]
      },
      "properties": {
        "id": 11289076778,
        "osm_type": "node",
        "name": "Horno Cuenca",
        "opening_hours": "Mo-Fr 07:30-14:30,17:00-20:30; Sa 07:30-14:30; Su,PH 08:30-14:30"
      }
    },
    {
      "type": "Feature",
      "geometry": {
        "type": "Point",
        "coordinates": [
          -0.1393259,
          38.5372898
        ]
      },
      "properties": {
        "id": 11304152340,
        "osm_type": "node",
        "name": "Friends",
        "outdoor_seating": "yes",
        "check_date": "2024-05-27"
      }
    },
    {
      "type": "Feature",
      "geometry": {
        "type": "Point",
        "coordinates": [
          0.0186016,
          38.8265918
        ]
      },
      "properties": {
        "id": 11304842770,
        "osm_type": "node",
        "name": "Café Sendra",
        "outdoor_seating": "no"
      }
    },
    {
      "type": "Feature",
      "geometry": {
        "type": "Point",
        "coordinates": [
          -0.2838539,
          39.6846397
        ]
      },
      "properties": {
        "id": 11310487914,
        "osm_type": "node",
        "name": "El Banco Largo",
        "outdoor_seating": "yes"
      }
    },
    {
      "type": "Feature",
      "geometry": {
        "type": "Point",
        "coordinates": [
          -0.058618,
          39.9915662
        ]
      },
      "properties": {
        "id": 11330828893,
        "osm_type": "node",
        "name": "ExpressArte",
        "check_date": "2023-11-07"
      }
    },
    {
      "type": "Feature",
      "geometry": {
        "type": "Point",
        "coordinates": [
          -0.061833,
          39.9919616
        ]
      },
      "properties": {
        "id": 11330828901,
        "osm_type": "node",
        "name": "Casa Pepe",
        "check_date": "2023-11-07"
      }
    },
    {
      "type": "Feature",
      "geometry": {
        "type": "Point",
        "coordinates": [
          -0.9989613,
          39.7481608
        ]
      },
      "properties": {
        "id": 11331902929,
        "osm_type": "node",
        "name": "Horno"
      }
    },
    {
      "type": "Feature",
      "geometry": {
        "type": "Point",
        "coordinates": [
          -0.5992458,
          38.8233516
        ]
      },
      "properties": {
        "id": 11331972717,
        "osm_type": "node",
        "name": "Panaderia Aupan"
      }
    },
    {
      "type": "Feature",
      "geometry": {
        "type": "Point",
        "coordinates": [
          -0.5992176,
          38.8230956
        ]
      },
      "properties": {
        "id": 11331972718,
        "osm_type": "node",
        "name": "Cafeteria El Rey"
      }
    },
    {
      "type": "Feature",
      "geometry": {
        "type": "Point",
        "coordinates": [
          -0.5994965,
          38.8232565
        ]
      },
      "properties": {
        "id": 11331972721,
        "osm_type": "node",
        "name": "Mes que horta"
      }
    },
    {
      "type": "Feature",
      "geometry": {
        "type": "Point",
        "coordinates": [
          -0.3733337,
          39.4844706
        ]
      },
      "properties": {
        "id": 11333386261,
        "osm_type": "node",
        "name": "Mi Officina",
        "check_date": "2023-11-08"
      }
    },
    {
      "type": "Feature",
      "geometry": {
        "type": "Point",
        "coordinates": [
          0.2012126,
          40.2217381
        ]
      },
      "properties": {
        "id": 11346913342,
        "osm_type": "node",
        "name": "La Gasolinera"
      }
    },
    {
      "type": "Feature",
      "geometry": {
        "type": "Point",
        "coordinates": [
          -0.1572408,
          39.7681979
        ]
      },
      "properties": {
        "id": 11352324093,
        "osm_type": "node",
        "name": "Heladeria Cafeteria Alicia"
      }
    },
    {
      "type": "Feature",
      "geometry": {
        "type": "Point",
        "coordinates": [
          -0.4762897,
          39.4298898
        ]
      },
      "properties": {
        "id": 11362591594,
        "osm_type": "node",
        "name": "Bene Cafeteria"
      }
    },
    {
      "type": "Feature",
      "geometry": {
        "type": "Point",
        "coordinates": [
          -0.3864826,
          39.4800937
        ]
      },
      "properties": {
        "id": 11368204576,
        "osm_type": "node",
        "name": "La Masia de los Jardineros"
      }
    },
    {
      "type": "Feature",
      "geometry": {
        "type": "Point",
        "coordinates": [
          -0.3731609,
          39.4722302
        ]
      },
      "properties": {
        "id": 11371609269,
        "osm_type": "node",
        "name": "La Nau"
      }
    },
    {
      "type": "Feature",
      "geometry": {
        "type": "Point",
        "coordinates": [
          -0.3635274,
          39.4848309
        ]
      },
      "properties": {
        "id": 11371753280,
        "osm_type": "node",
        "name": "Tsukimi bubble tea",
        "opening_hours": "Mo-Fr 10:00-21:00; Sa,Su 11:00-21:00"
      }
    },
    {
      "type": "Feature",
      "geometry": {
        "type": "Point",
        "coordinates": [
          -0.255764,
          39.1630948
        ]
      },
      "properties": {
        "id": 11387804569,
        "osm_type": "node"
      }
    },
    {
      "type": "Feature",
      "geometry": {
        "type": "Point",
        "coordinates": [
          -0.0543818,
          38.5932713
        ]
      },
      "properties": {
        "id": 11389631969,
        "osm_type": "node",
        "name": "Bite The Sandwich Shop",
        "opening_hours": "Tu-Sa 09:00-19:00; Su 09:00-15:00"
      }
    },
    {
      "type": "Feature",
      "geometry": {
        "type": "Point",
        "coordinates": [
          -0.0486275,
          38.6002651
        ]
      },
      "properties": {
        "id": 11389787770,
        "osm_type": "node",
        "opening_hours": "Mo-Fr 09:00-15:00; Sa 10:00-14:00"
      }
    },
    {
      "type": "Feature",
      "geometry": {
        "type": "Point",
        "coordinates": [
          -0.0581704,
          39.9914518
        ]
      },
      "properties": {
        "id": 11392952266,
        "osm_type": "node",
        "name": "Colors"
      }
    },
    {
      "type": "Feature",
      "geometry": {
        "type": "Point",
        "coordinates": [
          -0.5105493,
          38.3479656
        ]
      },
      "properties": {
        "id": 11393789769,
        "osm_type": "node",
        "name": "Katia"
      }
    },
    {
      "type": "Feature",
      "geometry": {
        "type": "Point",
        "coordinates": [
          0.1442489,
          38.7326426
        ]
      },
      "properties": {
        "id": 11395878569,
        "osm_type": "node",
        "name": "Café Bar del mercat"
      }
    },
    {
      "type": "Feature",
      "geometry": {
        "type": "Point",
        "coordinates": [
          0.1631577,
          38.7895565
        ]
      },
      "properties": {
        "id": 11396021966,
        "osm_type": "node",
        "name": "Andrés Mulet"
      }
    },
    {
      "type": "Feature",
      "geometry": {
        "type": "Point",
        "coordinates": [
          -0.4824429,
          38.3468192
        ]
      },
      "properties": {
        "id": 11397649269,
        "osm_type": "node",
        "name": "Swallow - Speciality Coffee & Houseplants",
        "opening_hours": "Su-Mo,We-Sa 08:30-16:30"
      }
    },
    {
      "type": "Feature",
      "geometry": {
        "type": "Point",
        "coordinates": [
          -0.6767651,
          38.2726381
        ]
      },
      "properties": {
        "id": 11401401300,
        "osm_type": "node"
      }
    },
    {
      "type": "Feature",
      "geometry": {
        "type": "Point",
        "coordinates": [
          0.162626,
          38.7902246
        ]
      },
      "properties": {
        "id": 11403311534,
        "osm_type": "node",
        "name": "Il caffè di Giulia",
        "outdoor_seating": "yes"
      }
    },
    {
      "type": "Feature",
      "geometry": {
        "type": "Point",
        "coordinates": [
          -0.2714335,
          39.6760316
        ]
      },
      "properties": {
        "id": 11417083868,
        "osm_type": "node",
        "name": "El Salero",
        "outdoor_seating": "yes",
        "check_date": "2025-09-24"
      }
    },
    {
      "type": "Feature",
      "geometry": {
        "type": "Point",
        "coordinates": [
          -0.5719783,
          39.9132503
        ]
      },
      "properties": {
        "id": 11417142031,
        "osm_type": "node"
      }
    },
    {
      "type": "Feature",
      "geometry": {
        "type": "Point",
        "coordinates": [
          -0.5716497,
          39.9121517
        ]
      },
      "properties": {
        "id": 11417142032,
        "osm_type": "node"
      }
    },
    {
      "type": "Feature",
      "geometry": {
        "type": "Point",
        "coordinates": [
          -0.3721494,
          39.4613587
        ]
      },
      "properties": {
        "id": 11419665369,
        "osm_type": "node",
        "name": "Blackbird",
        "opening_hours": "Mo,We-Su 09:00-19:30",
        "takeaway": "yes",
        "check_date": "2025-11-15"
      }
    },
    {
      "type": "Feature",
      "geometry": {
        "type": "Point",
        "coordinates": [
          0.1332745,
          38.6871146
        ]
      },
      "properties": {
        "id": 11425825093,
        "osm_type": "node"
      }
    },
    {
      "type": "Feature",
      "geometry": {
        "type": "Point",
        "coordinates": [
          0.1334678,
          38.6871343
        ]
      },
      "properties": {
        "id": 11425825095,
        "osm_type": "node"
      }
    },
    {
      "type": "Feature",
      "geometry": {
        "type": "Point",
        "coordinates": [
          0.009245,
          38.8461531
        ]
      },
      "properties": {
        "id": 11467326357,
        "osm_type": "node",
        "name": "Ferghy"
      }
    },
    {
      "type": "Feature",
      "geometry": {
        "type": "Point",
        "coordinates": [
          -0.0614138,
          39.99369
        ]
      },
      "properties": {
        "id": 11486004545,
        "osm_type": "node",
        "name": "Picadilly Coffe"
      }
    },
    {
      "type": "Feature",
      "geometry": {
        "type": "Point",
        "coordinates": [
          -0.7870296,
          39.1324901
        ]
      },
      "properties": {
        "id": 11506425140,
        "osm_type": "node"
      }
    },
    {
      "type": "Feature",
      "geometry": {
        "type": "Point",
        "coordinates": [
          -0.380128,
          39.4804945
        ]
      },
      "properties": {
        "id": 11513775969,
        "osm_type": "node",
        "name": "miga de pan"
      }
    },
    {
      "type": "Feature",
      "geometry": {
        "type": "Point",
        "coordinates": [
          -0.378304,
          39.4774481
        ]
      },
      "properties": {
        "id": 11514009469,
        "osm_type": "node",
        "name": "MESTIZO",
        "opening_hours": "Mo-Fr 09:30-15:00; Sa-Su 09:30-16:30",
        "outdoor_seating": "yes",
        "check_date": "2025-10-23"
      }
    },
    {
      "type": "Feature",
      "geometry": {
        "type": "Point",
        "coordinates": [
          -0.3716133,
          39.4673589
        ]
      },
      "properties": {
        "id": 11515980381,
        "osm_type": "node",
        "name": "Syra Coffee",
        "takeaway": "only"
      }
    },
    {
      "type": "Feature",
      "geometry": {
        "type": "Point",
        "coordinates": [
          -0.3678967,
          39.4670205
        ]
      },
      "properties": {
        "id": 11515980382,
        "osm_type": "node",
        "name": "Syra Coffee",
        "opening_hours": "08:00-20:00",
        "takeaway": "only",
        "check_date": "2024-10-07"
      }
    },
    {
      "type": "Feature",
      "geometry": {
        "type": "Point",
        "coordinates": [
          -0.4877075,
          38.3407309
        ]
      },
      "properties": {
        "id": 11517477511,
        "osm_type": "node",
        "name": "El Rincón de Nadia"
      }
    },
    {
      "type": "Feature",
      "geometry": {
        "type": "Point",
        "coordinates": [
          -0.4787703,
          38.348345
        ]
      },
      "properties": {
        "id": 11526413988,
        "osm_type": "node"
      }
    },
    {
      "type": "Feature",
      "geometry": {
        "type": "Point",
        "coordinates": [
          -0.3780166,
          39.4693711
        ]
      },
      "properties": {
        "id": 11530188469,
        "osm_type": "node",
        "name": "Emblematic",
        "opening_hours": "Mo-Fr 07:00-19:00; Sa 10:00-19:00"
      }
    },
    {
      "type": "Feature",
      "geometry": {
        "type": "Point",
        "coordinates": [
          -0.4002871,
          39.4240636
        ]
      },
      "properties": {
        "id": 11542605632,
        "osm_type": "node",
        "name": "Dulces y Más",
        "opening_hours": "Tu-Su 09:00-14:00",
        "check_date": "2025-02-09"
      }
    },
    {
      "type": "Feature",
      "geometry": {
        "type": "Point",
        "coordinates": [
          -0.7341572,
          37.9269228
        ]
      },
      "properties": {
        "id": 11542872793,
        "osm_type": "node",
        "name": "Take a Break"
      }
    },
    {
      "type": "Feature",
      "geometry": {
        "type": "Point",
        "coordinates": [
          -0.3697994,
          39.4663335
        ]
      },
      "properties": {
        "id": 11556830152,
        "osm_type": "node",
        "name": "docta specialty coffee",
        "opening_hours": "Mo-Fr 07:30-19:00",
        "takeaway": "only"
      }
    },
    {
      "type": "Feature",
      "geometry": {
        "type": "Point",
        "coordinates": [
          -0.3579239,
          39.4676496
        ]
      },
      "properties": {
        "id": 11556860214,
        "osm_type": "node",
        "name": "L'encant de Cattleya",
        "outdoor_seating": "sidewalk"
      }
    },
    {
      "type": "Feature",
      "geometry": {
        "type": "Point",
        "coordinates": [
          -0.3784303,
          39.4703981
        ]
      },
      "properties": {
        "id": 11573653582,
        "osm_type": "node",
        "name": "Chocolates Valor",
        "outdoor_seating": "yes",
        "check_date": "2024-01-31"
      }
    },
    {
      "type": "Feature",
      "geometry": {
        "type": "Point",
        "coordinates": [
          -0.4874936,
          38.9458371
        ]
      },
      "properties": {
        "id": 11575954170,
        "osm_type": "node"
      }
    },
    {
      "type": "Feature",
      "geometry": {
        "type": "Point",
        "coordinates": [
          -0.4948517,
          39.9263478
        ]
      },
      "properties": {
        "id": 11581940071,
        "osm_type": "node",
        "name": "Molt més que pa"
      }
    },
    {
      "type": "Feature",
      "geometry": {
        "type": "Point",
        "coordinates": [
          -0.3656192,
          39.4658271
        ]
      },
      "properties": {
        "id": 11582804185,
        "osm_type": "node",
        "name": "Jeff Coffee"
      }
    },
    {
      "type": "Feature",
      "geometry": {
        "type": "Point",
        "coordinates": [
          -0.4770721,
          38.3551974
        ]
      },
      "properties": {
        "id": 11613300591,
        "osm_type": "node",
        "name": "Forn de Pa Nou Sant Antoni"
      }
    },
    {
      "type": "Feature",
      "geometry": {
        "type": "Point",
        "coordinates": [
          -0.3776744,
          39.4749352
        ]
      },
      "properties": {
        "id": 11617001680,
        "osm_type": "node",
        "name": "Coffee & Bikes",
        "opening_hours": "Mo-Su 09:00-17:00"
      }
    },
    {
      "type": "Feature",
      "geometry": {
        "type": "Point",
        "coordinates": [
          -0.7188377,
          38.1119946
        ]
      },
      "properties": {
        "id": 11634463529,
        "osm_type": "node",
        "name": "Sami’s Plaza",
        "outdoor_seating": "yes"
      }
    },
    {
      "type": "Feature",
      "geometry": {
        "type": "Point",
        "coordinates": [
          -0.3715975,
          39.4627181
        ]
      },
      "properties": {
        "id": 11664907769,
        "osm_type": "node",
        "name": "Fornelino",
        "opening_hours": "Mo-Fr 07:00-21:00; Sa-Su 08:00-21:00"
      }
    },
    {
      "type": "Feature",
      "geometry": {
        "type": "Point",
        "coordinates": [
          -0.3749173,
          39.4735968
        ]
      },
      "properties": {
        "id": 11671712982,
        "osm_type": "node",
        "name": "Manolo Bakes",
        "brand": "Manolo Bakes",
        "opening_hours": "Mo-Su 08:00-20:00",
        "takeaway": "yes"
      }
    },
    {
      "type": "Feature",
      "geometry": {
        "type": "Point",
        "coordinates": [
          -0.3611404,
          39.4875111
        ]
      },
      "properties": {
        "id": 11677562574,
        "osm_type": "node",
        "name": "Cafetería Atusa",
        "opening_hours": "Mo-Sa 09:00-20:00; Su 09:00-16:00"
      }
    },
    {
      "type": "Feature",
      "geometry": {
        "type": "Point",
        "coordinates": [
          -0.4870049,
          38.6939541
        ]
      },
      "properties": {
        "id": 11683859799,
        "osm_type": "node",
        "name": "Cafetería Evohe",
        "outdoor_seating": "yes"
      }
    },
    {
      "type": "Feature",
      "geometry": {
        "type": "Point",
        "coordinates": [
          -0.4860441,
          38.6931236
        ]
      },
      "properties": {
        "id": 11683873961,
        "osm_type": "node",
        "name": "Bar Deportivo"
      }
    },
    {
      "type": "Feature",
      "geometry": {
        "type": "Point",
        "coordinates": [
          -0.3795725,
          39.4764379
        ]
      },
      "properties": {
        "id": 11708826215,
        "osm_type": "node",
        "name": "Elixir"
      }
    },
    {
      "type": "Feature",
      "geometry": {
        "type": "Point",
        "coordinates": [
          -0.4845366,
          38.3582548
        ]
      },
      "properties": {
        "id": 11725953062,
        "osm_type": "node",
        "name": "Pandebonos Take away",
        "opening_hours": "Mo-Su 09:00-22:30"
      }
    },
    {
      "type": "Feature",
      "geometry": {
        "type": "Point",
        "coordinates": [
          -0.3308675,
          39.4657293
        ]
      },
      "properties": {
        "id": 11727728569,
        "osm_type": "node",
        "name": "Patisseria Canyamelar",
        "opening_hours": "Tu-Su 09:00-14:30"
      }
    },
    {
      "type": "Feature",
      "geometry": {
        "type": "Point",
        "coordinates": [
          -0.4018485,
          39.4901579
        ]
      },
      "properties": {
        "id": 11747699846,
        "osm_type": "node",
        "name": "Tahona San Clemente",
        "opening_hours": "Mo-Fr 09:00-21:00",
        "check_date": "2024-03-20"
      }
    },
    {
      "type": "Feature",
      "geometry": {
        "type": "Point",
        "coordinates": [
          -0.3989877,
          39.4909716
        ]
      },
      "properties": {
        "id": 11747723249,
        "osm_type": "node",
        "name": "Rutins",
        "opening_hours": "Mo-Su,PH 08:00-16:00",
        "outdoor_seating": "yes",
        "check_date": "2025-11-18"
      }
    },
    {
      "type": "Feature",
      "geometry": {
        "type": "Point",
        "coordinates": [
          -0.4386077,
          39.4346569
        ]
      },
      "properties": {
        "id": 11748329754,
        "osm_type": "node",
        "name": "Los Amigos"
      }
    },
    {
      "type": "Feature",
      "geometry": {
        "type": "Point",
        "coordinates": [
          -0.438821,
          39.4341482
        ]
      },
      "properties": {
        "id": 11748329756,
        "osm_type": "node",
        "name": "Pan y Dulces"
      }
    },
    {
      "type": "Feature",
      "geometry": {
        "type": "Point",
        "coordinates": [
          -0.4380653,
          39.4348798
        ]
      },
      "properties": {
        "id": 11748340973,
        "osm_type": "node",
        "name": "Café Valkiria",
        "outdoor_seating": "yes"
      }
    },
    {
      "type": "Feature",
      "geometry": {
        "type": "Point",
        "coordinates": [
          -0.4355789,
          39.4356038
        ]
      },
      "properties": {
        "id": 11748340989,
        "osm_type": "node",
        "name": "Forn Pastisseria Baixaulí"
      }
    },
    {
      "type": "Feature",
      "geometry": {
        "type": "Point",
        "coordinates": [
          -0.4343704,
          39.4341254
        ]
      },
      "properties": {
        "id": 11748341011,
        "osm_type": "node",
        "name": "Forn Artesà - Verge del Pilar"
      }
    },
    {
      "type": "Feature",
      "geometry": {
        "type": "Point",
        "coordinates": [
          -0.4334511,
          39.4343059
        ]
      },
      "properties": {
        "id": 11748341020,
        "osm_type": "node",
        "name": "La Nube"
      }
    },
    {
      "type": "Feature",
      "geometry": {
        "type": "Point",
        "coordinates": [
          -0.4330565,
          39.4348559
        ]
      },
      "properties": {
        "id": 11748690233,
        "osm_type": "node",
        "name": "Cafeteria la Lluna"
      }
    },
    {
      "type": "Feature",
      "geometry": {
        "type": "Point",
        "coordinates": [
          -0.4325419,
          39.4341356
        ]
      },
      "properties": {
        "id": 11748690256,
        "osm_type": "node",
        "name": "Ca Pepa"
      }
    },
    {
      "type": "Feature",
      "geometry": {
        "type": "Point",
        "coordinates": [
          -0.3795588,
          39.4723056
        ]
      },
      "properties": {
        "id": 11765963493,
        "osm_type": "node",
        "name": "Picamos Cafeteria Panaderia Bolleria",
        "takeaway": "yes",
        "outdoor_seating": "yes",
        "check_date": "2024-03-27"
      }
    },
    {
      "type": "Feature",
      "geometry": {
        "type": "Point",
        "coordinates": [
          -0.476798,
          39.8630291
        ]
      },
      "properties": {
        "id": 11787292753,
        "osm_type": "node",
        "name": "Horno Tomás Bolumar"
      }
    },
    {
      "type": "Feature",
      "geometry": {
        "type": "Point",
        "coordinates": [
          -0.7171404,
          38.1152558
        ]
      },
      "properties": {
        "id": 11812215507,
        "osm_type": "node",
        "name": "Panadería Poveda"
      }
    },
    {
      "type": "Feature",
      "geometry": {
        "type": "Point",
        "coordinates": [
          -0.3151639,
          40.0191324
        ]
      },
      "properties": {
        "id": 11820327543,
        "osm_type": "node",
        "name": "Panadería Quimi"
      }
    },
    {
      "type": "Feature",
      "geometry": {
        "type": "Point",
        "coordinates": [
          -0.3491061,
          39.4602084
        ]
      },
      "properties": {
        "id": 11826980259,
        "osm_type": "node",
        "name": "Borja Specialty Coffee"
      }
    },
    {
      "type": "Feature",
      "geometry": {
        "type": "Point",
        "coordinates": [
          -0.3670981,
          39.4648704
        ]
      },
      "properties": {
        "id": 11826994390,
        "osm_type": "node",
        "name": "Mòlt | Obrador de pa",
        "opening_hours": "Mo-Fr 09:30-20:30; Sa 09:30-14:00",
        "takeaway": "only",
        "outdoor_seating": "no"
      }
    },
    {
      "type": "Feature",
      "geometry": {
        "type": "Point",
        "coordinates": [
          -0.3625659,
          39.4755823
        ]
      },
      "properties": {
        "id": 11828790984,
        "osm_type": "node",
        "name": "levaduramadre"
      }
    },
    {
      "type": "Feature",
      "geometry": {
        "type": "Point",
        "coordinates": [
          -0.483108,
          38.3552282
        ]
      },
      "properties": {
        "id": 11845041278,
        "osm_type": "node",
        "name": "Beauty Queen",
        "outdoor_seating": "no"
      }
    },
    {
      "type": "Feature",
      "geometry": {
        "type": "Point",
        "coordinates": [
          0.4379752,
          40.4231672
        ]
      },
      "properties": {
        "id": 11847643232,
        "osm_type": "node",
        "name": "Bar Mar Chica",
        "opening_hours": "Mo-Su 11:00-00:00",
        "outdoor_seating": "yes"
      }
    },
    {
      "type": "Feature",
      "geometry": {
        "type": "Point",
        "coordinates": [
          0.1791629,
          40.4647253
        ]
      },
      "properties": {
        "id": 11867542559,
        "osm_type": "node",
        "name": "Panader Artesà Marc Luzón"
      }
    },
    {
      "type": "Feature",
      "geometry": {
        "type": "Point",
        "coordinates": [
          -0.7193965,
          38.1123065
        ]
      },
      "properties": {
        "id": 11869279689,
        "osm_type": "node",
        "name": "Horno Soterín",
        "opening_hours": "Mo-Fr 06:45-13:45; Sa 07:00-14:30"
      }
    },
    {
      "type": "Feature",
      "geometry": {
        "type": "Point",
        "coordinates": [
          -0.1352513,
          38.5379758
        ]
      },
      "properties": {
        "id": 11873697273,
        "osm_type": "node",
        "name": "Poniente",
        "check_date": "2024-05-02"
      }
    },
    {
      "type": "Feature",
      "geometry": {
        "type": "Point",
        "coordinates": [
          -0.3794906,
          39.4709827
        ]
      },
      "properties": {
        "id": 11883376169,
        "osm_type": "node",
        "name": "UNAM brunch & co.",
        "outdoor_seating": "yes"
      }
    },
    {
      "type": "Feature",
      "geometry": {
        "type": "Point",
        "coordinates": [
          -0.3694567,
          39.4634855
        ]
      },
      "properties": {
        "id": 11887072669,
        "osm_type": "node",
        "name": "FloRa"
      }
    },
    {
      "type": "Feature",
      "geometry": {
        "type": "Point",
        "coordinates": [
          -1.0867119,
          38.4096429
        ]
      },
      "properties": {
        "id": 11889935686,
        "osm_type": "node"
      }
    },
    {
      "type": "Feature",
      "geometry": {
        "type": "Point",
        "coordinates": [
          -0.555433,
          38.1933249
        ]
      },
      "properties": {
        "id": 11898597153,
        "osm_type": "node",
        "name": "Churrería Pepito",
        "outdoor_seating": "no"
      }
    },
    {
      "type": "Feature",
      "geometry": {
        "type": "Point",
        "coordinates": [
          0.024664,
          40.356846
        ]
      },
      "properties": {
        "id": 11900220166,
        "osm_type": "node",
        "name": "Forn Vidal"
      }
    },
    {
      "type": "Feature",
      "geometry": {
        "type": "Point",
        "coordinates": [
          -0.3768152,
          39.4776573
        ]
      },
      "properties": {
        "id": 11920121092,
        "osm_type": "node",
        "name": "Kali",
        "check_date": "2024-05-20"
      }
    },
    {
      "type": "Feature",
      "geometry": {
        "type": "Point",
        "coordinates": [
          -0.1874324,
          39.7819434
        ]
      },
      "properties": {
        "id": 11927936531,
        "osm_type": "node",
        "name": "Plaça cafeteria"
      }
    },
    {
      "type": "Feature",
      "geometry": {
        "type": "Point",
        "coordinates": [
          -0.1867515,
          39.7811252
        ]
      },
      "properties": {
        "id": 11927939657,
        "osm_type": "node",
        "name": "bón ambient"
      }
    },
    {
      "type": "Feature",
      "geometry": {
        "type": "Point",
        "coordinates": [
          -0.377485,
          39.473297
        ]
      },
      "properties": {
        "id": 11928757414,
        "osm_type": "node",
        "name": "El Fardachos",
        "outdoor_seating": "no",
        "check_date": "2024-10-02"
      }
    },
    {
      "type": "Feature",
      "geometry": {
        "type": "Point",
        "coordinates": [
          -0.6688421,
          37.9784171
        ]
      },
      "properties": {
        "id": 11929071269,
        "osm_type": "node",
        "name": "Panadería Torregrosa"
      }
    },
    {
      "type": "Feature",
      "geometry": {
        "type": "Point",
        "coordinates": [
          0.4776208,
          40.4700661
        ]
      },
      "properties": {
        "id": 11930116194,
        "osm_type": "node",
        "name": "The Royal Bistro"
      }
    },
    {
      "type": "Feature",
      "geometry": {
        "type": "Point",
        "coordinates": [
          0.4776907,
          40.4701331
        ]
      },
      "properties": {
        "id": 11930145282,
        "osm_type": "node",
        "name": "Café Paris"
      }
    },
    {
      "type": "Feature",
      "geometry": {
        "type": "Point",
        "coordinates": [
          0.4777675,
          40.4702017
        ]
      },
      "properties": {
        "id": 11930149369,
        "osm_type": "node",
        "name": "Bella Vita"
      }
    },
    {
      "type": "Feature",
      "geometry": {
        "type": "Point",
        "coordinates": [
          0.4773025,
          40.4697425
        ]
      },
      "properties": {
        "id": 11930153896,
        "osm_type": "node",
        "name": "Café Mozart"
      }
    },
    {
      "type": "Feature",
      "geometry": {
        "type": "Point",
        "coordinates": [
          0.4772207,
          40.4695897
        ]
      },
      "properties": {
        "id": 11930156078,
        "osm_type": "node",
        "name": "Cafeteria Nou Vilet"
      }
    },
    {
      "type": "Feature",
      "geometry": {
        "type": "Point",
        "coordinates": [
          0.4737662,
          40.466797
        ]
      },
      "properties": {
        "id": 11930196727,
        "osm_type": "node",
        "name": "Alfredo Cano"
      }
    },
    {
      "type": "Feature",
      "geometry": {
        "type": "Point",
        "coordinates": [
          -0.1453821,
          38.5372631
        ]
      },
      "properties": {
        "id": 11930235529,
        "osm_type": "node",
        "name": "La Familia",
        "outdoor_seating": "yes",
        "check_date": "2024-05-24"
      }
    },
    {
      "type": "Feature",
      "geometry": {
        "type": "Point",
        "coordinates": [
          -0.1454937,
          38.5372585
        ]
      },
      "properties": {
        "id": 11930235530,
        "osm_type": "node",
        "name": "Tortuga Beach",
        "outdoor_seating": "yes",
        "check_date": "2024-05-27"
      }
    },
    {
      "type": "Feature",
      "geometry": {
        "type": "Point",
        "coordinates": [
          -0.1459719,
          38.5372457
        ]
      },
      "properties": {
        "id": 11930235532,
        "osm_type": "node",
        "name": "Zodiac",
        "outdoor_seating": "yes",
        "check_date": "2024-05-27"
      }
    },
    {
      "type": "Feature",
      "geometry": {
        "type": "Point",
        "coordinates": [
          0.47555,
          40.4687307
        ]
      },
      "properties": {
        "id": 11930237764,
        "osm_type": "node",
        "name": "L' Estanca"
      }
    },
    {
      "type": "Feature",
      "geometry": {
        "type": "Point",
        "coordinates": [
          0.4753948,
          40.4688273
        ]
      },
      "properties": {
        "id": 11930239348,
        "osm_type": "node",
        "name": "Vanilla & Coci"
      }
    },
    {
      "type": "Feature",
      "geometry": {
        "type": "Point",
        "coordinates": [
          0.4750974,
          40.4684298
        ]
      },
      "properties": {
        "id": 11930239516,
        "osm_type": "node",
        "name": "quatre barrcs"
      }
    },
    {
      "type": "Feature",
      "geometry": {
        "type": "Point",
        "coordinates": [
          0.4745985,
          40.4677328
        ]
      },
      "properties": {
        "id": 11930250252,
        "osm_type": "node",
        "name": "Maria Luisa"
      }
    },
    {
      "type": "Feature",
      "geometry": {
        "type": "Point",
        "coordinates": [
          0.4748273,
          40.4688143
        ]
      },
      "properties": {
        "id": 11930265386,
        "osm_type": "node",
        "name": "Qué de Ké"
      }
    },
    {
      "type": "Feature",
      "geometry": {
        "type": "Point",
        "coordinates": [
          0.4745101,
          40.4690002
        ]
      },
      "properties": {
        "id": 11930288740,
        "osm_type": "node",
        "name": "El Passatge"
      }
    },
    {
      "type": "Feature",
      "geometry": {
        "type": "Point",
        "coordinates": [
          0.4749992,
          40.4695733
        ]
      },
      "properties": {
        "id": 11930316019,
        "osm_type": "node",
        "name": "Mandragora"
      }
    },
    {
      "type": "Feature",
      "geometry": {
        "type": "Point",
        "coordinates": [
          0.4754613,
          40.4692855
        ]
      },
      "properties": {
        "id": 11930316167,
        "osm_type": "node",
        "name": "Casa Peña"
      }
    },
    {
      "type": "Feature",
      "geometry": {
        "type": "Point",
        "coordinates": [
          0.4759757,
          40.4695436
        ]
      },
      "properties": {
        "id": 11930318576,
        "osm_type": "node",
        "name": "Cocoa"
      }
    },
    {
      "type": "Feature",
      "geometry": {
        "type": "Point",
        "coordinates": [
          0.4767832,
          40.4692917
        ]
      },
      "properties": {
        "id": 11930348251,
        "osm_type": "node",
        "name": "Nancy Bar"
      }
    },
    {
      "type": "Feature",
      "geometry": {
        "type": "Point",
        "coordinates": [
          -0.6975868,
          39.1036228
        ]
      },
      "properties": {
        "id": 11931173129,
        "osm_type": "node",
        "name": "Pub pirraca"
      }
    },
    {
      "type": "Feature",
      "geometry": {
        "type": "Point",
        "coordinates": [
          -0.1401932,
          38.5372758
        ]
      },
      "properties": {
        "id": 11936658564,
        "osm_type": "node",
        "name": "Trdlo De Praga",
        "outdoor_seating": "yes",
        "check_date": "2024-05-27"
      }
    },
    {
      "type": "Feature",
      "geometry": {
        "type": "Point",
        "coordinates": [
          -0.1417384,
          38.5372704
        ]
      },
      "properties": {
        "id": 11936685772,
        "osm_type": "node",
        "name": "Caty's",
        "check_date": "2024-05-27"
      }
    },
    {
      "type": "Feature",
      "geometry": {
        "type": "Point",
        "coordinates": [
          0.4764035,
          40.4700095
        ]
      },
      "properties": {
        "id": 11939172240,
        "osm_type": "node",
        "name": "La Tasca del Mercat"
      }
    },
    {
      "type": "Feature",
      "geometry": {
        "type": "Point",
        "coordinates": [
          0.476897,
          40.4696889
        ]
      },
      "properties": {
        "id": 11939232942,
        "osm_type": "node",
        "name": "La Plaza"
      }
    },
    {
      "type": "Feature",
      "geometry": {
        "type": "Point",
        "coordinates": [
          0.476586,
          40.4702811
        ]
      },
      "properties": {
        "id": 11939356765,
        "osm_type": "node",
        "name": "L'Illa"
      }
    },
    {
      "type": "Feature",
      "geometry": {
        "type": "Point",
        "coordinates": [
          -0.1393776,
          38.5372886
        ]
      },
      "properties": {
        "id": 11940206441,
        "osm_type": "node",
        "name": "Chus",
        "outdoor_seating": "yes",
        "check_date": "2024-05-27"
      }
    },
    {
      "type": "Feature",
      "geometry": {
        "type": "Point",
        "coordinates": [
          -0.4555828,
          39.4908962
        ]
      },
      "properties": {
        "id": 11948511724,
        "osm_type": "node",
        "name": "Obradors"
      }
    },
    {
      "type": "Feature",
      "geometry": {
        "type": "Point",
        "coordinates": [
          -0.3775946,
          39.4725716
        ]
      },
      "properties": {
        "id": 11958492309,
        "osm_type": "node",
        "name": "Café Malbec",
        "check_date": "2026-04-29"
      }
    },
    {
      "type": "Feature",
      "geometry": {
        "type": "Point",
        "coordinates": [
          -0.3914042,
          39.4884062
        ]
      },
      "properties": {
        "id": 11961087516,
        "osm_type": "node",
        "name": "Cafés Valente",
        "opening_hours": "Mo-Sa 07:00-21:30; Su,PH 09:00-14:00,17:00-21:30",
        "check_date": "2024-06-06"
      }
    },
    {
      "type": "Feature",
      "geometry": {
        "type": "Point",
        "coordinates": [
          -0.3642254,
          39.4611757
        ]
      },
      "properties": {
        "id": 11961183369,
        "osm_type": "node",
        "name": "etcétera",
        "opening_hours": "Mo-Tu 08:30-14:00; We-Fr 08:30-14:00, 17:00-21:00; Sa 09:00-14:00"
      }
    },
    {
      "type": "Feature",
      "geometry": {
        "type": "Point",
        "coordinates": [
          -0.4928856,
          38.3432005
        ]
      },
      "properties": {
        "id": 11964291431,
        "osm_type": "node",
        "name": "Starbucks",
        "brand": "Starbucks",
        "takeaway": "yes",
        "check_date": "2024-06-08"
      }
    },
    {
      "type": "Feature",
      "geometry": {
        "type": "Point",
        "coordinates": [
          -0.7725271,
          38.3817233
        ]
      },
      "properties": {
        "id": 11968677585,
        "osm_type": "node",
        "name": "El Tindaya",
        "check_date": "2024-06-10"
      }
    },
    {
      "type": "Feature",
      "geometry": {
        "type": "Point",
        "coordinates": [
          -0.3968311,
          39.4721346
        ]
      },
      "properties": {
        "id": 11968918669,
        "osm_type": "node",
        "name": "La Brioxeria",
        "opening_hours": "We-Sa 08:00-15:00; Su 09:00-14:00"
      }
    },
    {
      "type": "Feature",
      "geometry": {
        "type": "Point",
        "coordinates": [
          -0.4230852,
          39.2885808
        ]
      },
      "properties": {
        "id": 11989874065,
        "osm_type": "node",
        "name": "Cafés Valiente"
      }
    },
    {
      "type": "Feature",
      "geometry": {
        "type": "Point",
        "coordinates": [
          -0.3749198,
          39.4740157
        ]
      },
      "properties": {
        "id": 11994617670,
        "osm_type": "node",
        "name": "Horchatería Daniel",
        "opening_hours": "Mo-Su 10:00-22:00"
      }
    },
    {
      "type": "Feature",
      "geometry": {
        "type": "Point",
        "coordinates": [
          -0.363062,
          39.480146
        ]
      },
      "properties": {
        "id": 12002453869,
        "osm_type": "node",
        "name": "Nável",
        "check_date": "2024-06-04"
      }
    },
    {
      "type": "Feature",
      "geometry": {
        "type": "Point",
        "coordinates": [
          -0.3817076,
          39.4829393
        ]
      },
      "properties": {
        "id": 12002453871,
        "osm_type": "node",
        "name": "Alquima Caf",
        "opening_hours": "Mo-Th 08:00-21:00; Fr 09:00-14:00,17:00-21:00; PH 09:00-15:00",
        "outdoor_seating": "yes",
        "check_date": "2024-06-07"
      }
    },
    {
      "type": "Feature",
      "geometry": {
        "type": "Point",
        "coordinates": [
          -0.2576012,
          40.4266865
        ]
      },
      "properties": {
        "id": 12012310339,
        "osm_type": "node"
      }
    },
    {
      "type": "Feature",
      "geometry": {
        "type": "Point",
        "coordinates": [
          -0.7084033,
          38.266501
        ]
      },
      "properties": {
        "id": 12023002692,
        "osm_type": "node",
        "name": "Confitería Lozano"
      }
    },
    {
      "type": "Feature",
      "geometry": {
        "type": "Point",
        "coordinates": [
          -0.3672856,
          39.4647873
        ]
      },
      "properties": {
        "id": 12037268130,
        "osm_type": "node",
        "name": "Copper Coffee",
        "opening_hours": "Mo-Fr 09:30-14:00,17:00-20:30",
        "outdoor_seating": "sidewalk",
        "check_date": "2025-10-12"
      }
    },
    {
      "type": "Feature",
      "geometry": {
        "type": "Point",
        "coordinates": [
          -0.3299246,
          39.4647456
        ]
      },
      "properties": {
        "id": 12039978723,
        "osm_type": "node",
        "name": "Tallat",
        "outdoor_seating": "yes"
      }
    },
    {
      "type": "Feature",
      "geometry": {
        "type": "Point",
        "coordinates": [
          -0.3769961,
          39.4740082
        ]
      },
      "properties": {
        "id": 12042335722,
        "osm_type": "node",
        "name": "Via Dolce - Cannoleria e Gelateria",
        "check_date": "2024-10-08"
      }
    },
    {
      "type": "Feature",
      "geometry": {
        "type": "Point",
        "coordinates": [
          -0.0484795,
          40.0018078
        ]
      },
      "properties": {
        "id": 12043266123,
        "osm_type": "node",
        "name": "Forn Mateu Els Ibarsos",
        "opening_hours": "Mo-Sa 08:00-14:00;Su,PH off"
      }
    },
    {
      "type": "Feature",
      "geometry": {
        "type": "Point",
        "coordinates": [
          0.1959313,
          40.2196955
        ]
      },
      "properties": {
        "id": 12062773298,
        "osm_type": "node"
      }
    },
    {
      "type": "Feature",
      "geometry": {
        "type": "Point",
        "coordinates": [
          -0.3635925,
          39.4650791
        ]
      },
      "properties": {
        "id": 12068896637,
        "osm_type": "node"
      }
    },
    {
      "type": "Feature",
      "geometry": {
        "type": "Point",
        "coordinates": [
          -0.3803149,
          39.4681765
        ]
      },
      "properties": {
        "id": 12068900525,
        "osm_type": "node",
        "name": "CoCo Fresh Tea & Juice",
        "brand": "CoCo",
        "opening_hours": "Mo-Su 11:20-23:00",
        "takeaway": "yes"
      }
    },
    {
      "type": "Feature",
      "geometry": {
        "type": "Point",
        "coordinates": [
          -0.3781444,
          39.4732442
        ]
      },
      "properties": {
        "id": 12071062337,
        "osm_type": "node",
        "name": "Bar la Lonja",
        "check_date": "2025-06-11"
      }
    },
    {
      "type": "Feature",
      "geometry": {
        "type": "Point",
        "coordinates": [
          -0.3375495,
          39.4703861
        ]
      },
      "properties": {
        "id": 12074215546,
        "osm_type": "node",
        "name": "Liaopastel"
      }
    },
    {
      "type": "Feature",
      "geometry": {
        "type": "Point",
        "coordinates": [
          -0.3279009,
          39.4761279
        ]
      },
      "properties": {
        "id": 12074885442,
        "osm_type": "node",
        "name": "Moliner"
      }
    },
    {
      "type": "Feature",
      "geometry": {
        "type": "Point",
        "coordinates": [
          -0.3582979,
          39.455906
        ]
      },
      "properties": {
        "id": 12077255644,
        "osm_type": "node",
        "name": "Cervecería Casa Blanca",
        "outdoor_seating": "yes",
        "check_date": "2024-07-27"
      }
    },
    {
      "type": "Feature",
      "geometry": {
        "type": "Point",
        "coordinates": [
          -0.3709247,
          39.4618662
        ]
      },
      "properties": {
        "id": 12085678694,
        "osm_type": "node",
        "name": "Elixir Café",
        "opening_hours": "Mo-Fr 09:00-13:30; Sa 09:30-14:00",
        "outdoor_seating": "no"
      }
    },
    {
      "type": "Feature",
      "geometry": {
        "type": "Point",
        "coordinates": [
          -0.3758303,
          39.4730271
        ]
      },
      "properties": {
        "id": 12090702899,
        "osm_type": "node",
        "name": "Goat",
        "check_date": "2025-10-22"
      }
    },
    {
      "type": "Feature",
      "geometry": {
        "type": "Point",
        "coordinates": [
          -0.7546502,
          37.8833747
        ]
      },
      "properties": {
        "id": 12121127411,
        "osm_type": "node",
        "name": "Vaivén",
        "outdoor_seating": "yes"
      }
    },
    {
      "type": "Feature",
      "geometry": {
        "type": "Point",
        "coordinates": [
          -0.4243291,
          39.2827979
        ]
      },
      "properties": {
        "id": 12122255602,
        "osm_type": "node",
        "name": "Cafeteria la Llum"
      }
    },
    {
      "type": "Feature",
      "geometry": {
        "type": "Point",
        "coordinates": [
          -0.3665038,
          39.4665508
        ]
      },
      "properties": {
        "id": 12123066256,
        "osm_type": "node",
        "name": "hac!",
        "opening_hours": "Mo-Tu off; We-Fr 09:00-17:00; Sa-Su 09:00-18:00",
        "takeaway": "yes",
        "outdoor_seating": "yes",
        "check_date": "2024-11-30"
      }
    },
    {
      "type": "Feature",
      "geometry": {
        "type": "Point",
        "coordinates": [
          -0.4269893,
          39.2820752
        ]
      },
      "properties": {
        "id": 12124512032,
        "osm_type": "node",
        "name": "Forn Pastisseria"
      }
    },
    {
      "type": "Feature",
      "geometry": {
        "type": "Point",
        "coordinates": [
          -0.4270327,
          39.2840279
        ]
      },
      "properties": {
        "id": 12124512036,
        "osm_type": "node",
        "name": "Forn la Placeta"
      }
    },
    {
      "type": "Feature",
      "geometry": {
        "type": "Point",
        "coordinates": [
          -0.4246655,
          39.282978
        ]
      },
      "properties": {
        "id": 12124512043,
        "osm_type": "node",
        "name": "Tropicana: Café i Gelats Artesanals"
      }
    },
    {
      "type": "Feature",
      "geometry": {
        "type": "Point",
        "coordinates": [
          -0.4271836,
          39.2851125
        ]
      },
      "properties": {
        "id": 12124512062,
        "osm_type": "node",
        "name": "Cafeteria Palomero"
      }
    },
    {
      "type": "Feature",
      "geometry": {
        "type": "Point",
        "coordinates": [
          -0.491638,
          39.0540795
        ]
      },
      "properties": {
        "id": 12125537890,
        "osm_type": "node",
        "name": "Bon Mosset"
      }
    },
    {
      "type": "Feature",
      "geometry": {
        "type": "Point",
        "coordinates": [
          -0.4932102,
          39.0516159
        ]
      },
      "properties": {
        "id": 12125537897,
        "osm_type": "node",
        "name": "El Rebost"
      }
    },
    {
      "type": "Feature",
      "geometry": {
        "type": "Point",
        "coordinates": [
          -0.4277569,
          39.285128
        ]
      },
      "properties": {
        "id": 12128356005,
        "osm_type": "node",
        "name": "Cafeteria la Placeta"
      }
    },
    {
      "type": "Feature",
      "geometry": {
        "type": "Point",
        "coordinates": [
          -0.4258476,
          39.2843327
        ]
      },
      "properties": {
        "id": 12128356019,
        "osm_type": "node",
        "name": "Bar el Mercat",
        "outdoor_seating": "yes"
      }
    },
    {
      "type": "Feature",
      "geometry": {
        "type": "Point",
        "coordinates": [
          -0.2155737,
          40.58325
        ]
      },
      "properties": {
        "id": 12133627691,
        "osm_type": "node",
        "name": "Forn El Pou"
      }
    },
    {
      "type": "Feature",
      "geometry": {
        "type": "Point",
        "coordinates": [
          -0.4266052,
          39.2850752
        ]
      },
      "properties": {
        "id": 12133864000,
        "osm_type": "node",
        "name": "Café 24"
      }
    },
    {
      "type": "Feature",
      "geometry": {
        "type": "Point",
        "coordinates": [
          -0.4266662,
          39.2851247
        ]
      },
      "properties": {
        "id": 12133898701,
        "osm_type": "node",
        "name": "Cafeteria Vins & Gins"
      }
    },
    {
      "type": "Feature",
      "geometry": {
        "type": "Point",
        "coordinates": [
          -0.3801355,
          39.4693356
        ]
      },
      "properties": {
        "id": 12138516186,
        "osm_type": "node",
        "name": "Viu",
        "opening_hours": "Mo-Fr 08:00-14:00"
      }
    },
    {
      "type": "Feature",
      "geometry": {
        "type": "Point",
        "coordinates": [
          -0.3707575,
          39.4606896
        ]
      },
      "properties": {
        "id": 12138534722,
        "osm_type": "node",
        "name": "Let It Bloom",
        "opening_hours": "Tu-Fr 08:30-17:00; Sa,Su 09:00-17:00",
        "outdoor_seating": "sidewalk"
      }
    },
    {
      "type": "Feature",
      "geometry": {
        "type": "Point",
        "coordinates": [
          -0.3818594,
          39.4671089
        ]
      },
      "properties": {
        "id": 12138540701,
        "osm_type": "node"
      }
    },
    {
      "type": "Feature",
      "geometry": {
        "type": "Point",
        "coordinates": [
          -0.3819729,
          39.4680024
        ]
      },
      "properties": {
        "id": 12142141599,
        "osm_type": "node",
        "name": "Casa Capicúa",
        "outdoor_seating": "yes"
      }
    },
    {
      "type": "Feature",
      "geometry": {
        "type": "Point",
        "coordinates": [
          -0.3524532,
          39.4791777
        ]
      },
      "properties": {
        "id": 12150586656,
        "osm_type": "node",
        "name": "Colomer",
        "outdoor_seating": "sidewalk"
      }
    },
    {
      "type": "Feature",
      "geometry": {
        "type": "Point",
        "coordinates": [
          -0.5282236,
          39.5652922
        ]
      },
      "properties": {
        "id": 12151825882,
        "osm_type": "node",
        "name": "Café Zantó"
      }
    },
    {
      "type": "Feature",
      "geometry": {
        "type": "Point",
        "coordinates": [
          -0.4403033,
          39.149992
        ]
      },
      "properties": {
        "id": 12152757401,
        "osm_type": "node",
        "name": "Liaopastel",
        "opening_hours": "Mo-Su 06:00-22:00"
      }
    },
    {
      "type": "Feature",
      "geometry": {
        "type": "Point",
        "coordinates": [
          0.0455981,
          38.6458984
        ]
      },
      "properties": {
        "id": 12155128189,
        "osm_type": "node",
        "name": "Bugatti",
        "opening_hours": "Mo-Sa 08:30-23:00",
        "outdoor_seating": "yes"
      }
    },
    {
      "type": "Feature",
      "geometry": {
        "type": "Point",
        "coordinates": [
          -0.7252666,
          37.931806
        ]
      },
      "properties": {
        "id": 12155611831,
        "osm_type": "node",
        "name": "Pepe's Café",
        "outdoor_seating": "yes"
      }
    },
    {
      "type": "Feature",
      "geometry": {
        "type": "Point",
        "coordinates": [
          -0.2601825,
          39.0736436
        ]
      },
      "properties": {
        "id": 12156005857,
        "osm_type": "node",
        "name": "Ca'Angel Bar-Cafetería-cervesería",
        "outdoor_seating": "yes",
        "check_date": "2024-09-04"
      }
    },
    {
      "type": "Feature",
      "geometry": {
        "type": "Point",
        "coordinates": [
          -0.2601451,
          39.0734164
        ]
      },
      "properties": {
        "id": 12156007984,
        "osm_type": "node",
        "name": "The legend cafetería Tapería",
        "check_date": "2024-09-04"
      }
    },
    {
      "type": "Feature",
      "geometry": {
        "type": "Point",
        "coordinates": [
          -0.3314827,
          39.4681986
        ]
      },
      "properties": {
        "id": 12158613685,
        "osm_type": "node",
        "name": "Semillas",
        "opening_hours": "Tu,Th,Fr 09:00-15:00; We 09:30-15:00; Sa 10:00-15:00",
        "outdoor_seating": "pedestrian_zone"
      }
    },
    {
      "type": "Feature",
      "geometry": {
        "type": "Point",
        "coordinates": [
          -0.3313564,
          39.5676254
        ]
      },
      "properties": {
        "id": 12163391979,
        "osm_type": "node",
        "name": "Forn Clemente"
      }
    },
    {
      "type": "Feature",
      "geometry": {
        "type": "Point",
        "coordinates": [
          -0.4831512,
          38.3445972
        ]
      },
      "properties": {
        "id": 12165617835,
        "osm_type": "node",
        "name": "El Molí",
        "outdoor_seating": "yes"
      }
    },
    {
      "type": "Feature",
      "geometry": {
        "type": "Point",
        "coordinates": [
          -0.4396564,
          38.7430626
        ]
      },
      "properties": {
        "id": 12170288984,
        "osm_type": "node"
      }
    },
    {
      "type": "Feature",
      "geometry": {
        "type": "Point",
        "coordinates": [
          -0.4400742,
          38.7428341
        ]
      },
      "properties": {
        "id": 12170299934,
        "osm_type": "node",
        "name": "La Torreta"
      }
    },
    {
      "type": "Feature",
      "geometry": {
        "type": "Point",
        "coordinates": [
          -0.4388361,
          38.7416231
        ]
      },
      "properties": {
        "id": 12170384344,
        "osm_type": "node",
        "name": "Ripoll"
      }
    },
    {
      "type": "Feature",
      "geometry": {
        "type": "Point",
        "coordinates": [
          -0.3809586,
          39.4626713
        ]
      },
      "properties": {
        "id": 12176569738,
        "osm_type": "node",
        "name": "Flying Bean Coffee",
        "outdoor_seating": "yes"
      }
    },
    {
      "type": "Feature",
      "geometry": {
        "type": "Point",
        "coordinates": [
          -0.369729,
          39.4620054
        ]
      },
      "properties": {
        "id": 12176575570,
        "osm_type": "node",
        "name": "Casa Raíz",
        "outdoor_seating": "yes"
      }
    },
    {
      "type": "Feature",
      "geometry": {
        "type": "Point",
        "coordinates": [
          -0.0646891,
          38.7806578
        ]
      },
      "properties": {
        "id": 12197442714,
        "osm_type": "node",
        "name": "Panaderia y Pasteleria Salvador Martínez"
      }
    },
    {
      "type": "Feature",
      "geometry": {
        "type": "Point",
        "coordinates": [
          -0.1403878,
          40.3799196
        ]
      },
      "properties": {
        "id": 12207137304,
        "osm_type": "node",
        "name": "Panaderia El Maset"
      }
    },
    {
      "type": "Feature",
      "geometry": {
        "type": "Point",
        "coordinates": [
          -0.3859681,
          39.4672138
        ]
      },
      "properties": {
        "id": 12209094603,
        "osm_type": "node",
        "name": "CLEM CAFÉ",
        "opening_hours": "Mo-Su 09:00-18:00",
        "outdoor_seating": "yes"
      }
    },
    {
      "type": "Feature",
      "geometry": {
        "type": "Point",
        "coordinates": [
          -0.046579,
          38.6022504
        ]
      },
      "properties": {
        "id": 12216729958,
        "osm_type": "node",
        "name": "Cafe-Bar Katanga",
        "check_date": "2024-10-02"
      }
    },
    {
      "type": "Feature",
      "geometry": {
        "type": "Point",
        "coordinates": [
          -0.378612,
          39.4729962
        ]
      },
      "properties": {
        "id": 12222285922,
        "osm_type": "node",
        "name": "Uncafé Mercat",
        "takeaway": "only",
        "outdoor_seating": "no",
        "check_date": "2024-10-04"
      }
    },
    {
      "type": "Feature",
      "geometry": {
        "type": "Point",
        "coordinates": [
          -0.3784222,
          39.4706855
        ]
      },
      "properties": {
        "id": 12229353497,
        "osm_type": "node",
        "name": "Pura Vida Açaí",
        "check_date": "2024-10-06"
      }
    },
    {
      "type": "Feature",
      "geometry": {
        "type": "Point",
        "coordinates": [
          -0.3663686,
          39.465399
        ]
      },
      "properties": {
        "id": 12232180224,
        "osm_type": "node",
        "name": "El Pan de Estellés",
        "check_date": "2024-10-07"
      }
    },
    {
      "type": "Feature",
      "geometry": {
        "type": "Point",
        "coordinates": [
          -0.0460864,
          38.6036453
        ]
      },
      "properties": {
        "id": 12232457889,
        "osm_type": "node",
        "name": "Altea Park",
        "check_date": "2024-10-07"
      }
    },
    {
      "type": "Feature",
      "geometry": {
        "type": "Point",
        "coordinates": [
          -0.3629894,
          39.4851576
        ]
      },
      "properties": {
        "id": 12237718922,
        "osm_type": "node",
        "name": "Riot",
        "opening_hours": "Mo-Fr 08:00-19:00; Sa 09:00-13:00"
      }
    },
    {
      "type": "Feature",
      "geometry": {
        "type": "Point",
        "coordinates": [
          -0.3683759,
          39.4693417
        ]
      },
      "properties": {
        "id": 12241811235,
        "osm_type": "node",
        "name": "Café Bastard Kitchen",
        "outdoor_seating": "yes",
        "check_date": "2024-10-21"
      }
    },
    {
      "type": "Feature",
      "geometry": {
        "type": "Point",
        "coordinates": [
          -0.1368687,
          38.5377941
        ]
      },
      "properties": {
        "id": 12250067888,
        "osm_type": "node",
        "name": "Incognito",
        "outdoor_seating": "yes",
        "check_date": "2024-10-14"
      }
    },
    {
      "type": "Feature",
      "geometry": {
        "type": "Point",
        "coordinates": [
          -0.1367148,
          38.537992
        ]
      },
      "properties": {
        "id": 12250067896,
        "osm_type": "node",
        "name": "Picó II",
        "outdoor_seating": "yes",
        "check_date": "2024-10-14"
      }
    },
    {
      "type": "Feature",
      "geometry": {
        "type": "Point",
        "coordinates": [
          -0.1358375,
          38.5390407
        ]
      },
      "properties": {
        "id": 12250074354,
        "osm_type": "node",
        "name": "San Marino",
        "outdoor_seating": "yes",
        "check_date": "2024-10-14"
      }
    },
    {
      "type": "Feature",
      "geometry": {
        "type": "Point",
        "coordinates": [
          -0.1056802,
          38.5382098
        ]
      },
      "properties": {
        "id": 12254712217,
        "osm_type": "node",
        "name": "Cafetería Simply Delicious",
        "outdoor_seating": "yes",
        "check_date": "2024-10-16"
      }
    },
    {
      "type": "Feature",
      "geometry": {
        "type": "Point",
        "coordinates": [
          -0.4970417,
          38.8347799
        ]
      },
      "properties": {
        "id": 12255145163,
        "osm_type": "node",
        "name": "Forn Ttraditional"
      }
    },
    {
      "type": "Feature",
      "geometry": {
        "type": "Point",
        "coordinates": [
          -0.39925,
          39.4693059
        ]
      },
      "properties": {
        "id": 12258685701,
        "osm_type": "node",
        "name": "La Churreria del Barrio",
        "opening_hours": "We-Th 16:00-20:00; Sa-Su 07:00-12:30, 17:00-20:30; Fr 07:00-12:00, 16:00-20:00"
      }
    },
    {
      "type": "Feature",
      "geometry": {
        "type": "Point",
        "coordinates": [
          -0.3991484,
          39.4693122
        ]
      },
      "properties": {
        "id": 12258686901,
        "osm_type": "node",
        "name": "Cervecería el Almendro"
      }
    },
    {
      "type": "Feature",
      "geometry": {
        "type": "Point",
        "coordinates": [
          -0.376941,
          39.4898543
        ]
      },
      "properties": {
        "id": 12265700528,
        "osm_type": "node",
        "name": "Café con Fe",
        "opening_hours": "Mo-Fr,Su 07:30-15:30",
        "check_date": "2024-10-03"
      }
    },
    {
      "type": "Feature",
      "geometry": {
        "type": "Point",
        "coordinates": [
          -0.1353492,
          38.5396091
        ]
      },
      "properties": {
        "id": 12272962199,
        "osm_type": "node",
        "name": "La Piga",
        "outdoor_seating": "yes",
        "check_date": "2025-12-20"
      }
    },
    {
      "type": "Feature",
      "geometry": {
        "type": "Point",
        "coordinates": [
          -0.7976029,
          38.4684857
        ]
      },
      "properties": {
        "id": 12277288218,
        "osm_type": "node",
        "name": "La Bodeguita",
        "outdoor_seating": "yes"
      }
    },
    {
      "type": "Feature",
      "geometry": {
        "type": "Point",
        "coordinates": [
          0.0389362,
          40.0372831
        ]
      },
      "properties": {
        "id": 12278215077,
        "osm_type": "node",
        "name": "Vui's"
      }
    },
    {
      "type": "Feature",
      "geometry": {
        "type": "Point",
        "coordinates": [
          -1.4393431,
          39.5365239
        ]
      },
      "properties": {
        "id": 12279027128,
        "osm_type": "node",
        "name": "Panadería Martin"
      }
    },
    {
      "type": "Feature",
      "geometry": {
        "type": "Point",
        "coordinates": [
          -0.1348717,
          38.540809
        ]
      },
      "properties": {
        "id": 12281399286,
        "osm_type": "node",
        "name": "Loana'd",
        "outdoor_seating": "yes",
        "check_date": "2024-10-23"
      }
    },
    {
      "type": "Feature",
      "geometry": {
        "type": "Point",
        "coordinates": [
          -0.1348181,
          38.5408654
        ]
      },
      "properties": {
        "id": 12281399293,
        "osm_type": "node",
        "name": "Domo",
        "outdoor_seating": "yes",
        "check_date": "2024-10-23"
      }
    },
    {
      "type": "Feature",
      "geometry": {
        "type": "Point",
        "coordinates": [
          -0.1346174,
          38.5411045
        ]
      },
      "properties": {
        "id": 12281443208,
        "osm_type": "node",
        "name": "Palma",
        "outdoor_seating": "yes",
        "check_date": "2024-10-23"
      }
    },
    {
      "type": "Feature",
      "geometry": {
        "type": "Point",
        "coordinates": [
          -0.376535,
          39.4652942
        ]
      },
      "properties": {
        "id": 12287643535,
        "osm_type": "node",
        "name": "Forn de Toni",
        "opening_hours": "Mo-Fr 08:00-15:00,17:00-20:00; Sa 08:30-14:30"
      }
    },
    {
      "type": "Feature",
      "geometry": {
        "type": "Point",
        "coordinates": [
          -0.133175,
          38.5421157
        ]
      },
      "properties": {
        "id": 12287685442,
        "osm_type": "node",
        "name": "Rincón De Freddy",
        "outdoor_seating": "yes",
        "check_date": "2025-12-20"
      }
    },
    {
      "type": "Feature",
      "geometry": {
        "type": "Point",
        "coordinates": [
          -0.1334892,
          38.5423749
        ]
      },
      "properties": {
        "id": 12287685472,
        "osm_type": "node",
        "name": "Galera",
        "check_date": "2024-10-25"
      }
    },
    {
      "type": "Feature",
      "geometry": {
        "type": "Point",
        "coordinates": [
          0.135765,
          40.0934476
        ]
      },
      "properties": {
        "id": 12287836259,
        "osm_type": "node",
        "name": "Capuchino"
      }
    },
    {
      "type": "Feature",
      "geometry": {
        "type": "Point",
        "coordinates": [
          0.1359394,
          40.0934015
        ]
      },
      "properties": {
        "id": 12287860720,
        "osm_type": "node",
        "name": "La Plceta"
      }
    },
    {
      "type": "Feature",
      "geometry": {
        "type": "Point",
        "coordinates": [
          0.1355647,
          40.0931157
        ]
      },
      "properties": {
        "id": 12287863402,
        "osm_type": "node",
        "name": "Aroa"
      }
    },
    {
      "type": "Feature",
      "geometry": {
        "type": "Point",
        "coordinates": [
          -0.3732778,
          39.4635553
        ]
      },
      "properties": {
        "id": 12305717749,
        "osm_type": "node",
        "name": "Hoja La",
        "outdoor_seating": "yes"
      }
    },
    {
      "type": "Feature",
      "geometry": {
        "type": "Point",
        "coordinates": [
          -0.4156796,
          39.4260162
        ]
      },
      "properties": {
        "id": 12307405416,
        "osm_type": "node",
        "name": "don Pa Artesans"
      }
    },
    {
      "type": "Feature",
      "geometry": {
        "type": "Point",
        "coordinates": [
          -0.3715719,
          39.4849196
        ]
      },
      "properties": {
        "id": 12315798359,
        "osm_type": "node",
        "name": "Café l'andana"
      }
    },
    {
      "type": "Feature",
      "geometry": {
        "type": "Point",
        "coordinates": [
          -0.3303485,
          39.4670727
        ]
      },
      "properties": {
        "id": 12320099651,
        "osm_type": "node",
        "name": "Vent de Llevant",
        "opening_hours": "We 20:00-24:00, Th-Sa 09:00-14:30,20:00-24:00, Su 09:30-16:00",
        "check_date": "2025-12-15"
      }
    },
    {
      "type": "Feature",
      "geometry": {
        "type": "Point",
        "coordinates": [
          -0.3800273,
          39.4753464
        ]
      },
      "properties": {
        "id": 12325547001,
        "osm_type": "node",
        "name": "Panem unique",
        "takeaway": "only",
        "outdoor_seating": "no"
      }
    },
    {
      "type": "Feature",
      "geometry": {
        "type": "Point",
        "coordinates": [
          -0.6717022,
          38.2783535
        ]
      },
      "properties": {
        "id": 12337382015,
        "osm_type": "node",
        "name": "Cafeteria Londres"
      }
    },
    {
      "type": "Feature",
      "geometry": {
        "type": "Point",
        "coordinates": [
          -0.670812,
          38.2785144
        ]
      },
      "properties": {
        "id": 12337382016,
        "osm_type": "node",
        "name": "D'Nikola"
      }
    },
    {
      "type": "Feature",
      "geometry": {
        "type": "Point",
        "coordinates": [
          -0.6792629,
          38.2773549
        ]
      },
      "properties": {
        "id": 12337896574,
        "osm_type": "node",
        "name": "La Espiga De Oro"
      }
    },
    {
      "type": "Feature",
      "geometry": {
        "type": "Point",
        "coordinates": [
          -0.3374211,
          39.4615455
        ]
      },
      "properties": {
        "id": 12366114597,
        "osm_type": "node",
        "name": "la Ruana"
      }
    },
    {
      "type": "Feature",
      "geometry": {
        "type": "Point",
        "coordinates": [
          -0.3904483,
          39.4228448
        ]
      },
      "properties": {
        "id": 12367236332,
        "osm_type": "node",
        "name": "La Divina",
        "opening_hours": "Mo-Sa 08:00-14:00,17:00-21:00, Sa 09:00-14:00,17:00-18:00+, Su 09:00-14:00,17:00-21:00"
      }
    },
    {
      "type": "Feature",
      "geometry": {
        "type": "Point",
        "coordinates": [
          -0.3908908,
          39.4188508
        ]
      },
      "properties": {
        "id": 12369468748,
        "osm_type": "node",
        "name": "Don Pa"
      }
    },
    {
      "type": "Feature",
      "geometry": {
        "type": "Point",
        "coordinates": [
          -0.3964863,
          39.4202589
        ]
      },
      "properties": {
        "id": 12373141176,
        "osm_type": "node",
        "name": "Cafeteria Liaopastel"
      }
    },
    {
      "type": "Feature",
      "geometry": {
        "type": "Point",
        "coordinates": [
          -0.3968416,
          39.4200972
        ]
      },
      "properties": {
        "id": 12373160084,
        "osm_type": "node",
        "name": "Cafeteria Teresa"
      }
    },
    {
      "type": "Feature",
      "geometry": {
        "type": "Point",
        "coordinates": [
          -0.3956063,
          39.4195264
        ]
      },
      "properties": {
        "id": 12373176909,
        "osm_type": "node",
        "name": "Café la Vieja Molienda",
        "outdoor_seating": "yes"
      }
    },
    {
      "type": "Feature",
      "geometry": {
        "type": "Point",
        "coordinates": [
          -0.3800852,
          39.4777435
        ]
      },
      "properties": {
        "id": 12376676503,
        "osm_type": "node",
        "name": "Rato Más"
      }
    },
    {
      "type": "Feature",
      "geometry": {
        "type": "Point",
        "coordinates": [
          0.398899,
          40.3580122
        ]
      },
      "properties": {
        "id": 12393865935,
        "osm_type": "node"
      }
    },
    {
      "type": "Feature",
      "geometry": {
        "type": "Point",
        "coordinates": [
          0.3989459,
          40.3580594
        ]
      },
      "properties": {
        "id": 12393866226,
        "osm_type": "node"
      }
    },
    {
      "type": "Feature",
      "geometry": {
        "type": "Point",
        "coordinates": [
          0.3990674,
          40.3581741
        ]
      },
      "properties": {
        "id": 12393878705,
        "osm_type": "node"
      }
    },
    {
      "type": "Feature",
      "geometry": {
        "type": "Point",
        "coordinates": [
          0.0129718,
          39.9784425
        ]
      },
      "properties": {
        "id": 12396377379,
        "osm_type": "node"
      }
    },
    {
      "type": "Feature",
      "geometry": {
        "type": "Point",
        "coordinates": [
          -0.0353916,
          39.9856142
        ]
      },
      "properties": {
        "id": 12397581551,
        "osm_type": "node",
        "outdoor_seating": "yes"
      }
    },
    {
      "type": "Feature",
      "geometry": {
        "type": "Point",
        "coordinates": [
          -0.0274712,
          39.9857225
        ]
      },
      "properties": {
        "id": 12397596009,
        "osm_type": "node",
        "name": "Pastelería Arona",
        "outdoor_seating": "yes"
      }
    },
    {
      "type": "Feature",
      "geometry": {
        "type": "Point",
        "coordinates": [
          -0.0313121,
          39.9884936
        ]
      },
      "properties": {
        "id": 12397605870,
        "osm_type": "node",
        "name": "Fruit Salad",
        "outdoor_seating": "yes"
      }
    },
    {
      "type": "Feature",
      "geometry": {
        "type": "Point",
        "coordinates": [
          -0.0815421,
          39.8917665
        ]
      },
      "properties": {
        "id": 12397963248,
        "osm_type": "node",
        "outdoor_seating": "yes"
      }
    },
    {
      "type": "Feature",
      "geometry": {
        "type": "Point",
        "coordinates": [
          -0.0809177,
          39.8841208
        ]
      },
      "properties": {
        "id": 12398056571,
        "osm_type": "node",
        "outdoor_seating": "yes"
      }
    },
    {
      "type": "Feature",
      "geometry": {
        "type": "Point",
        "coordinates": [
          -0.0725698,
          39.865548
        ]
      },
      "properties": {
        "id": 12398085892,
        "osm_type": "node"
      }
    },
    {
      "type": "Feature",
      "geometry": {
        "type": "Point",
        "coordinates": [
          -0.081358,
          39.8846876
        ]
      },
      "properties": {
        "id": 12398102141,
        "osm_type": "node",
        "outdoor_seating": "yes"
      }
    },
    {
      "type": "Feature",
      "geometry": {
        "type": "Point",
        "coordinates": [
          -0.0727206,
          39.8654381
        ]
      },
      "properties": {
        "id": 12398102345,
        "osm_type": "node"
      }
    },
    {
      "type": "Feature",
      "geometry": {
        "type": "Point",
        "coordinates": [
          -0.0741998,
          39.8642585
        ]
      },
      "properties": {
        "id": 12398103167,
        "osm_type": "node",
        "outdoor_seating": "yes"
      }
    },
    {
      "type": "Feature",
      "geometry": {
        "type": "Point",
        "coordinates": [
          -0.0728118,
          39.8672844
        ]
      },
      "properties": {
        "id": 12398107267,
        "osm_type": "node",
        "outdoor_seating": "yes"
      }
    },
    {
      "type": "Feature",
      "geometry": {
        "type": "Point",
        "coordinates": [
          -0.0715174,
          39.8661795
        ]
      },
      "properties": {
        "id": 12398112659,
        "osm_type": "node",
        "outdoor_seating": "yes"
      }
    },
    {
      "type": "Feature",
      "geometry": {
        "type": "Point",
        "coordinates": [
          -0.0726143,
          39.8670655
        ]
      },
      "properties": {
        "id": 12398112708,
        "osm_type": "node",
        "outdoor_seating": "yes"
      }
    },
    {
      "type": "Feature",
      "geometry": {
        "type": "Point",
        "coordinates": [
          -0.112769,
          39.8238647
        ]
      },
      "properties": {
        "id": 12399932060,
        "osm_type": "node"
      }
    },
    {
      "type": "Feature",
      "geometry": {
        "type": "Point",
        "coordinates": [
          -0.1103518,
          39.8272274
        ]
      },
      "properties": {
        "id": 12399945044,
        "osm_type": "node"
      }
    },
    {
      "type": "Feature",
      "geometry": {
        "type": "Point",
        "coordinates": [
          -0.1124604,
          39.8242788
        ]
      },
      "properties": {
        "id": 12399959323,
        "osm_type": "node"
      }
    },
    {
      "type": "Feature",
      "geometry": {
        "type": "Point",
        "coordinates": [
          -0.1764413,
          39.7457439
        ]
      },
      "properties": {
        "id": 12400220286,
        "osm_type": "node"
      }
    },
    {
      "type": "Feature",
      "geometry": {
        "type": "Point",
        "coordinates": [
          -0.2103235,
          39.6647594
        ]
      },
      "properties": {
        "id": 12400450519,
        "osm_type": "node",
        "name": "siboney"
      }
    },
    {
      "type": "Feature",
      "geometry": {
        "type": "Point",
        "coordinates": [
          -0.2492591,
          39.6740252
        ]
      },
      "properties": {
        "id": 12400858285,
        "osm_type": "node",
        "name": "Café Bar",
        "outdoor_seating": "no"
      }
    },
    {
      "type": "Feature",
      "geometry": {
        "type": "Point",
        "coordinates": [
          -0.3085096,
          39.6160351
        ]
      },
      "properties": {
        "id": 12401813066,
        "osm_type": "node",
        "outdoor_seating": "yes"
      }
    },
    {
      "type": "Feature",
      "geometry": {
        "type": "Point",
        "coordinates": [
          -0.3086972,
          39.6153244
        ]
      },
      "properties": {
        "id": 12401831783,
        "osm_type": "node",
        "outdoor_seating": "yes"
      }
    },
    {
      "type": "Feature",
      "geometry": {
        "type": "Point",
        "coordinates": [
          -0.3083636,
          39.6162861
        ]
      },
      "properties": {
        "id": 12401837248,
        "osm_type": "node",
        "outdoor_seating": "yes"
      }
    },
    {
      "type": "Feature",
      "geometry": {
        "type": "Point",
        "coordinates": [
          -0.3077809,
          39.6198669
        ]
      },
      "properties": {
        "id": 12401864405,
        "osm_type": "node"
      }
    },
    {
      "type": "Feature",
      "geometry": {
        "type": "Point",
        "coordinates": [
          -0.3086191,
          39.6180399
        ]
      },
      "properties": {
        "id": 12401869016,
        "osm_type": "node",
        "outdoor_seating": "yes"
      }
    },
    {
      "type": "Feature",
      "geometry": {
        "type": "Point",
        "coordinates": [
          -0.3933931,
          39.4221903
        ]
      },
      "properties": {
        "id": 12402644138,
        "osm_type": "node",
        "name": "Forn, pastisseria i cafeteria Miguel Martínez"
      }
    },
    {
      "type": "Feature",
      "geometry": {
        "type": "Point",
        "coordinates": [
          -0.386036,
          39.42468
        ]
      },
      "properties": {
        "id": 12404311595,
        "osm_type": "node",
        "name": "El Cafenet",
        "outdoor_seating": "yes"
      }
    },
    {
      "type": "Feature",
      "geometry": {
        "type": "Point",
        "coordinates": [
          -0.1730715,
          38.5350722
        ]
      },
      "properties": {
        "id": 12408031086,
        "osm_type": "node",
        "outdoor_seating": "yes"
      }
    },
    {
      "type": "Feature",
      "geometry": {
        "type": "Point",
        "coordinates": [
          -0.7348221,
          37.9300335
        ]
      },
      "properties": {
        "id": 12410097782,
        "osm_type": "node",
        "name": "My tapa",
        "outdoor_seating": "yes",
        "check_date": "2024-12-10"
      }
    },
    {
      "type": "Feature",
      "geometry": {
        "type": "Point",
        "coordinates": [
          -0.7364016,
          37.9304047
        ]
      },
      "properties": {
        "id": 12410113193,
        "osm_type": "node",
        "name": "Cafeteria Express",
        "outdoor_seating": "pedestrian_zone"
      }
    },
    {
      "type": "Feature",
      "geometry": {
        "type": "Point",
        "coordinates": [
          -0.7268684,
          37.9326959
        ]
      },
      "properties": {
        "id": 12410113955,
        "osm_type": "node"
      }
    },
    {
      "type": "Feature",
      "geometry": {
        "type": "Point",
        "coordinates": [
          -0.3835219,
          38.8733519
        ]
      },
      "properties": {
        "id": 12415881839,
        "osm_type": "node",
        "name": "Bar Avenida"
      }
    },
    {
      "type": "Feature",
      "geometry": {
        "type": "Point",
        "coordinates": [
          -0.740706,
          37.9123796
        ]
      },
      "properties": {
        "id": 12415926748,
        "osm_type": "node",
        "outdoor_seating": "yes"
      }
    },
    {
      "type": "Feature",
      "geometry": {
        "type": "Point",
        "coordinates": [
          -0.0315067,
          39.9840039
        ]
      },
      "properties": {
        "id": 12434472001,
        "osm_type": "node",
        "name": "Cafetería Atalaya",
        "outdoor_seating": "yes"
      }
    },
    {
      "type": "Feature",
      "geometry": {
        "type": "Point",
        "coordinates": [
          -0.077607,
          40.2287713
        ]
      },
      "properties": {
        "id": 12446047386,
        "osm_type": "node",
        "name": "Café de Pas"
      }
    },
    {
      "type": "Feature",
      "geometry": {
        "type": "Point",
        "coordinates": [
          -0.077367,
          40.2281596
        ]
      },
      "properties": {
        "id": 12446047388,
        "osm_type": "node",
        "name": "Panaderia Els Ibarsos"
      }
    },
    {
      "type": "Feature",
      "geometry": {
        "type": "Point",
        "coordinates": [
          0.0731487,
          40.2329042
        ]
      },
      "properties": {
        "id": 12451650093,
        "osm_type": "node"
      }
    },
    {
      "type": "Feature",
      "geometry": {
        "type": "Point",
        "coordinates": [
          0.0723253,
          40.2307485
        ]
      },
      "properties": {
        "id": 12451667883,
        "osm_type": "node",
        "name": "Panaderia Pastisseria Valls"
      }
    },
    {
      "type": "Feature",
      "geometry": {
        "type": "Point",
        "coordinates": [
          -0.0256222,
          39.9861994
        ]
      },
      "properties": {
        "id": 12456144312,
        "osm_type": "node",
        "name": "El Cafetal",
        "outdoor_seating": "yes"
      }
    },
    {
      "type": "Feature",
      "geometry": {
        "type": "Point",
        "coordinates": [
          -0.0264294,
          39.9863835
        ]
      },
      "properties": {
        "id": 12456211632,
        "osm_type": "node",
        "name": "El Cafetal"
      }
    },
    {
      "type": "Feature",
      "geometry": {
        "type": "Point",
        "coordinates": [
          -0.3776932,
          39.470869
        ]
      },
      "properties": {
        "id": 12456313051,
        "osm_type": "node",
        "name": "Starbucks",
        "outdoor_seating": "yes",
        "check_date": "2024-12-27"
      }
    },
    {
      "type": "Feature",
      "geometry": {
        "type": "Point",
        "coordinates": [
          -0.3854547,
          39.4694211
        ]
      },
      "properties": {
        "id": 12458903139,
        "osm_type": "node",
        "name": "Nuwanda",
        "opening_hours": "Mo-Fr 09:30-13:00,16:00-19:00; Sa 09:30-14:00,16:00-19:00; Su 09:30-14:00",
        "outdoor_seating": "sidewalk"
      }
    },
    {
      "type": "Feature",
      "geometry": {
        "type": "Point",
        "coordinates": [
          -0.1904502,
          40.5014518
        ]
      },
      "properties": {
        "id": 12459363165,
        "osm_type": "node",
        "name": "Panaderia Castellfort"
      }
    },
    {
      "type": "Feature",
      "geometry": {
        "type": "Point",
        "coordinates": [
          -0.2547733,
          40.4295593
        ]
      },
      "properties": {
        "id": 12459380412,
        "osm_type": "node",
        "name": "Ripollés"
      }
    },
    {
      "type": "Feature",
      "geometry": {
        "type": "Point",
        "coordinates": [
          -0.0324625,
          39.9858149
        ]
      },
      "properties": {
        "id": 12459659293,
        "osm_type": "node",
        "name": "L'artesà II",
        "outdoor_seating": "yes"
      }
    },
    {
      "type": "Feature",
      "geometry": {
        "type": "Point",
        "coordinates": [
          -0.0335828,
          39.9873041
        ]
      },
      "properties": {
        "id": 12460498611,
        "osm_type": "node",
        "name": "Buj Cafeteria",
        "outdoor_seating": "no"
      }
    },
    {
      "type": "Feature",
      "geometry": {
        "type": "Point",
        "coordinates": [
          -0.0330819,
          39.9876018
        ]
      },
      "properties": {
        "id": 12460498615,
        "osm_type": "node",
        "name": "Denylor",
        "outdoor_seating": "yes"
      }
    },
    {
      "type": "Feature",
      "geometry": {
        "type": "Point",
        "coordinates": [
          -0.0330278,
          39.9895338
        ]
      },
      "properties": {
        "id": 12461828122,
        "osm_type": "node",
        "name": "Hola Manola",
        "outdoor_seating": "yes",
        "check_date": "2025-01-17"
      }
    },
    {
      "type": "Feature",
      "geometry": {
        "type": "Point",
        "coordinates": [
          -0.0316062,
          39.9896026
        ]
      },
      "properties": {
        "id": 12461866731,
        "osm_type": "node",
        "name": "Brio Bar Cafetería",
        "outdoor_seating": "yes"
      }
    },
    {
      "type": "Feature",
      "geometry": {
        "type": "Point",
        "coordinates": [
          -0.0313533,
          39.9885635
        ]
      },
      "properties": {
        "id": 12461866735,
        "osm_type": "node",
        "name": "La Tostadora"
      }
    },
    {
      "type": "Feature",
      "geometry": {
        "type": "Point",
        "coordinates": [
          -0.1665703,
          40.3385152
        ]
      },
      "properties": {
        "id": 12463308794,
        "osm_type": "node",
        "name": "Allí d'Illà"
      }
    },
    {
      "type": "Feature",
      "geometry": {
        "type": "Point",
        "coordinates": [
          -0.0291784,
          39.9830625
        ]
      },
      "properties": {
        "id": 12464903069,
        "osm_type": "node",
        "name": "Bocatería Ángel",
        "outdoor_seating": "yes"
      }
    },
    {
      "type": "Feature",
      "geometry": {
        "type": "Point",
        "coordinates": [
          -0.0292855,
          39.982816
        ]
      },
      "properties": {
        "id": 12464903071,
        "osm_type": "node",
        "name": "Cafetería Plaza 25"
      }
    },
    {
      "type": "Feature",
      "geometry": {
        "type": "Point",
        "coordinates": [
          -0.0300975,
          39.9830345
        ]
      },
      "properties": {
        "id": 12464903075,
        "osm_type": "node",
        "outdoor_seating": "yes"
      }
    },
    {
      "type": "Feature",
      "geometry": {
        "type": "Point",
        "coordinates": [
          -0.0278919,
          39.983102
        ]
      },
      "properties": {
        "id": 12465636380,
        "osm_type": "node",
        "name": "Goliat Cafetería Bocatería",
        "outdoor_seating": "yes"
      }
    },
    {
      "type": "Feature",
      "geometry": {
        "type": "Point",
        "coordinates": [
          -0.0275653,
          39.9822711
        ]
      },
      "properties": {
        "id": 12465951778,
        "osm_type": "node",
        "name": "La Tostadora"
      }
    },
    {
      "type": "Feature",
      "geometry": {
        "type": "Point",
        "coordinates": [
          -0.0282305,
          39.9821268
        ]
      },
      "properties": {
        "id": 12466174833,
        "osm_type": "node",
        "name": "Cafeteria 365"
      }
    },
    {
      "type": "Feature",
      "geometry": {
        "type": "Point",
        "coordinates": [
          -0.0302397,
          39.981435
        ]
      },
      "properties": {
        "id": 12468490586,
        "osm_type": "node",
        "name": "Horno / Panaderia Sensal"
      }
    },
    {
      "type": "Feature",
      "geometry": {
        "type": "Point",
        "coordinates": [
          -0.3959616,
          39.4086086
        ]
      },
      "properties": {
        "id": 12471726325,
        "osm_type": "node",
        "name": "El Cantó del Pa"
      }
    },
    {
      "type": "Feature",
      "geometry": {
        "type": "Point",
        "coordinates": [
          -0.3957546,
          39.4781255
        ]
      },
      "properties": {
        "id": 12473373901,
        "osm_type": "node",
        "name": "Horno Pastelería Riu Blanch"
      }
    },
    {
      "type": "Feature",
      "geometry": {
        "type": "Point",
        "coordinates": [
          -0.4141634,
          39.5174922
        ]
      },
      "properties": {
        "id": 12475293443,
        "osm_type": "node",
        "name": "Horno San Vicente Tosi"
      }
    },
    {
      "type": "Feature",
      "geometry": {
        "type": "Point",
        "coordinates": [
          -0.433644,
          39.4351038
        ]
      },
      "properties": {
        "id": 12478357029,
        "osm_type": "node",
        "name": "Cafetería Panadería Erika",
        "outdoor_seating": "no"
      }
    },
    {
      "type": "Feature",
      "geometry": {
        "type": "Point",
        "coordinates": [
          -0.1168102,
          38.9154557
        ]
      },
      "properties": {
        "id": 12480141180,
        "osm_type": "node",
        "name": "Forn Miñana"
      }
    },
    {
      "type": "Feature",
      "geometry": {
        "type": "Point",
        "coordinates": [
          -0.1349862,
          38.5390761
        ]
      },
      "properties": {
        "id": 12480203717,
        "osm_type": "node",
        "name": "Amparo",
        "check_date": "2025-01-07"
      }
    },
    {
      "type": "Feature",
      "geometry": {
        "type": "Point",
        "coordinates": [
          -0.4831337,
          38.3595678
        ]
      },
      "properties": {
        "id": 12484793065,
        "osm_type": "node",
        "name": "Cafetea",
        "outdoor_seating": "yes"
      }
    },
    {
      "type": "Feature",
      "geometry": {
        "type": "Point",
        "coordinates": [
          -0.4818843,
          38.3595908
        ]
      },
      "properties": {
        "id": 12486288234,
        "osm_type": "node",
        "name": "Pan caliente"
      }
    },
    {
      "type": "Feature",
      "geometry": {
        "type": "Point",
        "coordinates": [
          0.0190316,
          38.8265917
        ]
      },
      "properties": {
        "id": 12486325332,
        "osm_type": "node",
        "name": "Blat I Farina"
      }
    },
    {
      "type": "Feature",
      "geometry": {
        "type": "Point",
        "coordinates": [
          0.2259816,
          40.3020226
        ]
      },
      "properties": {
        "id": 12488417327,
        "osm_type": "node",
        "name": "Sandi´s Coffee"
      }
    },
    {
      "type": "Feature",
      "geometry": {
        "type": "Point",
        "coordinates": [
          -0.4347099,
          38.3993204
        ]
      },
      "properties": {
        "id": 12488642023,
        "osm_type": "node",
        "name": "Olivero"
      }
    },
    {
      "type": "Feature",
      "geometry": {
        "type": "Point",
        "coordinates": [
          -0.1335941,
          38.5383407
        ]
      },
      "properties": {
        "id": 12492081861,
        "osm_type": "node",
        "name": "El Pasaje",
        "check_date": "2025-01-11"
      }
    },
    {
      "type": "Feature",
      "geometry": {
        "type": "Point",
        "coordinates": [
          -0.133763,
          38.5384141
        ]
      },
      "properties": {
        "id": 12492081870,
        "osm_type": "node",
        "name": "La Giralda",
        "check_date": "2025-01-11"
      }
    },
    {
      "type": "Feature",
      "geometry": {
        "type": "Point",
        "coordinates": [
          -0.1327699,
          38.5380769
        ]
      },
      "properties": {
        "id": 12492081884,
        "osm_type": "node",
        "name": "Pistorum",
        "check_date": "2025-01-11"
      }
    },
    {
      "type": "Feature",
      "geometry": {
        "type": "Point",
        "coordinates": [
          -0.485991,
          38.3455088
        ]
      },
      "properties": {
        "id": 12512685953,
        "osm_type": "node",
        "name": "Anomaly Gelato & Coffee",
        "outdoor_seating": "yes"
      }
    },
    {
      "type": "Feature",
      "geometry": {
        "type": "Point",
        "coordinates": [
          -0.4474499,
          39.1200283
        ]
      },
      "properties": {
        "id": 12513192108,
        "osm_type": "node",
        "name": "Café del Temps"
      }
    },
    {
      "type": "Feature",
      "geometry": {
        "type": "Point",
        "coordinates": [
          -0.3765186,
          39.4752863
        ]
      },
      "properties": {
        "id": 12514077235,
        "osm_type": "node",
        "name": "Dragueria. Café de especialidad",
        "takeaway": "only",
        "outdoor_seating": "no"
      }
    },
    {
      "type": "Feature",
      "geometry": {
        "type": "Point",
        "coordinates": [
          -0.3358415,
          39.4596533
        ]
      },
      "properties": {
        "id": 12518105690,
        "osm_type": "node",
        "name": "D'Mundos",
        "opening_hours": "Mo-Fr 08:00-15:30",
        "check_date": "2024-11-27"
      }
    },
    {
      "type": "Feature",
      "geometry": {
        "type": "Point",
        "coordinates": [
          -0.3841826,
          39.4716304
        ]
      },
      "properties": {
        "id": 12527826729,
        "osm_type": "node",
        "name": "Pals",
        "outdoor_seating": "no"
      }
    },
    {
      "type": "Feature",
      "geometry": {
        "type": "Point",
        "coordinates": [
          -0.3770895,
          39.474118
        ]
      },
      "properties": {
        "id": 12527835707,
        "osm_type": "node",
        "name": "Un café",
        "opening_hours": "Mo-Fr 07:30-14:00,16:20-18:00; Sa 09:00-13:30",
        "takeaway": "only",
        "outdoor_seating": "no"
      }
    },
    {
      "type": "Feature",
      "geometry": {
        "type": "Point",
        "coordinates": [
          -0.6035063,
          38.81872
        ]
      },
      "properties": {
        "id": 12538785091,
        "osm_type": "node",
        "name": "Forn l'Ermiteta",
        "opening_hours": "Mo-Fr 07:30 - 20:00"
      }
    },
    {
      "type": "Feature",
      "geometry": {
        "type": "Point",
        "coordinates": [
          -0.391065,
          39.4726353
        ]
      },
      "properties": {
        "id": 12543457369,
        "osm_type": "node",
        "name": "Cafetería Parque Juan Llorens",
        "opening_hours": "Mo-Fr 08:00-16:00"
      }
    },
    {
      "type": "Feature",
      "geometry": {
        "type": "Point",
        "coordinates": [
          -0.3912598,
          39.4725391
        ]
      },
      "properties": {
        "id": 12543457372,
        "osm_type": "node",
        "name": "Caramel"
      }
    },
    {
      "type": "Feature",
      "geometry": {
        "type": "Point",
        "coordinates": [
          -0.4815569,
          38.345768
        ]
      },
      "properties": {
        "id": 12543557432,
        "osm_type": "node",
        "name": "Goodita",
        "opening_hours": "Tu-Su 09:15-16:00"
      }
    },
    {
      "type": "Feature",
      "geometry": {
        "type": "Point",
        "coordinates": [
          -0.3909572,
          39.4726623
        ]
      },
      "properties": {
        "id": 12546272921,
        "osm_type": "node",
        "name": "Café Bar Bonbon II",
        "opening_hours": "Mo-Su 08:30-24:00"
      }
    },
    {
      "type": "Feature",
      "geometry": {
        "type": "Point",
        "coordinates": [
          -0.3543637,
          39.4719192
        ]
      },
      "properties": {
        "id": 12550159422,
        "osm_type": "node",
        "name": "Masanet",
        "opening_hours": "Mo-Fr 07:15-15:00,17:00-20:00; Sa 07:30-15:00",
        "takeaway": "only",
        "outdoor_seating": "no"
      }
    },
    {
      "type": "Feature",
      "geometry": {
        "type": "Point",
        "coordinates": [
          -0.3559384,
          39.4642741
        ]
      },
      "properties": {
        "id": 12551019477,
        "osm_type": "node",
        "name": "Fav Coffee",
        "outdoor_seating": "sidewalk"
      }
    },
    {
      "type": "Feature",
      "geometry": {
        "type": "Point",
        "coordinates": [
          -0.165472,
          40.33597
        ]
      },
      "properties": {
        "id": 12551395872,
        "osm_type": "node",
        "name": "Forn Rosa Elvira",
        "opening_hours": "Mo,Tu 09:00-14:00;We off;Th,Fr,Sa 09:00-14:00,17:00-20:00;Su 09:00-14:00"
      }
    },
    {
      "type": "Feature",
      "geometry": {
        "type": "Point",
        "coordinates": [
          0.0214089,
          38.8250812
        ]
      },
      "properties": {
        "id": 12556363266,
        "osm_type": "node",
        "name": "Cardona"
      }
    },
    {
      "type": "Feature",
      "geometry": {
        "type": "Point",
        "coordinates": [
          0.0453871,
          38.6455142
        ]
      },
      "properties": {
        "id": 12556925388,
        "osm_type": "node",
        "name": "La Fantasía",
        "opening_hours": "Tu-Fr 16:00-21:00; Sa,Su 10:00-14:00,16:00-21:00"
      }
    },
    {
      "type": "Feature",
      "geometry": {
        "type": "Point",
        "coordinates": [
          -0.4868895,
          38.3426267
        ]
      },
      "properties": {
        "id": 12568383163,
        "osm_type": "node",
        "name": "Sin Gluten Vegan Bombon",
        "takeaway": "yes",
        "outdoor_seating": "no"
      }
    },
    {
      "type": "Feature",
      "geometry": {
        "type": "Point",
        "coordinates": [
          -0.3745293,
          39.4690758
        ]
      },
      "properties": {
        "id": 12572434701,
        "osm_type": "node",
        "name": "East Crema Coffee",
        "outdoor_seating": "no"
      }
    },
    {
      "type": "Feature",
      "geometry": {
        "type": "Point",
        "coordinates": [
          -0.3616886,
          39.4847778
        ]
      },
      "properties": {
        "id": 12574049729,
        "osm_type": "node",
        "name": "El Obrador"
      }
    },
    {
      "type": "Feature",
      "geometry": {
        "type": "Point",
        "coordinates": [
          -0.3623227,
          39.4850772
        ]
      },
      "properties": {
        "id": 12578379617,
        "osm_type": "node",
        "name": "El Pan de Estellés"
      }
    },
    {
      "type": "Feature",
      "geometry": {
        "type": "Point",
        "coordinates": [
          -0.708109,
          38.2582415
        ]
      },
      "properties": {
        "id": 12589857340,
        "osm_type": "node",
        "name": "Cafetería Dalí",
        "outdoor_seating": "yes",
        "check_date": "2025-02-12"
      }
    },
    {
      "type": "Feature",
      "geometry": {
        "type": "Point",
        "coordinates": [
          -0.4921309,
          38.3475788
        ]
      },
      "properties": {
        "id": 12590274001,
        "osm_type": "node",
        "name": "La Cave A Fromage"
      }
    },
    {
      "type": "Feature",
      "geometry": {
        "type": "Point",
        "coordinates": [
          -0.3574685,
          39.4655653
        ]
      },
      "properties": {
        "id": 12592720073,
        "osm_type": "node",
        "name": "Raíces",
        "outdoor_seating": "veranda"
      }
    },
    {
      "type": "Feature",
      "geometry": {
        "type": "Point",
        "coordinates": [
          -0.3761936,
          39.4775969
        ]
      },
      "properties": {
        "id": 12594174141,
        "osm_type": "node",
        "name": "Syra",
        "outdoor_seating": "no"
      }
    },
    {
      "type": "Feature",
      "geometry": {
        "type": "Point",
        "coordinates": [
          -0.3832922,
          39.4763942
        ]
      },
      "properties": {
        "id": 12594282047,
        "osm_type": "node",
        "name": "Casa Fran",
        "outdoor_seating": "no"
      }
    },
    {
      "type": "Feature",
      "geometry": {
        "type": "Point",
        "coordinates": [
          -0.2137829,
          40.0789643
        ]
      },
      "properties": {
        "id": 12596398167,
        "osm_type": "node",
        "name": "Albero"
      }
    },
    {
      "type": "Feature",
      "geometry": {
        "type": "Point",
        "coordinates": [
          -0.2155338,
          40.0774405
        ]
      },
      "properties": {
        "id": 12596398168,
        "osm_type": "node",
        "name": "Cafetería Reme"
      }
    },
    {
      "type": "Feature",
      "geometry": {
        "type": "Point",
        "coordinates": [
          0.0625223,
          40.0545239
        ]
      },
      "properties": {
        "id": 12608681286,
        "osm_type": "node",
        "name": "La Cullereta Panaderia Pastisseria",
        "opening_hours": "Mo-Fr 07:30-14:00,16:30-20:00;Sa,Su 08:00-14:00,16:30-20:00",
        "outdoor_seating": "yes"
      }
    },
    {
      "type": "Feature",
      "geometry": {
        "type": "Point",
        "coordinates": [
          -0.3856292,
          39.4730328
        ]
      },
      "properties": {
        "id": 12610175453,
        "osm_type": "node",
        "name": "Kibok. Café de especialidad",
        "outdoor_seating": "no"
      }
    },
    {
      "type": "Feature",
      "geometry": {
        "type": "Point",
        "coordinates": [
          -0.5200815,
          38.3043756
        ]
      },
      "properties": {
        "id": 12613213012,
        "osm_type": "node",
        "name": "Aguamarga Café Concierto"
      }
    },
    {
      "type": "Feature",
      "geometry": {
        "type": "Point",
        "coordinates": [
          -0.323051,
          39.6797652
        ]
      },
      "properties": {
        "id": 12624442917,
        "osm_type": "node",
        "name": "Dogo Azul"
      }
    },
    {
      "type": "Feature",
      "geometry": {
        "type": "Point",
        "coordinates": [
          -0.3237207,
          39.6794526
        ]
      },
      "properties": {
        "id": 12624442918,
        "osm_type": "node",
        "name": "L'Estrella"
      }
    },
    {
      "type": "Feature",
      "geometry": {
        "type": "Point",
        "coordinates": [
          -0.3897724,
          39.4746963
        ]
      },
      "properties": {
        "id": 12647387801,
        "osm_type": "node",
        "name": "La Croissanteria Paris",
        "opening_hours": "Mo-Sa 08:00-20:00; Su 09:00-14:00"
      }
    },
    {
      "type": "Feature",
      "geometry": {
        "type": "Point",
        "coordinates": [
          -0.3379894,
          39.4619835
        ]
      },
      "properties": {
        "id": 12655652804,
        "osm_type": "node",
        "name": "Tati Pan"
      }
    },
    {
      "type": "Feature",
      "geometry": {
        "type": "Point",
        "coordinates": [
          -0.3406806,
          39.4624755
        ]
      },
      "properties": {
        "id": 12655699682,
        "osm_type": "node",
        "name": "Café Olé",
        "outdoor_seating": "yes"
      }
    },
    {
      "type": "Feature",
      "geometry": {
        "type": "Point",
        "coordinates": [
          -0.3329231,
          39.4614871
        ]
      },
      "properties": {
        "id": 12655720742,
        "osm_type": "node",
        "name": "Café Drassanes",
        "outdoor_seating": "yes"
      }
    },
    {
      "type": "Feature",
      "geometry": {
        "type": "Point",
        "coordinates": [
          -0.3329857,
          39.4612846
        ]
      },
      "properties": {
        "id": 12655720743,
        "osm_type": "node",
        "name": "Forn Carles"
      }
    },
    {
      "type": "Feature",
      "geometry": {
        "type": "Point",
        "coordinates": [
          0.0228273,
          40.4716048
        ]
      },
      "properties": {
        "id": 12656755355,
        "osm_type": "node"
      }
    },
    {
      "type": "Feature",
      "geometry": {
        "type": "Point",
        "coordinates": [
          -0.7211259,
          37.9449175
        ]
      },
      "properties": {
        "id": 12656757360,
        "osm_type": "node",
        "name": "Red Palm Café",
        "opening_hours": "Mo-Fr 09:00-17:00; Sa 09:00-15:00",
        "outdoor_seating": "yes",
        "check_date": "2025-03-12"
      }
    },
    {
      "type": "Feature",
      "geometry": {
        "type": "Point",
        "coordinates": [
          -0.6925531,
          37.9755098
        ]
      },
      "properties": {
        "id": 12660783633,
        "osm_type": "node",
        "name": "Torregrosa"
      }
    },
    {
      "type": "Feature",
      "geometry": {
        "type": "Point",
        "coordinates": [
          -0.1340223,
          38.5382989
        ]
      },
      "properties": {
        "id": 12662353569,
        "osm_type": "node",
        "name": "La Morena",
        "check_date": "2025-03-14"
      }
    },
    {
      "type": "Feature",
      "geometry": {
        "type": "Point",
        "coordinates": [
          0.2852063,
          40.450334
        ]
      },
      "properties": {
        "id": 12677813026,
        "osm_type": "node"
      }
    },
    {
      "type": "Feature",
      "geometry": {
        "type": "Point",
        "coordinates": [
          -0.4215257,
          39.5009507
        ]
      },
      "properties": {
        "id": 12701948162,
        "osm_type": "node",
        "name": "El Cantonet",
        "opening_hours": "Mo-Th 08:00-13:30,17:15-20:30; Tu off; Fr 08:00-13:30,17:30-00:00; Sa 08:30-13:30,17:30-00:00; Su 09:00-14:00",
        "outdoor_seating": "veranda"
      }
    },
    {
      "type": "Feature",
      "geometry": {
        "type": "Point",
        "coordinates": [
          -0.3418209,
          39.4692424
        ]
      },
      "properties": {
        "id": 12703764434,
        "osm_type": "node",
        "name": "Café Soret"
      }
    },
    {
      "type": "Feature",
      "geometry": {
        "type": "Point",
        "coordinates": [
          -0.3513768,
          39.4701887
        ]
      },
      "properties": {
        "id": 12703765168,
        "osm_type": "node",
        "name": "A Modo Mio"
      }
    },
    {
      "type": "Feature",
      "geometry": {
        "type": "Point",
        "coordinates": [
          -0.3480988,
          39.4726409
        ]
      },
      "properties": {
        "id": 12703771279,
        "osm_type": "node",
        "name": "Pan de Café"
      }
    },
    {
      "type": "Feature",
      "geometry": {
        "type": "Point",
        "coordinates": [
          -0.4776881,
          39.433844
        ]
      },
      "properties": {
        "id": 12718173882,
        "osm_type": "node",
        "name": "Camino Real",
        "outdoor_seating": "yes"
      }
    },
    {
      "type": "Feature",
      "geometry": {
        "type": "Point",
        "coordinates": [
          -0.3643433,
          39.4861318
        ]
      },
      "properties": {
        "id": 12724079655,
        "osm_type": "node",
        "name": "Maymar",
        "opening_hours": "Tu-Th 08:00-23:00, Fr 08:00-24:00, Sa,Su 09:00-01:00"
      }
    },
    {
      "type": "Feature",
      "geometry": {
        "type": "Point",
        "coordinates": [
          -0.3648507,
          39.4860618
        ]
      },
      "properties": {
        "id": 12724151029,
        "osm_type": "node",
        "name": "Anubis",
        "opening_hours": "Mo-Sa 17:00-01:30"
      }
    },
    {
      "type": "Feature",
      "geometry": {
        "type": "Point",
        "coordinates": [
          -0.4808561,
          38.6987295
        ]
      },
      "properties": {
        "id": 12729315701,
        "osm_type": "node",
        "name": "La TriBu",
        "opening_hours": "Mo-We 08:00-22:00; Sa 08:30-23:00; Su 08:30-14:30; Th-Fr 08:00-23:00"
      }
    },
    {
      "type": "Feature",
      "geometry": {
        "type": "Point",
        "coordinates": [
          -0.4103346,
          39.805637
        ]
      },
      "properties": {
        "id": 12731405904,
        "osm_type": "node",
        "name": "Horno de Lorenzo"
      }
    },
    {
      "type": "Feature",
      "geometry": {
        "type": "Point",
        "coordinates": [
          -0.3783388,
          39.4715882
        ]
      },
      "properties": {
        "id": 12737732513,
        "osm_type": "node",
        "name": "Mare Blau"
      }
    },
    {
      "type": "Feature",
      "geometry": {
        "type": "Point",
        "coordinates": [
          -0.3695129,
          39.4597652
        ]
      },
      "properties": {
        "id": 12745115575,
        "osm_type": "node",
        "name": "Aspai"
      }
    },
    {
      "type": "Feature",
      "geometry": {
        "type": "Point",
        "coordinates": [
          -0.2299803,
          39.6634211
        ]
      },
      "properties": {
        "id": 12750051626,
        "osm_type": "node",
        "name": "Tiramisu"
      }
    },
    {
      "type": "Feature",
      "geometry": {
        "type": "Point",
        "coordinates": [
          -0.3795477,
          39.4720089
        ]
      },
      "properties": {
        "id": 12756874601,
        "osm_type": "node",
        "name": "Santagloria, Coffee & Bakery",
        "opening_hours": "Mo-Tu,Th,We,Fr 07:30-21:00; Su,Sa 08:00-21:00",
        "check_date": "2025-09-25"
      }
    },
    {
      "type": "Feature",
      "geometry": {
        "type": "Point",
        "coordinates": [
          -0.778523,
          38.4850708
        ]
      },
      "properties": {
        "id": 12756956761,
        "osm_type": "node",
        "name": "Estudio Café"
      }
    },
    {
      "type": "Feature",
      "geometry": {
        "type": "Point",
        "coordinates": [
          -0.3665607,
          39.4654715
        ]
      },
      "properties": {
        "id": 12765908838,
        "osm_type": "node",
        "name": "Esperanza. Café literario",
        "outdoor_seating": "sidewalk"
      }
    },
    {
      "type": "Feature",
      "geometry": {
        "type": "Point",
        "coordinates": [
          -0.3841559,
          39.4558337
        ]
      },
      "properties": {
        "id": 12765933932,
        "osm_type": "node",
        "name": "Xiomara's Coffee",
        "outdoor_seating": "yes"
      }
    },
    {
      "type": "Feature",
      "geometry": {
        "type": "Point",
        "coordinates": [
          -0.3669268,
          39.4620683
        ]
      },
      "properties": {
        "id": 12765935344,
        "osm_type": "node",
        "name": "Fūmi"
      }
    },
    {
      "type": "Feature",
      "geometry": {
        "type": "Point",
        "coordinates": [
          -0.3838141,
          39.4719489
        ]
      },
      "properties": {
        "id": 12770777749,
        "osm_type": "node",
        "name": "Coffee Room",
        "outdoor_seating": "yes"
      }
    },
    {
      "type": "Feature",
      "geometry": {
        "type": "Point",
        "coordinates": [
          -0.378618,
          39.4730268
        ]
      },
      "properties": {
        "id": 12770806469,
        "osm_type": "node",
        "name": "Colombiapan",
        "outdoor_seating": "pedestrian_zone"
      }
    },
    {
      "type": "Feature",
      "geometry": {
        "type": "Point",
        "coordinates": [
          -0.1784909,
          38.972856
        ]
      },
      "properties": {
        "id": 12772626959,
        "osm_type": "node",
        "name": "Pa d'or"
      }
    },
    {
      "type": "Feature",
      "geometry": {
        "type": "Point",
        "coordinates": [
          -0.1323035,
          38.5419102
        ]
      },
      "properties": {
        "id": 12779127921,
        "osm_type": "node",
        "name": "Arcila Cafe",
        "outdoor_seating": "yes",
        "check_date": "2026-01-08"
      }
    },
    {
      "type": "Feature",
      "geometry": {
        "type": "Point",
        "coordinates": [
          -0.7298008,
          37.9166476
        ]
      },
      "properties": {
        "id": 12803911647,
        "osm_type": "node",
        "name": "Saura",
        "outdoor_seating": "yes"
      }
    },
    {
      "type": "Feature",
      "geometry": {
        "type": "Point",
        "coordinates": [
          -0.3911361,
          39.4756856
        ]
      },
      "properties": {
        "id": 12819824801,
        "osm_type": "node",
        "name": "Horno Hugo Rodríguez",
        "opening_hours": "Mo-Sa 07:00-20:30; Su 08:00-15:00"
      }
    },
    {
      "type": "Feature",
      "geometry": {
        "type": "Point",
        "coordinates": [
          -0.3719936,
          39.4768692
        ]
      },
      "properties": {
        "id": 12834653784,
        "osm_type": "node",
        "name": "Pasaje 94",
        "opening_hours": "Mo-Fr 08:00-13:00,15:30-18:30; Sa 09:00-17:00"
      }
    },
    {
      "type": "Feature",
      "geometry": {
        "type": "Point",
        "coordinates": [
          -0.1327014,
          38.5390402
        ]
      },
      "properties": {
        "id": 12839688115,
        "osm_type": "node",
        "name": "Teremar",
        "check_date": "2025-05-15"
      }
    },
    {
      "type": "Feature",
      "geometry": {
        "type": "Point",
        "coordinates": [
          -0.3634019,
          39.4865544
        ]
      },
      "properties": {
        "id": 12847143126,
        "osm_type": "node",
        "name": "tranqui",
        "opening_hours": "Mo-Su 08:30-16:30"
      }
    },
    {
      "type": "Feature",
      "geometry": {
        "type": "Point",
        "coordinates": [
          -0.5236471,
          38.9881464
        ]
      },
      "properties": {
        "id": 12849737656,
        "osm_type": "node",
        "name": "La Mala Pècora"
      }
    },
    {
      "type": "Feature",
      "geometry": {
        "type": "Point",
        "coordinates": [
          -0.2599964,
          39.9653091
        ]
      },
      "properties": {
        "id": 12890372401,
        "osm_type": "node",
        "name": "Panaderia Cachol"
      }
    },
    {
      "type": "Feature",
      "geometry": {
        "type": "Point",
        "coordinates": [
          -0.6688302,
          38.2757853
        ]
      },
      "properties": {
        "id": 12902092826,
        "osm_type": "node",
        "name": "Sabela Café"
      }
    },
    {
      "type": "Feature",
      "geometry": {
        "type": "Point",
        "coordinates": [
          -0.3884491,
          39.4743497
        ]
      },
      "properties": {
        "id": 12912955961,
        "osm_type": "node",
        "name": "LSD 24H",
        "opening_hours": "24/7",
        "takeaway": "yes"
      }
    },
    {
      "type": "Feature",
      "geometry": {
        "type": "Point",
        "coordinates": [
          -0.3904406,
          39.4732672
        ]
      },
      "properties": {
        "id": 12912960792,
        "osm_type": "node",
        "name": "Horno Pasteleria"
      }
    },
    {
      "type": "Feature",
      "geometry": {
        "type": "Point",
        "coordinates": [
          -0.3882703,
          39.4741835
        ]
      },
      "properties": {
        "id": 12912967351,
        "osm_type": "node",
        "name": "Cafe 53",
        "takeaway": "yes",
        "outdoor_seating": "yes"
      }
    },
    {
      "type": "Feature",
      "geometry": {
        "type": "Point",
        "coordinates": [
          -0.2780939,
          39.6801002
        ]
      },
      "properties": {
        "id": 12914390884,
        "osm_type": "node",
        "name": "La Revancha",
        "takeaway": "yes",
        "outdoor_seating": "yes"
      }
    },
    {
      "type": "Feature",
      "geometry": {
        "type": "Point",
        "coordinates": [
          -0.4145575,
          38.3684158
        ]
      },
      "properties": {
        "id": 12919140301,
        "osm_type": "node",
        "name": "Flor de Cerezo"
      }
    },
    {
      "type": "Feature",
      "geometry": {
        "type": "Point",
        "coordinates": [
          0.4084018,
          40.3833925
        ]
      },
      "properties": {
        "id": 12919389904,
        "osm_type": "node",
        "name": "Panaderia Pasteleria Casola"
      }
    },
    {
      "type": "Feature",
      "geometry": {
        "type": "Point",
        "coordinates": [
          -0.3798534,
          39.4713385
        ]
      },
      "properties": {
        "id": 12923642167,
        "osm_type": "node",
        "name": "Panaria",
        "outdoor_seating": "yes",
        "check_date": "2025-06-18"
      }
    },
    {
      "type": "Feature",
      "geometry": {
        "type": "Point",
        "coordinates": [
          -0.3980192,
          39.4625867
        ]
      },
      "properties": {
        "id": 12989993002,
        "osm_type": "node",
        "name": "Cafè Degust",
        "opening_hours": "Mo-Su 08:30-20:00"
      }
    },
    {
      "type": "Feature",
      "geometry": {
        "type": "Point",
        "coordinates": [
          -0.4974759,
          38.3430144
        ]
      },
      "properties": {
        "id": 12999448301,
        "osm_type": "node",
        "name": "Liaopastel"
      }
    },
    {
      "type": "Feature",
      "geometry": {
        "type": "Point",
        "coordinates": [
          -0.497483,
          38.3430024
        ]
      },
      "properties": {
        "id": 12999454402,
        "osm_type": "node",
        "name": "Liaopastel"
      }
    },
    {
      "type": "Feature",
      "geometry": {
        "type": "Point",
        "coordinates": [
          -0.3770964,
          39.4754033
        ]
      },
      "properties": {
        "id": 12999857401,
        "osm_type": "node",
        "name": "Tinto Fino Ultramarino"
      }
    },
    {
      "type": "Feature",
      "geometry": {
        "type": "Point",
        "coordinates": [
          -0.402806,
          39.438723
        ]
      },
      "properties": {
        "id": 13015338266,
        "osm_type": "node"
      }
    },
    {
      "type": "Feature",
      "geometry": {
        "type": "Point",
        "coordinates": [
          -0.4065231,
          39.4818652
        ]
      },
      "properties": {
        "id": 13016965130,
        "osm_type": "node"
      }
    },
    {
      "type": "Feature",
      "geometry": {
        "type": "Point",
        "coordinates": [
          0.2918385,
          40.255865
        ]
      },
      "properties": {
        "id": 13021775214,
        "osm_type": "node",
        "name": "El Faro",
        "outdoor_seating": "yes"
      }
    },
    {
      "type": "Feature",
      "geometry": {
        "type": "Point",
        "coordinates": [
          -0.4830219,
          38.3446548
        ]
      },
      "properties": {
        "id": 13022718115,
        "osm_type": "node",
        "name": "Santa Faz",
        "opening_hours": "Mo-Fr 07:00-23:00; Sa-Su 07:30-23:00",
        "outdoor_seating": "yes"
      }
    },
    {
      "type": "Feature",
      "geometry": {
        "type": "Point",
        "coordinates": [
          -0.4849283,
          38.343041
        ]
      },
      "properties": {
        "id": 13028545142,
        "osm_type": "node",
        "name": "Café Miró"
      }
    },
    {
      "type": "Feature",
      "geometry": {
        "type": "Point",
        "coordinates": [
          -0.4838259,
          38.3444679
        ]
      },
      "properties": {
        "id": 13030445602,
        "osm_type": "node",
        "name": "Santagloria",
        "brand": "Santagloria"
      }
    },
    {
      "type": "Feature",
      "geometry": {
        "type": "Point",
        "coordinates": [
          -0.4867777,
          38.3453607
        ]
      },
      "properties": {
        "id": 13032338178,
        "osm_type": "node",
        "name": "Dulcinea"
      }
    },
    {
      "type": "Feature",
      "geometry": {
        "type": "Point",
        "coordinates": [
          -0.4882998,
          38.3460383
        ]
      },
      "properties": {
        "id": 13033744553,
        "osm_type": "node",
        "name": "Gritti"
      }
    },
    {
      "type": "Feature",
      "geometry": {
        "type": "Point",
        "coordinates": [
          -0.4885738,
          38.346983
        ]
      },
      "properties": {
        "id": 13033799518,
        "osm_type": "node",
        "name": "La Murciana"
      }
    },
    {
      "type": "Feature",
      "geometry": {
        "type": "Point",
        "coordinates": [
          -0.4875567,
          38.3438168
        ]
      },
      "properties": {
        "id": 13033861137,
        "osm_type": "node",
        "name": "Mr. Baboo"
      }
    },
    {
      "type": "Feature",
      "geometry": {
        "type": "Point",
        "coordinates": [
          -0.4886406,
          38.3463325
        ]
      },
      "properties": {
        "id": 13033875677,
        "osm_type": "node",
        "name": "Mon Sucrée"
      }
    },
    {
      "type": "Feature",
      "geometry": {
        "type": "Point",
        "coordinates": [
          -0.4870141,
          38.3432382
        ]
      },
      "properties": {
        "id": 13033909712,
        "osm_type": "node",
        "name": "Hermanas Martínez",
        "outdoor_seating": "no"
      }
    },
    {
      "type": "Feature",
      "geometry": {
        "type": "Point",
        "coordinates": [
          -0.4900458,
          38.3431259
        ]
      },
      "properties": {
        "id": 13034008433,
        "osm_type": "node",
        "name": "Bombonboss"
      }
    },
    {
      "type": "Feature",
      "geometry": {
        "type": "Point",
        "coordinates": [
          -0.4942598,
          38.3445381
        ]
      },
      "properties": {
        "id": 13034008439,
        "osm_type": "node",
        "name": "Café Xpress"
      }
    },
    {
      "type": "Feature",
      "geometry": {
        "type": "Point",
        "coordinates": [
          -0.1412636,
          40.3795632
        ]
      },
      "properties": {
        "id": 13039283058,
        "osm_type": "node"
      }
    },
    {
      "type": "Feature",
      "geometry": {
        "type": "Point",
        "coordinates": [
          -0.3293608,
          39.4647709
        ]
      },
      "properties": {
        "id": 13041165059,
        "osm_type": "node",
        "name": "Kaide",
        "opening_hours": "Mo-Fr 08:30-16:00; Sa-Su 09:00-15:00",
        "outdoor_seating": "yes",
        "check_date": "2025-07-14"
      }
    },
    {
      "type": "Feature",
      "geometry": {
        "type": "Point",
        "coordinates": [
          -0.3619015,
          39.4584534
        ]
      },
      "properties": {
        "id": 13041866403,
        "osm_type": "node",
        "name": "Forn de Pa i Dolços Carmina"
      }
    },
    {
      "type": "Feature",
      "geometry": {
        "type": "Point",
        "coordinates": [
          -0.3381069,
          39.4694236
        ]
      },
      "properties": {
        "id": 13051061541,
        "osm_type": "node",
        "name": "La Dolce Vita"
      }
    },
    {
      "type": "Feature",
      "geometry": {
        "type": "Point",
        "coordinates": [
          -0.3381954,
          39.4692306
        ]
      },
      "properties": {
        "id": 13051061542,
        "osm_type": "node",
        "name": "365"
      }
    },
    {
      "type": "Feature",
      "geometry": {
        "type": "Point",
        "coordinates": [
          -0.377069,
          39.4720197
        ]
      },
      "properties": {
        "id": 13061848403,
        "osm_type": "node",
        "name": "BASSK Cheesecakers",
        "check_date": "2025-10-15"
      }
    },
    {
      "type": "Feature",
      "geometry": {
        "type": "Point",
        "coordinates": [
          -0.3783484,
          39.4768004
        ]
      },
      "properties": {
        "id": 13061853001,
        "osm_type": "node",
        "name": "La Pistaccheria"
      }
    },
    {
      "type": "Feature",
      "geometry": {
        "type": "Point",
        "coordinates": [
          0.4018512,
          40.3591494
        ]
      },
      "properties": {
        "id": 13062901384,
        "osm_type": "node"
      }
    },
    {
      "type": "Feature",
      "geometry": {
        "type": "Point",
        "coordinates": [
          -0.1577727,
          39.7686966
        ]
      },
      "properties": {
        "id": 13072975484,
        "osm_type": "node"
      }
    },
    {
      "type": "Feature",
      "geometry": {
        "type": "Point",
        "coordinates": [
          -0.1343591,
          38.5403967
        ]
      },
      "properties": {
        "id": 13084119610,
        "osm_type": "node",
        "name": "Rafael",
        "check_date": "2025-08-20"
      }
    },
    {
      "type": "Feature",
      "geometry": {
        "type": "Point",
        "coordinates": [
          -0.1338052,
          38.5411833
        ]
      },
      "properties": {
        "id": 13084119623,
        "osm_type": "node",
        "name": "Pucela",
        "outdoor_seating": "yes",
        "check_date": "2025-08-20"
      }
    },
    {
      "type": "Feature",
      "geometry": {
        "type": "Point",
        "coordinates": [
          -0.1128186,
          38.5373666
        ]
      },
      "properties": {
        "id": 13086376190,
        "osm_type": "node",
        "name": "Foodland",
        "check_date": "2025-08-21"
      }
    },
    {
      "type": "Feature",
      "geometry": {
        "type": "Point",
        "coordinates": [
          -0.3449322,
          39.4745798
        ]
      },
      "properties": {
        "id": 13103236492,
        "osm_type": "node",
        "name": "Forn Pastisseria Honduras"
      }
    },
    {
      "type": "Feature",
      "geometry": {
        "type": "Point",
        "coordinates": [
          0.0509085,
          38.6434357
        ]
      },
      "properties": {
        "id": 13112373494,
        "osm_type": "node",
        "name": "Cafeseamos"
      }
    },
    {
      "type": "Feature",
      "geometry": {
        "type": "Point",
        "coordinates": [
          -0.6656629,
          37.9772026
        ]
      },
      "properties": {
        "id": 13113048085,
        "osm_type": "node",
        "name": "BLUR — Specialty Coffee, Brunch & Wine",
        "opening_hours": "Mo-Fr 09:00-14:00, Sa-Su 09:00-15:00",
        "outdoor_seating": "yes"
      }
    },
    {
      "type": "Feature",
      "geometry": {
        "type": "Point",
        "coordinates": [
          -0.3938377,
          39.4710621
        ]
      },
      "properties": {
        "id": 13135726463,
        "osm_type": "node",
        "name": "Caña de Azúcar"
      }
    },
    {
      "type": "Feature",
      "geometry": {
        "type": "Point",
        "coordinates": [
          -0.3788058,
          39.4688895
        ]
      },
      "properties": {
        "id": 13140048574,
        "osm_type": "node",
        "name": "Brewtalist Coffee Hub"
      }
    },
    {
      "type": "Feature",
      "geometry": {
        "type": "Point",
        "coordinates": [
          -0.1079492,
          38.5380653
        ]
      },
      "properties": {
        "id": 13142889812,
        "osm_type": "node",
        "name": "Café Danfe"
      }
    },
    {
      "type": "Feature",
      "geometry": {
        "type": "Point",
        "coordinates": [
          -0.10679,
          38.5376061
        ]
      },
      "properties": {
        "id": 13144545526,
        "osm_type": "node",
        "name": "Panedería Pastelería Acuarium"
      }
    },
    {
      "type": "Feature",
      "geometry": {
        "type": "Point",
        "coordinates": [
          -0.3853439,
          39.4669044
        ]
      },
      "properties": {
        "id": 13146648193,
        "osm_type": "node",
        "name": "Daily Bistro",
        "outdoor_seating": "yes"
      }
    },
    {
      "type": "Feature",
      "geometry": {
        "type": "Point",
        "coordinates": [
          -0.1102,
          38.5394413
        ]
      },
      "properties": {
        "id": 13147887393,
        "osm_type": "node",
        "name": "Café Mar Azul"
      }
    },
    {
      "type": "Feature",
      "geometry": {
        "type": "Point",
        "coordinates": [
          -0.2733878,
          39.6753165
        ]
      },
      "properties": {
        "id": 13149691236,
        "osm_type": "node",
        "name": "L'estació Café - Bar",
        "check_date": "2025-09-17"
      }
    },
    {
      "type": "Feature",
      "geometry": {
        "type": "Point",
        "coordinates": [
          -0.1067653,
          38.5369522
        ]
      },
      "properties": {
        "id": 13150145358,
        "osm_type": "node",
        "name": "Cafetería Acuarium"
      }
    },
    {
      "type": "Feature",
      "geometry": {
        "type": "Point",
        "coordinates": [
          -0.3490773,
          39.4697631
        ]
      },
      "properties": {
        "id": 13167246198,
        "osm_type": "node",
        "name": "Buche",
        "outdoor_seating": "sidewalk"
      }
    },
    {
      "type": "Feature",
      "geometry": {
        "type": "Point",
        "coordinates": [
          -0.5126541,
          38.3484862
        ]
      },
      "properties": {
        "id": 13170047349,
        "osm_type": "node",
        "name": "Cafetería Israa"
      }
    },
    {
      "type": "Feature",
      "geometry": {
        "type": "Point",
        "coordinates": [
          -0.5123638,
          38.3483243
        ]
      },
      "properties": {
        "id": 13170047351,
        "osm_type": "node",
        "name": "Panadería Galinsoga"
      }
    },
    {
      "type": "Feature",
      "geometry": {
        "type": "Point",
        "coordinates": [
          -0.5109706,
          38.3471635
        ]
      },
      "properties": {
        "id": 13170047357,
        "osm_type": "node",
        "name": "Sabana Café Amstel"
      }
    },
    {
      "type": "Feature",
      "geometry": {
        "type": "Point",
        "coordinates": [
          -0.3615811,
          39.4771057
        ]
      },
      "properties": {
        "id": 13173390150,
        "osm_type": "node"
      }
    },
    {
      "type": "Feature",
      "geometry": {
        "type": "Point",
        "coordinates": [
          -0.2820229,
          39.6827877
        ]
      },
      "properties": {
        "id": 13189167540,
        "osm_type": "node",
        "name": "Domingo",
        "check_date": "2025-10-02"
      }
    },
    {
      "type": "Feature",
      "geometry": {
        "type": "Point",
        "coordinates": [
          -0.1449821,
          39.8082696
        ]
      },
      "properties": {
        "id": 13190500829,
        "osm_type": "node",
        "name": "La murá"
      }
    },
    {
      "type": "Feature",
      "geometry": {
        "type": "Point",
        "coordinates": [
          -0.431216,
          39.466012
        ]
      },
      "properties": {
        "id": 13192156649,
        "osm_type": "node",
        "name": "Horno A. Lozano Bollería"
      }
    },
    {
      "type": "Feature",
      "geometry": {
        "type": "Point",
        "coordinates": [
          -0.4297434,
          39.4681669
        ]
      },
      "properties": {
        "id": 13200145127,
        "osm_type": "node",
        "name": "Horno J. Pons",
        "opening_hours": "Mo-Fr 06:15-14:30,17:00-19:30; Sa 06:15-14:30"
      }
    },
    {
      "type": "Feature",
      "geometry": {
        "type": "Point",
        "coordinates": [
          -0.1327315,
          38.54416
        ]
      },
      "properties": {
        "id": 13203692101,
        "osm_type": "node",
        "name": "Levaduramadre - Bakery - Bäckerei",
        "opening_hours": "Mo-Sa 09:00-21:00"
      }
    },
    {
      "type": "Feature",
      "geometry": {
        "type": "Point",
        "coordinates": [
          -0.5251643,
          39.2136787
        ]
      },
      "properties": {
        "id": 13204513671,
        "osm_type": "node",
        "name": "Espai",
        "outdoor_seating": "yes"
      }
    },
    {
      "type": "Feature",
      "geometry": {
        "type": "Point",
        "coordinates": [
          -0.4177742,
          39.4741489
        ]
      },
      "properties": {
        "id": 13205225747,
        "osm_type": "node",
        "name": "Granier",
        "brand": "Granier"
      }
    },
    {
      "type": "Feature",
      "geometry": {
        "type": "Point",
        "coordinates": [
          -0.416176,
          39.4734782
        ]
      },
      "properties": {
        "id": 13207657099,
        "osm_type": "node",
        "name": "Andy's Coffe",
        "outdoor_seating": "no"
      }
    },
    {
      "type": "Feature",
      "geometry": {
        "type": "Point",
        "coordinates": [
          -0.4175552,
          39.474766
        ]
      },
      "properties": {
        "id": 13207667309,
        "osm_type": "node",
        "name": "Forn Casa Vergara"
      }
    },
    {
      "type": "Feature",
      "geometry": {
        "type": "Point",
        "coordinates": [
          0.102083,
          38.8432583
        ]
      },
      "properties": {
        "id": 13243802432,
        "osm_type": "node",
        "name": "Casa Piaggio",
        "outdoor_seating": "yes"
      }
    },
    {
      "type": "Feature",
      "geometry": {
        "type": "Point",
        "coordinates": [
          -0.4883157,
          38.348186
        ]
      },
      "properties": {
        "id": 13249491589,
        "osm_type": "node",
        "name": "Maldita Gloria!",
        "opening_hours": "Mo,We-Fr 08:30-20:00; Tu 08:30-16:00; Sa-Su 09:00-15:00"
      }
    },
    {
      "type": "Feature",
      "geometry": {
        "type": "Point",
        "coordinates": [
          -0.3936476,
          39.4730395
        ]
      },
      "properties": {
        "id": 13250195171,
        "osm_type": "node",
        "name": "VibraCafe"
      }
    },
    {
      "type": "Feature",
      "geometry": {
        "type": "Point",
        "coordinates": [
          -0.2111744,
          38.676016
        ]
      },
      "properties": {
        "id": 13267549226,
        "osm_type": "node",
        "name": "Ximo"
      }
    },
    {
      "type": "Feature",
      "geometry": {
        "type": "Point",
        "coordinates": [
          -0.3909344,
          38.4261182
        ]
      },
      "properties": {
        "id": 13275558375,
        "osm_type": "node",
        "name": "La Hora",
        "outdoor_seating": "yes"
      }
    },
    {
      "type": "Feature",
      "geometry": {
        "type": "Point",
        "coordinates": [
          -0.3907126,
          39.4327512
        ]
      },
      "properties": {
        "id": 13283015302,
        "osm_type": "node",
        "name": "Cafetería Twins",
        "opening_hours": "Mo-Su 09:00-21:00"
      }
    },
    {
      "type": "Feature",
      "geometry": {
        "type": "Point",
        "coordinates": [
          -0.3417053,
          39.4704406
        ]
      },
      "properties": {
        "id": 13285967966,
        "osm_type": "node",
        "name": "Sierra Alta"
      }
    },
    {
      "type": "Feature",
      "geometry": {
        "type": "Point",
        "coordinates": [
          -0.699062,
          38.2636101
        ]
      },
      "properties": {
        "id": 13289478607,
        "osm_type": "node",
        "name": "La Espiga de Oro"
      }
    },
    {
      "type": "Feature",
      "geometry": {
        "type": "Point",
        "coordinates": [
          -0.5264765,
          38.4020601
        ]
      },
      "properties": {
        "id": 13290222781,
        "osm_type": "node",
        "name": "Nou Lloc de Joc",
        "outdoor_seating": "yes"
      }
    },
    {
      "type": "Feature",
      "geometry": {
        "type": "Point",
        "coordinates": [
          -0.3781288,
          39.4691343
        ]
      },
      "properties": {
        "id": 13290416986,
        "osm_type": "node",
        "name": "Cult Café",
        "opening_hours": "Mo-Fr 08:30-16:00; Sa 09:30-15:00; Su 09:30-14:00",
        "outdoor_seating": "yes"
      }
    },
    {
      "type": "Feature",
      "geometry": {
        "type": "Point",
        "coordinates": [
          -0.0425948,
          39.9874823
        ]
      },
      "properties": {
        "id": 13300157379,
        "osm_type": "node",
        "name": "Espan's",
        "check_date": "2025-11-12"
      }
    },
    {
      "type": "Feature",
      "geometry": {
        "type": "Point",
        "coordinates": [
          -0.3800134,
          39.471984
        ]
      },
      "properties": {
        "id": 13316891088,
        "osm_type": "node",
        "name": "le Petit cafe",
        "check_date": "2025-11-19"
      }
    },
    {
      "type": "Feature",
      "geometry": {
        "type": "Point",
        "coordinates": [
          -0.3799204,
          39.471862
        ]
      },
      "properties": {
        "id": 13316891089,
        "osm_type": "node",
        "name": "Pom Pom",
        "check_date": "2025-11-19"
      }
    },
    {
      "type": "Feature",
      "geometry": {
        "type": "Point",
        "coordinates": [
          -0.3721069,
          39.4624053
        ]
      },
      "properties": {
        "id": 13327808023,
        "osm_type": "node",
        "name": "FIVEO"
      }
    },
    {
      "type": "Feature",
      "geometry": {
        "type": "Point",
        "coordinates": [
          -0.5173784,
          38.3926129
        ]
      },
      "properties": {
        "id": 13336463601,
        "osm_type": "node",
        "name": "BOBO TEA"
      }
    },
    {
      "type": "Feature",
      "geometry": {
        "type": "Point",
        "coordinates": [
          -0.5179254,
          38.3927258
        ]
      },
      "properties": {
        "id": 13336463602,
        "osm_type": "node",
        "name": "Living Café"
      }
    },
    {
      "type": "Feature",
      "geometry": {
        "type": "Point",
        "coordinates": [
          -0.5217152,
          38.3966392
        ]
      },
      "properties": {
        "id": 13339084601,
        "osm_type": "node",
        "name": "Garnier"
      }
    },
    {
      "type": "Feature",
      "geometry": {
        "type": "Point",
        "coordinates": [
          -0.1279548,
          38.5433438
        ]
      },
      "properties": {
        "id": 13348043595,
        "osm_type": "node",
        "name": "Nuevo Milenio"
      }
    },
    {
      "type": "Feature",
      "geometry": {
        "type": "Point",
        "coordinates": [
          -0.4858328,
          38.3488398
        ]
      },
      "properties": {
        "id": 13358940901,
        "osm_type": "node",
        "name": "Calderón",
        "opening_hours": "Mo-Fr 07:30-13:30,17:30-21:00",
        "outdoor_seating": "yes"
      }
    },
    {
      "type": "Feature",
      "geometry": {
        "type": "Point",
        "coordinates": [
          -0.477096,
          38.3488837
        ]
      },
      "properties": {
        "id": 13359232004,
        "osm_type": "node",
        "outdoor_seating": "yes"
      }
    },
    {
      "type": "Feature",
      "geometry": {
        "type": "Point",
        "coordinates": [
          0.4059519,
          40.3744336
        ]
      },
      "properties": {
        "id": 13367671686,
        "osm_type": "node"
      }
    },
    {
      "type": "Feature",
      "geometry": {
        "type": "Point",
        "coordinates": [
          0.4094589,
          40.3850856
        ]
      },
      "properties": {
        "id": 13367729509,
        "osm_type": "node"
      }
    },
    {
      "type": "Feature",
      "geometry": {
        "type": "Point",
        "coordinates": [
          0.4059227,
          40.3743511
        ]
      },
      "properties": {
        "id": 13367772019,
        "osm_type": "node"
      }
    },
    {
      "type": "Feature",
      "geometry": {
        "type": "Point",
        "coordinates": [
          -0.482724,
          38.3448879
        ]
      },
      "properties": {
        "id": 13369223201,
        "osm_type": "node",
        "name": "Venetia",
        "outdoor_seating": "yes"
      }
    },
    {
      "type": "Feature",
      "geometry": {
        "type": "Point",
        "coordinates": [
          0.2774023,
          40.2442214
        ]
      },
      "properties": {
        "id": 13370004362,
        "osm_type": "node",
        "outdoor_seating": "yes"
      }
    },
    {
      "type": "Feature",
      "geometry": {
        "type": "Point",
        "coordinates": [
          0.1387861,
          40.0904197
        ]
      },
      "properties": {
        "id": 13370080795,
        "osm_type": "node",
        "outdoor_seating": "yes"
      }
    },
    {
      "type": "Feature",
      "geometry": {
        "type": "Point",
        "coordinates": [
          0.2971672,
          40.2608265
        ]
      },
      "properties": {
        "id": 13370086368,
        "osm_type": "node",
        "outdoor_seating": "yes"
      }
    },
    {
      "type": "Feature",
      "geometry": {
        "type": "Point",
        "coordinates": [
          -0.0631998,
          39.9430793
        ]
      },
      "properties": {
        "id": 13372400721,
        "osm_type": "node",
        "outdoor_seating": "yes"
      }
    },
    {
      "type": "Feature",
      "geometry": {
        "type": "Point",
        "coordinates": [
          -0.0418996,
          39.978452
        ]
      },
      "properties": {
        "id": 13372407281,
        "osm_type": "node",
        "outdoor_seating": "yes"
      }
    },
    {
      "type": "Feature",
      "geometry": {
        "type": "Point",
        "coordinates": [
          -0.0410989,
          39.979462
        ]
      },
      "properties": {
        "id": 13372408374,
        "osm_type": "node",
        "outdoor_seating": "yes"
      }
    },
    {
      "type": "Feature",
      "geometry": {
        "type": "Point",
        "coordinates": [
          -0.0610313,
          39.9464231
        ]
      },
      "properties": {
        "id": 13372430676,
        "osm_type": "node",
        "outdoor_seating": "yes"
      }
    },
    {
      "type": "Feature",
      "geometry": {
        "type": "Point",
        "coordinates": [
          -0.1412764,
          39.859726
        ]
      },
      "properties": {
        "id": 13372459118,
        "osm_type": "node",
        "name": "La Terreta",
        "outdoor_seating": "pedestrian_zone"
      }
    },
    {
      "type": "Feature",
      "geometry": {
        "type": "Point",
        "coordinates": [
          -0.1414446,
          39.8606781
        ]
      },
      "properties": {
        "id": 13372462678,
        "osm_type": "node"
      }
    },
    {
      "type": "Feature",
      "geometry": {
        "type": "Point",
        "coordinates": [
          -0.1540896,
          39.8525557
        ]
      },
      "properties": {
        "id": 13372469820,
        "osm_type": "node",
        "outdoor_seating": "yes"
      }
    },
    {
      "type": "Feature",
      "geometry": {
        "type": "Point",
        "coordinates": [
          -0.0868218,
          39.8884708
        ]
      },
      "properties": {
        "id": 13372472337,
        "osm_type": "node"
      }
    },
    {
      "type": "Feature",
      "geometry": {
        "type": "Point",
        "coordinates": [
          -0.1545678,
          39.8523892
        ]
      },
      "properties": {
        "id": 13372475657,
        "osm_type": "node",
        "outdoor_seating": "yes"
      }
    },
    {
      "type": "Feature",
      "geometry": {
        "type": "Point",
        "coordinates": [
          -0.1544615,
          39.8521893
        ]
      },
      "properties": {
        "id": 13372475870,
        "osm_type": "node",
        "outdoor_seating": "yes"
      }
    },
    {
      "type": "Feature",
      "geometry": {
        "type": "Point",
        "coordinates": [
          -0.248688,
          39.6712302
        ]
      },
      "properties": {
        "id": 13374088329,
        "osm_type": "node",
        "name": "Terraza Nines"
      }
    },
    {
      "type": "Feature",
      "geometry": {
        "type": "Point",
        "coordinates": [
          -0.2346874,
          39.6674458
        ]
      },
      "properties": {
        "id": 13374322860,
        "osm_type": "node",
        "outdoor_seating": "yes"
      }
    },
    {
      "type": "Feature",
      "geometry": {
        "type": "Point",
        "coordinates": [
          -0.2351383,
          39.6675986
        ]
      },
      "properties": {
        "id": 13374336205,
        "osm_type": "node",
        "outdoor_seating": "yes"
      }
    },
    {
      "type": "Feature",
      "geometry": {
        "type": "Point",
        "coordinates": [
          -0.3085685,
          39.6181639
        ]
      },
      "properties": {
        "id": 13386453842,
        "osm_type": "node",
        "outdoor_seating": "yes"
      }
    },
    {
      "type": "Feature",
      "geometry": {
        "type": "Point",
        "coordinates": [
          -0.3073833,
          39.6205599
        ]
      },
      "properties": {
        "id": 13386464483,
        "osm_type": "node",
        "outdoor_seating": "no"
      }
    },
    {
      "type": "Feature",
      "geometry": {
        "type": "Point",
        "coordinates": [
          -0.3071474,
          39.6219184
        ]
      },
      "properties": {
        "id": 13386465619,
        "osm_type": "node",
        "outdoor_seating": "yes"
      }
    },
    {
      "type": "Feature",
      "geometry": {
        "type": "Point",
        "coordinates": [
          -0.2753781,
          39.6731459
        ]
      },
      "properties": {
        "id": 13386467550,
        "osm_type": "node"
      }
    },
    {
      "type": "Feature",
      "geometry": {
        "type": "Point",
        "coordinates": [
          -0.2701359,
          39.6798091
        ]
      },
      "properties": {
        "id": 13386471750,
        "osm_type": "node",
        "outdoor_seating": "no"
      }
    },
    {
      "type": "Feature",
      "geometry": {
        "type": "Point",
        "coordinates": [
          -0.3338038,
          39.4481036
        ]
      },
      "properties": {
        "id": 13386895537,
        "osm_type": "node"
      }
    },
    {
      "type": "Feature",
      "geometry": {
        "type": "Point",
        "coordinates": [
          -0.3341987,
          39.4484136
        ]
      },
      "properties": {
        "id": 13386917771,
        "osm_type": "node"
      }
    },
    {
      "type": "Feature",
      "geometry": {
        "type": "Point",
        "coordinates": [
          -0.2574489,
          39.1668718
        ]
      },
      "properties": {
        "id": 13387717302,
        "osm_type": "node",
        "name": "Panadería La Delicia Cullera",
        "opening_hours": "Mo-Su 06:00-14:30, 17:00-20:30"
      }
    },
    {
      "type": "Feature",
      "geometry": {
        "type": "Point",
        "coordinates": [
          -0.2564459,
          39.1634099
        ]
      },
      "properties": {
        "id": 13387761801,
        "osm_type": "node",
        "name": "La Cafetería del Parque",
        "opening_hours": "Mo-Su 06:30-00:00"
      }
    },
    {
      "type": "Feature",
      "geometry": {
        "type": "Point",
        "coordinates": [
          -0.418305,
          39.4733489
        ]
      },
      "properties": {
        "id": 13388467971,
        "osm_type": "node",
        "name": "Illetes"
      }
    },
    {
      "type": "Feature",
      "geometry": {
        "type": "Point",
        "coordinates": [
          -0.1194336,
          38.9225774
        ]
      },
      "properties": {
        "id": 13388968076,
        "osm_type": "node",
        "outdoor_seating": "yes"
      }
    },
    {
      "type": "Feature",
      "geometry": {
        "type": "Point",
        "coordinates": [
          -0.1169505,
          38.9210019
        ]
      },
      "properties": {
        "id": 13388975654,
        "osm_type": "node"
      }
    },
    {
      "type": "Feature",
      "geometry": {
        "type": "Point",
        "coordinates": [
          -0.1207111,
          38.9233793
        ]
      },
      "properties": {
        "id": 13388990833,
        "osm_type": "node",
        "outdoor_seating": "yes"
      }
    },
    {
      "type": "Feature",
      "geometry": {
        "type": "Point",
        "coordinates": [
          -0.1258567,
          38.5395562
        ]
      },
      "properties": {
        "id": 13391192600,
        "osm_type": "node"
      }
    },
    {
      "type": "Feature",
      "geometry": {
        "type": "Point",
        "coordinates": [
          -0.1324182,
          38.5444511
        ]
      },
      "properties": {
        "id": 13391205583,
        "osm_type": "node",
        "outdoor_seating": "yes"
      }
    },
    {
      "type": "Feature",
      "geometry": {
        "type": "Point",
        "coordinates": [
          0.1077085,
          38.8351902
        ]
      },
      "properties": {
        "id": 13395076002,
        "osm_type": "node",
        "name": "Convida Poke & Coffee",
        "outdoor_seating": "yes"
      }
    },
    {
      "type": "Feature",
      "geometry": {
        "type": "Point",
        "coordinates": [
          -0.0396639,
          39.9905964
        ]
      },
      "properties": {
        "id": 13397476024,
        "osm_type": "node",
        "name": "Mónica"
      }
    },
    {
      "type": "Feature",
      "geometry": {
        "type": "Point",
        "coordinates": [
          -0.3746419,
          39.473495
        ]
      },
      "properties": {
        "id": 13397821433,
        "osm_type": "node",
        "name": "Manolo Bakes",
        "outdoor_seating": "yes"
      }
    },
    {
      "type": "Feature",
      "geometry": {
        "type": "Point",
        "coordinates": [
          0.1005106,
          38.8379117
        ]
      },
      "properties": {
        "id": 13399445401,
        "osm_type": "node",
        "name": "Casa Repostera"
      }
    },
    {
      "type": "Feature",
      "geometry": {
        "type": "Point",
        "coordinates": [
          -0.1628373,
          38.9950266
        ]
      },
      "properties": {
        "id": 13408200547,
        "osm_type": "node",
        "name": "Vila"
      }
    },
    {
      "type": "Feature",
      "geometry": {
        "type": "Point",
        "coordinates": [
          0.2770956,
          40.4544532
        ]
      },
      "properties": {
        "id": 13408984846,
        "osm_type": "node",
        "name": "Forn Artiga",
        "opening_hours": "Mo-Sa 08:00-13:30,17:30-20:00; Su off"
      }
    },
    {
      "type": "Feature",
      "geometry": {
        "type": "Point",
        "coordinates": [
          -0.4734319,
          39.4912556
        ]
      },
      "properties": {
        "id": 13412896472,
        "osm_type": "node",
        "name": "foodies'",
        "outdoor_seating": "no",
        "check_date": "2025-12-28"
      }
    },
    {
      "type": "Feature",
      "geometry": {
        "type": "Point",
        "coordinates": [
          -0.474001,
          39.4915415
        ]
      },
      "properties": {
        "id": 13412980832,
        "osm_type": "node",
        "name": "Enrique Tomas",
        "outdoor_seating": "no",
        "check_date": "2025-12-28"
      }
    },
    {
      "type": "Feature",
      "geometry": {
        "type": "Point",
        "coordinates": [
          -0.474902,
          39.4923599
        ]
      },
      "properties": {
        "id": 13413043431,
        "osm_type": "node",
        "name": "Trib's",
        "outdoor_seating": "no",
        "check_date": "2025-12-28"
      }
    },
    {
      "type": "Feature",
      "geometry": {
        "type": "Point",
        "coordinates": [
          -0.4167351,
          38.3821955
        ]
      },
      "properties": {
        "id": 13423812101,
        "osm_type": "node",
        "name": "Mimi's Cafeteria",
        "opening_hours": "Mo-Su 07:00-21:30"
      }
    },
    {
      "type": "Feature",
      "geometry": {
        "type": "Point",
        "coordinates": [
          -0.3496256,
          39.4651698
        ]
      },
      "properties": {
        "id": 13428286901,
        "osm_type": "node",
        "name": "La Imperial del Quindío",
        "opening_hours": "Mo-Su 08:00-22:00"
      }
    },
    {
      "type": "Feature",
      "geometry": {
        "type": "Point",
        "coordinates": [
          -0.1337796,
          38.5404332
        ]
      },
      "properties": {
        "id": 13428346801,
        "osm_type": "node",
        "name": "Valdivieso",
        "check_date": "2026-01-03"
      }
    },
    {
      "type": "Feature",
      "geometry": {
        "type": "Point",
        "coordinates": [
          -0.1335824,
          38.5404692
        ]
      },
      "properties": {
        "id": 13428346803,
        "osm_type": "node",
        "name": "Hecho Con Gusto",
        "check_date": "2026-01-03"
      }
    },
    {
      "type": "Feature",
      "geometry": {
        "type": "Point",
        "coordinates": [
          -0.4108504,
          39.4751209
        ]
      },
      "properties": {
        "id": 13430876941,
        "osm_type": "node",
        "name": "Cafeteria de La Fàbrica",
        "outdoor_seating": "yes"
      }
    },
    {
      "type": "Feature",
      "geometry": {
        "type": "Point",
        "coordinates": [
          -0.4138334,
          39.4771108
        ]
      },
      "properties": {
        "id": 13430876942,
        "osm_type": "node",
        "name": "La Chata",
        "outdoor_seating": "yes"
      }
    },
    {
      "type": "Feature",
      "geometry": {
        "type": "Point",
        "coordinates": [
          -0.5182682,
          39.1197811
        ]
      },
      "properties": {
        "id": 13443871378,
        "osm_type": "node",
        "name": "Forn El Salero"
      }
    },
    {
      "type": "Feature",
      "geometry": {
        "type": "Point",
        "coordinates": [
          -0.4363935,
          39.5193961
        ]
      },
      "properties": {
        "id": 13447886216,
        "osm_type": "node",
        "name": "The cake factory"
      }
    },
    {
      "type": "Feature",
      "geometry": {
        "type": "Point",
        "coordinates": [
          0.1035426,
          38.8357127
        ]
      },
      "properties": {
        "id": 13455521001,
        "osm_type": "node",
        "name": "A Gaudir"
      }
    },
    {
      "type": "Feature",
      "geometry": {
        "type": "Point",
        "coordinates": [
          -0.4874352,
          38.3451199
        ]
      },
      "properties": {
        "id": 13471671822,
        "osm_type": "node",
        "name": "Salt in Cake",
        "opening_hours": "Mo-Th 10:00-21:00; Fr-Su 10:00-22:00",
        "takeaway": "yes",
        "outdoor_seating": "yes"
      }
    },
    {
      "type": "Feature",
      "geometry": {
        "type": "Point",
        "coordinates": [
          -0.5740124,
          38.6245893
        ]
      },
      "properties": {
        "id": 13484600461,
        "osm_type": "node",
        "name": "Altura Café",
        "opening_hours": "24/7"
      }
    },
    {
      "type": "Feature",
      "geometry": {
        "type": "Point",
        "coordinates": [
          -0.6992726,
          38.2634168
        ]
      },
      "properties": {
        "id": 13505178670,
        "osm_type": "node",
        "name": "Botanika"
      }
    },
    {
      "type": "Feature",
      "geometry": {
        "type": "Point",
        "coordinates": [
          -0.5295161,
          38.9879561
        ]
      },
      "properties": {
        "id": 13509286137,
        "osm_type": "node",
        "name": "Dulces Campos",
        "opening_hours": "Mo-Sa 07:30-22:30; Su,PH 08:00-22:30",
        "outdoor_seating": "yes"
      }
    },
    {
      "type": "Feature",
      "geometry": {
        "type": "Point",
        "coordinates": [
          -0.2282366,
          38.5086606
        ]
      },
      "properties": {
        "id": 13509548346,
        "osm_type": "node",
        "outdoor_seating": "yes"
      }
    },
    {
      "type": "Feature",
      "geometry": {
        "type": "Point",
        "coordinates": [
          -0.2210837,
          38.5116841
        ]
      },
      "properties": {
        "id": 13510012487,
        "osm_type": "node",
        "outdoor_seating": "yes"
      }
    },
    {
      "type": "Feature",
      "geometry": {
        "type": "Point",
        "coordinates": [
          -0.2212672,
          38.5115977
        ]
      },
      "properties": {
        "id": 13510030930,
        "osm_type": "node",
        "outdoor_seating": "yes"
      }
    },
    {
      "type": "Feature",
      "geometry": {
        "type": "Point",
        "coordinates": [
          -0.1628436,
          38.5327504
        ]
      },
      "properties": {
        "id": 13511960842,
        "osm_type": "node",
        "outdoor_seating": "yes"
      }
    },
    {
      "type": "Feature",
      "geometry": {
        "type": "Point",
        "coordinates": [
          -0.166281,
          38.5294369
        ]
      },
      "properties": {
        "id": 13511967932,
        "osm_type": "node",
        "outdoor_seating": "yes"
      }
    },
    {
      "type": "Feature",
      "geometry": {
        "type": "Point",
        "coordinates": [
          -0.3728279,
          39.4668865
        ]
      },
      "properties": {
        "id": 13512346670,
        "osm_type": "node",
        "name": "La Noa",
        "outdoor_seating": "yes"
      }
    },
    {
      "type": "Feature",
      "geometry": {
        "type": "Point",
        "coordinates": [
          -0.2308163,
          39.8232943
        ]
      },
      "properties": {
        "id": 13515478201,
        "osm_type": "node",
        "name": "Fina Fariñes"
      }
    },
    {
      "type": "Feature",
      "geometry": {
        "type": "Point",
        "coordinates": [
          -0.2200063,
          39.6797656
        ]
      },
      "properties": {
        "id": 13516374888,
        "osm_type": "node"
      }
    },
    {
      "type": "Feature",
      "geometry": {
        "type": "Point",
        "coordinates": [
          -0.2226532,
          39.6712482
        ]
      },
      "properties": {
        "id": 13516392905,
        "osm_type": "node",
        "outdoor_seating": "yes"
      }
    },
    {
      "type": "Feature",
      "geometry": {
        "type": "Point",
        "coordinates": [
          -0.2197756,
          39.6787668
        ]
      },
      "properties": {
        "id": 13516413895,
        "osm_type": "node",
        "outdoor_seating": "yes"
      }
    },
    {
      "type": "Feature",
      "geometry": {
        "type": "Point",
        "coordinates": [
          -0.15903,
          39.8486909
        ]
      },
      "properties": {
        "id": 13516525427,
        "osm_type": "node",
        "outdoor_seating": "yes"
      }
    },
    {
      "type": "Feature",
      "geometry": {
        "type": "Point",
        "coordinates": [
          -0.1597897,
          39.8481221
        ]
      },
      "properties": {
        "id": 13516540689,
        "osm_type": "node",
        "outdoor_seating": "yes"
      }
    },
    {
      "type": "Feature",
      "geometry": {
        "type": "Point",
        "coordinates": [
          -0.1516079,
          39.8570996
        ]
      },
      "properties": {
        "id": 13516592253,
        "osm_type": "node",
        "outdoor_seating": "yes"
      }
    },
    {
      "type": "Feature",
      "geometry": {
        "type": "Point",
        "coordinates": [
          -0.1551046,
          39.8535299
        ]
      },
      "properties": {
        "id": 13516603817,
        "osm_type": "node",
        "outdoor_seating": "yes"
      }
    },
    {
      "type": "Feature",
      "geometry": {
        "type": "Point",
        "coordinates": [
          -0.4342738,
          39.5179992
        ]
      },
      "properties": {
        "id": 13516755683,
        "osm_type": "node",
        "name": "MaKafet"
      }
    },
    {
      "type": "Feature",
      "geometry": {
        "type": "Point",
        "coordinates": [
          -0.4341791,
          39.5178001
        ]
      },
      "properties": {
        "id": 13516755698,
        "osm_type": "node",
        "name": "Le Blé"
      }
    },
    {
      "type": "Feature",
      "geometry": {
        "type": "Point",
        "coordinates": [
          -0.0887223,
          39.8874724
        ]
      },
      "properties": {
        "id": 13516771980,
        "osm_type": "node",
        "outdoor_seating": "yes"
      }
    },
    {
      "type": "Feature",
      "geometry": {
        "type": "Point",
        "coordinates": [
          0.1398893,
          40.0839874
        ]
      },
      "properties": {
        "id": 13516975393,
        "osm_type": "node"
      }
    },
    {
      "type": "Feature",
      "geometry": {
        "type": "Point",
        "coordinates": [
          0.1475356,
          40.0970218
        ]
      },
      "properties": {
        "id": 13516975395,
        "osm_type": "node"
      }
    },
    {
      "type": "Feature",
      "geometry": {
        "type": "Point",
        "coordinates": [
          0.1457884,
          40.0893774
        ]
      },
      "properties": {
        "id": 13516986384,
        "osm_type": "node"
      }
    },
    {
      "type": "Feature",
      "geometry": {
        "type": "Point",
        "coordinates": [
          0.1460899,
          40.0908807
        ]
      },
      "properties": {
        "id": 13516986385,
        "osm_type": "node"
      }
    },
    {
      "type": "Feature",
      "geometry": {
        "type": "Point",
        "coordinates": [
          0.1414401,
          40.0857907
        ]
      },
      "properties": {
        "id": 13517007558,
        "osm_type": "node",
        "outdoor_seating": "yes"
      }
    },
    {
      "type": "Feature",
      "geometry": {
        "type": "Point",
        "coordinates": [
          0.14636,
          40.092121
        ]
      },
      "properties": {
        "id": 13517023462,
        "osm_type": "node"
      }
    },
    {
      "type": "Feature",
      "geometry": {
        "type": "Point",
        "coordinates": [
          0.1458287,
          40.0897167
        ]
      },
      "properties": {
        "id": 13517024969,
        "osm_type": "node"
      }
    },
    {
      "type": "Feature",
      "geometry": {
        "type": "Point",
        "coordinates": [
          0.1424257,
          40.0847187
        ]
      },
      "properties": {
        "id": 13517050340,
        "osm_type": "node"
      }
    },
    {
      "type": "Feature",
      "geometry": {
        "type": "Point",
        "coordinates": [
          0.1428168,
          40.0875137
        ]
      },
      "properties": {
        "id": 13517050341,
        "osm_type": "node",
        "outdoor_seating": "yes"
      }
    },
    {
      "type": "Feature",
      "geometry": {
        "type": "Point",
        "coordinates": [
          0.1423607,
          40.0850239
        ]
      },
      "properties": {
        "id": 13517054507,
        "osm_type": "node",
        "outdoor_seating": "yes"
      }
    },
    {
      "type": "Feature",
      "geometry": {
        "type": "Point",
        "coordinates": [
          0.1459096,
          40.0898902
        ]
      },
      "properties": {
        "id": 13517054816,
        "osm_type": "node",
        "outdoor_seating": "yes"
      }
    },
    {
      "type": "Feature",
      "geometry": {
        "type": "Point",
        "coordinates": [
          -0.4966066,
          38.3515297
        ]
      },
      "properties": {
        "id": 13521019780,
        "osm_type": "node",
        "name": "Horno Segura",
        "opening_hours": "Tu-Su 07:15-15:00"
      }
    },
    {
      "type": "Feature",
      "geometry": {
        "type": "Point",
        "coordinates": [
          -0.4921564,
          38.3464038
        ]
      },
      "properties": {
        "id": 13522068528,
        "osm_type": "node",
        "name": "Gluttoni Café",
        "opening_hours": "Mo-Fr 08:00-19:00; Sa, Su 09:00-19:00"
      }
    },
    {
      "type": "Feature",
      "geometry": {
        "type": "Point",
        "coordinates": [
          -0.3858678,
          39.466986
        ]
      },
      "properties": {
        "id": 13524517901,
        "osm_type": "node",
        "name": "Anval café",
        "opening_hours": "Tu-Th 08:00-21:00; Fr-Su 08:00-22:00"
      }
    },
    {
      "type": "Feature",
      "geometry": {
        "type": "Point",
        "coordinates": [
          -0.3853147,
          39.4781682
        ]
      },
      "properties": {
        "id": 13544132603,
        "osm_type": "node",
        "name": "La fábrica de huellas",
        "outdoor_seating": "no",
        "check_date": "2026-02-11"
      }
    },
    {
      "type": "Feature",
      "geometry": {
        "type": "Point",
        "coordinates": [
          -0.4211031,
          39.4718742
        ]
      },
      "properties": {
        "id": 13544688402,
        "osm_type": "node",
        "name": "Cafeteria Roma",
        "check_date": "2026-02-11"
      }
    },
    {
      "type": "Feature",
      "geometry": {
        "type": "Point",
        "coordinates": [
          -0.3924686,
          39.4529437
        ]
      },
      "properties": {
        "id": 13554685836,
        "osm_type": "node",
        "name": "Panaria",
        "check_date": "2026-02-11"
      }
    },
    {
      "type": "Feature",
      "geometry": {
        "type": "Point",
        "coordinates": [
          -0.3922837,
          39.4531542
        ]
      },
      "properties": {
        "id": 13554685839,
        "osm_type": "node",
        "name": "Granier",
        "check_date": "2026-02-12"
      }
    },
    {
      "type": "Feature",
      "geometry": {
        "type": "Point",
        "coordinates": [
          -0.3877731,
          39.4687438
        ]
      },
      "properties": {
        "id": 13555640615,
        "osm_type": "node",
        "name": "Voodoo"
      }
    },
    {
      "type": "Feature",
      "geometry": {
        "type": "Point",
        "coordinates": [
          -0.2197755,
          39.6597979
        ]
      },
      "properties": {
        "id": 13579960447,
        "osm_type": "node",
        "name": "Horno Los Amantes",
        "check_date": "2026-02-19"
      }
    },
    {
      "type": "Feature",
      "geometry": {
        "type": "Point",
        "coordinates": [
          -0.2190099,
          39.6604373
        ]
      },
      "properties": {
        "id": 13579991542,
        "osm_type": "node",
        "name": "El Café De Camilo",
        "check_date": "2026-02-19"
      }
    },
    {
      "type": "Feature",
      "geometry": {
        "type": "Point",
        "coordinates": [
          -0.3675642,
          39.4649439
        ]
      },
      "properties": {
        "id": 13596607197,
        "osm_type": "node",
        "name": "East Crema Coffee Almirante Cadarso (Specialty Coffee Valencia)",
        "outdoor_seating": "no"
      }
    },
    {
      "type": "Feature",
      "geometry": {
        "type": "Point",
        "coordinates": [
          -0.5519102,
          38.2863495
        ]
      },
      "properties": {
        "id": 13597598035,
        "osm_type": "node",
        "name": "Central Café",
        "takeaway": "yes",
        "outdoor_seating": "no"
      }
    },
    {
      "type": "Feature",
      "geometry": {
        "type": "Point",
        "coordinates": [
          -0.5520891,
          38.2867675
        ]
      },
      "properties": {
        "id": 13597598036,
        "osm_type": "node",
        "name": "Café  pans",
        "takeaway": "yes",
        "outdoor_seating": "no"
      }
    },
    {
      "type": "Feature",
      "geometry": {
        "type": "Point",
        "coordinates": [
          -0.5520728,
          38.2869175
        ]
      },
      "properties": {
        "id": 13597598037,
        "osm_type": "node",
        "name": "Organic coffee",
        "takeaway": "yes",
        "outdoor_seating": "no"
      }
    },
    {
      "type": "Feature",
      "geometry": {
        "type": "Point",
        "coordinates": [
          -0.5524428,
          38.2874345
        ]
      },
      "properties": {
        "id": 13597598040,
        "osm_type": "node",
        "name": "Costa",
        "brand": "Costa",
        "takeaway": "yes",
        "outdoor_seating": "no"
      }
    },
    {
      "type": "Feature",
      "geometry": {
        "type": "Point",
        "coordinates": [
          -0.5513044,
          38.2880631
        ]
      },
      "properties": {
        "id": 13597598058,
        "osm_type": "node",
        "name": "Starbucks",
        "brand": "Starbucks",
        "takeaway": "yes",
        "outdoor_seating": "no"
      }
    },
    {
      "type": "Feature",
      "geometry": {
        "type": "Point",
        "coordinates": [
          -0.4850237,
          38.3482428
        ]
      },
      "properties": {
        "id": 13604945494,
        "osm_type": "node",
        "name": "Charo Coffee House",
        "outdoor_seating": "no"
      }
    },
    {
      "type": "Feature",
      "geometry": {
        "type": "Point",
        "coordinates": [
          -0.3804927,
          39.474241
        ]
      },
      "properties": {
        "id": 13607616194,
        "osm_type": "node",
        "name": "Masa",
        "outdoor_seating": "no"
      }
    },
    {
      "type": "Feature",
      "geometry": {
        "type": "Point",
        "coordinates": [
          -0.2229903,
          39.663363
        ]
      },
      "properties": {
        "id": 13607882370,
        "osm_type": "node",
        "name": "Liaopastel Cafetería Pastelería",
        "outdoor_seating": "yes",
        "check_date": "2026-02-28"
      }
    },
    {
      "type": "Feature",
      "geometry": {
        "type": "Point",
        "coordinates": [
          -0.2229357,
          39.6630582
        ]
      },
      "properties": {
        "id": 13607883240,
        "osm_type": "node",
        "name": "Antojos Cafetería Panadería Heladería",
        "check_date": "2026-02-28"
      }
    },
    {
      "type": "Feature",
      "geometry": {
        "type": "Point",
        "coordinates": [
          -0.4914623,
          38.3415664
        ]
      },
      "properties": {
        "id": 13608051281,
        "osm_type": "node",
        "name": "Pastelería Dulce Ángel"
      }
    },
    {
      "type": "Feature",
      "geometry": {
        "type": "Point",
        "coordinates": [
          -0.6960391,
          38.2669501
        ]
      },
      "properties": {
        "id": 13609191108,
        "osm_type": "node",
        "name": "Santagloria"
      }
    },
    {
      "type": "Feature",
      "geometry": {
        "type": "Point",
        "coordinates": [
          -0.4883854,
          38.344383
        ]
      },
      "properties": {
        "id": 13609217067,
        "osm_type": "node",
        "name": "Alma Café"
      }
    },
    {
      "type": "Feature",
      "geometry": {
        "type": "Point",
        "coordinates": [
          -0.4874611,
          38.3473235
        ]
      },
      "properties": {
        "id": 13609587655,
        "osm_type": "node",
        "name": "La Masa de Tomasa"
      }
    },
    {
      "type": "Feature",
      "geometry": {
        "type": "Point",
        "coordinates": [
          -0.4892286,
          38.3444302
        ]
      },
      "properties": {
        "id": 13609775549,
        "osm_type": "node",
        "name": "Levaduramadre",
        "brand": "Levaduramadre"
      }
    },
    {
      "type": "Feature",
      "geometry": {
        "type": "Point",
        "coordinates": [
          -0.4175088,
          39.4728075
        ]
      },
      "properties": {
        "id": 13610181746,
        "osm_type": "node",
        "name": "Churrería Santos"
      }
    },
    {
      "type": "Feature",
      "geometry": {
        "type": "Point",
        "coordinates": [
          -0.4842735,
          38.3429445
        ]
      },
      "properties": {
        "id": 13610230358,
        "osm_type": "node",
        "name": "La Terracita"
      }
    },
    {
      "type": "Feature",
      "geometry": {
        "type": "Point",
        "coordinates": [
          -0.6967712,
          38.26699
        ]
      },
      "properties": {
        "id": 13610418380,
        "osm_type": "node",
        "name": "Peppo's",
        "outdoor_seating": "yes"
      }
    },
    {
      "type": "Feature",
      "geometry": {
        "type": "Point",
        "coordinates": [
          -0.6848616,
          38.271301
        ]
      },
      "properties": {
        "id": 13611329154,
        "osm_type": "node",
        "name": "Fama",
        "outdoor_seating": "yes"
      }
    },
    {
      "type": "Feature",
      "geometry": {
        "type": "Point",
        "coordinates": [
          -0.6853406,
          38.2689523
        ]
      },
      "properties": {
        "id": 13611329161,
        "osm_type": "node",
        "name": "Avenida 25",
        "outdoor_seating": "yes"
      }
    },
    {
      "type": "Feature",
      "geometry": {
        "type": "Point",
        "coordinates": [
          -0.7033173,
          38.2708487
        ]
      },
      "properties": {
        "id": 13611392817,
        "osm_type": "node",
        "name": "Cuesta"
      }
    },
    {
      "type": "Feature",
      "geometry": {
        "type": "Point",
        "coordinates": [
          -0.2329411,
          38.5055208
        ]
      },
      "properties": {
        "id": 13611519255,
        "osm_type": "node",
        "name": "OLD TOWN"
      }
    },
    {
      "type": "Feature",
      "geometry": {
        "type": "Point",
        "coordinates": [
          -0.1285556,
          38.5384178
        ]
      },
      "properties": {
        "id": 13612328457,
        "osm_type": "node",
        "name": "Moncho"
      }
    },
    {
      "type": "Feature",
      "geometry": {
        "type": "Point",
        "coordinates": [
          -0.051408,
          38.5986857
        ]
      },
      "properties": {
        "id": 13612757717,
        "osm_type": "node",
        "name": "LA CÚPULA"
      }
    },
    {
      "type": "Feature",
      "geometry": {
        "type": "Point",
        "coordinates": [
          -0.7656763,
          37.8582259
        ]
      },
      "properties": {
        "id": 13626598501,
        "osm_type": "node",
        "name": "Cafetería Ángel",
        "check_date": "2026-03-08"
      }
    },
    {
      "type": "Feature",
      "geometry": {
        "type": "Point",
        "coordinates": [
          -0.7656701,
          37.858363
        ]
      },
      "properties": {
        "id": 13626599701,
        "osm_type": "node",
        "name": "Panadería y Cafetería Úrsula",
        "check_date": "2026-03-08"
      }
    },
    {
      "type": "Feature",
      "geometry": {
        "type": "Point",
        "coordinates": [
          -0.4167479,
          39.472882
        ]
      },
      "properties": {
        "id": 13643590701,
        "osm_type": "node",
        "name": "Balmar, Horno Pastelería",
        "check_date": "2026-03-12"
      }
    },
    {
      "type": "Feature",
      "geometry": {
        "type": "Point",
        "coordinates": [
          -0.1835598,
          38.9643544
        ]
      },
      "properties": {
        "id": 13655697854,
        "osm_type": "node",
        "name": "flower coffee",
        "check_date": "2025-09-13"
      }
    },
    {
      "type": "Feature",
      "geometry": {
        "type": "Point",
        "coordinates": [
          -0.1835868,
          38.9642352
        ]
      },
      "properties": {
        "id": 13655697855,
        "osm_type": "node",
        "name": "The Grasshopper",
        "outdoor_seating": "yes",
        "check_date": "2025-09-13"
      }
    },
    {
      "type": "Feature",
      "geometry": {
        "type": "Point",
        "coordinates": [
          -0.3363609,
          39.4682331
        ]
      },
      "properties": {
        "id": 13655697856,
        "osm_type": "node",
        "name": "Forn d'en Rausell",
        "opening_hours": "Mo-Fr 07:30-14:15; Sa 08:30-13:30",
        "check_date": "2025-09-20"
      }
    },
    {
      "type": "Feature",
      "geometry": {
        "type": "Point",
        "coordinates": [
          -0.4576231,
          39.861419
        ]
      },
      "properties": {
        "id": 13657702708,
        "osm_type": "node"
      }
    },
    {
      "type": "Feature",
      "geometry": {
        "type": "Point",
        "coordinates": [
          -0.6212596,
          39.5682327
        ]
      },
      "properties": {
        "id": 13666687039,
        "osm_type": "node",
        "name": "El Forn de Litri",
        "opening_hours": "Mo-Sa 06:00-18:00"
      }
    },
    {
      "type": "Feature",
      "geometry": {
        "type": "Point",
        "coordinates": [
          -0.62569,
          39.5694566
        ]
      },
      "properties": {
        "id": 13666905316,
        "osm_type": "node",
        "name": "Pans Coffe"
      }
    },
    {
      "type": "Feature",
      "geometry": {
        "type": "Point",
        "coordinates": [
          -0.5563986,
          38.1915782
        ]
      },
      "properties": {
        "id": 13701075749,
        "osm_type": "node",
        "name": "El Pilar",
        "outdoor_seating": "yes"
      }
    },
    {
      "type": "Feature",
      "geometry": {
        "type": "Point",
        "coordinates": [
          -0.7767238,
          37.8660883
        ]
      },
      "properties": {
        "id": 13705374869,
        "osm_type": "node",
        "name": "Manper"
      }
    },
    {
      "type": "Feature",
      "geometry": {
        "type": "Point",
        "coordinates": [
          -0.4134993,
          39.512919
        ]
      },
      "properties": {
        "id": 13706938679,
        "osm_type": "node",
        "name": "Coco Cris"
      }
    },
    {
      "type": "Feature",
      "geometry": {
        "type": "Point",
        "coordinates": [
          -0.141921,
          38.570024
        ]
      },
      "properties": {
        "id": 13710567477,
        "osm_type": "node"
      }
    },
    {
      "type": "Feature",
      "geometry": {
        "type": "Point",
        "coordinates": [
          -0.5523273,
          38.190124
        ]
      },
      "properties": {
        "id": 13711766401,
        "osm_type": "node",
        "name": "Brisa Beach"
      }
    },
    {
      "type": "Feature",
      "geometry": {
        "type": "Point",
        "coordinates": [
          -0.3205272,
          39.8510886
        ]
      },
      "properties": {
        "id": 13740010753,
        "osm_type": "node",
        "name": "El Hembrar"
      }
    },
    {
      "type": "Feature",
      "geometry": {
        "type": "Point",
        "coordinates": [
          -0.2665829,
          39.0703239
        ]
      },
      "properties": {
        "id": 13741028201,
        "osm_type": "node",
        "name": "Café Avenida",
        "opening_hours": "Mo-Su 08:00-22:00",
        "check_date": "2026-04-18"
      }
    },
    {
      "type": "Feature",
      "geometry": {
        "type": "Point",
        "coordinates": [
          -0.4367937,
          39.1911189
        ]
      },
      "properties": {
        "id": 13741122301,
        "osm_type": "node",
        "name": "Dulce Tentación",
        "outdoor_seating": "yes",
        "check_date": "2026-04-18"
      }
    },
    {
      "type": "Feature",
      "geometry": {
        "type": "Point",
        "coordinates": [
          -0.4374473,
          39.1909719
        ]
      },
      "properties": {
        "id": 13741122404,
        "osm_type": "node",
        "name": "El Baret de Cris",
        "outdoor_seating": "yes",
        "check_date": "2026-04-18"
      }
    },
    {
      "type": "Feature",
      "geometry": {
        "type": "Point",
        "coordinates": [
          -0.4373365,
          39.1950698
        ]
      },
      "properties": {
        "id": 13745254203,
        "osm_type": "node",
        "name": "Ribera Plaça",
        "opening_hours": "Mo-Fr 08:00-14:00",
        "outdoor_seating": "yes",
        "check_date": "2026-04-20"
      }
    },
    {
      "type": "Feature",
      "geometry": {
        "type": "Point",
        "coordinates": [
          -0.4321132,
          39.1946879
        ]
      },
      "properties": {
        "id": 13748532501,
        "osm_type": "node",
        "name": "Forn San Pio X",
        "opening_hours": "Mo-Fr 06:30-14:00, 16:30-19:00; Sa 06:30-14:00",
        "check_date": "2026-04-21"
      }
    },
    {
      "type": "Feature",
      "geometry": {
        "type": "Point",
        "coordinates": [
          -0.4351281,
          39.1906236
        ]
      },
      "properties": {
        "id": 13748532904,
        "osm_type": "node",
        "name": "Uhartea Cafeteria",
        "outdoor_seating": "yes",
        "check_date": "2026-04-21"
      }
    },
    {
      "type": "Feature",
      "geometry": {
        "type": "Point",
        "coordinates": [
          -0.3340512,
          39.4641728
        ]
      },
      "properties": {
        "id": 13752049464,
        "osm_type": "node",
        "name": "Café Cuber"
      }
    },
    {
      "type": "Feature",
      "geometry": {
        "type": "Point",
        "coordinates": [
          -0.2628115,
          39.07196
        ]
      },
      "properties": {
        "id": 13771039578,
        "osm_type": "node",
        "name": "Dolç i salat"
      }
    },
    {
      "type": "Feature",
      "geometry": {
        "type": "Point",
        "coordinates": [
          -0.2646434,
          39.0709302
        ]
      },
      "properties": {
        "id": 13773807385,
        "osm_type": "node",
        "name": "Nyascoca!"
      }
    },
    {
      "type": "Feature",
      "geometry": {
        "type": "Point",
        "coordinates": [
          -0.2637039,
          39.0723508
        ]
      },
      "properties": {
        "id": 13774052944,
        "osm_type": "node",
        "name": "El Raconet De Estefy"
      }
    },
    {
      "type": "Feature",
      "geometry": {
        "type": "Point",
        "coordinates": [
          -0.2620791,
          39.0734271
        ]
      },
      "properties": {
        "id": 13775885732,
        "osm_type": "node",
        "name": "Fornet Rafol"
      }
    },
    {
      "type": "Feature",
      "geometry": {
        "type": "Point",
        "coordinates": [
          0.0301457,
          40.2096521
        ]
      },
      "properties": {
        "id": 44151022,
        "osm_type": "way",
        "name": "Llar dels Jubilats"
      }
    },
    {
      "type": "Feature",
      "geometry": {
        "type": "Point",
        "coordinates": [
          -0.5057192,
          38.3902007
        ]
      },
      "properties": {
        "id": 48626346,
        "osm_type": "way",
        "name": "Cafetería Haygón",
        "opening_hours": "PH,Mo-Su 07:00-24:00"
      }
    },
    {
      "type": "Feature",
      "geometry": {
        "type": "Point",
        "coordinates": [
          -0.8539257,
          38.0895058
        ]
      },
      "properties": {
        "id": 72620693,
        "osm_type": "way",
        "name": "Cafetería Hospital Orihuela"
      }
    },
    {
      "type": "Feature",
      "geometry": {
        "type": "Point",
        "coordinates": [
          -0.4769996,
          38.3536775
        ]
      },
      "properties": {
        "id": 80592706,
        "osm_type": "way",
        "name": "Cafetería del MARQ"
      }
    },
    {
      "type": "Feature",
      "geometry": {
        "type": "Point",
        "coordinates": [
          -0.5477553,
          38.2729408
        ]
      },
      "properties": {
        "id": 131321494,
        "osm_type": "way",
        "name": "Cafetería San Francisco"
      }
    },
    {
      "type": "Feature",
      "geometry": {
        "type": "Point",
        "coordinates": [
          -0.7022333,
          38.2651155
        ]
      },
      "properties": {
        "id": 131419753,
        "osm_type": "way",
        "name": "La Espiga de Oro"
      }
    },
    {
      "type": "Feature",
      "geometry": {
        "type": "Point",
        "coordinates": [
          -0.4109587,
          39.478214
        ]
      },
      "properties": {
        "id": 143329169,
        "osm_type": "way",
        "name": "Kidepo",
        "outdoor_seating": "yes"
      }
    },
    {
      "type": "Feature",
      "geometry": {
        "type": "Point",
        "coordinates": [
          -0.1904781,
          39.0395503
        ]
      },
      "properties": {
        "id": 152859435,
        "osm_type": "way"
      }
    },
    {
      "type": "Feature",
      "geometry": {
        "type": "Point",
        "coordinates": [
          -0.1890885,
          39.0400843
        ]
      },
      "properties": {
        "id": 152859461,
        "osm_type": "way"
      }
    },
    {
      "type": "Feature",
      "geometry": {
        "type": "Point",
        "coordinates": [
          -0.1751273,
          39.0172851
        ]
      },
      "properties": {
        "id": 153332501,
        "osm_type": "way",
        "name": "Panaderia- Bolleria Massa"
      }
    },
    {
      "type": "Feature",
      "geometry": {
        "type": "Point",
        "coordinates": [
          -0.1942384,
          39.0472869
        ]
      },
      "properties": {
        "id": 154380761,
        "osm_type": "way",
        "name": "Alaçant"
      }
    },
    {
      "type": "Feature",
      "geometry": {
        "type": "Point",
        "coordinates": [
          -0.4211325,
          39.5094921
        ]
      },
      "properties": {
        "id": 171921299,
        "osm_type": "way"
      }
    },
    {
      "type": "Feature",
      "geometry": {
        "type": "Point",
        "coordinates": [
          -0.4197542,
          39.5081288
        ]
      },
      "properties": {
        "id": 171924658,
        "osm_type": "way"
      }
    },
    {
      "type": "Feature",
      "geometry": {
        "type": "Point",
        "coordinates": [
          -0.0609374,
          39.9468332
        ]
      },
      "properties": {
        "id": 182897476,
        "osm_type": "way",
        "name": "Olisec"
      }
    },
    {
      "type": "Feature",
      "geometry": {
        "type": "Point",
        "coordinates": [
          -0.4297377,
          39.1482957
        ]
      },
      "properties": {
        "id": 199203789,
        "osm_type": "way"
      }
    },
    {
      "type": "Feature",
      "geometry": {
        "type": "Point",
        "coordinates": [
          -0.4499914,
          39.458874
        ]
      },
      "properties": {
        "id": 217292741,
        "osm_type": "way",
        "name": "Más que Quinto y Tapa",
        "opening_hours": "Mo-Su 08:00-22:00"
      }
    },
    {
      "type": "Feature",
      "geometry": {
        "type": "Point",
        "coordinates": [
          -0.037885,
          39.9838244
        ]
      },
      "properties": {
        "id": 218634914,
        "osm_type": "way",
        "name": "L'Antiga Valenciana",
        "outdoor_seating": "yes",
        "check_date": "2025-12-12"
      }
    },
    {
      "type": "Feature",
      "geometry": {
        "type": "Point",
        "coordinates": [
          -0.1738113,
          38.8712168
        ]
      },
      "properties": {
        "id": 222842118,
        "osm_type": "way",
        "name": "Xiringuito del Castell de Forna",
        "outdoor_seating": "yes"
      }
    },
    {
      "type": "Feature",
      "geometry": {
        "type": "Point",
        "coordinates": [
          -0.7587299,
          38.1141468
        ]
      },
      "properties": {
        "id": 240304622,
        "osm_type": "way"
      }
    },
    {
      "type": "Feature",
      "geometry": {
        "type": "Point",
        "coordinates": [
          -0.1125472,
          38.6773417
        ]
      },
      "properties": {
        "id": 244917614,
        "osm_type": "way",
        "name": "Bar L'Era",
        "outdoor_seating": "yes"
      }
    },
    {
      "type": "Feature",
      "geometry": {
        "type": "Point",
        "coordinates": [
          -0.770895,
          38.467192
        ]
      },
      "properties": {
        "id": 280015242,
        "osm_type": "way",
        "name": "Bar Salinetas"
      }
    },
    {
      "type": "Feature",
      "geometry": {
        "type": "Point",
        "coordinates": [
          -0.5110716,
          38.3437017
        ]
      },
      "properties": {
        "id": 287112351,
        "osm_type": "way",
        "name": "Panaderia Bravo Bolleria"
      }
    },
    {
      "type": "Feature",
      "geometry": {
        "type": "Point",
        "coordinates": [
          -0.4585037,
          39.4602893
        ]
      },
      "properties": {
        "id": 288077148,
        "osm_type": "way"
      }
    },
    {
      "type": "Feature",
      "geometry": {
        "type": "Point",
        "coordinates": [
          -0.565487,
          38.1987801
        ]
      },
      "properties": {
        "id": 295936222,
        "osm_type": "way",
        "name": "Despacho del Pan Carmen"
      }
    },
    {
      "type": "Feature",
      "geometry": {
        "type": "Point",
        "coordinates": [
          -0.4879101,
          39.471505
        ]
      },
      "properties": {
        "id": 299375809,
        "osm_type": "way",
        "name": "Starbucks",
        "brand": "Starbucks"
      }
    },
    {
      "type": "Feature",
      "geometry": {
        "type": "Point",
        "coordinates": [
          -0.4801644,
          38.6955367
        ]
      },
      "properties": {
        "id": 301345196,
        "osm_type": "way",
        "name": "Marquesina",
        "outdoor_seating": "yes"
      }
    },
    {
      "type": "Feature",
      "geometry": {
        "type": "Point",
        "coordinates": [
          -0.1670442,
          38.5302157
        ]
      },
      "properties": {
        "id": 307851245,
        "osm_type": "way",
        "name": "Yenco"
      }
    },
    {
      "type": "Feature",
      "geometry": {
        "type": "Point",
        "coordinates": [
          -0.271375,
          38.6085467
        ]
      },
      "properties": {
        "id": 348736154,
        "osm_type": "way",
        "name": "Forn del Secanet"
      }
    },
    {
      "type": "Feature",
      "geometry": {
        "type": "Point",
        "coordinates": [
          -0.2731223,
          38.6083783
        ]
      },
      "properties": {
        "id": 349378758,
        "osm_type": "way",
        "name": "Forn Santamaria"
      }
    },
    {
      "type": "Feature",
      "geometry": {
        "type": "Point",
        "coordinates": [
          -0.7197786,
          38.0735136
        ]
      },
      "properties": {
        "id": 366553094,
        "osm_type": "way",
        "name": "Sportsman Bar"
      }
    },
    {
      "type": "Feature",
      "geometry": {
        "type": "Point",
        "coordinates": [
          0.0120404,
          38.8542652
        ]
      },
      "properties": {
        "id": 374779481,
        "osm_type": "way",
        "name": "Bar Gladís"
      }
    },
    {
      "type": "Feature",
      "geometry": {
        "type": "Point",
        "coordinates": [
          -0.4781421,
          38.3492846
        ]
      },
      "properties": {
        "id": 375662983,
        "osm_type": "way"
      }
    },
    {
      "type": "Feature",
      "geometry": {
        "type": "Point",
        "coordinates": [
          -0.1108504,
          38.9117947
        ]
      },
      "properties": {
        "id": 405084639,
        "osm_type": "way",
        "name": "Cafeteria"
      }
    },
    {
      "type": "Feature",
      "geometry": {
        "type": "Point",
        "coordinates": [
          -0.7162757,
          37.9441843
        ]
      },
      "properties": {
        "id": 407468660,
        "osm_type": "way",
        "name": "El Capitán",
        "outdoor_seating": "yes"
      }
    },
    {
      "type": "Feature",
      "geometry": {
        "type": "Point",
        "coordinates": [
          -0.3531291,
          39.5662035
        ]
      },
      "properties": {
        "id": 412940847,
        "osm_type": "way"
      }
    },
    {
      "type": "Feature",
      "geometry": {
        "type": "Point",
        "coordinates": [
          -0.4937419,
          39.133196
        ]
      },
      "properties": {
        "id": 412997746,
        "osm_type": "way"
      }
    },
    {
      "type": "Feature",
      "geometry": {
        "type": "Point",
        "coordinates": [
          -0.7524868,
          37.9003799
        ]
      },
      "properties": {
        "id": 437575437,
        "osm_type": "way",
        "name": "Heladería Navia",
        "outdoor_seating": "yes"
      }
    },
    {
      "type": "Feature",
      "geometry": {
        "type": "Point",
        "coordinates": [
          0.0924049,
          38.8503383
        ]
      },
      "properties": {
        "id": 438497036,
        "osm_type": "way",
        "name": "Kopi"
      }
    },
    {
      "type": "Feature",
      "geometry": {
        "type": "Point",
        "coordinates": [
          -0.2294614,
          39.6638367
        ]
      },
      "properties": {
        "id": 443764698,
        "osm_type": "way",
        "name": "La Pérgola",
        "outdoor_seating": "yes"
      }
    },
    {
      "type": "Feature",
      "geometry": {
        "type": "Point",
        "coordinates": [
          -0.2099122,
          39.6622158
        ]
      },
      "properties": {
        "id": 451042891,
        "osm_type": "way",
        "name": "Heladeria el Paseo",
        "outdoor_seating": "yes"
      }
    },
    {
      "type": "Feature",
      "geometry": {
        "type": "Point",
        "coordinates": [
          -0.2304747,
          38.5062399
        ]
      },
      "properties": {
        "id": 477448741,
        "osm_type": "way",
        "name": "Valor",
        "takeaway": "yes"
      }
    },
    {
      "type": "Feature",
      "geometry": {
        "type": "Point",
        "coordinates": [
          -0.3658966,
          39.4689057
        ]
      },
      "properties": {
        "id": 477950384,
        "osm_type": "way",
        "name": "Lulat"
      }
    },
    {
      "type": "Feature",
      "geometry": {
        "type": "Point",
        "coordinates": [
          -0.2448842,
          39.1647502
        ]
      },
      "properties": {
        "id": 487758899,
        "osm_type": "way",
        "name": "Zumeria Bahía",
        "opening_hours": "Tu-Su 09:00-00:00"
      }
    },
    {
      "type": "Feature",
      "geometry": {
        "type": "Point",
        "coordinates": [
          -0.4169191,
          39.507234
        ]
      },
      "properties": {
        "id": 493282362,
        "osm_type": "way",
        "name": "Àmbit",
        "outdoor_seating": "yes"
      }
    },
    {
      "type": "Feature",
      "geometry": {
        "type": "Point",
        "coordinates": [
          0.2269846,
          40.3059791
        ]
      },
      "properties": {
        "id": 523258959,
        "osm_type": "way",
        "name": "Aquari"
      }
    },
    {
      "type": "Feature",
      "geometry": {
        "type": "Point",
        "coordinates": [
          -0.2041052,
          38.5350741
        ]
      },
      "properties": {
        "id": 525829992,
        "osm_type": "way",
        "name": "Area De Servicio- Cafeteria LA MARINA"
      }
    },
    {
      "type": "Feature",
      "geometry": {
        "type": "Point",
        "coordinates": [
          -1.2571626,
          40.0957798
        ]
      },
      "properties": {
        "id": 540209237,
        "osm_type": "way",
        "name": "Ramón Cañizares Aparicio"
      }
    },
    {
      "type": "Feature",
      "geometry": {
        "type": "Point",
        "coordinates": [
          -0.530182,
          39.5664047
        ]
      },
      "properties": {
        "id": 544399444,
        "osm_type": "way",
        "name": "Bar Torrent"
      }
    },
    {
      "type": "Feature",
      "geometry": {
        "type": "Point",
        "coordinates": [
          -0.9979568,
          39.7477346
        ]
      },
      "properties": {
        "id": 545446247,
        "osm_type": "way"
      }
    },
    {
      "type": "Feature",
      "geometry": {
        "type": "Point",
        "coordinates": [
          -0.9948738,
          39.7488725
        ]
      },
      "properties": {
        "id": 545808432,
        "osm_type": "way",
        "name": "Panaderia Sevilla"
      }
    },
    {
      "type": "Feature",
      "geometry": {
        "type": "Point",
        "coordinates": [
          -0.3597211,
          39.5141616
        ]
      },
      "properties": {
        "id": 551163505,
        "osm_type": "way"
      }
    },
    {
      "type": "Feature",
      "geometry": {
        "type": "Point",
        "coordinates": [
          -0.1232689,
          39.8646527
        ]
      },
      "properties": {
        "id": 571643054,
        "osm_type": "way"
      }
    },
    {
      "type": "Feature",
      "geometry": {
        "type": "Point",
        "coordinates": [
          -0.1225099,
          39.8648048
        ]
      },
      "properties": {
        "id": 571643526,
        "osm_type": "way"
      }
    },
    {
      "type": "Feature",
      "geometry": {
        "type": "Point",
        "coordinates": [
          -0.9966863,
          39.7482602
        ]
      },
      "properties": {
        "id": 575634494,
        "osm_type": "way",
        "name": "Pasteleria Panaderia Conchita"
      }
    },
    {
      "type": "Feature",
      "geometry": {
        "type": "Point",
        "coordinates": [
          -0.2067533,
          39.680088
        ]
      },
      "properties": {
        "id": 577436400,
        "osm_type": "way",
        "name": "Gelateria Amore"
      }
    },
    {
      "type": "Feature",
      "geometry": {
        "type": "Point",
        "coordinates": [
          -0.5243402,
          40.0691254
        ]
      },
      "properties": {
        "id": 603759519,
        "osm_type": "way",
        "name": "Panadería Collado"
      }
    },
    {
      "type": "Feature",
      "geometry": {
        "type": "Point",
        "coordinates": [
          -0.5933769,
          39.6391319
        ]
      },
      "properties": {
        "id": 608295102,
        "osm_type": "way",
        "name": "el Canó"
      }
    },
    {
      "type": "Feature",
      "geometry": {
        "type": "Point",
        "coordinates": [
          -0.3074889,
          39.9481178
        ]
      },
      "properties": {
        "id": 628870203,
        "osm_type": "way",
        "name": "Horno de Pan Linares"
      }
    },
    {
      "type": "Feature",
      "geometry": {
        "type": "Point",
        "coordinates": [
          -0.0547094,
          38.5934174
        ]
      },
      "properties": {
        "id": 631937806,
        "osm_type": "way",
        "name": "Cafetería Altea",
        "outdoor_seating": "yes",
        "check_date": "2025-12-20"
      }
    },
    {
      "type": "Feature",
      "geometry": {
        "type": "Point",
        "coordinates": [
          0.0634113,
          38.8290693
        ]
      },
      "properties": {
        "id": 664695639,
        "osm_type": "way",
        "name": "La Sana"
      }
    },
    {
      "type": "Feature",
      "geometry": {
        "type": "Point",
        "coordinates": [
          -0.833923,
          38.4346673
        ]
      },
      "properties": {
        "id": 672996230,
        "osm_type": "way",
        "name": "Quiosco de La Alameda"
      }
    },
    {
      "type": "Feature",
      "geometry": {
        "type": "Point",
        "coordinates": [
          -0.7183612,
          38.2478687
        ]
      },
      "properties": {
        "id": 677037937,
        "osm_type": "way",
        "name": "Comedor Colegio Nuestra Señora del Carmen"
      }
    },
    {
      "type": "Feature",
      "geometry": {
        "type": "Point",
        "coordinates": [
          -0.4175036,
          39.4813419
        ]
      },
      "properties": {
        "id": 697864815,
        "osm_type": "way"
      }
    },
    {
      "type": "Feature",
      "geometry": {
        "type": "Point",
        "coordinates": [
          -0.8123809,
          38.1967566
        ]
      },
      "properties": {
        "id": 700528098,
        "osm_type": "way"
      }
    },
    {
      "type": "Feature",
      "geometry": {
        "type": "Point",
        "coordinates": [
          -0.4784536,
          39.4782662
        ]
      },
      "properties": {
        "id": 703165433,
        "osm_type": "way",
        "name": "Cafetería"
      }
    },
    {
      "type": "Feature",
      "geometry": {
        "type": "Point",
        "coordinates": [
          -0.2289741,
          39.6642116
        ]
      },
      "properties": {
        "id": 704136217,
        "osm_type": "way",
        "name": "Antiguo Sanatorio",
        "outdoor_seating": "yes"
      }
    },
    {
      "type": "Feature",
      "geometry": {
        "type": "Point",
        "coordinates": [
          -0.8695398,
          38.1823208
        ]
      },
      "properties": {
        "id": 730236730,
        "osm_type": "way",
        "name": "Café Luna"
      }
    },
    {
      "type": "Feature",
      "geometry": {
        "type": "Point",
        "coordinates": [
          0.1584283,
          40.5182651
        ]
      },
      "properties": {
        "id": 734515276,
        "osm_type": "way",
        "name": "Panadería Santiago"
      }
    },
    {
      "type": "Feature",
      "geometry": {
        "type": "Point",
        "coordinates": [
          0.1583293,
          40.5195676
        ]
      },
      "properties": {
        "id": 734620467,
        "osm_type": "way",
        "name": "Forn El Xusquet"
      }
    },
    {
      "type": "Feature",
      "geometry": {
        "type": "Point",
        "coordinates": [
          0.157765,
          40.5153419
        ]
      },
      "properties": {
        "id": 734744892,
        "osm_type": "way",
        "name": "Bar del Fútbol",
        "outdoor_seating": "yes"
      }
    },
    {
      "type": "Feature",
      "geometry": {
        "type": "Point",
        "coordinates": [
          -0.2575324,
          38.9320845
        ]
      },
      "properties": {
        "id": 769927114,
        "osm_type": "way",
        "name": "El Obrador de Salva"
      }
    },
    {
      "type": "Feature",
      "geometry": {
        "type": "Point",
        "coordinates": [
          -0.4834919,
          38.4077894
        ]
      },
      "properties": {
        "id": 770329663,
        "osm_type": "way",
        "name": "Bar Bocatería Autocine El Sur"
      }
    },
    {
      "type": "Feature",
      "geometry": {
        "type": "Point",
        "coordinates": [
          -0.5469203,
          38.1915405
        ]
      },
      "properties": {
        "id": 770748324,
        "osm_type": "way",
        "name": "Bar Restaurante Foque"
      }
    },
    {
      "type": "Feature",
      "geometry": {
        "type": "Point",
        "coordinates": [
          -0.2581311,
          38.9323004
        ]
      },
      "properties": {
        "id": 772103033,
        "osm_type": "way",
        "name": "Forn Paco"
      }
    },
    {
      "type": "Feature",
      "geometry": {
        "type": "Point",
        "coordinates": [
          -0.3684705,
          39.4793603
        ]
      },
      "properties": {
        "id": 794939125,
        "osm_type": "way",
        "outdoor_seating": "yes",
        "check_date": "2022-12-03"
      }
    },
    {
      "type": "Feature",
      "geometry": {
        "type": "Point",
        "coordinates": [
          -0.0746123,
          39.9782934
        ]
      },
      "properties": {
        "id": 826506808,
        "osm_type": "way",
        "outdoor_seating": "yes"
      }
    },
    {
      "type": "Feature",
      "geometry": {
        "type": "Point",
        "coordinates": [
          -0.3335938,
          39.5699342
        ]
      },
      "properties": {
        "id": 830019428,
        "osm_type": "way",
        "name": "La Cancha"
      }
    },
    {
      "type": "Feature",
      "geometry": {
        "type": "Point",
        "coordinates": [
          -0.7247379,
          38.0893191
        ]
      },
      "properties": {
        "id": 839808216,
        "osm_type": "way",
        "name": "Aljibe"
      }
    },
    {
      "type": "Feature",
      "geometry": {
        "type": "Point",
        "coordinates": [
          -0.1638229,
          39.0010293
        ]
      },
      "properties": {
        "id": 848065909,
        "osm_type": "way",
        "name": "Cafetería Bar La Brujilla"
      }
    },
    {
      "type": "Feature",
      "geometry": {
        "type": "Point",
        "coordinates": [
          -0.1654497,
          38.9957931
        ]
      },
      "properties": {
        "id": 850806693,
        "osm_type": "way",
        "name": "Edificio C"
      }
    },
    {
      "type": "Feature",
      "geometry": {
        "type": "Point",
        "coordinates": [
          -0.7638167,
          37.8540126
        ]
      },
      "properties": {
        "id": 881551743,
        "osm_type": "way"
      }
    },
    {
      "type": "Feature",
      "geometry": {
        "type": "Point",
        "coordinates": [
          -0.5991544,
          38.8210129
        ]
      },
      "properties": {
        "id": 916187453,
        "osm_type": "way"
      }
    },
    {
      "type": "Feature",
      "geometry": {
        "type": "Point",
        "coordinates": [
          -0.5004258,
          38.5431559
        ]
      },
      "properties": {
        "id": 967054693,
        "osm_type": "way"
      }
    },
    {
      "type": "Feature",
      "geometry": {
        "type": "Point",
        "coordinates": [
          -0.3478986,
          39.7124473
        ]
      },
      "properties": {
        "id": 997577467,
        "osm_type": "way",
        "name": "Arbiol"
      }
    },
    {
      "type": "Feature",
      "geometry": {
        "type": "Point",
        "coordinates": [
          -0.4468486,
          39.1554725
        ]
      },
      "properties": {
        "id": 999033082,
        "osm_type": "way",
        "name": "Forn de Mari Carmen",
        "opening_hours": "Mo-Sa 07:30-14:00"
      }
    },
    {
      "type": "Feature",
      "geometry": {
        "type": "Point",
        "coordinates": [
          -3.69e-05,
          39.9358839
        ]
      },
      "properties": {
        "id": 1082927270,
        "osm_type": "way"
      }
    },
    {
      "type": "Feature",
      "geometry": {
        "type": "Point",
        "coordinates": [
          -0.4450269,
          38.8547427
        ]
      },
      "properties": {
        "id": 1091241695,
        "osm_type": "way"
      }
    },
    {
      "type": "Feature",
      "geometry": {
        "type": "Point",
        "coordinates": [
          -0.3777316,
          39.4744011
        ]
      },
      "properties": {
        "id": 1105584938,
        "osm_type": "way",
        "name": "News & Coffee",
        "opening_hours": "Mo-Fr 08:00-15:00; Sa 10:00-17:00; Su 10:00-14:00",
        "takeaway": "only",
        "outdoor_seating": "no"
      }
    },
    {
      "type": "Feature",
      "geometry": {
        "type": "Point",
        "coordinates": [
          -0.6951376,
          38.0002038
        ]
      },
      "properties": {
        "id": 1106693911,
        "osm_type": "way",
        "name": "Kiosko El Limonar",
        "opening_hours": "Mo-Sa 10:00-19:00",
        "outdoor_seating": "yes"
      }
    },
    {
      "type": "Feature",
      "geometry": {
        "type": "Point",
        "coordinates": [
          -0.480696,
          38.34411
        ]
      },
      "properties": {
        "id": 1111762582,
        "osm_type": "way",
        "name": "Peret"
      }
    },
    {
      "type": "Feature",
      "geometry": {
        "type": "Point",
        "coordinates": [
          -0.4238338,
          38.375807
        ]
      },
      "properties": {
        "id": 1111769509,
        "osm_type": "way"
      }
    },
    {
      "type": "Feature",
      "geometry": {
        "type": "Point",
        "coordinates": [
          -0.0860283,
          39.8911573
        ]
      },
      "properties": {
        "id": 1120605606,
        "osm_type": "way",
        "name": "El Kiosko",
        "outdoor_seating": "yes"
      }
    },
    {
      "type": "Feature",
      "geometry": {
        "type": "Point",
        "coordinates": [
          -0.7357178,
          38.1047895
        ]
      },
      "properties": {
        "id": 1124018946,
        "osm_type": "way",
        "name": "Kiosco Bar Raquel",
        "outdoor_seating": "yes"
      }
    },
    {
      "type": "Feature",
      "geometry": {
        "type": "Point",
        "coordinates": [
          -0.7507202,
          38.3886549
        ]
      },
      "properties": {
        "id": 1152642798,
        "osm_type": "way",
        "name": "Tanteo",
        "check_date": "2024-06-05"
      }
    },
    {
      "type": "Feature",
      "geometry": {
        "type": "Point",
        "coordinates": [
          -0.4020341,
          39.4991271
        ]
      },
      "properties": {
        "id": 1153235151,
        "osm_type": "way"
      }
    },
    {
      "type": "Feature",
      "geometry": {
        "type": "Point",
        "coordinates": [
          -0.755815,
          38.0165566
        ]
      },
      "properties": {
        "id": 1154834992,
        "osm_type": "way"
      }
    },
    {
      "type": "Feature",
      "geometry": {
        "type": "Point",
        "coordinates": [
          -0.5203143,
          38.9957791
        ]
      },
      "properties": {
        "id": 1180264686,
        "osm_type": "way",
        "name": "Coffee Time",
        "brand": "Coffee Time",
        "takeaway": "yes"
      }
    },
    {
      "type": "Feature",
      "geometry": {
        "type": "Point",
        "coordinates": [
          -0.0655001,
          39.866485
        ]
      },
      "properties": {
        "id": 1191025541,
        "osm_type": "way",
        "name": "Xurreria"
      }
    },
    {
      "type": "Feature",
      "geometry": {
        "type": "Point",
        "coordinates": [
          -0.0660225,
          39.9934071
        ]
      },
      "properties": {
        "id": 1221772957,
        "osm_type": "way",
        "name": "Cafè Sentits"
      }
    },
    {
      "type": "Feature",
      "geometry": {
        "type": "Point",
        "coordinates": [
          -0.0614076,
          39.9750782
        ]
      },
      "properties": {
        "id": 1271834897,
        "osm_type": "way",
        "name": "El Salero"
      }
    },
    {
      "type": "Feature",
      "geometry": {
        "type": "Point",
        "coordinates": [
          -0.7185054,
          38.1167324
        ]
      },
      "properties": {
        "id": 1272045266,
        "osm_type": "way",
        "name": "Sami’s Piscina"
      }
    },
    {
      "type": "Feature",
      "geometry": {
        "type": "Point",
        "coordinates": [
          -0.8419621,
          38.4336651
        ]
      },
      "properties": {
        "id": 1275248559,
        "osm_type": "way",
        "name": "Quiosco El Salitre"
      }
    },
    {
      "type": "Feature",
      "geometry": {
        "type": "Point",
        "coordinates": [
          -0.3485563,
          39.4821272
        ]
      },
      "properties": {
        "id": 1278238113,
        "osm_type": "way",
        "name": "La Vella"
      }
    },
    {
      "type": "Feature",
      "geometry": {
        "type": "Point",
        "coordinates": [
          -0.3447981,
          39.4841182
        ]
      },
      "properties": {
        "id": 1278782358,
        "osm_type": "way",
        "name": "Cafeteria Belles Arts"
      }
    },
    {
      "type": "Feature",
      "geometry": {
        "type": "Point",
        "coordinates": [
          -0.3819526,
          39.460004
        ]
      },
      "properties": {
        "id": 1278933253,
        "osm_type": "way",
        "name": "La Pausa - Lavazza",
        "check_date": "2025-04-22"
      }
    },
    {
      "type": "Feature",
      "geometry": {
        "type": "Point",
        "coordinates": [
          -0.3816263,
          39.4598949
        ]
      },
      "properties": {
        "id": 1278933273,
        "osm_type": "way",
        "name": "Café Café"
      }
    },
    {
      "type": "Feature",
      "geometry": {
        "type": "Point",
        "coordinates": [
          -0.3909513,
          39.4805124
        ]
      },
      "properties": {
        "id": 1279071993,
        "osm_type": "way",
        "name": "Que més"
      }
    },
    {
      "type": "Feature",
      "geometry": {
        "type": "Point",
        "coordinates": [
          -0.3775163,
          39.4668678
        ]
      },
      "properties": {
        "id": 1279912016,
        "osm_type": "way",
        "name": "Anar i tornar"
      }
    },
    {
      "type": "Feature",
      "geometry": {
        "type": "Point",
        "coordinates": [
          -0.3777407,
          39.4662234
        ]
      },
      "properties": {
        "id": 1279912024,
        "osm_type": "way",
        "name": "Cafestore"
      }
    },
    {
      "type": "Feature",
      "geometry": {
        "type": "Point",
        "coordinates": [
          -0.376901,
          39.4666998
        ]
      },
      "properties": {
        "id": 1279912030,
        "osm_type": "way",
        "name": "De pans"
      }
    },
    {
      "type": "Feature",
      "geometry": {
        "type": "Point",
        "coordinates": [
          -0.3759685,
          39.4429077
        ]
      },
      "properties": {
        "id": 1280034766,
        "osm_type": "way"
      }
    },
    {
      "type": "Feature",
      "geometry": {
        "type": "Point",
        "coordinates": [
          -0.375496,
          39.4437584
        ]
      },
      "properties": {
        "id": 1280251741,
        "osm_type": "way"
      }
    },
    {
      "type": "Feature",
      "geometry": {
        "type": "Point",
        "coordinates": [
          -0.3462199,
          39.4566641
        ]
      },
      "properties": {
        "id": 1282494243,
        "osm_type": "way",
        "name": "Nespresso",
        "brand": "Nespresso"
      }
    },
    {
      "type": "Feature",
      "geometry": {
        "type": "Point",
        "coordinates": [
          -0.3713948,
          39.4791891
        ]
      },
      "properties": {
        "id": 1284105974,
        "osm_type": "way",
        "name": "El menjar amb viracre"
      }
    },
    {
      "type": "Feature",
      "geometry": {
        "type": "Point",
        "coordinates": [
          -0.0298633,
          39.984636
        ]
      },
      "properties": {
        "id": 1343595608,
        "osm_type": "way",
        "name": "La Tostadora"
      }
    },
    {
      "type": "Feature",
      "geometry": {
        "type": "Point",
        "coordinates": [
          -0.2827616,
          39.7044753
        ]
      },
      "properties": {
        "id": 1354775007,
        "osm_type": "way",
        "name": "ZENKIÜ"
      }
    },
    {
      "type": "Feature",
      "geometry": {
        "type": "Point",
        "coordinates": [
          -0.4251649,
          39.499072
        ]
      },
      "properties": {
        "id": 1363724144,
        "osm_type": "way",
        "name": "Cafetería Las Carolinas",
        "outdoor_seating": "yes"
      }
    },
    {
      "type": "Feature",
      "geometry": {
        "type": "Point",
        "coordinates": [
          -0.6808724,
          39.4249365
        ]
      },
      "properties": {
        "id": 1364378488,
        "osm_type": "way"
      }
    },
    {
      "type": "Feature",
      "geometry": {
        "type": "Point",
        "coordinates": [
          -0.2634415,
          39.727622
        ]
      },
      "properties": {
        "id": 1390411725,
        "osm_type": "way"
      }
    },
    {
      "type": "Feature",
      "geometry": {
        "type": "Point",
        "coordinates": [
          -0.6775272,
          38.2986977
        ]
      },
      "properties": {
        "id": 1425622052,
        "osm_type": "way"
      }
    },
    {
      "type": "Feature",
      "geometry": {
        "type": "Point",
        "coordinates": [
          -0.4674514,
          39.8372502
        ]
      },
      "properties": {
        "id": 1429012682,
        "osm_type": "way",
        "name": "Sixto"
      }
    },
    {
      "type": "Feature",
      "geometry": {
        "type": "Point",
        "coordinates": [
          -0.4087433,
          39.4025599
        ]
      },
      "properties": {
        "id": 1452929306,
        "osm_type": "way",
        "name": "El Refugio del Secanet",
        "outdoor_seating": "yes"
      }
    },
    {
      "type": "Feature",
      "geometry": {
        "type": "Point",
        "coordinates": [
          -0.1664761,
          38.5330477
        ]
      },
      "properties": {
        "id": 1479807149,
        "osm_type": "way",
        "name": "la Cala",
        "outdoor_seating": "yes"
      }
    },
    {
      "type": "Feature",
      "geometry": {
        "type": "Point",
        "coordinates": [
          -0.0711924,
          40.0415952
        ]
      },
      "properties": {
        "id": 1494181727,
        "osm_type": "way",
        "name": "Panaderia Sorilluch",
        "opening_hours": "Mo-Sa 06:30-13:30"
      }
    },
    {
      "type": "Feature",
      "geometry": {
        "type": "Point",
        "coordinates": [
          0.1574487,
          40.6567606
        ]
      },
      "properties": {
        "id": 3937743,
        "osm_type": "relation",
        "name": "La Societat"
      }
    },
    {
      "type": "Feature",
      "geometry": {
        "type": "Point",
        "coordinates": [
          0.0828516,
          40.0573654
        ]
      },
      "properties": {
        "id": 11560815,
        "osm_type": "relation"
      }
    }
  ]
}