{
  "type": "FeatureCollection",
  "features": [
    {
      "type": "Feature",
      "geometry": {
        "type": "Point",
        "coordinates": [
          28.13791,
          36.2035621
        ]
      },
      "properties": {
        "id": 267733070,
        "osm_type": "node",
        "name": "Porto Angeli Hotel Shop"
      }
    },
    {
      "type": "Feature",
      "geometry": {
        "type": "Point",
        "coordinates": [
          27.0993092,
          36.7595063
        ]
      },
      "properties": {
        "id": 393717734,
        "osm_type": "node",
        "name": "Robinstore"
      }
    },
    {
      "type": "Feature",
      "geometry": {
        "type": "Point",
        "coordinates": [
          27.0957099,
          36.808101
        ]
      },
      "properties": {
        "id": 428074797,
        "osm_type": "node"
      }
    },
    {
      "type": "Feature",
      "geometry": {
        "type": "Point",
        "coordinates": [
          24.723703,
          36.9733728
        ]
      },
      "properties": {
        "id": 460535552,
        "osm_type": "node",
        "name": "O Garrattas"
      }
    },
    {
      "type": "Feature",
      "geometry": {
        "type": "Point",
        "coordinates": [
          24.7311757,
          36.9321435
        ]
      },
      "properties": {
        "id": 460601173,
        "osm_type": "node",
        "name": "Tourist Market"
      }
    },
    {
      "type": "Feature",
      "geometry": {
        "type": "Point",
        "coordinates": [
          25.395193,
          36.4790292
        ]
      },
      "properties": {
        "id": 501738457,
        "osm_type": "node"
      }
    },
    {
      "type": "Feature",
      "geometry": {
        "type": "Point",
        "coordinates": [
          27.6114723,
          36.2224509
        ]
      },
      "properties": {
        "id": 533986765,
        "osm_type": "node"
      }
    },
    {
      "type": "Feature",
      "geometry": {
        "type": "Point",
        "coordinates": [
          27.6119463,
          36.2221389
        ]
      },
      "properties": {
        "id": 533986767,
        "osm_type": "node"
      }
    },
    {
      "type": "Feature",
      "geometry": {
        "type": "Point",
        "coordinates": [
          25.3763137,
          37.1017381
        ]
      },
      "properties": {
        "id": 534262518,
        "osm_type": "node",
        "name": "Dallas"
      }
    },
    {
      "type": "Feature",
      "geometry": {
        "type": "Point",
        "coordinates": [
          24.4249028,
          37.4435574
        ]
      },
      "properties": {
        "id": 543440113,
        "osm_type": "node"
      }
    },
    {
      "type": "Feature",
      "geometry": {
        "type": "Point",
        "coordinates": [
          27.1832091,
          36.8889533
        ]
      },
      "properties": {
        "id": 818735710,
        "osm_type": "node",
        "name": "Katras Mart"
      }
    },
    {
      "type": "Feature",
      "geometry": {
        "type": "Point",
        "coordinates": [
          25.3770305,
          37.1033868
        ]
      },
      "properties": {
        "id": 823451299,
        "osm_type": "node",
        "name": "Tzimblakis Store"
      }
    },
    {
      "type": "Feature",
      "geometry": {
        "type": "Point",
        "coordinates": [
          25.602045,
          36.9321494
        ]
      },
      "properties": {
        "id": 839884455,
        "osm_type": "node",
        "name": "Μαρούσα",
        "check_date": "2025-09-26"
      }
    },
    {
      "type": "Feature",
      "geometry": {
        "type": "Point",
        "coordinates": [
          29.5903726,
          36.1486567
        ]
      },
      "properties": {
        "id": 956854509,
        "osm_type": "node"
      }
    },
    {
      "type": "Feature",
      "geometry": {
        "type": "Point",
        "coordinates": [
          25.3518534,
          37.0739988
        ]
      },
      "properties": {
        "id": 1039907513,
        "osm_type": "node",
        "name": "Naxos"
      }
    },
    {
      "type": "Feature",
      "geometry": {
        "type": "Point",
        "coordinates": [
          25.3522697,
          37.0741032
        ]
      },
      "properties": {
        "id": 1039907544,
        "osm_type": "node",
        "name": "Plus"
      }
    },
    {
      "type": "Feature",
      "geometry": {
        "type": "Point",
        "coordinates": [
          27.1961119,
          35.4758289
        ]
      },
      "properties": {
        "id": 1177551510,
        "osm_type": "node",
        "name": "Minimarket"
      }
    },
    {
      "type": "Feature",
      "geometry": {
        "type": "Point",
        "coordinates": [
          27.1903524,
          35.4745696
        ]
      },
      "properties": {
        "id": 1181252587,
        "osm_type": "node",
        "name": "Minimarket"
      }
    },
    {
      "type": "Feature",
      "geometry": {
        "type": "Point",
        "coordinates": [
          27.1553161,
          35.4291063
        ]
      },
      "properties": {
        "id": 1181252654,
        "osm_type": "node",
        "name": "Minimarket"
      }
    },
    {
      "type": "Feature",
      "geometry": {
        "type": "Point",
        "coordinates": [
          25.9769801,
          36.901263
        ]
      },
      "properties": {
        "id": 1309962195,
        "osm_type": "node",
        "name": "Supermarket O Bebis"
      }
    },
    {
      "type": "Feature",
      "geometry": {
        "type": "Point",
        "coordinates": [
          25.9767782,
          36.9011949
        ]
      },
      "properties": {
        "id": 1309962197,
        "osm_type": "node"
      }
    },
    {
      "type": "Feature",
      "geometry": {
        "type": "Point",
        "coordinates": [
          25.9987207,
          36.9064158
        ]
      },
      "properties": {
        "id": 1315205005,
        "osm_type": "node"
      }
    },
    {
      "type": "Feature",
      "geometry": {
        "type": "Point",
        "coordinates": [
          25.9837784,
          36.9177583
        ]
      },
      "properties": {
        "id": 1321095041,
        "osm_type": "node",
        "name": "O Choreftis"
      }
    },
    {
      "type": "Feature",
      "geometry": {
        "type": "Point",
        "coordinates": [
          25.8018964,
          36.7875881
        ]
      },
      "properties": {
        "id": 1334918817,
        "osm_type": "node",
        "name": "Μαρουσώ"
      }
    },
    {
      "type": "Feature",
      "geometry": {
        "type": "Point",
        "coordinates": [
          27.1533164,
          35.4491774
        ]
      },
      "properties": {
        "id": 1343657767,
        "osm_type": "node",
        "name": "Minimarket"
      }
    },
    {
      "type": "Feature",
      "geometry": {
        "type": "Point",
        "coordinates": [
          28.1656422,
          36.2515458
        ]
      },
      "properties": {
        "id": 1345705382,
        "osm_type": "node"
      }
    },
    {
      "type": "Feature",
      "geometry": {
        "type": "Point",
        "coordinates": [
          28.1656034,
          36.2512369
        ]
      },
      "properties": {
        "id": 1345705383,
        "osm_type": "node",
        "name": "The Greek Market"
      }
    },
    {
      "type": "Feature",
      "geometry": {
        "type": "Point",
        "coordinates": [
          27.9912609,
          36.0683819
        ]
      },
      "properties": {
        "id": 1367485937,
        "osm_type": "node",
        "name": "Stafilia Mini-Market",
        "opening_hours": "Mo-Su 09:00-22:30"
      }
    },
    {
      "type": "Feature",
      "geometry": {
        "type": "Point",
        "coordinates": [
          26.3529185,
          36.5453399
        ]
      },
      "properties": {
        "id": 1390258930,
        "osm_type": "node"
      }
    },
    {
      "type": "Feature",
      "geometry": {
        "type": "Point",
        "coordinates": [
          26.352776,
          36.5454979
        ]
      },
      "properties": {
        "id": 1390258936,
        "osm_type": "node"
      }
    },
    {
      "type": "Feature",
      "geometry": {
        "type": "Point",
        "coordinates": [
          27.9826671,
          36.3525731
        ]
      },
      "properties": {
        "id": 1400260906,
        "osm_type": "node"
      }
    },
    {
      "type": "Feature",
      "geometry": {
        "type": "Point",
        "coordinates": [
          25.3447064,
          36.4341261
        ]
      },
      "properties": {
        "id": 1429299211,
        "osm_type": "node"
      }
    },
    {
      "type": "Feature",
      "geometry": {
        "type": "Point",
        "coordinates": [
          28.211209,
          36.3614141
        ]
      },
      "properties": {
        "id": 1440236188,
        "osm_type": "node"
      }
    },
    {
      "type": "Feature",
      "geometry": {
        "type": "Point",
        "coordinates": [
          26.9794389,
          36.7511605
        ]
      },
      "properties": {
        "id": 1447889108,
        "osm_type": "node"
      }
    },
    {
      "type": "Feature",
      "geometry": {
        "type": "Point",
        "coordinates": [
          26.9723275,
          36.7451085
        ]
      },
      "properties": {
        "id": 1447889117,
        "osm_type": "node",
        "name": "Supermarket Skala"
      }
    },
    {
      "type": "Feature",
      "geometry": {
        "type": "Point",
        "coordinates": [
          27.7764775,
          36.1527078
        ]
      },
      "properties": {
        "id": 1491445672,
        "osm_type": "node"
      }
    },
    {
      "type": "Feature",
      "geometry": {
        "type": "Point",
        "coordinates": [
          28.2202829,
          36.4552193
        ]
      },
      "properties": {
        "id": 1690596736,
        "osm_type": "node"
      }
    },
    {
      "type": "Feature",
      "geometry": {
        "type": "Point",
        "coordinates": [
          28.2207679,
          36.4534012
        ]
      },
      "properties": {
        "id": 1691761633,
        "osm_type": "node",
        "name": "Merja - Joanna"
      }
    },
    {
      "type": "Feature",
      "geometry": {
        "type": "Point",
        "coordinates": [
          28.2196422,
          36.4512002
        ]
      },
      "properties": {
        "id": 1691830521,
        "osm_type": "node"
      }
    },
    {
      "type": "Feature",
      "geometry": {
        "type": "Point",
        "coordinates": [
          28.2253256,
          36.4472623
        ]
      },
      "properties": {
        "id": 1694283087,
        "osm_type": "node"
      }
    },
    {
      "type": "Feature",
      "geometry": {
        "type": "Point",
        "coordinates": [
          28.2216163,
          36.4512351
        ]
      },
      "properties": {
        "id": 1694438634,
        "osm_type": "node"
      }
    },
    {
      "type": "Feature",
      "geometry": {
        "type": "Point",
        "coordinates": [
          28.2209149,
          36.4534532
        ]
      },
      "properties": {
        "id": 1694616983,
        "osm_type": "node"
      }
    },
    {
      "type": "Feature",
      "geometry": {
        "type": "Point",
        "coordinates": [
          28.2214178,
          36.4537044
        ]
      },
      "properties": {
        "id": 1694617005,
        "osm_type": "node"
      }
    },
    {
      "type": "Feature",
      "geometry": {
        "type": "Point",
        "coordinates": [
          28.2218023,
          36.4510806
        ]
      },
      "properties": {
        "id": 1700674437,
        "osm_type": "node"
      }
    },
    {
      "type": "Feature",
      "geometry": {
        "type": "Point",
        "coordinates": [
          28.2198626,
          36.4527926
        ]
      },
      "properties": {
        "id": 1700674500,
        "osm_type": "node"
      }
    },
    {
      "type": "Feature",
      "geometry": {
        "type": "Point",
        "coordinates": [
          28.2230892,
          36.4515429
        ]
      },
      "properties": {
        "id": 1700674506,
        "osm_type": "node",
        "opening_hours": "24/7"
      }
    },
    {
      "type": "Feature",
      "geometry": {
        "type": "Point",
        "coordinates": [
          27.1375542,
          36.8737004
        ]
      },
      "properties": {
        "id": 1805027266,
        "osm_type": "node",
        "name": "Mini Market"
      }
    },
    {
      "type": "Feature",
      "geometry": {
        "type": "Point",
        "coordinates": [
          28.0631834,
          36.3318503
        ]
      },
      "properties": {
        "id": 1806287531,
        "osm_type": "node"
      }
    },
    {
      "type": "Feature",
      "geometry": {
        "type": "Point",
        "coordinates": [
          28.0832571,
          36.0926394
        ]
      },
      "properties": {
        "id": 1806299033,
        "osm_type": "node",
        "name": "illy Supermarket"
      }
    },
    {
      "type": "Feature",
      "geometry": {
        "type": "Point",
        "coordinates": [
          28.2174053,
          36.4427663
        ]
      },
      "properties": {
        "id": 1843668817,
        "osm_type": "node"
      }
    },
    {
      "type": "Feature",
      "geometry": {
        "type": "Point",
        "coordinates": [
          25.7957702,
          37.1009552
        ]
      },
      "properties": {
        "id": 1945765848,
        "osm_type": "node"
      }
    },
    {
      "type": "Feature",
      "geometry": {
        "type": "Point",
        "coordinates": [
          28.1405796,
          36.2097437
        ]
      },
      "properties": {
        "id": 1947496423,
        "osm_type": "node",
        "name": "Mini Market"
      }
    },
    {
      "type": "Feature",
      "geometry": {
        "type": "Point",
        "coordinates": [
          25.4683334,
          36.8615437
        ]
      },
      "properties": {
        "id": 2092931727,
        "osm_type": "node"
      }
    },
    {
      "type": "Feature",
      "geometry": {
        "type": "Point",
        "coordinates": [
          28.1625669,
          36.294863
        ]
      },
      "properties": {
        "id": 2257359795,
        "osm_type": "node",
        "name": "Grocery shop"
      }
    },
    {
      "type": "Feature",
      "geometry": {
        "type": "Point",
        "coordinates": [
          28.1626502,
          36.2931357
        ]
      },
      "properties": {
        "id": 2257906917,
        "osm_type": "node",
        "name": "Politeknos corner"
      }
    },
    {
      "type": "Feature",
      "geometry": {
        "type": "Point",
        "coordinates": [
          28.1626877,
          36.293862
        ]
      },
      "properties": {
        "id": 2257936911,
        "osm_type": "node",
        "name": "Pramateytis"
      }
    },
    {
      "type": "Feature",
      "geometry": {
        "type": "Point",
        "coordinates": [
          25.3747438,
          37.1026847
        ]
      },
      "properties": {
        "id": 2262982476,
        "osm_type": "node"
      }
    },
    {
      "type": "Feature",
      "geometry": {
        "type": "Point",
        "coordinates": [
          26.5467917,
          37.3097547
        ]
      },
      "properties": {
        "id": 2297689389,
        "osm_type": "node"
      }
    },
    {
      "type": "Feature",
      "geometry": {
        "type": "Point",
        "coordinates": [
          28.1431573,
          36.3994472
        ]
      },
      "properties": {
        "id": 2298681037,
        "osm_type": "node"
      }
    },
    {
      "type": "Feature",
      "geometry": {
        "type": "Point",
        "coordinates": [
          28.1595581,
          36.4227997
        ]
      },
      "properties": {
        "id": 2308461346,
        "osm_type": "node"
      }
    },
    {
      "type": "Feature",
      "geometry": {
        "type": "Point",
        "coordinates": [
          24.8800134,
          37.4204425
        ]
      },
      "properties": {
        "id": 2319560686,
        "osm_type": "node",
        "name": "Αννέτα Μίνι Μάρκετ"
      }
    },
    {
      "type": "Feature",
      "geometry": {
        "type": "Point",
        "coordinates": [
          28.203904,
          36.3381677
        ]
      },
      "properties": {
        "id": 2348213437,
        "osm_type": "node",
        "name": "Savas"
      }
    },
    {
      "type": "Feature",
      "geometry": {
        "type": "Point",
        "coordinates": [
          28.2054259,
          36.3358094
        ]
      },
      "properties": {
        "id": 2362949057,
        "osm_type": "node",
        "name": "Circle"
      }
    },
    {
      "type": "Feature",
      "geometry": {
        "type": "Point",
        "coordinates": [
          28.2037023,
          36.3397855
        ]
      },
      "properties": {
        "id": 2365661951,
        "osm_type": "node",
        "name": "Ritz"
      }
    },
    {
      "type": "Feature",
      "geometry": {
        "type": "Point",
        "coordinates": [
          28.2035982,
          36.3400451
        ]
      },
      "properties": {
        "id": 2365661967,
        "osm_type": "node",
        "name": "Billy's"
      }
    },
    {
      "type": "Feature",
      "geometry": {
        "type": "Point",
        "coordinates": [
          28.1983674,
          36.3381825
        ]
      },
      "properties": {
        "id": 2366092386,
        "osm_type": "node",
        "name": "Select"
      }
    },
    {
      "type": "Feature",
      "geometry": {
        "type": "Point",
        "coordinates": [
          28.1970351,
          36.3387563
        ]
      },
      "properties": {
        "id": 2378169546,
        "osm_type": "node"
      }
    },
    {
      "type": "Feature",
      "geometry": {
        "type": "Point",
        "coordinates": [
          28.1930292,
          36.3373081
        ]
      },
      "properties": {
        "id": 2378396602,
        "osm_type": "node",
        "name": "Sun"
      }
    },
    {
      "type": "Feature",
      "geometry": {
        "type": "Point",
        "coordinates": [
          28.201011,
          36.3396536
        ]
      },
      "properties": {
        "id": 2384403746,
        "osm_type": "node",
        "name": "Easy Boy"
      }
    },
    {
      "type": "Feature",
      "geometry": {
        "type": "Point",
        "coordinates": [
          28.1982221,
          36.3356885
        ]
      },
      "properties": {
        "id": 2384744363,
        "osm_type": "node",
        "name": "Oscar's"
      }
    },
    {
      "type": "Feature",
      "geometry": {
        "type": "Point",
        "coordinates": [
          28.2004991,
          36.3442615
        ]
      },
      "properties": {
        "id": 2385675518,
        "osm_type": "node",
        "name": "Food Lion"
      }
    },
    {
      "type": "Feature",
      "geometry": {
        "type": "Point",
        "coordinates": [
          28.2070492,
          36.3317219
        ]
      },
      "properties": {
        "id": 2386904833,
        "osm_type": "node"
      }
    },
    {
      "type": "Feature",
      "geometry": {
        "type": "Point",
        "coordinates": [
          28.2059772,
          36.332436
        ]
      },
      "properties": {
        "id": 2386904835,
        "osm_type": "node"
      }
    },
    {
      "type": "Feature",
      "geometry": {
        "type": "Point",
        "coordinates": [
          28.201167,
          36.346913
        ]
      },
      "properties": {
        "id": 2387962064,
        "osm_type": "node",
        "name": "Eleni"
      }
    },
    {
      "type": "Feature",
      "geometry": {
        "type": "Point",
        "coordinates": [
          28.2015033,
          36.346024
        ]
      },
      "properties": {
        "id": 2387962073,
        "osm_type": "node",
        "name": "Sally's"
      }
    },
    {
      "type": "Feature",
      "geometry": {
        "type": "Point",
        "coordinates": [
          28.2038575,
          36.3479514
        ]
      },
      "properties": {
        "id": 2390044513,
        "osm_type": "node",
        "name": "Neon"
      }
    },
    {
      "type": "Feature",
      "geometry": {
        "type": "Point",
        "coordinates": [
          28.19885,
          36.3474353
        ]
      },
      "properties": {
        "id": 2390099584,
        "osm_type": "node",
        "name": "John & Mary's"
      }
    },
    {
      "type": "Feature",
      "geometry": {
        "type": "Point",
        "coordinates": [
          25.2920323,
          36.7156611
        ]
      },
      "properties": {
        "id": 2404107247,
        "osm_type": "node",
        "name": "Mini Market"
      }
    },
    {
      "type": "Feature",
      "geometry": {
        "type": "Point",
        "coordinates": [
          28.0806394,
          36.0918078
        ]
      },
      "properties": {
        "id": 2408311027,
        "osm_type": "node",
        "name": "Mary's Discount Market"
      }
    },
    {
      "type": "Feature",
      "geometry": {
        "type": "Point",
        "coordinates": [
          28.0586953,
          36.0681391
        ]
      },
      "properties": {
        "id": 2412635830,
        "osm_type": "node",
        "name": "Eleni"
      }
    },
    {
      "type": "Feature",
      "geometry": {
        "type": "Point",
        "coordinates": [
          28.02516,
          36.0791262
        ]
      },
      "properties": {
        "id": 2422353169,
        "osm_type": "node",
        "name": "Angelica"
      }
    },
    {
      "type": "Feature",
      "geometry": {
        "type": "Point",
        "coordinates": [
          28.0437426,
          36.0778684
        ]
      },
      "properties": {
        "id": 2422353176,
        "osm_type": "node",
        "name": "Palm"
      }
    },
    {
      "type": "Feature",
      "geometry": {
        "type": "Point",
        "coordinates": [
          28.022303,
          36.0790496
        ]
      },
      "properties": {
        "id": 2422353179,
        "osm_type": "node",
        "name": "Valentina"
      }
    },
    {
      "type": "Feature",
      "geometry": {
        "type": "Point",
        "coordinates": [
          27.1548553,
          36.8759749
        ]
      },
      "properties": {
        "id": 2431877563,
        "osm_type": "node",
        "name": "Mini Market Non-Stop",
        "opening_hours": "Mo-Su 09:00-22:30"
      }
    },
    {
      "type": "Feature",
      "geometry": {
        "type": "Point",
        "coordinates": [
          28.01831,
          36.0809304
        ]
      },
      "properties": {
        "id": 2460607552,
        "osm_type": "node",
        "name": "Matina"
      }
    },
    {
      "type": "Feature",
      "geometry": {
        "type": "Point",
        "coordinates": [
          25.255953,
          37.0337134
        ]
      },
      "properties": {
        "id": 2466378460,
        "osm_type": "node"
      }
    },
    {
      "type": "Feature",
      "geometry": {
        "type": "Point",
        "coordinates": [
          25.2927777,
          36.7157279
        ]
      },
      "properties": {
        "id": 2471371137,
        "osm_type": "node"
      }
    },
    {
      "type": "Feature",
      "geometry": {
        "type": "Point",
        "coordinates": [
          25.2924127,
          36.7158839
        ]
      },
      "properties": {
        "id": 2471371138,
        "osm_type": "node"
      }
    },
    {
      "type": "Feature",
      "geometry": {
        "type": "Point",
        "coordinates": [
          25.2926668,
          36.7158738
        ]
      },
      "properties": {
        "id": 2471371139,
        "osm_type": "node"
      }
    },
    {
      "type": "Feature",
      "geometry": {
        "type": "Point",
        "coordinates": [
          27.7775549,
          36.1532416
        ]
      },
      "properties": {
        "id": 2474304083,
        "osm_type": "node",
        "name": "Martha's"
      }
    },
    {
      "type": "Feature",
      "geometry": {
        "type": "Point",
        "coordinates": [
          27.7780779,
          36.153564
        ]
      },
      "properties": {
        "id": 2474305256,
        "osm_type": "node"
      }
    },
    {
      "type": "Feature",
      "geometry": {
        "type": "Point",
        "coordinates": [
          25.3984949,
          36.3574329
        ]
      },
      "properties": {
        "id": 2485198988,
        "osm_type": "node"
      }
    },
    {
      "type": "Feature",
      "geometry": {
        "type": "Point",
        "coordinates": [
          25.4493395,
          36.3820007
        ]
      },
      "properties": {
        "id": 2485199024,
        "osm_type": "node"
      }
    },
    {
      "type": "Feature",
      "geometry": {
        "type": "Point",
        "coordinates": [
          25.451281,
          36.3998484
        ]
      },
      "properties": {
        "id": 2485263413,
        "osm_type": "node"
      }
    },
    {
      "type": "Feature",
      "geometry": {
        "type": "Point",
        "coordinates": [
          28.2273208,
          36.4431173
        ]
      },
      "properties": {
        "id": 2510862546,
        "osm_type": "node",
        "name": "Bazaar"
      }
    },
    {
      "type": "Feature",
      "geometry": {
        "type": "Point",
        "coordinates": [
          28.221673,
          36.4543429
        ]
      },
      "properties": {
        "id": 2512164684,
        "osm_type": "node",
        "name": "Liberty"
      }
    },
    {
      "type": "Feature",
      "geometry": {
        "type": "Point",
        "coordinates": [
          25.395627,
          36.3587988
        ]
      },
      "properties": {
        "id": 2517735010,
        "osm_type": "node"
      }
    },
    {
      "type": "Feature",
      "geometry": {
        "type": "Point",
        "coordinates": [
          28.2150832,
          36.4486275
        ]
      },
      "properties": {
        "id": 2517879620,
        "osm_type": "node"
      }
    },
    {
      "type": "Feature",
      "geometry": {
        "type": "Point",
        "coordinates": [
          28.2291677,
          36.420793
        ]
      },
      "properties": {
        "id": 2523042830,
        "osm_type": "node",
        "opening_hours": "06:00-24:00"
      }
    },
    {
      "type": "Feature",
      "geometry": {
        "type": "Point",
        "coordinates": [
          25.1961096,
          37.5764864
        ]
      },
      "properties": {
        "id": 2543399860,
        "osm_type": "node"
      }
    },
    {
      "type": "Feature",
      "geometry": {
        "type": "Point",
        "coordinates": [
          25.1965698,
          37.5763396
        ]
      },
      "properties": {
        "id": 2543399863,
        "osm_type": "node"
      }
    },
    {
      "type": "Feature",
      "geometry": {
        "type": "Point",
        "coordinates": [
          24.9352541,
          37.4463128
        ]
      },
      "properties": {
        "id": 2687115126,
        "osm_type": "node",
        "name": "Γλύκας Ευάγγελος",
        "check_date": "2026-03-22"
      }
    },
    {
      "type": "Feature",
      "geometry": {
        "type": "Point",
        "coordinates": [
          24.9374869,
          37.446384
        ]
      },
      "properties": {
        "id": 2687116814,
        "osm_type": "node",
        "name": "Παλιό Σαλονίκη",
        "check_date": "2026-04-19"
      }
    },
    {
      "type": "Feature",
      "geometry": {
        "type": "Point",
        "coordinates": [
          24.9379144,
          37.4450562
        ]
      },
      "properties": {
        "id": 2687120431,
        "osm_type": "node",
        "name": "Mini Market Λαλακιας",
        "check_date": "2026-03-04"
      }
    },
    {
      "type": "Feature",
      "geometry": {
        "type": "Point",
        "coordinates": [
          24.9371114,
          37.4422526
        ]
      },
      "properties": {
        "id": 2687144958,
        "osm_type": "node",
        "name": "Περίπτερο Λαλακιάς",
        "check_date": "2026-03-12"
      }
    },
    {
      "type": "Feature",
      "geometry": {
        "type": "Point",
        "coordinates": [
          25.1628119,
          37.5416417
        ]
      },
      "properties": {
        "id": 2701254579,
        "osm_type": "node"
      }
    },
    {
      "type": "Feature",
      "geometry": {
        "type": "Point",
        "coordinates": [
          25.1628738,
          37.5371691
        ]
      },
      "properties": {
        "id": 2776169389,
        "osm_type": "node"
      }
    },
    {
      "type": "Feature",
      "geometry": {
        "type": "Point",
        "coordinates": [
          25.1614045,
          37.5382172
        ]
      },
      "properties": {
        "id": 2776169422,
        "osm_type": "node"
      }
    },
    {
      "type": "Feature",
      "geometry": {
        "type": "Point",
        "coordinates": [
          27.6130327,
          36.223171
        ]
      },
      "properties": {
        "id": 2878285012,
        "osm_type": "node"
      }
    },
    {
      "type": "Feature",
      "geometry": {
        "type": "Point",
        "coordinates": [
          28.2179053,
          36.4516687
        ]
      },
      "properties": {
        "id": 2895070560,
        "osm_type": "node"
      }
    },
    {
      "type": "Feature",
      "geometry": {
        "type": "Point",
        "coordinates": [
          28.2178479,
          36.451336
        ]
      },
      "properties": {
        "id": 2895070561,
        "osm_type": "node",
        "name": "Family"
      }
    },
    {
      "type": "Feature",
      "geometry": {
        "type": "Point",
        "coordinates": [
          28.2177001,
          36.4527039
        ]
      },
      "properties": {
        "id": 2895071388,
        "osm_type": "node"
      }
    },
    {
      "type": "Feature",
      "geometry": {
        "type": "Point",
        "coordinates": [
          28.2200001,
          36.4525942
        ]
      },
      "properties": {
        "id": 2895071475,
        "osm_type": "node",
        "name": "Tanagra"
      }
    },
    {
      "type": "Feature",
      "geometry": {
        "type": "Point",
        "coordinates": [
          28.2207416,
          36.4511524
        ]
      },
      "properties": {
        "id": 2918314024,
        "osm_type": "node",
        "name": "Kalistos"
      }
    },
    {
      "type": "Feature",
      "geometry": {
        "type": "Point",
        "coordinates": [
          28.2179477,
          36.4525461
        ]
      },
      "properties": {
        "id": 2920058494,
        "osm_type": "node"
      }
    },
    {
      "type": "Feature",
      "geometry": {
        "type": "Point",
        "coordinates": [
          27.1341624,
          36.613049
        ]
      },
      "properties": {
        "id": 2922971805,
        "osm_type": "node"
      }
    },
    {
      "type": "Feature",
      "geometry": {
        "type": "Point",
        "coordinates": [
          27.1324608,
          36.6106339
        ]
      },
      "properties": {
        "id": 2923050426,
        "osm_type": "node"
      }
    },
    {
      "type": "Feature",
      "geometry": {
        "type": "Point",
        "coordinates": [
          28.2204679,
          36.4503196
        ]
      },
      "properties": {
        "id": 2927578101,
        "osm_type": "node",
        "check_date": "2025-05-11"
      }
    },
    {
      "type": "Feature",
      "geometry": {
        "type": "Point",
        "coordinates": [
          27.9653692,
          36.2603442
        ]
      },
      "properties": {
        "id": 2932868996,
        "osm_type": "node"
      }
    },
    {
      "type": "Feature",
      "geometry": {
        "type": "Point",
        "coordinates": [
          27.967054,
          36.2598329
        ]
      },
      "properties": {
        "id": 2932869204,
        "osm_type": "node"
      }
    },
    {
      "type": "Feature",
      "geometry": {
        "type": "Point",
        "coordinates": [
          28.219395,
          36.450246
        ]
      },
      "properties": {
        "id": 2939273501,
        "osm_type": "node"
      }
    },
    {
      "type": "Feature",
      "geometry": {
        "type": "Point",
        "coordinates": [
          28.2321489,
          36.442218
        ]
      },
      "properties": {
        "id": 2963931262,
        "osm_type": "node",
        "name": "Restaurant \"at Thomas\""
      }
    },
    {
      "type": "Feature",
      "geometry": {
        "type": "Point",
        "coordinates": [
          28.2290346,
          36.4374774
        ]
      },
      "properties": {
        "id": 2963931330,
        "osm_type": "node",
        "name": "Kiosk"
      }
    },
    {
      "type": "Feature",
      "geometry": {
        "type": "Point",
        "coordinates": [
          25.3799064,
          37.0983569
        ]
      },
      "properties": {
        "id": 2965465974,
        "osm_type": "node"
      }
    },
    {
      "type": "Feature",
      "geometry": {
        "type": "Point",
        "coordinates": [
          25.3744205,
          37.1072761
        ]
      },
      "properties": {
        "id": 2969856838,
        "osm_type": "node"
      }
    },
    {
      "type": "Feature",
      "geometry": {
        "type": "Point",
        "coordinates": [
          24.4249669,
          36.7437302
        ]
      },
      "properties": {
        "id": 2976753834,
        "osm_type": "node"
      }
    },
    {
      "type": "Feature",
      "geometry": {
        "type": "Point",
        "coordinates": [
          24.4328786,
          36.7411661
        ]
      },
      "properties": {
        "id": 2992611747,
        "osm_type": "node"
      }
    },
    {
      "type": "Feature",
      "geometry": {
        "type": "Point",
        "coordinates": [
          24.9361426,
          37.4379188
        ]
      },
      "properties": {
        "id": 3025147319,
        "osm_type": "node"
      }
    },
    {
      "type": "Feature",
      "geometry": {
        "type": "Point",
        "coordinates": [
          25.2728468,
          36.7262981
        ]
      },
      "properties": {
        "id": 3027141691,
        "osm_type": "node",
        "name": "Mini Market"
      }
    },
    {
      "type": "Feature",
      "geometry": {
        "type": "Point",
        "coordinates": [
          24.9359758,
          37.4360958
        ]
      },
      "properties": {
        "id": 3027653352,
        "osm_type": "node"
      }
    },
    {
      "type": "Feature",
      "geometry": {
        "type": "Point",
        "coordinates": [
          24.9356776,
          37.4381251
        ]
      },
      "properties": {
        "id": 3027653353,
        "osm_type": "node"
      }
    },
    {
      "type": "Feature",
      "geometry": {
        "type": "Point",
        "coordinates": [
          24.9436191,
          37.3965328
        ]
      },
      "properties": {
        "id": 3059242354,
        "osm_type": "node"
      }
    },
    {
      "type": "Feature",
      "geometry": {
        "type": "Point",
        "coordinates": [
          25.2735928,
          36.721917
        ]
      },
      "properties": {
        "id": 3064994976,
        "osm_type": "node",
        "name": "Aegean Market",
        "opening_hours": "Mo-Su 08:00-21:30"
      }
    },
    {
      "type": "Feature",
      "geometry": {
        "type": "Point",
        "coordinates": [
          25.4297662,
          36.3770476
        ]
      },
      "properties": {
        "id": 3065031704,
        "osm_type": "node",
        "name": "Mini Market"
      }
    },
    {
      "type": "Feature",
      "geometry": {
        "type": "Point",
        "coordinates": [
          25.4333789,
          36.416371
        ]
      },
      "properties": {
        "id": 3065054981,
        "osm_type": "node",
        "name": "Περίπτερο"
      }
    },
    {
      "type": "Feature",
      "geometry": {
        "type": "Point",
        "coordinates": [
          27.8401359,
          36.6122915
        ]
      },
      "properties": {
        "id": 3070504566,
        "osm_type": "node",
        "name": "Kiosk"
      }
    },
    {
      "type": "Feature",
      "geometry": {
        "type": "Point",
        "coordinates": [
          25.3283166,
          37.4440764
        ]
      },
      "properties": {
        "id": 3074257173,
        "osm_type": "node",
        "name": "AB"
      }
    },
    {
      "type": "Feature",
      "geometry": {
        "type": "Point",
        "coordinates": [
          24.9348631,
          37.4328846
        ]
      },
      "properties": {
        "id": 3086068730,
        "osm_type": "node",
        "name": "Αστέρας"
      }
    },
    {
      "type": "Feature",
      "geometry": {
        "type": "Point",
        "coordinates": [
          24.9483413,
          36.616024
        ]
      },
      "properties": {
        "id": 3086329974,
        "osm_type": "node"
      }
    },
    {
      "type": "Feature",
      "geometry": {
        "type": "Point",
        "coordinates": [
          24.9192819,
          36.627922
        ]
      },
      "properties": {
        "id": 3086330012,
        "osm_type": "node"
      }
    },
    {
      "type": "Feature",
      "geometry": {
        "type": "Point",
        "coordinates": [
          27.8467143,
          36.548903
        ]
      },
      "properties": {
        "id": 3141893646,
        "osm_type": "node"
      }
    },
    {
      "type": "Feature",
      "geometry": {
        "type": "Point",
        "coordinates": [
          24.9421838,
          37.4440345
        ]
      },
      "properties": {
        "id": 3235185390,
        "osm_type": "node",
        "name": "Χιώτης Market",
        "check_date": "2026-04-23"
      }
    },
    {
      "type": "Feature",
      "geometry": {
        "type": "Point",
        "coordinates": [
          24.9359921,
          37.437526
        ]
      },
      "properties": {
        "id": 3245288925,
        "osm_type": "node"
      }
    },
    {
      "type": "Feature",
      "geometry": {
        "type": "Point",
        "coordinates": [
          24.9432813,
          37.4435913
        ]
      },
      "properties": {
        "id": 3294166718,
        "osm_type": "node"
      }
    },
    {
      "type": "Feature",
      "geometry": {
        "type": "Point",
        "coordinates": [
          28.2213273,
          36.4545851
        ]
      },
      "properties": {
        "id": 3303836354,
        "osm_type": "node"
      }
    },
    {
      "type": "Feature",
      "geometry": {
        "type": "Point",
        "coordinates": [
          28.2192329,
          36.4516104
        ]
      },
      "properties": {
        "id": 3304049772,
        "osm_type": "node",
        "name": "Kahlua"
      }
    },
    {
      "type": "Feature",
      "geometry": {
        "type": "Point",
        "coordinates": [
          28.2196675,
          36.4518542
        ]
      },
      "properties": {
        "id": 3304049783,
        "osm_type": "node",
        "name": "Rhodian store"
      }
    },
    {
      "type": "Feature",
      "geometry": {
        "type": "Point",
        "coordinates": [
          28.2193912,
          36.4522771
        ]
      },
      "properties": {
        "id": 3304049791,
        "osm_type": "node"
      }
    },
    {
      "type": "Feature",
      "geometry": {
        "type": "Point",
        "coordinates": [
          28.2186241,
          36.4522037
        ]
      },
      "properties": {
        "id": 3304049794,
        "osm_type": "node"
      }
    },
    {
      "type": "Feature",
      "geometry": {
        "type": "Point",
        "coordinates": [
          28.216878,
          36.4515975
        ]
      },
      "properties": {
        "id": 3304134258,
        "osm_type": "node",
        "name": "Super market"
      }
    },
    {
      "type": "Feature",
      "geometry": {
        "type": "Point",
        "coordinates": [
          28.2217262,
          36.4544669
        ]
      },
      "properties": {
        "id": 3305330448,
        "osm_type": "node"
      }
    },
    {
      "type": "Feature",
      "geometry": {
        "type": "Point",
        "coordinates": [
          28.2199346,
          36.4536057
        ]
      },
      "properties": {
        "id": 3305330452,
        "osm_type": "node"
      }
    },
    {
      "type": "Feature",
      "geometry": {
        "type": "Point",
        "coordinates": [
          28.2226945,
          36.450823
        ]
      },
      "properties": {
        "id": 3305357165,
        "osm_type": "node"
      }
    },
    {
      "type": "Feature",
      "geometry": {
        "type": "Point",
        "coordinates": [
          28.2248859,
          36.4476148
        ]
      },
      "properties": {
        "id": 3305420366,
        "osm_type": "node"
      }
    },
    {
      "type": "Feature",
      "geometry": {
        "type": "Point",
        "coordinates": [
          28.2194992,
          36.4395278
        ]
      },
      "properties": {
        "id": 3305473489,
        "osm_type": "node"
      }
    },
    {
      "type": "Feature",
      "geometry": {
        "type": "Point",
        "coordinates": [
          28.217173,
          36.4389323
        ]
      },
      "properties": {
        "id": 3305473530,
        "osm_type": "node"
      }
    },
    {
      "type": "Feature",
      "geometry": {
        "type": "Point",
        "coordinates": [
          28.2327775,
          36.4400214
        ]
      },
      "properties": {
        "id": 3305726122,
        "osm_type": "node"
      }
    },
    {
      "type": "Feature",
      "geometry": {
        "type": "Point",
        "coordinates": [
          28.2336781,
          36.4378248
        ]
      },
      "properties": {
        "id": 3305726140,
        "osm_type": "node"
      }
    },
    {
      "type": "Feature",
      "geometry": {
        "type": "Point",
        "coordinates": [
          28.2271417,
          36.4377219
        ]
      },
      "properties": {
        "id": 3305726151,
        "osm_type": "node"
      }
    },
    {
      "type": "Feature",
      "geometry": {
        "type": "Point",
        "coordinates": [
          28.2183535,
          36.450887
        ]
      },
      "properties": {
        "id": 3305873360,
        "osm_type": "node"
      }
    },
    {
      "type": "Feature",
      "geometry": {
        "type": "Point",
        "coordinates": [
          28.2183428,
          36.4510251
        ]
      },
      "properties": {
        "id": 3305873661,
        "osm_type": "node",
        "name": "Super market"
      }
    },
    {
      "type": "Feature",
      "geometry": {
        "type": "Point",
        "coordinates": [
          28.2153621,
          36.4489899
        ]
      },
      "properties": {
        "id": 3311554500,
        "osm_type": "node"
      }
    },
    {
      "type": "Feature",
      "geometry": {
        "type": "Point",
        "coordinates": [
          28.2151797,
          36.4486242
        ]
      },
      "properties": {
        "id": 3311554504,
        "osm_type": "node"
      }
    },
    {
      "type": "Feature",
      "geometry": {
        "type": "Point",
        "coordinates": [
          28.2172611,
          36.4469597
        ]
      },
      "properties": {
        "id": 3311591968,
        "osm_type": "node"
      }
    },
    {
      "type": "Feature",
      "geometry": {
        "type": "Point",
        "coordinates": [
          28.2251388,
          36.448101
        ]
      },
      "properties": {
        "id": 3311638400,
        "osm_type": "node",
        "name": "Tsambiko"
      }
    },
    {
      "type": "Feature",
      "geometry": {
        "type": "Point",
        "coordinates": [
          28.224884,
          36.4480104
        ]
      },
      "properties": {
        "id": 3311638403,
        "osm_type": "node"
      }
    },
    {
      "type": "Feature",
      "geometry": {
        "type": "Point",
        "coordinates": [
          28.2167916,
          36.4499045
        ]
      },
      "properties": {
        "id": 3311879629,
        "osm_type": "node",
        "name": "Psilikoko"
      }
    },
    {
      "type": "Feature",
      "geometry": {
        "type": "Point",
        "coordinates": [
          28.2166103,
          36.4501509
        ]
      },
      "properties": {
        "id": 3311879635,
        "osm_type": "node",
        "name": "Europa"
      }
    },
    {
      "type": "Feature",
      "geometry": {
        "type": "Point",
        "coordinates": [
          28.2230654,
          36.4522831
        ]
      },
      "properties": {
        "id": 3312060418,
        "osm_type": "node"
      }
    },
    {
      "type": "Feature",
      "geometry": {
        "type": "Point",
        "coordinates": [
          28.2232488,
          36.452015
        ]
      },
      "properties": {
        "id": 3312060444,
        "osm_type": "node",
        "name": "Lindos"
      }
    },
    {
      "type": "Feature",
      "geometry": {
        "type": "Point",
        "coordinates": [
          28.2222607,
          36.4521247
        ]
      },
      "properties": {
        "id": 3312060452,
        "osm_type": "node"
      }
    },
    {
      "type": "Feature",
      "geometry": {
        "type": "Point",
        "coordinates": [
          28.222658,
          36.4513854
        ]
      },
      "properties": {
        "id": 3312060468,
        "osm_type": "node",
        "name": "Atlas"
      }
    },
    {
      "type": "Feature",
      "geometry": {
        "type": "Point",
        "coordinates": [
          28.2144431,
          36.4478375
        ]
      },
      "properties": {
        "id": 3313760724,
        "osm_type": "node"
      }
    },
    {
      "type": "Feature",
      "geometry": {
        "type": "Point",
        "coordinates": [
          28.2150358,
          36.4479929
        ]
      },
      "properties": {
        "id": 3313760727,
        "osm_type": "node",
        "name": "Save"
      }
    },
    {
      "type": "Feature",
      "geometry": {
        "type": "Point",
        "coordinates": [
          28.2163072,
          36.449777
        ]
      },
      "properties": {
        "id": 3316726786,
        "osm_type": "node"
      }
    },
    {
      "type": "Feature",
      "geometry": {
        "type": "Point",
        "coordinates": [
          27.7412227,
          36.1321708
        ]
      },
      "properties": {
        "id": 3318386516,
        "osm_type": "node"
      }
    },
    {
      "type": "Feature",
      "geometry": {
        "type": "Point",
        "coordinates": [
          28.2219363,
          36.4499318
        ]
      },
      "properties": {
        "id": 3379770765,
        "osm_type": "node",
        "name": "Kiosk"
      }
    },
    {
      "type": "Feature",
      "geometry": {
        "type": "Point",
        "coordinates": [
          24.9450758,
          37.4427422
        ]
      },
      "properties": {
        "id": 3422131791,
        "osm_type": "node"
      }
    },
    {
      "type": "Feature",
      "geometry": {
        "type": "Point",
        "coordinates": [
          24.8902554,
          37.3887359
        ]
      },
      "properties": {
        "id": 3423652025,
        "osm_type": "node",
        "name": "4all",
        "brand": "4all"
      }
    },
    {
      "type": "Feature",
      "geometry": {
        "type": "Point",
        "coordinates": [
          24.8906483,
          37.3889475
        ]
      },
      "properties": {
        "id": 3423652032,
        "osm_type": "node"
      }
    },
    {
      "type": "Feature",
      "geometry": {
        "type": "Point",
        "coordinates": [
          24.9520309,
          37.4017785
        ]
      },
      "properties": {
        "id": 3461703038,
        "osm_type": "node"
      }
    },
    {
      "type": "Feature",
      "geometry": {
        "type": "Point",
        "coordinates": [
          24.8787809,
          37.3984962
        ]
      },
      "properties": {
        "id": 3469996224,
        "osm_type": "node",
        "name": "express"
      }
    },
    {
      "type": "Feature",
      "geometry": {
        "type": "Point",
        "coordinates": [
          24.4252899,
          37.4431874
        ]
      },
      "properties": {
        "id": 3502789180,
        "osm_type": "node"
      }
    },
    {
      "type": "Feature",
      "geometry": {
        "type": "Point",
        "coordinates": [
          27.7877841,
          36.0665989
        ]
      },
      "properties": {
        "id": 3553743830,
        "osm_type": "node"
      }
    },
    {
      "type": "Feature",
      "geometry": {
        "type": "Point",
        "coordinates": [
          27.7881467,
          36.066817
        ]
      },
      "properties": {
        "id": 3553743843,
        "osm_type": "node"
      }
    },
    {
      "type": "Feature",
      "geometry": {
        "type": "Point",
        "coordinates": [
          27.8548175,
          36.2270647
        ]
      },
      "properties": {
        "id": 3555835244,
        "osm_type": "node",
        "name": "Kivotos"
      }
    },
    {
      "type": "Feature",
      "geometry": {
        "type": "Point",
        "coordinates": [
          27.8580031,
          36.2276725
        ]
      },
      "properties": {
        "id": 3556047265,
        "osm_type": "node"
      }
    },
    {
      "type": "Feature",
      "geometry": {
        "type": "Point",
        "coordinates": [
          27.8567901,
          36.226225
        ]
      },
      "properties": {
        "id": 3556047324,
        "osm_type": "node"
      }
    },
    {
      "type": "Feature",
      "geometry": {
        "type": "Point",
        "coordinates": [
          28.2109395,
          36.4290431
        ]
      },
      "properties": {
        "id": 3561590666,
        "osm_type": "node"
      }
    },
    {
      "type": "Feature",
      "geometry": {
        "type": "Point",
        "coordinates": [
          28.2123413,
          36.4306872
        ]
      },
      "properties": {
        "id": 3561590668,
        "osm_type": "node"
      }
    },
    {
      "type": "Feature",
      "geometry": {
        "type": "Point",
        "coordinates": [
          28.2241902,
          36.439152
        ]
      },
      "properties": {
        "id": 3561926708,
        "osm_type": "node",
        "name": "Kiosk"
      }
    },
    {
      "type": "Feature",
      "geometry": {
        "type": "Point",
        "coordinates": [
          28.2207624,
          36.4431752
        ]
      },
      "properties": {
        "id": 3561926784,
        "osm_type": "node"
      }
    },
    {
      "type": "Feature",
      "geometry": {
        "type": "Point",
        "coordinates": [
          27.8986667,
          36.1801587
        ]
      },
      "properties": {
        "id": 3588106581,
        "osm_type": "node"
      }
    },
    {
      "type": "Feature",
      "geometry": {
        "type": "Point",
        "coordinates": [
          28.1924722,
          36.4137843
        ]
      },
      "properties": {
        "id": 3594995714,
        "osm_type": "node"
      }
    },
    {
      "type": "Feature",
      "geometry": {
        "type": "Point",
        "coordinates": [
          28.1936826,
          36.4124549
        ]
      },
      "properties": {
        "id": 3594995823,
        "osm_type": "node"
      }
    },
    {
      "type": "Feature",
      "geometry": {
        "type": "Point",
        "coordinates": [
          28.2188673,
          36.4365817
        ]
      },
      "properties": {
        "id": 3599568545,
        "osm_type": "node"
      }
    },
    {
      "type": "Feature",
      "geometry": {
        "type": "Point",
        "coordinates": [
          28.2202055,
          36.4375708
        ]
      },
      "properties": {
        "id": 3599568558,
        "osm_type": "node"
      }
    },
    {
      "type": "Feature",
      "geometry": {
        "type": "Point",
        "coordinates": [
          28.2212158,
          36.4396238
        ]
      },
      "properties": {
        "id": 3599568613,
        "osm_type": "node"
      }
    },
    {
      "type": "Feature",
      "geometry": {
        "type": "Point",
        "coordinates": [
          28.217111,
          36.4374039
        ]
      },
      "properties": {
        "id": 3600190391,
        "osm_type": "node"
      }
    },
    {
      "type": "Feature",
      "geometry": {
        "type": "Point",
        "coordinates": [
          28.216662,
          36.4381068
        ]
      },
      "properties": {
        "id": 3600191944,
        "osm_type": "node"
      }
    },
    {
      "type": "Feature",
      "geometry": {
        "type": "Point",
        "coordinates": [
          28.2254208,
          36.4365033
        ]
      },
      "properties": {
        "id": 3600535488,
        "osm_type": "node"
      }
    },
    {
      "type": "Feature",
      "geometry": {
        "type": "Point",
        "coordinates": [
          28.2189262,
          36.4440751
        ]
      },
      "properties": {
        "id": 3600877087,
        "osm_type": "node"
      }
    },
    {
      "type": "Feature",
      "geometry": {
        "type": "Point",
        "coordinates": [
          28.2362083,
          36.4371677
        ]
      },
      "properties": {
        "id": 3605161214,
        "osm_type": "node",
        "name": "To Pontiako Russian Mini Market"
      }
    },
    {
      "type": "Feature",
      "geometry": {
        "type": "Point",
        "coordinates": [
          24.9340764,
          37.4464906
        ]
      },
      "properties": {
        "id": 3607762876,
        "osm_type": "node"
      }
    },
    {
      "type": "Feature",
      "geometry": {
        "type": "Point",
        "coordinates": [
          28.2310636,
          36.4395534
        ]
      },
      "properties": {
        "id": 3608737670,
        "osm_type": "node",
        "name": "Kiosk"
      }
    },
    {
      "type": "Feature",
      "geometry": {
        "type": "Point",
        "coordinates": [
          26.8323254,
          37.1608444
        ]
      },
      "properties": {
        "id": 3609869778,
        "osm_type": "node",
        "name": "Kiosk"
      }
    },
    {
      "type": "Feature",
      "geometry": {
        "type": "Point",
        "coordinates": [
          27.8393624,
          36.6132088
        ]
      },
      "properties": {
        "id": 3612788935,
        "osm_type": "node",
        "name": "The Corner Shop"
      }
    },
    {
      "type": "Feature",
      "geometry": {
        "type": "Point",
        "coordinates": [
          28.2215281,
          36.4482005
        ]
      },
      "properties": {
        "id": 3612849798,
        "osm_type": "node"
      }
    },
    {
      "type": "Feature",
      "geometry": {
        "type": "Point",
        "coordinates": [
          28.2223971,
          36.4486846
        ]
      },
      "properties": {
        "id": 3612849832,
        "osm_type": "node"
      }
    },
    {
      "type": "Feature",
      "geometry": {
        "type": "Point",
        "coordinates": [
          28.2166071,
          36.429828
        ]
      },
      "properties": {
        "id": 3612981216,
        "osm_type": "node"
      }
    },
    {
      "type": "Feature",
      "geometry": {
        "type": "Point",
        "coordinates": [
          24.4465318,
          36.725497
        ]
      },
      "properties": {
        "id": 3613933959,
        "osm_type": "node",
        "name": "Τέτα Γιάννης"
      }
    },
    {
      "type": "Feature",
      "geometry": {
        "type": "Point",
        "coordinates": [
          28.2319931,
          36.4322753
        ]
      },
      "properties": {
        "id": 3617567609,
        "osm_type": "node",
        "name": "Kiosk"
      }
    },
    {
      "type": "Feature",
      "geometry": {
        "type": "Point",
        "coordinates": [
          28.2298985,
          36.4310356
        ]
      },
      "properties": {
        "id": 3617783716,
        "osm_type": "node"
      }
    },
    {
      "type": "Feature",
      "geometry": {
        "type": "Point",
        "coordinates": [
          27.8393816,
          36.6132568
        ]
      },
      "properties": {
        "id": 3623455698,
        "osm_type": "node",
        "name": "Kiosk"
      }
    },
    {
      "type": "Feature",
      "geometry": {
        "type": "Point",
        "coordinates": [
          27.8383584,
          36.6156252
        ]
      },
      "properties": {
        "id": 3623549233,
        "osm_type": "node",
        "name": "Kiosk"
      }
    },
    {
      "type": "Feature",
      "geometry": {
        "type": "Point",
        "coordinates": [
          27.8387448,
          36.6178267
        ]
      },
      "properties": {
        "id": 3624957727,
        "osm_type": "node",
        "name": "Kiosk"
      }
    },
    {
      "type": "Feature",
      "geometry": {
        "type": "Point",
        "coordinates": [
          27.838005,
          36.6174392
        ]
      },
      "properties": {
        "id": 3625009963,
        "osm_type": "node",
        "name": "Roula"
      }
    },
    {
      "type": "Feature",
      "geometry": {
        "type": "Point",
        "coordinates": [
          24.9346364,
          37.4456335
        ]
      },
      "properties": {
        "id": 3632969659,
        "osm_type": "node",
        "name": "Η Συριανή"
      }
    },
    {
      "type": "Feature",
      "geometry": {
        "type": "Point",
        "coordinates": [
          25.4339186,
          36.4183867
        ]
      },
      "properties": {
        "id": 3657103122,
        "osm_type": "node"
      }
    },
    {
      "type": "Feature",
      "geometry": {
        "type": "Point",
        "coordinates": [
          28.0920059,
          36.1688354
        ]
      },
      "properties": {
        "id": 3659427011,
        "osm_type": "node"
      }
    },
    {
      "type": "Feature",
      "geometry": {
        "type": "Point",
        "coordinates": [
          28.0935991,
          36.1666336
        ]
      },
      "properties": {
        "id": 3659437852,
        "osm_type": "node"
      }
    },
    {
      "type": "Feature",
      "geometry": {
        "type": "Point",
        "coordinates": [
          28.0939393,
          36.1669359
        ]
      },
      "properties": {
        "id": 3659437857,
        "osm_type": "node"
      }
    },
    {
      "type": "Feature",
      "geometry": {
        "type": "Point",
        "coordinates": [
          24.900402,
          37.4460091
        ]
      },
      "properties": {
        "id": 3668977186,
        "osm_type": "node",
        "name": "Kiosk"
      }
    },
    {
      "type": "Feature",
      "geometry": {
        "type": "Point",
        "coordinates": [
          27.2987794,
          36.8894378
        ]
      },
      "properties": {
        "id": 3706173634,
        "osm_type": "node"
      }
    },
    {
      "type": "Feature",
      "geometry": {
        "type": "Point",
        "coordinates": [
          25.392483,
          37.0622493
        ]
      },
      "properties": {
        "id": 3717174080,
        "osm_type": "node"
      }
    },
    {
      "type": "Feature",
      "geometry": {
        "type": "Point",
        "coordinates": [
          25.1396105,
          37.55239
        ]
      },
      "properties": {
        "id": 3717418349,
        "osm_type": "node"
      }
    },
    {
      "type": "Feature",
      "geometry": {
        "type": "Point",
        "coordinates": [
          25.4189551,
          37.4367607
        ]
      },
      "properties": {
        "id": 3739101670,
        "osm_type": "node"
      }
    },
    {
      "type": "Feature",
      "geometry": {
        "type": "Point",
        "coordinates": [
          28.2277437,
          36.3977148
        ]
      },
      "properties": {
        "id": 3751938665,
        "osm_type": "node"
      }
    },
    {
      "type": "Feature",
      "geometry": {
        "type": "Point",
        "coordinates": [
          25.4512387,
          36.3993968
        ]
      },
      "properties": {
        "id": 3756408872,
        "osm_type": "node",
        "name": "ΚΡΗΤΙΚΟΣ"
      }
    },
    {
      "type": "Feature",
      "geometry": {
        "type": "Point",
        "coordinates": [
          26.9358394,
          36.9966328
        ]
      },
      "properties": {
        "id": 3761379323,
        "osm_type": "node",
        "name": "Fragkos"
      }
    },
    {
      "type": "Feature",
      "geometry": {
        "type": "Point",
        "coordinates": [
          26.9405071,
          37.0028608
        ]
      },
      "properties": {
        "id": 3761379328,
        "osm_type": "node",
        "name": "Mini Market Fani"
      }
    },
    {
      "type": "Feature",
      "geometry": {
        "type": "Point",
        "coordinates": [
          26.977127,
          36.9531501
        ]
      },
      "properties": {
        "id": 3761379329,
        "osm_type": "node",
        "name": "Mini Market"
      }
    },
    {
      "type": "Feature",
      "geometry": {
        "type": "Point",
        "coordinates": [
          26.9682348,
          37.0139049
        ]
      },
      "properties": {
        "id": 3761379330,
        "osm_type": "node",
        "name": "Mini Market"
      }
    },
    {
      "type": "Feature",
      "geometry": {
        "type": "Point",
        "coordinates": [
          26.9377057,
          36.9990158
        ]
      },
      "properties": {
        "id": 3761379331,
        "osm_type": "node",
        "name": "My Market"
      }
    },
    {
      "type": "Feature",
      "geometry": {
        "type": "Point",
        "coordinates": [
          26.9358092,
          36.9764337
        ]
      },
      "properties": {
        "id": 3761397362,
        "osm_type": "node"
      }
    },
    {
      "type": "Feature",
      "geometry": {
        "type": "Point",
        "coordinates": [
          25.3939695,
          36.3584806
        ]
      },
      "properties": {
        "id": 3816166488,
        "osm_type": "node"
      }
    },
    {
      "type": "Feature",
      "geometry": {
        "type": "Point",
        "coordinates": [
          25.4011303,
          36.359005
        ]
      },
      "properties": {
        "id": 3816166492,
        "osm_type": "node"
      }
    },
    {
      "type": "Feature",
      "geometry": {
        "type": "Point",
        "coordinates": [
          25.4339538,
          36.4173062
        ]
      },
      "properties": {
        "id": 3820536292,
        "osm_type": "node"
      }
    },
    {
      "type": "Feature",
      "geometry": {
        "type": "Point",
        "coordinates": [
          28.0850618,
          36.0961159
        ]
      },
      "properties": {
        "id": 3949695987,
        "osm_type": "node"
      }
    },
    {
      "type": "Feature",
      "geometry": {
        "type": "Point",
        "coordinates": [
          28.0841164,
          36.093043
        ]
      },
      "properties": {
        "id": 3949838491,
        "osm_type": "node",
        "name": "Aphrodite"
      }
    },
    {
      "type": "Feature",
      "geometry": {
        "type": "Point",
        "coordinates": [
          28.0842314,
          36.0927508
        ]
      },
      "properties": {
        "id": 3949838492,
        "osm_type": "node"
      }
    },
    {
      "type": "Feature",
      "geometry": {
        "type": "Point",
        "coordinates": [
          27.069193,
          35.5887647
        ]
      },
      "properties": {
        "id": 4003296333,
        "osm_type": "node",
        "name": "Mini Market"
      }
    },
    {
      "type": "Feature",
      "geometry": {
        "type": "Point",
        "coordinates": [
          25.1628187,
          37.5908717
        ]
      },
      "properties": {
        "id": 4029012896,
        "osm_type": "node"
      }
    },
    {
      "type": "Feature",
      "geometry": {
        "type": "Point",
        "coordinates": [
          25.143939,
          37.6053096
        ]
      },
      "properties": {
        "id": 4029012897,
        "osm_type": "node"
      }
    },
    {
      "type": "Feature",
      "geometry": {
        "type": "Point",
        "coordinates": [
          27.9801024,
          36.3643213
        ]
      },
      "properties": {
        "id": 4171775794,
        "osm_type": "node"
      }
    },
    {
      "type": "Feature",
      "geometry": {
        "type": "Point",
        "coordinates": [
          28.224655,
          36.4471767
        ]
      },
      "properties": {
        "id": 4239198495,
        "osm_type": "node"
      }
    },
    {
      "type": "Feature",
      "geometry": {
        "type": "Point",
        "coordinates": [
          28.1059647,
          36.2161899
        ]
      },
      "properties": {
        "id": 4265030592,
        "osm_type": "node",
        "name": "Olive village"
      }
    },
    {
      "type": "Feature",
      "geometry": {
        "type": "Point",
        "coordinates": [
          26.8548962,
          37.1313147
        ]
      },
      "properties": {
        "id": 4307338390,
        "osm_type": "node"
      }
    },
    {
      "type": "Feature",
      "geometry": {
        "type": "Point",
        "coordinates": [
          25.4492522,
          36.3821833
        ]
      },
      "properties": {
        "id": 4312634418,
        "osm_type": "node"
      }
    },
    {
      "type": "Feature",
      "geometry": {
        "type": "Point",
        "coordinates": [
          25.4492359,
          36.3822101
        ]
      },
      "properties": {
        "id": 4345414895,
        "osm_type": "node"
      }
    },
    {
      "type": "Feature",
      "geometry": {
        "type": "Point",
        "coordinates": [
          25.375693,
          37.0254703
        ]
      },
      "properties": {
        "id": 4352858389,
        "osm_type": "node",
        "name": "mikri vigla supermarket",
        "opening_hours": "Jun-Aug: Mo-Su 08:00-23:00; Sep: Mo-Su 09:00-23:00; Oct: Mo-Sa 10:00-19:00"
      }
    },
    {
      "type": "Feature",
      "geometry": {
        "type": "Point",
        "coordinates": [
          25.431886,
          36.4174028
        ]
      },
      "properties": {
        "id": 4374692490,
        "osm_type": "node",
        "name": "VOLCANO Mini Market"
      }
    },
    {
      "type": "Feature",
      "geometry": {
        "type": "Point",
        "coordinates": [
          25.4333065,
          36.4153957
        ]
      },
      "properties": {
        "id": 4374698989,
        "osm_type": "node"
      }
    },
    {
      "type": "Feature",
      "geometry": {
        "type": "Point",
        "coordinates": [
          25.4807422,
          36.3714859
        ]
      },
      "properties": {
        "id": 4381378647,
        "osm_type": "node",
        "name": "Santa Irini"
      }
    },
    {
      "type": "Feature",
      "geometry": {
        "type": "Point",
        "coordinates": [
          25.4817348,
          36.3715286
        ]
      },
      "properties": {
        "id": 4394157821,
        "osm_type": "node"
      }
    },
    {
      "type": "Feature",
      "geometry": {
        "type": "Point",
        "coordinates": [
          25.4809901,
          36.3719973
        ]
      },
      "properties": {
        "id": 4394157834,
        "osm_type": "node",
        "name": "Mega Market",
        "opening_hours": "24/7"
      }
    },
    {
      "type": "Feature",
      "geometry": {
        "type": "Point",
        "coordinates": [
          25.4815051,
          36.3723643
        ]
      },
      "properties": {
        "id": 4401493282,
        "osm_type": "node"
      }
    },
    {
      "type": "Feature",
      "geometry": {
        "type": "Point",
        "coordinates": [
          25.4017217,
          36.3502392
        ]
      },
      "properties": {
        "id": 4405573580,
        "osm_type": "node"
      }
    },
    {
      "type": "Feature",
      "geometry": {
        "type": "Point",
        "coordinates": [
          24.5737688,
          36.7937809
        ]
      },
      "properties": {
        "id": 4408714798,
        "osm_type": "node",
        "name": "Παπαδιούλη"
      }
    },
    {
      "type": "Feature",
      "geometry": {
        "type": "Point",
        "coordinates": [
          28.2208046,
          36.4363504
        ]
      },
      "properties": {
        "id": 4440685490,
        "osm_type": "node"
      }
    },
    {
      "type": "Feature",
      "geometry": {
        "type": "Point",
        "coordinates": [
          28.2334773,
          36.3907676
        ]
      },
      "properties": {
        "id": 4447173278,
        "osm_type": "node",
        "name": "Kiosk"
      }
    },
    {
      "type": "Feature",
      "geometry": {
        "type": "Point",
        "coordinates": [
          25.376127,
          37.1018305
        ]
      },
      "properties": {
        "id": 4545463678,
        "osm_type": "node"
      }
    },
    {
      "type": "Feature",
      "geometry": {
        "type": "Point",
        "coordinates": [
          27.2059413,
          36.8766174
        ]
      },
      "properties": {
        "id": 4691351810,
        "osm_type": "node",
        "name": "ΠΑΠΑΖΟΓΛΟΥ"
      }
    },
    {
      "type": "Feature",
      "geometry": {
        "type": "Point",
        "coordinates": [
          27.2055874,
          36.8765351
        ]
      },
      "properties": {
        "id": 4691361101,
        "osm_type": "node",
        "name": "ΒΙΔΙΡΥΚΗΣ"
      }
    },
    {
      "type": "Feature",
      "geometry": {
        "type": "Point",
        "coordinates": [
          27.1585611,
          36.8823354
        ]
      },
      "properties": {
        "id": 4693587943,
        "osm_type": "node",
        "name": "ΥΔΡΟΒΙΟΤΟΠΟΣ"
      }
    },
    {
      "type": "Feature",
      "geometry": {
        "type": "Point",
        "coordinates": [
          27.1586685,
          36.8821578
        ]
      },
      "properties": {
        "id": 4693588284,
        "osm_type": "node",
        "name": "ΜΑΡΙΑ"
      }
    },
    {
      "type": "Feature",
      "geometry": {
        "type": "Point",
        "coordinates": [
          25.5214953,
          37.072293
        ]
      },
      "properties": {
        "id": 4798374632,
        "osm_type": "node",
        "name": "Minimarket"
      }
    },
    {
      "type": "Feature",
      "geometry": {
        "type": "Point",
        "coordinates": [
          25.1504935,
          37.0856113
        ]
      },
      "properties": {
        "id": 4804243147,
        "osm_type": "node"
      }
    },
    {
      "type": "Feature",
      "geometry": {
        "type": "Point",
        "coordinates": [
          24.752175,
          36.9436243
        ]
      },
      "properties": {
        "id": 4857733614,
        "osm_type": "node",
        "name": "Κακάκης"
      }
    },
    {
      "type": "Feature",
      "geometry": {
        "type": "Point",
        "coordinates": [
          25.2365787,
          37.1238962
        ]
      },
      "properties": {
        "id": 4913764088,
        "osm_type": "node"
      }
    },
    {
      "type": "Feature",
      "geometry": {
        "type": "Point",
        "coordinates": [
          25.2372828,
          37.1239261
        ]
      },
      "properties": {
        "id": 4922572466,
        "osm_type": "node"
      }
    },
    {
      "type": "Feature",
      "geometry": {
        "type": "Point",
        "coordinates": [
          26.9354161,
          36.9726269
        ]
      },
      "properties": {
        "id": 4930642360,
        "osm_type": "node",
        "name": "Minimarket Artemis"
      }
    },
    {
      "type": "Feature",
      "geometry": {
        "type": "Point",
        "coordinates": [
          27.9379049,
          36.1546689
        ]
      },
      "properties": {
        "id": 4931154542,
        "osm_type": "node"
      }
    },
    {
      "type": "Feature",
      "geometry": {
        "type": "Point",
        "coordinates": [
          25.7748673,
          36.7929712
        ]
      },
      "properties": {
        "id": 4934972424,
        "osm_type": "node",
        "name": "TAPANEMO"
      }
    },
    {
      "type": "Feature",
      "geometry": {
        "type": "Point",
        "coordinates": [
          28.2160033,
          36.389238
        ]
      },
      "properties": {
        "id": 4935436175,
        "osm_type": "node"
      }
    },
    {
      "type": "Feature",
      "geometry": {
        "type": "Point",
        "coordinates": [
          28.2157673,
          36.3893993
        ]
      },
      "properties": {
        "id": 4935436176,
        "osm_type": "node"
      }
    },
    {
      "type": "Feature",
      "geometry": {
        "type": "Point",
        "coordinates": [
          24.3507447,
          37.6742251
        ]
      },
      "properties": {
        "id": 4940187724,
        "osm_type": "node",
        "name": "Sunny Beach"
      }
    },
    {
      "type": "Feature",
      "geometry": {
        "type": "Point",
        "coordinates": [
          27.1324117,
          36.6118283
        ]
      },
      "properties": {
        "id": 4941071987,
        "osm_type": "node",
        "name": "Minimarket"
      }
    },
    {
      "type": "Feature",
      "geometry": {
        "type": "Point",
        "coordinates": [
          27.9427724,
          36.2901867
        ]
      },
      "properties": {
        "id": 4946937443,
        "osm_type": "node"
      }
    },
    {
      "type": "Feature",
      "geometry": {
        "type": "Point",
        "coordinates": [
          27.9434539,
          36.2899335
        ]
      },
      "properties": {
        "id": 4946937444,
        "osm_type": "node",
        "name": "Super Market Maria"
      }
    },
    {
      "type": "Feature",
      "geometry": {
        "type": "Point",
        "coordinates": [
          25.4594796,
          36.3426633
        ]
      },
      "properties": {
        "id": 4947560628,
        "osm_type": "node"
      }
    },
    {
      "type": "Feature",
      "geometry": {
        "type": "Point",
        "coordinates": [
          25.4604634,
          36.3430852
        ]
      },
      "properties": {
        "id": 4947560629,
        "osm_type": "node"
      }
    },
    {
      "type": "Feature",
      "geometry": {
        "type": "Point",
        "coordinates": [
          24.7857213,
          37.8586192
        ]
      },
      "properties": {
        "id": 4963828739,
        "osm_type": "node",
        "name": "Άριστα"
      }
    },
    {
      "type": "Feature",
      "geometry": {
        "type": "Point",
        "coordinates": [
          25.7684368,
          36.3514566
        ]
      },
      "properties": {
        "id": 4965966209,
        "osm_type": "node"
      }
    },
    {
      "type": "Feature",
      "geometry": {
        "type": "Point",
        "coordinates": [
          24.7866937,
          37.8567945
        ]
      },
      "properties": {
        "id": 5037644778,
        "osm_type": "node"
      }
    },
    {
      "type": "Feature",
      "geometry": {
        "type": "Point",
        "coordinates": [
          25.156364,
          37.0892648
        ]
      },
      "properties": {
        "id": 5064390122,
        "osm_type": "node",
        "name": "Super Market Argo"
      }
    },
    {
      "type": "Feature",
      "geometry": {
        "type": "Point",
        "coordinates": [
          25.1462831,
          37.0822711
        ]
      },
      "properties": {
        "id": 5066144522,
        "osm_type": "node"
      }
    },
    {
      "type": "Feature",
      "geometry": {
        "type": "Point",
        "coordinates": [
          24.6508005,
          37.0338408
        ]
      },
      "properties": {
        "id": 5068108023,
        "osm_type": "node"
      }
    },
    {
      "type": "Feature",
      "geometry": {
        "type": "Point",
        "coordinates": [
          24.7447876,
          36.9368214
        ]
      },
      "properties": {
        "id": 5069224621,
        "osm_type": "node",
        "opening_hours": "Mo-Su 10:00-19:00"
      }
    },
    {
      "type": "Feature",
      "geometry": {
        "type": "Point",
        "coordinates": [
          27.3294555,
          36.8828956
        ]
      },
      "properties": {
        "id": 5070153684,
        "osm_type": "node"
      }
    },
    {
      "type": "Feature",
      "geometry": {
        "type": "Point",
        "coordinates": [
          25.1004679,
          37.03772
        ]
      },
      "properties": {
        "id": 5071419721,
        "osm_type": "node"
      }
    },
    {
      "type": "Feature",
      "geometry": {
        "type": "Point",
        "coordinates": [
          28.2270207,
          36.4067078
        ]
      },
      "properties": {
        "id": 5156847860,
        "osm_type": "node",
        "name": "Mini Market & Deli"
      }
    },
    {
      "type": "Feature",
      "geometry": {
        "type": "Point",
        "coordinates": [
          28.2282693,
          36.4010791
        ]
      },
      "properties": {
        "id": 5160912053,
        "osm_type": "node",
        "name": "Super marked Virginia"
      }
    },
    {
      "type": "Feature",
      "geometry": {
        "type": "Point",
        "coordinates": [
          28.0168258,
          36.0936081
        ]
      },
      "properties": {
        "id": 5169440957,
        "osm_type": "node",
        "name": "Carrefour Express",
        "brand": "Carrefour Express"
      }
    },
    {
      "type": "Feature",
      "geometry": {
        "type": "Point",
        "coordinates": [
          24.7248106,
          36.978606
        ]
      },
      "properties": {
        "id": 5206848819,
        "osm_type": "node",
        "name": "Σίφνος Market"
      }
    },
    {
      "type": "Feature",
      "geometry": {
        "type": "Point",
        "coordinates": [
          25.4793633,
          37.1003626
        ]
      },
      "properties": {
        "id": 5340792391,
        "osm_type": "node",
        "name": "Sofia's"
      }
    },
    {
      "type": "Feature",
      "geometry": {
        "type": "Point",
        "coordinates": [
          25.1513886,
          37.0862277
        ]
      },
      "properties": {
        "id": 5346922694,
        "osm_type": "node"
      }
    },
    {
      "type": "Feature",
      "geometry": {
        "type": "Point",
        "coordinates": [
          25.326636,
          37.4477535
        ]
      },
      "properties": {
        "id": 5560185340,
        "osm_type": "node"
      }
    },
    {
      "type": "Feature",
      "geometry": {
        "type": "Point",
        "coordinates": [
          24.3243256,
          37.6656731
        ]
      },
      "properties": {
        "id": 5612706513,
        "osm_type": "node"
      }
    },
    {
      "type": "Feature",
      "geometry": {
        "type": "Point",
        "coordinates": [
          25.8642317,
          36.826659
        ]
      },
      "properties": {
        "id": 5630975303,
        "osm_type": "node"
      }
    },
    {
      "type": "Feature",
      "geometry": {
        "type": "Point",
        "coordinates": [
          25.8630194,
          36.8271206
        ]
      },
      "properties": {
        "id": 5630975304,
        "osm_type": "node",
        "name": "Loudaros"
      }
    },
    {
      "type": "Feature",
      "geometry": {
        "type": "Point",
        "coordinates": [
          27.612394,
          36.2211978
        ]
      },
      "properties": {
        "id": 5652090163,
        "osm_type": "node"
      }
    },
    {
      "type": "Feature",
      "geometry": {
        "type": "Point",
        "coordinates": [
          27.6116992,
          36.2225244
        ]
      },
      "properties": {
        "id": 5653195483,
        "osm_type": "node"
      }
    },
    {
      "type": "Feature",
      "geometry": {
        "type": "Point",
        "coordinates": [
          24.3212227,
          37.6425446
        ]
      },
      "properties": {
        "id": 5672616423,
        "osm_type": "node",
        "name": "Αρισταίος",
        "opening_hours": "Mo-Su 09:00-20:00"
      }
    },
    {
      "type": "Feature",
      "geometry": {
        "type": "Point",
        "coordinates": [
          25.4854372,
          36.3763043
        ]
      },
      "properties": {
        "id": 5681971923,
        "osm_type": "node",
        "name": "Santorini Market"
      }
    },
    {
      "type": "Feature",
      "geometry": {
        "type": "Point",
        "coordinates": [
          27.2037309,
          35.5100901
        ]
      },
      "properties": {
        "id": 5696492911,
        "osm_type": "node"
      }
    },
    {
      "type": "Feature",
      "geometry": {
        "type": "Point",
        "coordinates": [
          25.422978,
          36.4331012
        ]
      },
      "properties": {
        "id": 5722620122,
        "osm_type": "node"
      }
    },
    {
      "type": "Feature",
      "geometry": {
        "type": "Point",
        "coordinates": [
          25.3872937,
          37.449911
        ]
      },
      "properties": {
        "id": 5743745507,
        "osm_type": "node"
      }
    },
    {
      "type": "Feature",
      "geometry": {
        "type": "Point",
        "coordinates": [
          25.2410795,
          37.1216473
        ]
      },
      "properties": {
        "id": 5751964205,
        "osm_type": "node",
        "name": "Mini Market"
      }
    },
    {
      "type": "Feature",
      "geometry": {
        "type": "Point",
        "coordinates": [
          25.2408536,
          37.120483
        ]
      },
      "properties": {
        "id": 5751964211,
        "osm_type": "node",
        "name": "Mini Market"
      }
    },
    {
      "type": "Feature",
      "geometry": {
        "type": "Point",
        "coordinates": [
          25.233525,
          37.009816
        ]
      },
      "properties": {
        "id": 5769251825,
        "osm_type": "node",
        "name": "Mini Market",
        "opening_hours": "10:00-23:00"
      }
    },
    {
      "type": "Feature",
      "geometry": {
        "type": "Point",
        "coordinates": [
          25.1428993,
          36.6760315
        ]
      },
      "properties": {
        "id": 5803352371,
        "osm_type": "node",
        "name": "Flora's Market"
      }
    },
    {
      "type": "Feature",
      "geometry": {
        "type": "Point",
        "coordinates": [
          25.1426336,
          36.680295
        ]
      },
      "properties": {
        "id": 5803352372,
        "osm_type": "node",
        "name": "Mini Market"
      }
    },
    {
      "type": "Feature",
      "geometry": {
        "type": "Point",
        "coordinates": [
          25.3862884,
          37.004028
        ]
      },
      "properties": {
        "id": 5810183857,
        "osm_type": "node",
        "name": "Kastraki Market"
      }
    },
    {
      "type": "Feature",
      "geometry": {
        "type": "Point",
        "coordinates": [
          25.3724889,
          37.0280238
        ]
      },
      "properties": {
        "id": 5810235515,
        "osm_type": "node"
      }
    },
    {
      "type": "Feature",
      "geometry": {
        "type": "Point",
        "coordinates": [
          27.1748583,
          35.7389003
        ]
      },
      "properties": {
        "id": 5838019924,
        "osm_type": "node"
      }
    },
    {
      "type": "Feature",
      "geometry": {
        "type": "Point",
        "coordinates": [
          27.1761082,
          35.7391409
        ]
      },
      "properties": {
        "id": 5838019925,
        "osm_type": "node"
      }
    },
    {
      "type": "Feature",
      "geometry": {
        "type": "Point",
        "coordinates": [
          27.2103265,
          35.7555329
        ]
      },
      "properties": {
        "id": 5838325473,
        "osm_type": "node"
      }
    },
    {
      "type": "Feature",
      "geometry": {
        "type": "Point",
        "coordinates": [
          27.209839,
          35.7556651
        ]
      },
      "properties": {
        "id": 5838325485,
        "osm_type": "node"
      }
    },
    {
      "type": "Feature",
      "geometry": {
        "type": "Point",
        "coordinates": [
          27.0071733,
          36.9810032
        ]
      },
      "properties": {
        "id": 5859044323,
        "osm_type": "node"
      }
    },
    {
      "type": "Feature",
      "geometry": {
        "type": "Point",
        "coordinates": [
          25.3346466,
          37.4462014
        ]
      },
      "properties": {
        "id": 5891710739,
        "osm_type": "node",
        "name": "Περίπτερο"
      }
    },
    {
      "type": "Feature",
      "geometry": {
        "type": "Point",
        "coordinates": [
          25.2392853,
          37.1243116
        ]
      },
      "properties": {
        "id": 5891749101,
        "osm_type": "node",
        "name": "Mini Market"
      }
    },
    {
      "type": "Feature",
      "geometry": {
        "type": "Point",
        "coordinates": [
          25.23829,
          37.1232012
        ]
      },
      "properties": {
        "id": 5891757844,
        "osm_type": "node",
        "name": "Περίπτερο",
        "check_date": "2026-04-13"
      }
    },
    {
      "type": "Feature",
      "geometry": {
        "type": "Point",
        "coordinates": [
          25.2370092,
          37.1241859
        ]
      },
      "properties": {
        "id": 5891757845,
        "osm_type": "node",
        "name": "Περίπτερο"
      }
    },
    {
      "type": "Feature",
      "geometry": {
        "type": "Point",
        "coordinates": [
          25.2383376,
          37.123353
        ]
      },
      "properties": {
        "id": 5891761383,
        "osm_type": "node",
        "name": "Mini Market"
      }
    },
    {
      "type": "Feature",
      "geometry": {
        "type": "Point",
        "coordinates": [
          25.3284237,
          37.4441885
        ]
      },
      "properties": {
        "id": 5891775748,
        "osm_type": "node",
        "name": "Περίπτερο"
      }
    },
    {
      "type": "Feature",
      "geometry": {
        "type": "Point",
        "coordinates": [
          25.3230926,
          37.4244911
        ]
      },
      "properties": {
        "id": 5891795973,
        "osm_type": "node",
        "name": "Ornos Super Market",
        "check_date": "2025-09-29"
      }
    },
    {
      "type": "Feature",
      "geometry": {
        "type": "Point",
        "coordinates": [
          25.3436581,
          37.414345
        ]
      },
      "properties": {
        "id": 5891796096,
        "osm_type": "node",
        "name": "Mini Market"
      }
    },
    {
      "type": "Feature",
      "geometry": {
        "type": "Point",
        "coordinates": [
          25.4327209,
          36.4170084
        ]
      },
      "properties": {
        "id": 5920329374,
        "osm_type": "node"
      }
    },
    {
      "type": "Feature",
      "geometry": {
        "type": "Point",
        "coordinates": [
          25.4319416,
          36.4197761
        ]
      },
      "properties": {
        "id": 5982587871,
        "osm_type": "node"
      }
    },
    {
      "type": "Feature",
      "geometry": {
        "type": "Point",
        "coordinates": [
          25.1196693,
          36.6960236
        ]
      },
      "properties": {
        "id": 5996356639,
        "osm_type": "node"
      }
    },
    {
      "type": "Feature",
      "geometry": {
        "type": "Point",
        "coordinates": [
          25.8634921,
          36.8266906
        ]
      },
      "properties": {
        "id": 5997376907,
        "osm_type": "node"
      }
    },
    {
      "type": "Feature",
      "geometry": {
        "type": "Point",
        "coordinates": [
          25.1632485,
          37.5347536
        ]
      },
      "properties": {
        "id": 6018052642,
        "osm_type": "node"
      }
    },
    {
      "type": "Feature",
      "geometry": {
        "type": "Point",
        "coordinates": [
          25.4308079,
          36.4188659
        ]
      },
      "properties": {
        "id": 6047552418,
        "osm_type": "node"
      }
    },
    {
      "type": "Feature",
      "geometry": {
        "type": "Point",
        "coordinates": [
          25.428315,
          36.4177102
        ]
      },
      "properties": {
        "id": 6048964720,
        "osm_type": "node",
        "name": "Mini Market"
      }
    },
    {
      "type": "Feature",
      "geometry": {
        "type": "Point",
        "coordinates": [
          25.430727,
          36.4222246
        ]
      },
      "properties": {
        "id": 6239960902,
        "osm_type": "node"
      }
    },
    {
      "type": "Feature",
      "geometry": {
        "type": "Point",
        "coordinates": [
          25.4287023,
          36.4257526
        ]
      },
      "properties": {
        "id": 6240600019,
        "osm_type": "node"
      }
    },
    {
      "type": "Feature",
      "geometry": {
        "type": "Point",
        "coordinates": [
          25.3273893,
          37.4439386
        ]
      },
      "properties": {
        "id": 6656178160,
        "osm_type": "node"
      }
    },
    {
      "type": "Feature",
      "geometry": {
        "type": "Point",
        "coordinates": [
          25.3267089,
          37.4459435
        ]
      },
      "properties": {
        "id": 6656188471,
        "osm_type": "node"
      }
    },
    {
      "type": "Feature",
      "geometry": {
        "type": "Point",
        "coordinates": [
          25.326082,
          37.4451719
        ]
      },
      "properties": {
        "id": 6656188913,
        "osm_type": "node"
      }
    },
    {
      "type": "Feature",
      "geometry": {
        "type": "Point",
        "coordinates": [
          28.2025048,
          36.3511496
        ]
      },
      "properties": {
        "id": 6665528396,
        "osm_type": "node"
      }
    },
    {
      "type": "Feature",
      "geometry": {
        "type": "Point",
        "coordinates": [
          26.7344066,
          37.3833212
        ]
      },
      "properties": {
        "id": 6669642986,
        "osm_type": "node"
      }
    },
    {
      "type": "Feature",
      "geometry": {
        "type": "Point",
        "coordinates": [
          27.9482036,
          36.3397792
        ]
      },
      "properties": {
        "id": 6762322753,
        "osm_type": "node"
      }
    },
    {
      "type": "Feature",
      "geometry": {
        "type": "Point",
        "coordinates": [
          28.2075758,
          36.3321177
        ]
      },
      "properties": {
        "id": 6813592812,
        "osm_type": "node",
        "name": "Beach supermarket"
      }
    },
    {
      "type": "Feature",
      "geometry": {
        "type": "Point",
        "coordinates": [
          27.2836901,
          36.8903769
        ]
      },
      "properties": {
        "id": 6843756385,
        "osm_type": "node"
      }
    },
    {
      "type": "Feature",
      "geometry": {
        "type": "Point",
        "coordinates": [
          25.2134577,
          37.5364526
        ]
      },
      "properties": {
        "id": 6900083307,
        "osm_type": "node"
      }
    },
    {
      "type": "Feature",
      "geometry": {
        "type": "Point",
        "coordinates": [
          28.0862263,
          36.091549
        ]
      },
      "properties": {
        "id": 6958713009,
        "osm_type": "node",
        "name": "abc Supermarket"
      }
    },
    {
      "type": "Feature",
      "geometry": {
        "type": "Point",
        "coordinates": [
          24.7367164,
          37.8845201
        ]
      },
      "properties": {
        "id": 7744514480,
        "osm_type": "node"
      }
    },
    {
      "type": "Feature",
      "geometry": {
        "type": "Point",
        "coordinates": [
          25.1594395,
          37.5393428
        ]
      },
      "properties": {
        "id": 7744547843,
        "osm_type": "node"
      }
    },
    {
      "type": "Feature",
      "geometry": {
        "type": "Point",
        "coordinates": [
          25.0838135,
          37.0401077
        ]
      },
      "properties": {
        "id": 7752667109,
        "osm_type": "node"
      }
    },
    {
      "type": "Feature",
      "geometry": {
        "type": "Point",
        "coordinates": [
          25.0788823,
          37.0399969
        ]
      },
      "properties": {
        "id": 7752667115,
        "osm_type": "node"
      }
    },
    {
      "type": "Feature",
      "geometry": {
        "type": "Point",
        "coordinates": [
          24.9380875,
          37.8373698
        ]
      },
      "properties": {
        "id": 7817883785,
        "osm_type": "node"
      }
    },
    {
      "type": "Feature",
      "geometry": {
        "type": "Point",
        "coordinates": [
          24.9369196,
          37.8369049
        ]
      },
      "properties": {
        "id": 7821016086,
        "osm_type": "node"
      }
    },
    {
      "type": "Feature",
      "geometry": {
        "type": "Point",
        "coordinates": [
          24.9332309,
          37.8356425
        ]
      },
      "properties": {
        "id": 7822674793,
        "osm_type": "node"
      }
    },
    {
      "type": "Feature",
      "geometry": {
        "type": "Point",
        "coordinates": [
          24.9397092,
          37.838188
        ]
      },
      "properties": {
        "id": 7822684889,
        "osm_type": "node"
      }
    },
    {
      "type": "Feature",
      "geometry": {
        "type": "Point",
        "coordinates": [
          25.3294854,
          37.4473865
        ]
      },
      "properties": {
        "id": 7829446487,
        "osm_type": "node"
      }
    },
    {
      "type": "Feature",
      "geometry": {
        "type": "Point",
        "coordinates": [
          25.2824298,
          36.723228
        ]
      },
      "properties": {
        "id": 7877291977,
        "osm_type": "node",
        "name": "Market"
      }
    },
    {
      "type": "Feature",
      "geometry": {
        "type": "Point",
        "coordinates": [
          25.3283287,
          37.4643563
        ]
      },
      "properties": {
        "id": 8194802997,
        "osm_type": "node",
        "name": "Nikiforos"
      }
    },
    {
      "type": "Feature",
      "geometry": {
        "type": "Point",
        "coordinates": [
          25.0415245,
          37.6392564
        ]
      },
      "properties": {
        "id": 8406452711,
        "osm_type": "node",
        "name": "Περίπτερο"
      }
    },
    {
      "type": "Feature",
      "geometry": {
        "type": "Point",
        "coordinates": [
          24.6790188,
          36.9885608
        ]
      },
      "properties": {
        "id": 8837008836,
        "osm_type": "node"
      }
    },
    {
      "type": "Feature",
      "geometry": {
        "type": "Point",
        "coordinates": [
          24.7251177,
          36.9722974
        ]
      },
      "properties": {
        "id": 8862070833,
        "osm_type": "node",
        "name": "Mikron Europa"
      }
    },
    {
      "type": "Feature",
      "geometry": {
        "type": "Point",
        "coordinates": [
          26.8574319,
          37.1537219
        ]
      },
      "properties": {
        "id": 8925644220,
        "osm_type": "node"
      }
    },
    {
      "type": "Feature",
      "geometry": {
        "type": "Point",
        "coordinates": [
          25.5187983,
          36.8697592
        ]
      },
      "properties": {
        "id": 8932338049,
        "osm_type": "node",
        "name": "Κωβαίος"
      }
    },
    {
      "type": "Feature",
      "geometry": {
        "type": "Point",
        "coordinates": [
          28.1431741,
          36.3991183
        ]
      },
      "properties": {
        "id": 8951714676,
        "osm_type": "node"
      }
    },
    {
      "type": "Feature",
      "geometry": {
        "type": "Point",
        "coordinates": [
          28.1532642,
          36.2789046
        ]
      },
      "properties": {
        "id": 8963662655,
        "osm_type": "node",
        "name": "Billy's kiosk"
      }
    },
    {
      "type": "Feature",
      "geometry": {
        "type": "Point",
        "coordinates": [
          27.2883163,
          36.8937875
        ]
      },
      "properties": {
        "id": 8985822717,
        "osm_type": "node"
      }
    },
    {
      "type": "Feature",
      "geometry": {
        "type": "Point",
        "coordinates": [
          28.0333582,
          36.3825187
        ]
      },
      "properties": {
        "id": 8986062593,
        "osm_type": "node",
        "name": "Yannis"
      }
    },
    {
      "type": "Feature",
      "geometry": {
        "type": "Point",
        "coordinates": [
          28.0292952,
          36.3798985
        ]
      },
      "properties": {
        "id": 8986298465,
        "osm_type": "node",
        "name": "Παντοπολειο"
      }
    },
    {
      "type": "Feature",
      "geometry": {
        "type": "Point",
        "coordinates": [
          25.3756231,
          37.1041115
        ]
      },
      "properties": {
        "id": 9001579186,
        "osm_type": "node",
        "name": "Local Traditional Co-operative Products",
        "opening_hours": "Mo-Sa 08:00-21:00; Su off",
        "check_date": "2025-11-30"
      }
    },
    {
      "type": "Feature",
      "geometry": {
        "type": "Point",
        "coordinates": [
          25.374911,
          37.1028525
        ]
      },
      "properties": {
        "id": 9001712299,
        "osm_type": "node"
      }
    },
    {
      "type": "Feature",
      "geometry": {
        "type": "Point",
        "coordinates": [
          26.3537639,
          36.5470683
        ]
      },
      "properties": {
        "id": 9006779691,
        "osm_type": "node"
      }
    },
    {
      "type": "Feature",
      "geometry": {
        "type": "Point",
        "coordinates": [
          25.1481756,
          37.0817434
        ]
      },
      "properties": {
        "id": 9027052217,
        "osm_type": "node",
        "name": "Mini Market ΗΓΟΝΙΑ ΠΑΝΤΟΠΟΛΕΙΟ"
      }
    },
    {
      "type": "Feature",
      "geometry": {
        "type": "Point",
        "coordinates": [
          24.3980874,
          37.388987
        ]
      },
      "properties": {
        "id": 9070930277,
        "osm_type": "node",
        "name": "Αγιαρι"
      }
    },
    {
      "type": "Feature",
      "geometry": {
        "type": "Point",
        "coordinates": [
          25.4254086,
          37.1179183
        ]
      },
      "properties": {
        "id": 9396928545,
        "osm_type": "node",
        "name": "Φλέα"
      }
    },
    {
      "type": "Feature",
      "geometry": {
        "type": "Point",
        "coordinates": [
          25.3297202,
          37.4459083
        ]
      },
      "properties": {
        "id": 9704990817,
        "osm_type": "node"
      }
    },
    {
      "type": "Feature",
      "geometry": {
        "type": "Point",
        "coordinates": [
          24.9366421,
          37.4504647
        ]
      },
      "properties": {
        "id": 9741639416,
        "osm_type": "node",
        "name": "Η Απάνω Χώρα",
        "check_date": "2026-03-07"
      }
    },
    {
      "type": "Feature",
      "geometry": {
        "type": "Point",
        "coordinates": [
          28.2133145,
          36.3884748
        ]
      },
      "properties": {
        "id": 9836521913,
        "osm_type": "node"
      }
    },
    {
      "type": "Feature",
      "geometry": {
        "type": "Point",
        "coordinates": [
          25.4386018,
          36.3953437
        ]
      },
      "properties": {
        "id": 9839008617,
        "osm_type": "node"
      }
    },
    {
      "type": "Feature",
      "geometry": {
        "type": "Point",
        "coordinates": [
          28.0965199,
          36.1675657
        ]
      },
      "properties": {
        "id": 9840487525,
        "osm_type": "node"
      }
    },
    {
      "type": "Feature",
      "geometry": {
        "type": "Point",
        "coordinates": [
          24.4323329,
          36.7442248
        ]
      },
      "properties": {
        "id": 9841052187,
        "osm_type": "node"
      }
    },
    {
      "type": "Feature",
      "geometry": {
        "type": "Point",
        "coordinates": [
          29.5923873,
          36.1501128
        ]
      },
      "properties": {
        "id": 9865990980,
        "osm_type": "node",
        "name": "Duty Free Shop"
      }
    },
    {
      "type": "Feature",
      "geometry": {
        "type": "Point",
        "coordinates": [
          25.340234,
          37.4348259
        ]
      },
      "properties": {
        "id": 9886090321,
        "osm_type": "node"
      }
    },
    {
      "type": "Feature",
      "geometry": {
        "type": "Point",
        "coordinates": [
          25.3342693,
          37.4378614
        ]
      },
      "properties": {
        "id": 9886090322,
        "osm_type": "node"
      }
    },
    {
      "type": "Feature",
      "geometry": {
        "type": "Point",
        "coordinates": [
          25.3568324,
          37.4119046
        ]
      },
      "properties": {
        "id": 9886623917,
        "osm_type": "node"
      }
    },
    {
      "type": "Feature",
      "geometry": {
        "type": "Point",
        "coordinates": [
          28.1684293,
          36.2512352
        ]
      },
      "properties": {
        "id": 9886999264,
        "osm_type": "node",
        "name": "Michalis Kiosk"
      }
    },
    {
      "type": "Feature",
      "geometry": {
        "type": "Point",
        "coordinates": [
          25.3091955,
          37.423672
        ]
      },
      "properties": {
        "id": 9887400926,
        "osm_type": "node"
      }
    },
    {
      "type": "Feature",
      "geometry": {
        "type": "Point",
        "coordinates": [
          25.3190295,
          37.468937
        ]
      },
      "properties": {
        "id": 9888959725,
        "osm_type": "node"
      }
    },
    {
      "type": "Feature",
      "geometry": {
        "type": "Point",
        "coordinates": [
          25.3274266,
          37.4471532
        ]
      },
      "properties": {
        "id": 9888959832,
        "osm_type": "node"
      }
    },
    {
      "type": "Feature",
      "geometry": {
        "type": "Point",
        "coordinates": [
          25.3284427,
          37.4469908
        ]
      },
      "properties": {
        "id": 9888960517,
        "osm_type": "node"
      }
    },
    {
      "type": "Feature",
      "geometry": {
        "type": "Point",
        "coordinates": [
          25.4724327,
          36.3545817
        ]
      },
      "properties": {
        "id": 9891497619,
        "osm_type": "node"
      }
    },
    {
      "type": "Feature",
      "geometry": {
        "type": "Point",
        "coordinates": [
          28.1706082,
          36.2839163
        ]
      },
      "properties": {
        "id": 9923717985,
        "osm_type": "node",
        "name": "Mini Market",
        "opening_hours": "Mo-Su 08:00-12:30,17:30-21:00"
      }
    },
    {
      "type": "Feature",
      "geometry": {
        "type": "Point",
        "coordinates": [
          28.1738734,
          36.2834703
        ]
      },
      "properties": {
        "id": 9925992063,
        "osm_type": "node",
        "name": "Mini Market"
      }
    },
    {
      "type": "Feature",
      "geometry": {
        "type": "Point",
        "coordinates": [
          25.4355115,
          36.3372402
        ]
      },
      "properties": {
        "id": 9962588757,
        "osm_type": "node"
      }
    },
    {
      "type": "Feature",
      "geometry": {
        "type": "Point",
        "coordinates": [
          24.4286162,
          37.4128422
        ]
      },
      "properties": {
        "id": 9998218447,
        "osm_type": "node"
      }
    },
    {
      "type": "Feature",
      "geometry": {
        "type": "Point",
        "coordinates": [
          24.4300307,
          37.3761929
        ]
      },
      "properties": {
        "id": 10012973417,
        "osm_type": "node"
      }
    },
    {
      "type": "Feature",
      "geometry": {
        "type": "Point",
        "coordinates": [
          25.3569164,
          37.0682696
        ]
      },
      "properties": {
        "id": 10016118382,
        "osm_type": "node",
        "name": "Aspasia Market"
      }
    },
    {
      "type": "Feature",
      "geometry": {
        "type": "Point",
        "coordinates": [
          26.8543458,
          37.1558393
        ]
      },
      "properties": {
        "id": 10035102591,
        "osm_type": "node"
      }
    },
    {
      "type": "Feature",
      "geometry": {
        "type": "Point",
        "coordinates": [
          26.8531187,
          37.1573129
        ]
      },
      "properties": {
        "id": 10039642114,
        "osm_type": "node"
      }
    },
    {
      "type": "Feature",
      "geometry": {
        "type": "Point",
        "coordinates": [
          25.4099957,
          37.074858
        ]
      },
      "properties": {
        "id": 10050529923,
        "osm_type": "node",
        "name": "Καφενείο Γαλανάδο"
      }
    },
    {
      "type": "Feature",
      "geometry": {
        "type": "Point",
        "coordinates": [
          24.8792245,
          36.6453501
        ]
      },
      "properties": {
        "id": 10053679217,
        "osm_type": "node"
      }
    },
    {
      "type": "Feature",
      "geometry": {
        "type": "Point",
        "coordinates": [
          24.9200167,
          36.6281166
        ]
      },
      "properties": {
        "id": 10090064419,
        "osm_type": "node"
      }
    },
    {
      "type": "Feature",
      "geometry": {
        "type": "Point",
        "coordinates": [
          28.2296992,
          36.4407883
        ]
      },
      "properties": {
        "id": 10090064432,
        "osm_type": "node"
      }
    },
    {
      "type": "Feature",
      "geometry": {
        "type": "Point",
        "coordinates": [
          24.9493715,
          36.6157836
        ]
      },
      "properties": {
        "id": 10090068419,
        "osm_type": "node"
      }
    },
    {
      "type": "Feature",
      "geometry": {
        "type": "Point",
        "coordinates": [
          28.0855948,
          36.0900122
        ]
      },
      "properties": {
        "id": 10090068620,
        "osm_type": "node"
      }
    },
    {
      "type": "Feature",
      "geometry": {
        "type": "Point",
        "coordinates": [
          26.8618589,
          37.1504402
        ]
      },
      "properties": {
        "id": 10102996718,
        "osm_type": "node"
      }
    },
    {
      "type": "Feature",
      "geometry": {
        "type": "Point",
        "coordinates": [
          26.8543165,
          37.1558962
        ]
      },
      "properties": {
        "id": 10102996818,
        "osm_type": "node"
      }
    },
    {
      "type": "Feature",
      "geometry": {
        "type": "Point",
        "coordinates": [
          25.4600946,
          36.3474104
        ]
      },
      "properties": {
        "id": 10113596717,
        "osm_type": "node",
        "name": "Euromarket"
      }
    },
    {
      "type": "Feature",
      "geometry": {
        "type": "Point",
        "coordinates": [
          25.4217734,
          36.4341257
        ]
      },
      "properties": {
        "id": 10129758486,
        "osm_type": "node"
      }
    },
    {
      "type": "Feature",
      "geometry": {
        "type": "Point",
        "coordinates": [
          25.4217553,
          36.4349029
        ]
      },
      "properties": {
        "id": 10129758487,
        "osm_type": "node"
      }
    },
    {
      "type": "Feature",
      "geometry": {
        "type": "Point",
        "coordinates": [
          28.2297161,
          36.4425885
        ]
      },
      "properties": {
        "id": 10593543893,
        "osm_type": "node",
        "name": "Mini Market"
      }
    },
    {
      "type": "Feature",
      "geometry": {
        "type": "Point",
        "coordinates": [
          25.4815379,
          37.0629785
        ]
      },
      "properties": {
        "id": 10792485852,
        "osm_type": "node",
        "name": "Το άριστον"
      }
    },
    {
      "type": "Feature",
      "geometry": {
        "type": "Point",
        "coordinates": [
          25.4009983,
          37.0722736
        ]
      },
      "properties": {
        "id": 10839531426,
        "osm_type": "node",
        "name": "Γεωργία"
      }
    },
    {
      "type": "Feature",
      "geometry": {
        "type": "Point",
        "coordinates": [
          25.4821056,
          36.3772763
        ]
      },
      "properties": {
        "id": 10875534605,
        "osm_type": "node",
        "name": "Cannabis & Tobacco"
      }
    },
    {
      "type": "Feature",
      "geometry": {
        "type": "Point",
        "coordinates": [
          28.2324073,
          36.4391428
        ]
      },
      "properties": {
        "id": 10916549345,
        "osm_type": "node",
        "name": "ΕΛΕΝΗ"
      }
    },
    {
      "type": "Feature",
      "geometry": {
        "type": "Point",
        "coordinates": [
          27.1422058,
          36.8765347
        ]
      },
      "properties": {
        "id": 10945827758,
        "osm_type": "node"
      }
    },
    {
      "type": "Feature",
      "geometry": {
        "type": "Point",
        "coordinates": [
          24.5728261,
          36.7947436
        ]
      },
      "properties": {
        "id": 11016540216,
        "osm_type": "node",
        "name": "Κική - Mini Market"
      }
    },
    {
      "type": "Feature",
      "geometry": {
        "type": "Point",
        "coordinates": [
          25.2073848,
          37.0560448
        ]
      },
      "properties": {
        "id": 11082814325,
        "osm_type": "node"
      }
    },
    {
      "type": "Feature",
      "geometry": {
        "type": "Point",
        "coordinates": [
          27.2097469,
          35.7563651
        ]
      },
      "properties": {
        "id": 11104826325,
        "osm_type": "node"
      }
    },
    {
      "type": "Feature",
      "geometry": {
        "type": "Point",
        "coordinates": [
          27.1200321,
          35.478607
        ]
      },
      "properties": {
        "id": 11109216885,
        "osm_type": "node"
      }
    },
    {
      "type": "Feature",
      "geometry": {
        "type": "Point",
        "coordinates": [
          25.4320554,
          36.4212366
        ]
      },
      "properties": {
        "id": 11169372239,
        "osm_type": "node",
        "name": "Crista coffee"
      }
    },
    {
      "type": "Feature",
      "geometry": {
        "type": "Point",
        "coordinates": [
          27.0693503,
          35.5877362
        ]
      },
      "properties": {
        "id": 11204482165,
        "osm_type": "node",
        "name": "Lefkos Market"
      }
    },
    {
      "type": "Feature",
      "geometry": {
        "type": "Point",
        "coordinates": [
          27.1736968,
          35.7398718
        ]
      },
      "properties": {
        "id": 11212056737,
        "osm_type": "node"
      }
    },
    {
      "type": "Feature",
      "geometry": {
        "type": "Point",
        "coordinates": [
          27.2848428,
          36.9007265
        ]
      },
      "properties": {
        "id": 11218261722,
        "osm_type": "node"
      }
    },
    {
      "type": "Feature",
      "geometry": {
        "type": "Point",
        "coordinates": [
          27.3466894,
          36.8753299
        ]
      },
      "properties": {
        "id": 11237755586,
        "osm_type": "node",
        "name": "Mini Market"
      }
    },
    {
      "type": "Feature",
      "geometry": {
        "type": "Point",
        "coordinates": [
          24.5151105,
          37.1419765
        ]
      },
      "properties": {
        "id": 11336877207,
        "osm_type": "node",
        "name": "Mini Mix",
        "brand": "Mini Mix"
      }
    },
    {
      "type": "Feature",
      "geometry": {
        "type": "Point",
        "coordinates": [
          28.0955103,
          36.3139114
        ]
      },
      "properties": {
        "id": 11499863733,
        "osm_type": "node"
      }
    },
    {
      "type": "Feature",
      "geometry": {
        "type": "Point",
        "coordinates": [
          25.1456347,
          37.6014322
        ]
      },
      "properties": {
        "id": 11831392228,
        "osm_type": "node",
        "name": "Cynara"
      }
    },
    {
      "type": "Feature",
      "geometry": {
        "type": "Point",
        "coordinates": [
          28.2204122,
          36.368493
        ]
      },
      "properties": {
        "id": 11934747017,
        "osm_type": "node"
      }
    },
    {
      "type": "Feature",
      "geometry": {
        "type": "Point",
        "coordinates": [
          25.5356516,
          37.118703
        ]
      },
      "properties": {
        "id": 12055320843,
        "osm_type": "node",
        "name": "Παντοπωλείο \"Βούλα\"/ Mini market \"VOULA\""
      }
    },
    {
      "type": "Feature",
      "geometry": {
        "type": "Point",
        "coordinates": [
          28.2212726,
          36.448117
        ]
      },
      "properties": {
        "id": 12124234178,
        "osm_type": "node"
      }
    },
    {
      "type": "Feature",
      "geometry": {
        "type": "Point",
        "coordinates": [
          25.4620735,
          36.3440471
        ]
      },
      "properties": {
        "id": 12151628608,
        "osm_type": "node",
        "name": "Open market"
      }
    },
    {
      "type": "Feature",
      "geometry": {
        "type": "Point",
        "coordinates": [
          28.1653612,
          36.2533169
        ]
      },
      "properties": {
        "id": 12151657601,
        "osm_type": "node",
        "name": "Edem Hellenic Market"
      }
    },
    {
      "type": "Feature",
      "geometry": {
        "type": "Point",
        "coordinates": [
          25.1423537,
          36.680674
        ]
      },
      "properties": {
        "id": 12174476423,
        "osm_type": "node",
        "name": "Σικιναγορά"
      }
    },
    {
      "type": "Feature",
      "geometry": {
        "type": "Point",
        "coordinates": [
          26.9711807,
          36.7354435
        ]
      },
      "properties": {
        "id": 12222523372,
        "osm_type": "node",
        "name": "Minimarket Μαύρη"
      }
    },
    {
      "type": "Feature",
      "geometry": {
        "type": "Point",
        "coordinates": [
          26.9721257,
          36.7446795
        ]
      },
      "properties": {
        "id": 12222548455,
        "osm_type": "node",
        "name": "Kefalos market"
      }
    },
    {
      "type": "Feature",
      "geometry": {
        "type": "Point",
        "coordinates": [
          27.1839105,
          36.8883341
        ]
      },
      "properties": {
        "id": 12224188574,
        "osm_type": "node",
        "name": "Julias Market"
      }
    },
    {
      "type": "Feature",
      "geometry": {
        "type": "Point",
        "coordinates": [
          27.1892378,
          36.8889799
        ]
      },
      "properties": {
        "id": 12229697912,
        "osm_type": "node"
      }
    },
    {
      "type": "Feature",
      "geometry": {
        "type": "Point",
        "coordinates": [
          25.2380018,
          37.1246836
        ]
      },
      "properties": {
        "id": 12252280698,
        "osm_type": "node"
      }
    },
    {
      "type": "Feature",
      "geometry": {
        "type": "Point",
        "coordinates": [
          28.2279722,
          36.4435387
        ]
      },
      "properties": {
        "id": 12561795495,
        "osm_type": "node",
        "name": "The Kiosk"
      }
    },
    {
      "type": "Feature",
      "geometry": {
        "type": "Point",
        "coordinates": [
          27.1507134,
          35.5430371
        ]
      },
      "properties": {
        "id": 12596004614,
        "osm_type": "node"
      }
    },
    {
      "type": "Feature",
      "geometry": {
        "type": "Point",
        "coordinates": [
          24.5055829,
          37.1564864
        ]
      },
      "properties": {
        "id": 12828299281,
        "osm_type": "node"
      }
    },
    {
      "type": "Feature",
      "geometry": {
        "type": "Point",
        "coordinates": [
          27.2957345,
          36.8923305
        ]
      },
      "properties": {
        "id": 12868300712,
        "osm_type": "node",
        "name": "Supermarket"
      }
    },
    {
      "type": "Feature",
      "geometry": {
        "type": "Point",
        "coordinates": [
          27.2987628,
          36.8917346
        ]
      },
      "properties": {
        "id": 12868324808,
        "osm_type": "node",
        "name": "Super Market"
      }
    },
    {
      "type": "Feature",
      "geometry": {
        "type": "Point",
        "coordinates": [
          27.2841258,
          36.8959543
        ]
      },
      "properties": {
        "id": 12974159764,
        "osm_type": "node",
        "name": "Mini Market Anna",
        "check_date": "2025-07-02"
      }
    },
    {
      "type": "Feature",
      "geometry": {
        "type": "Point",
        "coordinates": [
          27.3449373,
          36.4506128
        ]
      },
      "properties": {
        "id": 12988284887,
        "osm_type": "node",
        "name": "Nitsa",
        "opening_hours": "09:00-16:00,18:00-22:30",
        "check_date": "2025-07-08"
      }
    },
    {
      "type": "Feature",
      "geometry": {
        "type": "Point",
        "coordinates": [
          28.1602898,
          36.24848
        ]
      },
      "properties": {
        "id": 12992169357,
        "osm_type": "node"
      }
    },
    {
      "type": "Feature",
      "geometry": {
        "type": "Point",
        "coordinates": [
          24.5793084,
          36.786328
        ]
      },
      "properties": {
        "id": 13041681338,
        "osm_type": "node",
        "name": "TO MINI"
      }
    },
    {
      "type": "Feature",
      "geometry": {
        "type": "Point",
        "coordinates": [
          27.1143501,
          36.855258
        ]
      },
      "properties": {
        "id": 13058628801,
        "osm_type": "node",
        "name": "Super Market",
        "opening_hours": "Mo-Su 08:30-22:30"
      }
    },
    {
      "type": "Feature",
      "geometry": {
        "type": "Point",
        "coordinates": [
          25.3744875,
          37.1072857
        ]
      },
      "properties": {
        "id": 13167054702,
        "osm_type": "node"
      }
    },
    {
      "type": "Feature",
      "geometry": {
        "type": "Point",
        "coordinates": [
          25.3820286,
          37.1011617
        ]
      },
      "properties": {
        "id": 13238872201,
        "osm_type": "node",
        "name": "Market"
      }
    },
    {
      "type": "Feature",
      "geometry": {
        "type": "Point",
        "coordinates": [
          27.2811033,
          36.9058008
        ]
      },
      "properties": {
        "id": 13248234829,
        "osm_type": "node",
        "name": "Midi Market"
      }
    },
    {
      "type": "Feature",
      "geometry": {
        "type": "Point",
        "coordinates": [
          28.166314,
          36.2528649
        ]
      },
      "properties": {
        "id": 13251398832,
        "osm_type": "node",
        "name": "Sport & Casual"
      }
    },
    {
      "type": "Feature",
      "geometry": {
        "type": "Point",
        "coordinates": [
          28.1662967,
          36.2528035
        ]
      },
      "properties": {
        "id": 13251398833,
        "osm_type": "node",
        "name": "M.G.S."
      }
    },
    {
      "type": "Feature",
      "geometry": {
        "type": "Point",
        "coordinates": [
          25.3816071,
          37.1090282
        ]
      },
      "properties": {
        "id": 13298362347,
        "osm_type": "node"
      }
    },
    {
      "type": "Feature",
      "geometry": {
        "type": "Point",
        "coordinates": [
          27.2361951,
          36.8899108
        ]
      },
      "properties": {
        "id": 13299350842,
        "osm_type": "node",
        "name": "Pura Vida"
      }
    },
    {
      "type": "Feature",
      "geometry": {
        "type": "Point",
        "coordinates": [
          25.3747873,
          37.1013826
        ]
      },
      "properties": {
        "id": 13342927682,
        "osm_type": "node",
        "name": "Naxiamarket",
        "check_date": "2025-11-30"
      }
    },
    {
      "type": "Feature",
      "geometry": {
        "type": "Point",
        "coordinates": [
          24.8773467,
          37.4201357
        ]
      },
      "properties": {
        "id": 13680226097,
        "osm_type": "node",
        "name": "FROG",
        "opening_hours": "10:00-21:00"
      }
    },
    {
      "type": "Feature",
      "geometry": {
        "type": "Point",
        "coordinates": [
          24.901748,
          37.4311799
        ]
      },
      "properties": {
        "id": 13680358666,
        "osm_type": "node",
        "name": "ΜΑΝΑΒΗΣ - ΡΑΛΛΙΑΣ"
      }
    },
    {
      "type": "Feature",
      "geometry": {
        "type": "Point",
        "coordinates": [
          28.0866323,
          36.0922772
        ]
      },
      "properties": {
        "id": 13704126870,
        "osm_type": "node",
        "name": "Καθολική"
      }
    },
    {
      "type": "Feature",
      "geometry": {
        "type": "Point",
        "coordinates": [
          28.085859,
          36.0916299
        ]
      },
      "properties": {
        "id": 13706550017,
        "osm_type": "node",
        "name": "Η Γωνία"
      }
    },
    {
      "type": "Feature",
      "geometry": {
        "type": "Point",
        "coordinates": [
          25.2690468,
          37.4014749
        ]
      },
      "properties": {
        "id": 125611044,
        "osm_type": "way"
      }
    },
    {
      "type": "Feature",
      "geometry": {
        "type": "Point",
        "coordinates": [
          28.1500233,
          36.2310678
        ]
      },
      "properties": {
        "id": 136773717,
        "osm_type": "way"
      }
    },
    {
      "type": "Feature",
      "geometry": {
        "type": "Point",
        "coordinates": [
          28.1972564,
          36.4266917
        ]
      },
      "properties": {
        "id": 157362464,
        "osm_type": "way"
      }
    },
    {
      "type": "Feature",
      "geometry": {
        "type": "Point",
        "coordinates": [
          28.1414995,
          36.2116889
        ]
      },
      "properties": {
        "id": 184290567,
        "osm_type": "way",
        "name": "Ελληνικό Παντοπωλείο",
        "opening_hours": "08:30-17:00"
      }
    },
    {
      "type": "Feature",
      "geometry": {
        "type": "Point",
        "coordinates": [
          28.1395301,
          36.2051094
        ]
      },
      "properties": {
        "id": 184311092,
        "osm_type": "way",
        "name": "Kiosk"
      }
    },
    {
      "type": "Feature",
      "geometry": {
        "type": "Point",
        "coordinates": [
          28.1392664,
          36.2052182
        ]
      },
      "properties": {
        "id": 184311115,
        "osm_type": "way",
        "name": "Super Market Sofia"
      }
    },
    {
      "type": "Feature",
      "geometry": {
        "type": "Point",
        "coordinates": [
          28.2011338,
          36.3385825
        ]
      },
      "properties": {
        "id": 225976218,
        "osm_type": "way",
        "opening_hours": "24/7"
      }
    },
    {
      "type": "Feature",
      "geometry": {
        "type": "Point",
        "coordinates": [
          28.2002337,
          36.3432941
        ]
      },
      "properties": {
        "id": 229904459,
        "osm_type": "way",
        "name": "Skordis"
      }
    },
    {
      "type": "Feature",
      "geometry": {
        "type": "Point",
        "coordinates": [
          28.1988616,
          36.3460337
        ]
      },
      "properties": {
        "id": 230555551,
        "osm_type": "way",
        "name": "Lyristis"
      }
    },
    {
      "type": "Feature",
      "geometry": {
        "type": "Point",
        "coordinates": [
          27.7401839,
          36.1311585
        ]
      },
      "properties": {
        "id": 239370018,
        "osm_type": "way"
      }
    },
    {
      "type": "Feature",
      "geometry": {
        "type": "Point",
        "coordinates": [
          28.1924782,
          36.4228656
        ]
      },
      "properties": {
        "id": 240478609,
        "osm_type": "way"
      }
    },
    {
      "type": "Feature",
      "geometry": {
        "type": "Point",
        "coordinates": [
          28.149516,
          36.2309749
        ]
      },
      "properties": {
        "id": 245047122,
        "osm_type": "way"
      }
    },
    {
      "type": "Feature",
      "geometry": {
        "type": "Point",
        "coordinates": [
          24.9638724,
          37.4097182
        ]
      },
      "properties": {
        "id": 274599788,
        "osm_type": "way"
      }
    },
    {
      "type": "Feature",
      "geometry": {
        "type": "Point",
        "coordinates": [
          24.9455398,
          37.3905824
        ]
      },
      "properties": {
        "id": 275030497,
        "osm_type": "way"
      }
    },
    {
      "type": "Feature",
      "geometry": {
        "type": "Point",
        "coordinates": [
          24.9459969,
          37.3914657
        ]
      },
      "properties": {
        "id": 275030512,
        "osm_type": "way"
      }
    },
    {
      "type": "Feature",
      "geometry": {
        "type": "Point",
        "coordinates": [
          25.4845623,
          36.4001313
        ]
      },
      "properties": {
        "id": 292602083,
        "osm_type": "way",
        "name": "Market Louis"
      }
    },
    {
      "type": "Feature",
      "geometry": {
        "type": "Point",
        "coordinates": [
          27.1165489,
          36.856082
        ]
      },
      "properties": {
        "id": 300016206,
        "osm_type": "way",
        "name": "Minimarket",
        "opening_hours": "Mo-Su,PH 08:30-23:00"
      }
    },
    {
      "type": "Feature",
      "geometry": {
        "type": "Point",
        "coordinates": [
          24.8787885,
          37.4210087
        ]
      },
      "properties": {
        "id": 302757205,
        "osm_type": "way"
      }
    },
    {
      "type": "Feature",
      "geometry": {
        "type": "Point",
        "coordinates": [
          26.9376429,
          36.9708421
        ]
      },
      "properties": {
        "id": 310344656,
        "osm_type": "way",
        "name": "Mini Market Zimpillas"
      }
    },
    {
      "type": "Feature",
      "geometry": {
        "type": "Point",
        "coordinates": [
          24.9421624,
          37.4446329
        ]
      },
      "properties": {
        "id": 313398655,
        "osm_type": "way"
      }
    },
    {
      "type": "Feature",
      "geometry": {
        "type": "Point",
        "coordinates": [
          24.9435036,
          37.4449042
        ]
      },
      "properties": {
        "id": 313398656,
        "osm_type": "way"
      }
    },
    {
      "type": "Feature",
      "geometry": {
        "type": "Point",
        "coordinates": [
          24.9435844,
          37.4447088
        ]
      },
      "properties": {
        "id": 313398657,
        "osm_type": "way"
      }
    },
    {
      "type": "Feature",
      "geometry": {
        "type": "Point",
        "coordinates": [
          24.9422157,
          37.4444216
        ]
      },
      "properties": {
        "id": 313398658,
        "osm_type": "way"
      }
    },
    {
      "type": "Feature",
      "geometry": {
        "type": "Point",
        "coordinates": [
          24.9420544,
          37.4419579
        ]
      },
      "properties": {
        "id": 319920895,
        "osm_type": "way"
      }
    },
    {
      "type": "Feature",
      "geometry": {
        "type": "Point",
        "coordinates": [
          28.2232876,
          36.433707
        ]
      },
      "properties": {
        "id": 325150436,
        "osm_type": "way"
      }
    },
    {
      "type": "Feature",
      "geometry": {
        "type": "Point",
        "coordinates": [
          24.4470562,
          36.7252545
        ]
      },
      "properties": {
        "id": 347253520,
        "osm_type": "way"
      }
    },
    {
      "type": "Feature",
      "geometry": {
        "type": "Point",
        "coordinates": [
          27.073087,
          35.5851847
        ]
      },
      "properties": {
        "id": 370760686,
        "osm_type": "way",
        "name": "Kourka Mini-Market"
      }
    },
    {
      "type": "Feature",
      "geometry": {
        "type": "Point",
        "coordinates": [
          27.1183101,
          35.4755757
        ]
      },
      "properties": {
        "id": 375650017,
        "osm_type": "way"
      }
    },
    {
      "type": "Feature",
      "geometry": {
        "type": "Point",
        "coordinates": [
          25.3912722,
          37.4479213
        ]
      },
      "properties": {
        "id": 384808048,
        "osm_type": "way"
      }
    },
    {
      "type": "Feature",
      "geometry": {
        "type": "Point",
        "coordinates": [
          25.3908181,
          37.4480851
        ]
      },
      "properties": {
        "id": 385050489,
        "osm_type": "way"
      }
    },
    {
      "type": "Feature",
      "geometry": {
        "type": "Point",
        "coordinates": [
          27.0696302,
          35.5879841
        ]
      },
      "properties": {
        "id": 397525296,
        "osm_type": "way",
        "name": "Market"
      }
    },
    {
      "type": "Feature",
      "geometry": {
        "type": "Point",
        "coordinates": [
          27.1115976,
          36.8576612
        ]
      },
      "properties": {
        "id": 417024611,
        "osm_type": "way",
        "name": "Kiosk"
      }
    },
    {
      "type": "Feature",
      "geometry": {
        "type": "Point",
        "coordinates": [
          26.9704772,
          36.7413669
        ]
      },
      "properties": {
        "id": 422695628,
        "osm_type": "way",
        "name": "Σουπερμάρκετ Τυράς"
      }
    },
    {
      "type": "Feature",
      "geometry": {
        "type": "Point",
        "coordinates": [
          27.147736,
          36.786268
        ]
      },
      "properties": {
        "id": 436092569,
        "osm_type": "way"
      }
    },
    {
      "type": "Feature",
      "geometry": {
        "type": "Point",
        "coordinates": [
          25.3956087,
          36.3473745
        ]
      },
      "properties": {
        "id": 444272035,
        "osm_type": "way"
      }
    },
    {
      "type": "Feature",
      "geometry": {
        "type": "Point",
        "coordinates": [
          25.3955608,
          36.347353
        ]
      },
      "properties": {
        "id": 444272038,
        "osm_type": "way"
      }
    },
    {
      "type": "Feature",
      "geometry": {
        "type": "Point",
        "coordinates": [
          27.2962016,
          36.8842683
        ]
      },
      "properties": {
        "id": 479898784,
        "osm_type": "way",
        "name": "Mini Market"
      }
    },
    {
      "type": "Feature",
      "geometry": {
        "type": "Point",
        "coordinates": [
          25.4515943,
          36.34135
        ]
      },
      "properties": {
        "id": 625709681,
        "osm_type": "way",
        "name": "Mini Market"
      }
    },
    {
      "type": "Feature",
      "geometry": {
        "type": "Point",
        "coordinates": [
          25.4324538,
          36.4177813
        ]
      },
      "properties": {
        "id": 627035649,
        "osm_type": "way"
      }
    },
    {
      "type": "Feature",
      "geometry": {
        "type": "Point",
        "coordinates": [
          25.4324061,
          36.4181805
        ]
      },
      "properties": {
        "id": 627035672,
        "osm_type": "way"
      }
    },
    {
      "type": "Feature",
      "geometry": {
        "type": "Point",
        "coordinates": [
          25.3346379,
          37.4462101
        ]
      },
      "properties": {
        "id": 813058509,
        "osm_type": "way"
      }
    },
    {
      "type": "Feature",
      "geometry": {
        "type": "Point",
        "coordinates": [
          28.2160277,
          36.3892538
        ]
      },
      "properties": {
        "id": 921073163,
        "osm_type": "way"
      }
    },
    {
      "type": "Feature",
      "geometry": {
        "type": "Point",
        "coordinates": [
          26.3526415,
          36.5486107
        ]
      },
      "properties": {
        "id": 925270471,
        "osm_type": "way",
        "name": "Γεώργιος Κ. Δελμαδώρος"
      }
    },
    {
      "type": "Feature",
      "geometry": {
        "type": "Point",
        "coordinates": [
          27.2647494,
          36.9081379
        ]
      },
      "properties": {
        "id": 994953908,
        "osm_type": "way"
      }
    },
    {
      "type": "Feature",
      "geometry": {
        "type": "Point",
        "coordinates": [
          27.167434,
          36.5797204
        ]
      },
      "properties": {
        "id": 1044765207,
        "osm_type": "way"
      }
    },
    {
      "type": "Feature",
      "geometry": {
        "type": "Point",
        "coordinates": [
          27.0951821,
          35.5987659
        ]
      },
      "properties": {
        "id": 1108803230,
        "osm_type": "way"
      }
    },
    {
      "type": "Feature",
      "geometry": {
        "type": "Point",
        "coordinates": [
          25.482601,
          37.062837
        ]
      },
      "properties": {
        "id": 1158447327,
        "osm_type": "way"
      }
    },
    {
      "type": "Feature",
      "geometry": {
        "type": "Point",
        "coordinates": [
          24.5162911,
          37.1413667
        ]
      },
      "properties": {
        "id": 1190250942,
        "osm_type": "way",
        "name": "K - SUPER MARKET",
        "opening_hours": "Mo-Su 09:00-23:00"
      }
    },
    {
      "type": "Feature",
      "geometry": {
        "type": "Point",
        "coordinates": [
          28.2361674,
          36.4317256
        ]
      },
      "properties": {
        "id": 1352937244,
        "osm_type": "way",
        "name": "Περίπτερο",
        "opening_hours": "24/7"
      }
    }
  ]
}