{
  "type": "FeatureCollection",
  "features": [
    {
      "type": "Feature",
      "geometry": {
        "type": "Point",
        "coordinates": [
          17.3580684,
          50.1214277
        ]
      },
      "properties": {
        "id": 26861149,
        "osm_type": "node",
        "name": "Autokempink Dolina",
        "tourism": "camp_site"
      }
    },
    {
      "type": "Feature",
      "geometry": {
        "type": "Point",
        "coordinates": [
          17.3038196,
          50.0658211
        ]
      },
      "properties": {
        "id": 60148552,
        "osm_type": "node",
        "name": "Hvezda",
        "tourism": "hotel"
      }
    },
    {
      "type": "Feature",
      "geometry": {
        "type": "Point",
        "coordinates": [
          17.2311072,
          50.0830172
        ]
      },
      "properties": {
        "id": 60148639,
        "osm_type": "node",
        "name": "Hotel Praděd – Vysílač",
        "tourism": "hotel",
        "contact:phone": "+420 776 001 492",
        "website": "https://hotelpradedvysilac.cz/"
      }
    },
    {
      "type": "Feature",
      "geometry": {
        "type": "Point",
        "coordinates": [
          17.2315842,
          50.0768122
        ]
      },
      "properties": {
        "id": 256310820,
        "osm_type": "node",
        "name": "Barborka",
        "tourism": "alpine_hut",
        "check_date": "2025-07-30"
      }
    },
    {
      "type": "Feature",
      "geometry": {
        "type": "Point",
        "coordinates": [
          17.3051684,
          49.9760291
        ]
      },
      "properties": {
        "id": 256782302,
        "osm_type": "node",
        "name": "Penzion u Rotteru",
        "tourism": "hostel"
      }
    },
    {
      "type": "Feature",
      "geometry": {
        "type": "Point",
        "coordinates": [
          17.9198734,
          49.941603
        ]
      },
      "properties": {
        "id": 258562308,
        "osm_type": "node",
        "name": "Magda Kremserova",
        "tourism": "hostel"
      }
    },
    {
      "type": "Feature",
      "geometry": {
        "type": "Point",
        "coordinates": [
          18.7094049,
          49.5144368
        ]
      },
      "properties": {
        "id": 278747071,
        "osm_type": "node",
        "name": "Chata Severka",
        "tourism": "alpine_hut"
      }
    },
    {
      "type": "Feature",
      "geometry": {
        "type": "Point",
        "coordinates": [
          18.6387669,
          49.5341428
        ]
      },
      "properties": {
        "id": 278770086,
        "osm_type": "node",
        "name": "Salajka",
        "tourism": "hotel"
      }
    },
    {
      "type": "Feature",
      "geometry": {
        "type": "Point",
        "coordinates": [
          18.759604,
          49.5264506
        ]
      },
      "properties": {
        "id": 289093530,
        "osm_type": "node",
        "name": "Grúň",
        "tourism": "hotel",
        "phone": "+420 558 339 447;+420 739 045 290",
        "website": "https://www.hotelgrun.cz/"
      }
    },
    {
      "type": "Feature",
      "geometry": {
        "type": "Point",
        "coordinates": [
          18.2672554,
          49.8108013
        ]
      },
      "properties": {
        "id": 296446013,
        "osm_type": "node",
        "name": "Ubytovna Nerudova 23",
        "tourism": "hostel"
      }
    },
    {
      "type": "Feature",
      "geometry": {
        "type": "Point",
        "coordinates": [
          18.2402658,
          49.8070851
        ]
      },
      "properties": {
        "id": 296580404,
        "osm_type": "node",
        "name": "Zámek Zábřeh",
        "tourism": "hotel",
        "opening_hours": "May-Sep Mo-Tu,Su 12:00-23:00, Fr,Sa 12:00-24:00; Aug-Apr Mo-Th 17:00-23:00, Fr, Sa 17:00-24:00",
        "contact:website": "http://www.zamek-zabreh.cz/"
      }
    },
    {
      "type": "Feature",
      "geometry": {
        "type": "Point",
        "coordinates": [
          17.2694539,
          49.9322591
        ]
      },
      "properties": {
        "id": 351923785,
        "osm_type": "node",
        "name": "Praděd",
        "tourism": "hotel"
      }
    },
    {
      "type": "Feature",
      "geometry": {
        "type": "Point",
        "coordinates": [
          17.3083199,
          50.0729927
        ]
      },
      "properties": {
        "id": 356924598,
        "osm_type": "node",
        "name": "Hotel Bezruč",
        "tourism": "hotel"
      }
    },
    {
      "type": "Feature",
      "geometry": {
        "type": "Point",
        "coordinates": [
          18.1759424,
          49.8299105
        ]
      },
      "properties": {
        "id": 370165986,
        "osm_type": "node",
        "name": "Hotel Sareza",
        "tourism": "hotel",
        "website": "https://www.sareza.cz/"
      }
    },
    {
      "type": "Feature",
      "geometry": {
        "type": "Point",
        "coordinates": [
          18.623475,
          49.7451028
        ]
      },
      "properties": {
        "id": 387455864,
        "osm_type": "node",
        "name": "Hotel Central",
        "tourism": "hotel",
        "website": "http://hotel-central.cz"
      }
    },
    {
      "type": "Feature",
      "geometry": {
        "type": "Point",
        "coordinates": [
          18.6236926,
          49.7434636
        ]
      },
      "properties": {
        "id": 387455865,
        "osm_type": "node",
        "name": "Hotel Piast",
        "tourism": "hotel"
      }
    },
    {
      "type": "Feature",
      "geometry": {
        "type": "Point",
        "coordinates": [
          17.343007,
          50.1094094
        ]
      },
      "properties": {
        "id": 441280341,
        "osm_type": "node",
        "name": "Hotel Singer",
        "tourism": "hotel"
      }
    },
    {
      "type": "Feature",
      "geometry": {
        "type": "Point",
        "coordinates": [
          18.2257607,
          49.7884117
        ]
      },
      "properties": {
        "id": 564257598,
        "osm_type": "node",
        "name": "Dům mladých hutníků",
        "tourism": "hotel"
      }
    },
    {
      "type": "Feature",
      "geometry": {
        "type": "Point",
        "coordinates": [
          18.2431655,
          49.5105497
        ]
      },
      "properties": {
        "id": 599356963,
        "osm_type": "node",
        "name": "Penzion U Lip",
        "tourism": "guest_house"
      }
    },
    {
      "type": "Feature",
      "geometry": {
        "type": "Point",
        "coordinates": [
          18.6656252,
          49.6776287
        ]
      },
      "properties": {
        "id": 603056914,
        "osm_type": "node",
        "name": "Terra",
        "tourism": "guest_house",
        "phone": "+420725319856",
        "website": "https://www.terra-trinec.cz"
      }
    },
    {
      "type": "Feature",
      "geometry": {
        "type": "Point",
        "coordinates": [
          18.340065,
          49.6810528
        ]
      },
      "properties": {
        "id": 603364561,
        "osm_type": "node",
        "name": "Permon",
        "tourism": "hotel"
      }
    },
    {
      "type": "Feature",
      "geometry": {
        "type": "Point",
        "coordinates": [
          18.3388848,
          49.6806724
        ]
      },
      "properties": {
        "id": 603364562,
        "osm_type": "node",
        "name": "Permon",
        "tourism": "hotel"
      }
    },
    {
      "type": "Feature",
      "geometry": {
        "type": "Point",
        "coordinates": [
          18.3427872,
          49.6813607
        ]
      },
      "properties": {
        "id": 603687527,
        "osm_type": "node",
        "tourism": "hotel"
      }
    },
    {
      "type": "Feature",
      "geometry": {
        "type": "Point",
        "coordinates": [
          18.3427818,
          49.6797647
        ]
      },
      "properties": {
        "id": 603722541,
        "osm_type": "node",
        "name": "Koloredo",
        "tourism": "hotel"
      }
    },
    {
      "type": "Feature",
      "geometry": {
        "type": "Point",
        "coordinates": [
          18.3403863,
          49.6771276
        ]
      },
      "properties": {
        "id": 604583683,
        "osm_type": "node",
        "name": "La Rosa",
        "tourism": "guest_house",
        "phone": "+420 602 755 698, +420 597 606 170",
        "website": "http://www.pensionlarosa.cz/"
      }
    },
    {
      "type": "Feature",
      "geometry": {
        "type": "Point",
        "coordinates": [
          18.7161666,
          49.5165468
        ]
      },
      "properties": {
        "id": 620031968,
        "osm_type": "node",
        "name": "Turistická Chata Skalka",
        "tourism": "alpine_hut",
        "opening_hours": "Tu-Su 10:00-17:00",
        "contact:phone": "+420 608 566 008;+420 555 500 540",
        "website": "https://chata-skalka.cz"
      }
    },
    {
      "type": "Feature",
      "geometry": {
        "type": "Point",
        "coordinates": [
          18.7417066,
          49.5223391
        ]
      },
      "properties": {
        "id": 620031975,
        "osm_type": "node",
        "name": "Horská chata Zuzana",
        "tourism": "hotel"
      }
    },
    {
      "type": "Feature",
      "geometry": {
        "type": "Point",
        "coordinates": [
          17.3801625,
          50.1174579
        ]
      },
      "properties": {
        "id": 635681035,
        "osm_type": "node",
        "name": "Centrum Stone",
        "tourism": "hotel"
      }
    },
    {
      "type": "Feature",
      "geometry": {
        "type": "Point",
        "coordinates": [
          17.3713445,
          50.1200435
        ]
      },
      "properties": {
        "id": 640562011,
        "osm_type": "node",
        "tourism": "guest_house"
      }
    },
    {
      "type": "Feature",
      "geometry": {
        "type": "Point",
        "coordinates": [
          18.0197921,
          49.7600699
        ]
      },
      "properties": {
        "id": 653893312,
        "osm_type": "node",
        "name": "Hotel Holub",
        "tourism": "hotel"
      }
    },
    {
      "type": "Feature",
      "geometry": {
        "type": "Point",
        "coordinates": [
          17.915895,
          49.9206375
        ]
      },
      "properties": {
        "id": 697500729,
        "osm_type": "node",
        "name": "House & Garden",
        "tourism": "hostel"
      }
    },
    {
      "type": "Feature",
      "geometry": {
        "type": "Point",
        "coordinates": [
          17.8456012,
          49.7831136
        ]
      },
      "properties": {
        "id": 703691472,
        "osm_type": "node",
        "name": "Agility kemp",
        "tourism": "camp_site",
        "website": "https://kempvetrkovice.webnode.cz"
      }
    },
    {
      "type": "Feature",
      "geometry": {
        "type": "Point",
        "coordinates": [
          18.3595912,
          49.4743732
        ]
      },
      "properties": {
        "id": 704002681,
        "osm_type": "node",
        "name": "Srdce Beskyd",
        "tourism": "hotel",
        "website": "http://www.hotelsrdcebeskyd.cz/"
      }
    },
    {
      "type": "Feature",
      "geometry": {
        "type": "Point",
        "coordinates": [
          18.4095585,
          49.5260283
        ]
      },
      "properties": {
        "id": 792015036,
        "osm_type": "node",
        "name": "Zlatý orel",
        "tourism": "hotel",
        "phone": "+420 558 682 181",
        "website": "https://hotelzlatyorel.cz/"
      }
    },
    {
      "type": "Feature",
      "geometry": {
        "type": "Point",
        "coordinates": [
          17.9977221,
          49.8258871
        ]
      },
      "properties": {
        "id": 802007803,
        "osm_type": "node",
        "name": "Letní tábor",
        "tourism": "camp_site"
      }
    },
    {
      "type": "Feature",
      "geometry": {
        "type": "Point",
        "coordinates": [
          18.6748941,
          49.6693686
        ]
      },
      "properties": {
        "id": 805167928,
        "osm_type": "node",
        "name": "STEELHOUSE",
        "tourism": "hotel",
        "contact:phone": "+420605201054, +420605201006",
        "contact:website": "https://www.steelhouse.cz"
      }
    },
    {
      "type": "Feature",
      "geometry": {
        "type": "Point",
        "coordinates": [
          18.7205538,
          49.6396888
        ]
      },
      "properties": {
        "id": 806277957,
        "osm_type": "node",
        "name": "Penzion Stadion",
        "tourism": "guest_house"
      }
    },
    {
      "type": "Feature",
      "geometry": {
        "type": "Point",
        "coordinates": [
          18.5700161,
          49.6385975
        ]
      },
      "properties": {
        "id": 814552246,
        "osm_type": "node",
        "name": "Hotel Javor",
        "tourism": "hotel",
        "website": "http://www.hoteljavorreka.eu/"
      }
    },
    {
      "type": "Feature",
      "geometry": {
        "type": "Point",
        "coordinates": [
          18.6545013,
          49.644158
        ]
      },
      "properties": {
        "id": 854333198,
        "osm_type": "node",
        "name": "Penzion Tori's Inn",
        "tourism": "guest_house",
        "phone": "+420 558 329 105"
      }
    },
    {
      "type": "Feature",
      "geometry": {
        "type": "Point",
        "coordinates": [
          18.2833825,
          49.5491656
        ]
      },
      "properties": {
        "id": 860940712,
        "osm_type": "node",
        "name": "H-Resort",
        "tourism": "guest_house",
        "website": "https://www.hresort.cz/"
      }
    },
    {
      "type": "Feature",
      "geometry": {
        "type": "Point",
        "coordinates": [
          18.5263444,
          49.5196398
        ]
      },
      "properties": {
        "id": 865035598,
        "osm_type": "node",
        "name": "Chalupa Visalaje",
        "tourism": "chalet",
        "website": "http://www.chalupavisalaje.cz/"
      }
    },
    {
      "type": "Feature",
      "geometry": {
        "type": "Point",
        "coordinates": [
          17.2942789,
          50.0180001
        ]
      },
      "properties": {
        "id": 897547290,
        "osm_type": "node",
        "name": "Wellnes Hotel Sauna",
        "tourism": "hotel"
      }
    },
    {
      "type": "Feature",
      "geometry": {
        "type": "Point",
        "coordinates": [
          18.2685743,
          49.8422191
        ]
      },
      "properties": {
        "id": 898869886,
        "osm_type": "node",
        "name": "Quality Hotel Ostrava City",
        "tourism": "hotel",
        "contact:phone": "+420 595 195 000",
        "contact:website": "https://www.qualityhotelostravacity.com"
      }
    },
    {
      "type": "Feature",
      "geometry": {
        "type": "Point",
        "coordinates": [
          18.3224114,
          49.8262104
        ]
      },
      "properties": {
        "id": 912492471,
        "osm_type": "node",
        "name": "Jan Maria",
        "tourism": "hotel",
        "contact:website": "http://www.jan-maria.cz/"
      }
    },
    {
      "type": "Feature",
      "geometry": {
        "type": "Point",
        "coordinates": [
          18.2455713,
          49.791996
        ]
      },
      "properties": {
        "id": 914751546,
        "osm_type": "node",
        "name": "Best Western Hotel Vista",
        "tourism": "hotel",
        "phone": "+420 733 665 220",
        "contact:phone": "+420 597 221 111"
      }
    },
    {
      "type": "Feature",
      "geometry": {
        "type": "Point",
        "coordinates": [
          18.1800047,
          49.891588
        ]
      },
      "properties": {
        "id": 928938407,
        "osm_type": "node",
        "name": "Domov U Jezera pro seniory",
        "tourism": "guest_house",
        "phone": "+420 595 020 571"
      }
    },
    {
      "type": "Feature",
      "geometry": {
        "type": "Point",
        "coordinates": [
          17.474925,
          49.9218575
        ]
      },
      "properties": {
        "id": 936785050,
        "osm_type": "node",
        "name": "U Jelena",
        "tourism": "guest_house"
      }
    },
    {
      "type": "Feature",
      "geometry": {
        "type": "Point",
        "coordinates": [
          17.3030193,
          50.0188982
        ]
      },
      "properties": {
        "id": 1108288147,
        "osm_type": "node",
        "name": "Chata JMP",
        "tourism": "guest_house"
      }
    },
    {
      "type": "Feature",
      "geometry": {
        "type": "Point",
        "coordinates": [
          18.3623905,
          49.8687142
        ]
      },
      "properties": {
        "id": 1118636152,
        "osm_type": "node",
        "name": "Penzion Silma",
        "tourism": "hotel",
        "website": "https://www.penzion-silma.cz/"
      }
    },
    {
      "type": "Feature",
      "geometry": {
        "type": "Point",
        "coordinates": [
          18.7605881,
          49.6268013
        ]
      },
      "properties": {
        "id": 1138638414,
        "osm_type": "node",
        "name": "Penzion na Konečné",
        "tourism": "guest_house"
      }
    },
    {
      "type": "Feature",
      "geometry": {
        "type": "Point",
        "coordinates": [
          18.3501382,
          49.6976705
        ]
      },
      "properties": {
        "id": 1143789295,
        "osm_type": "node",
        "name": "Penzion Hrad",
        "tourism": "guest_house",
        "opening_hours": "Mo-Su 11:00-22:00",
        "website": "http://www.penzionhrad.cz/"
      }
    },
    {
      "type": "Feature",
      "geometry": {
        "type": "Point",
        "coordinates": [
          17.7509374,
          49.717339
        ]
      },
      "properties": {
        "id": 1163382234,
        "osm_type": "node",
        "name": "penzion Švamlův mlýn",
        "tourism": "guest_house",
        "website": "http://www.svamluvmlyn.cz/"
      }
    },
    {
      "type": "Feature",
      "geometry": {
        "type": "Point",
        "coordinates": [
          18.1174155,
          49.5904789
        ]
      },
      "properties": {
        "id": 1177224261,
        "osm_type": "node",
        "name": "Chaloupka pod náměstím",
        "tourism": "guest_house"
      }
    },
    {
      "type": "Feature",
      "geometry": {
        "type": "Point",
        "coordinates": [
          18.1139286,
          49.5906363
        ]
      },
      "properties": {
        "id": 1177224458,
        "osm_type": "node",
        "name": "Ubytování V Podhradí",
        "tourism": "guest_house"
      }
    },
    {
      "type": "Feature",
      "geometry": {
        "type": "Point",
        "coordinates": [
          18.1174235,
          49.5907701
        ]
      },
      "properties": {
        "id": 1177230857,
        "osm_type": "node",
        "name": "Ubytování U Tížků",
        "tourism": "guest_house"
      }
    },
    {
      "type": "Feature",
      "geometry": {
        "type": "Point",
        "coordinates": [
          18.1182845,
          49.5906858
        ]
      },
      "properties": {
        "id": 1177235350,
        "osm_type": "node",
        "name": "Josef Petráš",
        "tourism": "guest_house"
      }
    },
    {
      "type": "Feature",
      "geometry": {
        "type": "Point",
        "coordinates": [
          18.117315,
          49.5909625
        ]
      },
      "properties": {
        "id": 1177235503,
        "osm_type": "node",
        "name": "Hotel Štramberk",
        "tourism": "hotel"
      }
    },
    {
      "type": "Feature",
      "geometry": {
        "type": "Point",
        "coordinates": [
          18.1569563,
          49.7085526
        ]
      },
      "properties": {
        "id": 1177814775,
        "osm_type": "node",
        "name": "Hotel Sýpka",
        "tourism": "hotel"
      }
    },
    {
      "type": "Feature",
      "geometry": {
        "type": "Point",
        "coordinates": [
          17.3928963,
          50.1127063
        ]
      },
      "properties": {
        "id": 1186062477,
        "osm_type": "node",
        "name": "Penzion Zámeček Grohmann",
        "tourism": "guest_house"
      }
    },
    {
      "type": "Feature",
      "geometry": {
        "type": "Point",
        "coordinates": [
          18.364435,
          49.8924708
        ]
      },
      "properties": {
        "id": 1248403135,
        "osm_type": "node",
        "name": "Pension Eva",
        "tourism": "guest_house"
      }
    },
    {
      "type": "Feature",
      "geometry": {
        "type": "Point",
        "coordinates": [
          18.7689291,
          49.6162746
        ]
      },
      "properties": {
        "id": 1297851400,
        "osm_type": "node",
        "name": "Chata Hrádek",
        "tourism": "chalet"
      }
    },
    {
      "type": "Feature",
      "geometry": {
        "type": "Point",
        "coordinates": [
          18.7614336,
          49.5777438
        ]
      },
      "properties": {
        "id": 1330383317,
        "osm_type": "node",
        "name": "Bělá",
        "tourism": "guest_house"
      }
    },
    {
      "type": "Feature",
      "geometry": {
        "type": "Point",
        "coordinates": [
          18.6971599,
          49.6582731
        ]
      },
      "properties": {
        "id": 1342491734,
        "osm_type": "node",
        "name": "Vitality",
        "tourism": "hotel",
        "website": "https://www.hotelvitality.cz/"
      }
    },
    {
      "type": "Feature",
      "geometry": {
        "type": "Point",
        "coordinates": [
          18.4569026,
          49.7278135
        ]
      },
      "properties": {
        "id": 1414796279,
        "osm_type": "node",
        "name": "Penzion Flora",
        "tourism": "guest_house"
      }
    },
    {
      "type": "Feature",
      "geometry": {
        "type": "Point",
        "coordinates": [
          18.4973925,
          49.6859938
        ]
      },
      "properties": {
        "id": 1414931887,
        "osm_type": "node",
        "tourism": "motel"
      }
    },
    {
      "type": "Feature",
      "geometry": {
        "type": "Point",
        "coordinates": [
          18.5512957,
          49.9018536
        ]
      },
      "properties": {
        "id": 1432488731,
        "osm_type": "node",
        "name": "Zámeček Petrovice",
        "tourism": "hotel",
        "phone": "603848660",
        "website": "https://www.zamecek-petrovice.cz/"
      }
    },
    {
      "type": "Feature",
      "geometry": {
        "type": "Point",
        "coordinates": [
          17.2279813,
          49.9199269
        ]
      },
      "properties": {
        "id": 1533086240,
        "osm_type": "node",
        "name": "Penszion Argenta, Skály",
        "tourism": "guest_house",
        "check_date": "2024-09-02"
      }
    },
    {
      "type": "Feature",
      "geometry": {
        "type": "Point",
        "coordinates": [
          18.5023567,
          49.491834
        ]
      },
      "properties": {
        "id": 1540491461,
        "osm_type": "node",
        "name": "Švarná Hanka",
        "tourism": "alpine_hut",
        "opening_hours": "Sa 10:30-17:00; Su 10:30-16:00",
        "website": "http://www.svarnahanka.cz/"
      }
    },
    {
      "type": "Feature",
      "geometry": {
        "type": "Point",
        "coordinates": [
          18.4782654,
          49.4867615
        ]
      },
      "properties": {
        "id": 1540491463,
        "osm_type": "node",
        "name": "hotel Charbulák",
        "tourism": "alpine_hut",
        "phone": "+420 732 682 041",
        "website": "https://www.charbulak.cz/"
      }
    },
    {
      "type": "Feature",
      "geometry": {
        "type": "Point",
        "coordinates": [
          17.2714406,
          49.9370362
        ]
      },
      "properties": {
        "id": 1641885349,
        "osm_type": "node",
        "name": "Hotel \"Slunce\"",
        "tourism": "hotel",
        "website": "https://hotelslunce.jeseniky.com/"
      }
    },
    {
      "type": "Feature",
      "geometry": {
        "type": "Point",
        "coordinates": [
          18.5264075,
          49.8681925
        ]
      },
      "properties": {
        "id": 1744261862,
        "osm_type": "node",
        "name": "Koleje Slezká univerzita",
        "tourism": "hostel"
      }
    },
    {
      "type": "Feature",
      "geometry": {
        "type": "Point",
        "coordinates": [
          18.4550588,
          49.796705
        ]
      },
      "properties": {
        "id": 1744555024,
        "osm_type": "node",
        "name": "Hotel Impuls",
        "tourism": "hotel",
        "website": "http://www.impuls-havirov.cz/"
      }
    },
    {
      "type": "Feature",
      "geometry": {
        "type": "Point",
        "coordinates": [
          18.452155,
          49.8025238
        ]
      },
      "properties": {
        "id": 1744556327,
        "osm_type": "node",
        "name": "Vulture",
        "tourism": "guest_house",
        "website": "https://www.penzionusupa.cz/"
      }
    },
    {
      "type": "Feature",
      "geometry": {
        "type": "Point",
        "coordinates": [
          18.3311196,
          49.819064
        ]
      },
      "properties": {
        "id": 1753821764,
        "osm_type": "node",
        "name": "Hotel Taurus",
        "tourism": "hotel",
        "website": "https://www.hotel-taurus.cz/"
      }
    },
    {
      "type": "Feature",
      "geometry": {
        "type": "Point",
        "coordinates": [
          18.3046338,
          49.8410413
        ]
      },
      "properties": {
        "id": 1754629582,
        "osm_type": "node",
        "name": "Hotel Best",
        "tourism": "hotel",
        "website": "http://www.hotel-best.com"
      }
    },
    {
      "type": "Feature",
      "geometry": {
        "type": "Point",
        "coordinates": [
          18.7873404,
          49.5385605
        ]
      },
      "properties": {
        "id": 1755405677,
        "osm_type": "node",
        "name": "Polanka",
        "tourism": "hotel"
      }
    },
    {
      "type": "Feature",
      "geometry": {
        "type": "Point",
        "coordinates": [
          18.77204,
          49.5669985
        ]
      },
      "properties": {
        "id": 1756475624,
        "osm_type": "node",
        "name": "Ubytovna Gorol",
        "tourism": "hostel",
        "contact:phone": "+420733595852",
        "website": "https://www.ubytovna-gorol.cz/"
      }
    },
    {
      "type": "Feature",
      "geometry": {
        "type": "Point",
        "coordinates": [
          18.3866953,
          49.5257752
        ]
      },
      "properties": {
        "id": 1760091192,
        "osm_type": "node",
        "name": "Rekreační středisko Skalka",
        "tourism": "chalet",
        "website": "http://www.rsskalka.cz"
      }
    },
    {
      "type": "Feature",
      "geometry": {
        "type": "Point",
        "coordinates": [
          18.8363423,
          49.5566415
        ]
      },
      "properties": {
        "id": 1761797633,
        "osm_type": "node",
        "name": "Hotel Kempa",
        "tourism": "hotel",
        "check_date": "2025-04-18"
      }
    },
    {
      "type": "Feature",
      "geometry": {
        "type": "Point",
        "coordinates": [
          18.7157328,
          49.5438913
        ]
      },
      "properties": {
        "id": 1761799232,
        "osm_type": "node",
        "name": "Penzion Helena",
        "tourism": "hotel"
      }
    },
    {
      "type": "Feature",
      "geometry": {
        "type": "Point",
        "coordinates": [
          18.6931439,
          49.5465902
        ]
      },
      "properties": {
        "id": 1761799816,
        "osm_type": "node",
        "name": "Pension Lomná",
        "tourism": "hotel"
      }
    },
    {
      "type": "Feature",
      "geometry": {
        "type": "Point",
        "coordinates": [
          17.33979,
          50.1023395
        ]
      },
      "properties": {
        "id": 1777821757,
        "osm_type": "node",
        "name": "Pension u Jiřího",
        "tourism": "motel"
      }
    },
    {
      "type": "Feature",
      "geometry": {
        "type": "Point",
        "coordinates": [
          18.4281963,
          49.8659147
        ]
      },
      "properties": {
        "id": 1940046998,
        "osm_type": "node",
        "name": "Hotel Sport",
        "tourism": "hotel",
        "website": "https://www.hotelsport-orlova.cz/"
      }
    },
    {
      "type": "Feature",
      "geometry": {
        "type": "Point",
        "coordinates": [
          17.7345362,
          49.7188399
        ]
      },
      "properties": {
        "id": 1968942534,
        "osm_type": "node",
        "name": "Hotel Maria Skála",
        "tourism": "hotel",
        "phone": "+420602128231",
        "website": "https://hotel-u-maria-skaly.eatbu.com"
      }
    },
    {
      "type": "Feature",
      "geometry": {
        "type": "Point",
        "coordinates": [
          17.8849143,
          49.9497093
        ]
      },
      "properties": {
        "id": 2012922549,
        "osm_type": "node",
        "name": "Hotel Opava",
        "tourism": "hotel"
      }
    },
    {
      "type": "Feature",
      "geometry": {
        "type": "Point",
        "coordinates": [
          18.2707642,
          49.8502449
        ]
      },
      "properties": {
        "id": 2106999102,
        "osm_type": "node",
        "name": "Hotel Max Šimek",
        "tourism": "hotel",
        "website": "https://www.hotelmax-ostrava.com/"
      }
    },
    {
      "type": "Feature",
      "geometry": {
        "type": "Point",
        "coordinates": [
          18.2730752,
          49.6367859
        ]
      },
      "properties": {
        "id": 2107986087,
        "osm_type": "node",
        "name": "Palkovické Hůrky",
        "tourism": "chalet",
        "website": "http://rekreace-palkovice.haul.cz"
      }
    },
    {
      "type": "Feature",
      "geometry": {
        "type": "Point",
        "coordinates": [
          18.314085,
          49.6652094
        ]
      },
      "properties": {
        "id": 2108523315,
        "osm_type": "node",
        "name": "Hotel Terasa",
        "tourism": "hotel",
        "phone": "+420 558 640 901",
        "website": "http://hotelterasa.eu/"
      }
    },
    {
      "type": "Feature",
      "geometry": {
        "type": "Point",
        "coordinates": [
          18.3206341,
          49.6509957
        ]
      },
      "properties": {
        "id": 2116671371,
        "osm_type": "node",
        "name": "Family Park Olešná",
        "tourism": "guest_house"
      }
    },
    {
      "type": "Feature",
      "geometry": {
        "type": "Point",
        "coordinates": [
          17.6971717,
          50.0893387
        ]
      },
      "properties": {
        "id": 2121368292,
        "osm_type": "node",
        "name": "Hotel Praha",
        "tourism": "hotel"
      }
    },
    {
      "type": "Feature",
      "geometry": {
        "type": "Point",
        "coordinates": [
          17.6881755,
          50.0917823
        ]
      },
      "properties": {
        "id": 2121368294,
        "osm_type": "node",
        "name": "Eso",
        "tourism": "motel"
      }
    },
    {
      "type": "Feature",
      "geometry": {
        "type": "Point",
        "coordinates": [
          18.3495651,
          49.6794992
        ]
      },
      "properties": {
        "id": 2124228814,
        "osm_type": "node",
        "name": "Hotel Plzeňský Dvůr",
        "tourism": "hotel",
        "phone": "+420 601 339 335",
        "website": "https://www.plzensky-dvur.cz/"
      }
    },
    {
      "type": "Feature",
      "geometry": {
        "type": "Point",
        "coordinates": [
          18.3408578,
          49.6766613
        ]
      },
      "properties": {
        "id": 2138925480,
        "osm_type": "node",
        "name": "Stará pošta",
        "tourism": "guest_house"
      }
    },
    {
      "type": "Feature",
      "geometry": {
        "type": "Point",
        "coordinates": [
          17.7059375,
          50.0911288
        ]
      },
      "properties": {
        "id": 2146331134,
        "osm_type": "node",
        "name": "Hotel Steiger",
        "tourism": "hotel",
        "check_date": "2024-11-03"
      }
    },
    {
      "type": "Feature",
      "geometry": {
        "type": "Point",
        "coordinates": [
          18.1892129,
          49.8972892
        ]
      },
      "properties": {
        "id": 2244707303,
        "osm_type": "node",
        "name": "Svatý Florian",
        "tourism": "guest_house",
        "opening_hours": "Mo-Sa 11:00-22:00; Su 11:00-18:00",
        "contact:website": "http://www.pension-florian.cz/"
      }
    },
    {
      "type": "Feature",
      "geometry": {
        "type": "Point",
        "coordinates": [
          18.0304716,
          49.8607671
        ]
      },
      "properties": {
        "id": 2245000299,
        "osm_type": "node",
        "name": "Letní tábor",
        "tourism": "camp_site"
      }
    },
    {
      "type": "Feature",
      "geometry": {
        "type": "Point",
        "coordinates": [
          18.3656768,
          49.9092403
        ]
      },
      "properties": {
        "id": 2274972389,
        "osm_type": "node",
        "name": "Penzion ve věži",
        "tourism": "guest_house",
        "phone": "+420 596 092 310",
        "website": "https://www.bospor.info/cz/penzion-ve-vezi/"
      }
    },
    {
      "type": "Feature",
      "geometry": {
        "type": "Point",
        "coordinates": [
          18.3881254,
          49.5622799
        ]
      },
      "properties": {
        "id": 2276193614,
        "osm_type": "node",
        "name": "Penzion Marta",
        "tourism": "guest_house"
      }
    },
    {
      "type": "Feature",
      "geometry": {
        "type": "Point",
        "coordinates": [
          18.3915557,
          49.5532222
        ]
      },
      "properties": {
        "id": 2276226721,
        "osm_type": "node",
        "name": "Chata Ostrá",
        "tourism": "guest_house"
      }
    },
    {
      "type": "Feature",
      "geometry": {
        "type": "Point",
        "coordinates": [
          17.7201319,
          50.0796647
        ]
      },
      "properties": {
        "id": 2294869401,
        "osm_type": "node",
        "name": "Hotel Cvilín",
        "tourism": "hotel"
      }
    },
    {
      "type": "Feature",
      "geometry": {
        "type": "Point",
        "coordinates": [
          18.16926,
          49.8968629
        ]
      },
      "properties": {
        "id": 2295977355,
        "osm_type": "node",
        "name": "Camping Hlucin",
        "tourism": "camp_site",
        "tents": "yes",
        "phone": "+420 595 043 677",
        "website": "https://www.sak-hlucin.cz/cs/sport-a-relaxace/autocamp/a-891/"
      }
    },
    {
      "type": "Feature",
      "geometry": {
        "type": "Point",
        "coordinates": [
          18.6731616,
          49.6725599
        ]
      },
      "properties": {
        "id": 2301725478,
        "osm_type": "node",
        "name": "Pod břehem - hotel Třinec",
        "tourism": "hotel"
      }
    },
    {
      "type": "Feature",
      "geometry": {
        "type": "Point",
        "coordinates": [
          17.1876873,
          49.8634327
        ]
      },
      "properties": {
        "id": 2381602870,
        "osm_type": "node",
        "name": "Pod Křížovým vrchem",
        "tourism": "guest_house"
      }
    },
    {
      "type": "Feature",
      "geometry": {
        "type": "Point",
        "coordinates": [
          18.1510314,
          49.6371683
        ]
      },
      "properties": {
        "id": 2391683668,
        "osm_type": "node",
        "name": "Autocamp RICCO",
        "tourism": "caravan_site",
        "opening_hours": "May-Sep: Mo-Su 09:00-22:00",
        "tents": "yes",
        "phone": "+420777100007",
        "website": "http://www.koupaliste.cz"
      }
    },
    {
      "type": "Feature",
      "geometry": {
        "type": "Point",
        "coordinates": [
          17.6397625,
          49.790341
        ]
      },
      "properties": {
        "id": 2392510767,
        "osm_type": "node",
        "name": "Ranch Modrá laguna",
        "tourism": "guest_house"
      }
    },
    {
      "type": "Feature",
      "geometry": {
        "type": "Point",
        "coordinates": [
          17.6359458,
          49.7908845
        ]
      },
      "properties": {
        "id": 2392626795,
        "osm_type": "node",
        "name": "Autokemp Budišov n.B.",
        "tourism": "camp_site"
      }
    },
    {
      "type": "Feature",
      "geometry": {
        "type": "Point",
        "coordinates": [
          18.6186808,
          49.554289
        ]
      },
      "properties": {
        "id": 2399804161,
        "osm_type": "node",
        "name": "Kolářova chata Slavíč",
        "tourism": "hotel",
        "opening_hours": "Mo-Su off",
        "website": "https://www.kolarovachata.cz/"
      }
    },
    {
      "type": "Feature",
      "geometry": {
        "type": "Point",
        "coordinates": [
          18.4225379,
          49.7871231
        ]
      },
      "properties": {
        "id": 2406623873,
        "osm_type": "node",
        "name": "Boršičanka",
        "tourism": "motel"
      }
    },
    {
      "type": "Feature",
      "geometry": {
        "type": "Point",
        "coordinates": [
          18.4142767,
          49.7875699
        ]
      },
      "properties": {
        "id": 2406624555,
        "osm_type": "node",
        "tourism": "motel"
      }
    },
    {
      "type": "Feature",
      "geometry": {
        "type": "Point",
        "coordinates": [
          17.7159691,
          50.2704369
        ]
      },
      "properties": {
        "id": 2407209652,
        "osm_type": "node",
        "name": "Autocamp",
        "tourism": "camp_site",
        "tents": "yes"
      }
    },
    {
      "type": "Feature",
      "geometry": {
        "type": "Point",
        "coordinates": [
          18.4122292,
          49.5739369
        ]
      },
      "properties": {
        "id": 2416635116,
        "osm_type": "node",
        "name": "Hotel KAM Malenovice",
        "tourism": "hotel",
        "website": "http://www.kam.cz",
        "check_date": "2024-06-07"
      }
    },
    {
      "type": "Feature",
      "geometry": {
        "type": "Point",
        "coordinates": [
          18.050508,
          49.7071157
        ]
      },
      "properties": {
        "id": 2422624998,
        "osm_type": "node",
        "name": "Hotel Vagónka",
        "tourism": "hotel",
        "phone": "+ 420 721 682 530",
        "website": "http://www.hotel-vagonka.cz"
      }
    },
    {
      "type": "Feature",
      "geometry": {
        "type": "Point",
        "coordinates": [
          18.0696724,
          49.7072045
        ]
      },
      "properties": {
        "id": 2422629065,
        "osm_type": "node",
        "name": "Penzion Krásná Marie",
        "tourism": "guest_house",
        "phone": "+420 552 302 770",
        "website": "http://www.krasnamarie.cz"
      }
    },
    {
      "type": "Feature",
      "geometry": {
        "type": "Point",
        "coordinates": [
          18.7813546,
          49.5262181
        ]
      },
      "properties": {
        "id": 2423194881,
        "osm_type": "node",
        "name": "Horská chata Studeničné",
        "tourism": "alpine_hut",
        "phone": "+420 558 367 600;+420 721 704 410",
        "website": "https://www.chatastudenicne.com/"
      }
    },
    {
      "type": "Feature",
      "geometry": {
        "type": "Point",
        "coordinates": [
          18.8004064,
          49.5296188
        ]
      },
      "properties": {
        "id": 2423194887,
        "osm_type": "node",
        "name": "chata Gírová",
        "tourism": "alpine_hut",
        "opening_hours": "Mo off",
        "phone": "+420 558 367 724;+420 606 604 896",
        "website": "http://www.chatagirova.cz/"
      }
    },
    {
      "type": "Feature",
      "geometry": {
        "type": "Point",
        "coordinates": [
          17.7155739,
          50.270128
        ]
      },
      "properties": {
        "id": 2423218758,
        "osm_type": "node",
        "name": "Kemp Osoblaha",
        "tourism": "caravan_site"
      }
    },
    {
      "type": "Feature",
      "geometry": {
        "type": "Point",
        "coordinates": [
          18.5224151,
          49.4526272
        ]
      },
      "properties": {
        "id": 2425927243,
        "osm_type": "node",
        "tourism": "guest_house"
      }
    },
    {
      "type": "Feature",
      "geometry": {
        "type": "Point",
        "coordinates": [
          18.5430072,
          49.4746695
        ]
      },
      "properties": {
        "id": 2425927285,
        "osm_type": "node",
        "name": "Doroťanka",
        "tourism": "alpine_hut",
        "website": "http://www.dorotanka.cz/"
      }
    },
    {
      "type": "Feature",
      "geometry": {
        "type": "Point",
        "coordinates": [
          17.2765803,
          49.853383
        ]
      },
      "properties": {
        "id": 2431857178,
        "osm_type": "node",
        "name": "Penzion Sova",
        "tourism": "guest_house",
        "phone": "+420 606 265 263; +420 554 295 114",
        "website": "http://www.sova.unas.cz"
      }
    },
    {
      "type": "Feature",
      "geometry": {
        "type": "Point",
        "coordinates": [
          18.0503308,
          49.7073369
        ]
      },
      "properties": {
        "id": 2440804422,
        "osm_type": "node",
        "name": "Hotýlek & Café Antler",
        "tourism": "hotel",
        "phone": "+420 605 297 790"
      }
    },
    {
      "type": "Feature",
      "geometry": {
        "type": "Point",
        "coordinates": [
          18.2882156,
          49.8399425
        ]
      },
      "properties": {
        "id": 2440817664,
        "osm_type": "node",
        "name": "Hotel Maria",
        "tourism": "hotel"
      }
    },
    {
      "type": "Feature",
      "geometry": {
        "type": "Point",
        "coordinates": [
          18.1411743,
          49.5987084
        ]
      },
      "properties": {
        "id": 2452080240,
        "osm_type": "node",
        "name": "Penzion pod Bílou horou",
        "tourism": "hotel",
        "website": "https://www.ubytovani-beskydy-koprivnice.cz/"
      }
    },
    {
      "type": "Feature",
      "geometry": {
        "type": "Point",
        "coordinates": [
          18.416435,
          49.8107236
        ]
      },
      "properties": {
        "id": 2462217616,
        "osm_type": "node",
        "name": "U Jelena",
        "tourism": "hotel",
        "phone": "+420 608 751 517",
        "website": "https://www.ujelena.cz/"
      }
    },
    {
      "type": "Feature",
      "geometry": {
        "type": "Point",
        "coordinates": [
          18.1432791,
          49.6391247
        ]
      },
      "properties": {
        "id": 2529399025,
        "osm_type": "node",
        "name": "U Náměstí",
        "tourism": "guest_house"
      }
    },
    {
      "type": "Feature",
      "geometry": {
        "type": "Point",
        "coordinates": [
          18.1457972,
          49.6420106
        ]
      },
      "properties": {
        "id": 2529399028,
        "osm_type": "node",
        "name": "St. Florian",
        "tourism": "guest_house",
        "phone": "+420 603 952 065",
        "website": "https://stflorian-cz.webnode.cz"
      }
    },
    {
      "type": "Feature",
      "geometry": {
        "type": "Point",
        "coordinates": [
          18.1425947,
          49.6375924
        ]
      },
      "properties": {
        "id": 2529399036,
        "osm_type": "node",
        "name": "U Nádraží",
        "tourism": "hotel"
      }
    },
    {
      "type": "Feature",
      "geometry": {
        "type": "Point",
        "coordinates": [
          18.1511241,
          49.6436726
        ]
      },
      "properties": {
        "id": 2529399043,
        "osm_type": "node",
        "name": "JAAL",
        "tourism": "guest_house"
      }
    },
    {
      "type": "Feature",
      "geometry": {
        "type": "Point",
        "coordinates": [
          18.1418291,
          49.6403173
        ]
      },
      "properties": {
        "id": 2529420565,
        "osm_type": "node",
        "name": "Siesta",
        "tourism": "guest_house",
        "check_date": "2024-05-23"
      }
    },
    {
      "type": "Feature",
      "geometry": {
        "type": "Point",
        "coordinates": [
          18.148626,
          49.6412962
        ]
      },
      "properties": {
        "id": 2529420566,
        "osm_type": "node",
        "name": "Ricco",
        "tourism": "guest_house"
      }
    },
    {
      "type": "Feature",
      "geometry": {
        "type": "Point",
        "coordinates": [
          18.1336737,
          49.6555412
        ]
      },
      "properties": {
        "id": 2529420567,
        "osm_type": "node",
        "name": "Daily",
        "tourism": "guest_house"
      }
    },
    {
      "type": "Feature",
      "geometry": {
        "type": "Point",
        "coordinates": [
          18.1401267,
          49.6407614
        ]
      },
      "properties": {
        "id": 2529420568,
        "osm_type": "node",
        "name": "Freudův sen",
        "tourism": "guest_house",
        "check_date": "2024-05-23"
      }
    },
    {
      "type": "Feature",
      "geometry": {
        "type": "Point",
        "coordinates": [
          18.1617004,
          49.6403579
        ]
      },
      "properties": {
        "id": 2529420569,
        "osm_type": "node",
        "name": "U Čechů",
        "tourism": "guest_house"
      }
    },
    {
      "type": "Feature",
      "geometry": {
        "type": "Point",
        "coordinates": [
          18.14342,
          49.6409145
        ]
      },
      "properties": {
        "id": 2529420570,
        "osm_type": "node",
        "name": "Oáza",
        "tourism": "hostel"
      }
    },
    {
      "type": "Feature",
      "geometry": {
        "type": "Point",
        "coordinates": [
          17.3607364,
          50.0631306
        ]
      },
      "properties": {
        "id": 2598804305,
        "osm_type": "node",
        "name": "Paramon",
        "tourism": "hotel",
        "website": "https://www.paramon.cz/",
        "check_date": "2025-07-30"
      }
    },
    {
      "type": "Feature",
      "geometry": {
        "type": "Point",
        "coordinates": [
          17.3563,
          50.062466
        ]
      },
      "properties": {
        "id": 2598804306,
        "osm_type": "node",
        "name": "Hotel Holzberg",
        "tourism": "hotel",
        "phone": "+420 722 175 749",
        "website": "https://www.holzberg-jeseniky.cz/",
        "check_date": "2025-07-31"
      }
    },
    {
      "type": "Feature",
      "geometry": {
        "type": "Point",
        "coordinates": [
          17.3903972,
          50.0597146
        ]
      },
      "properties": {
        "id": 2613444685,
        "osm_type": "node",
        "name": "Anděl",
        "tourism": "hotel",
        "phone": "+420554737114",
        "website": "https://hotelandel.info/"
      }
    },
    {
      "type": "Feature",
      "geometry": {
        "type": "Point",
        "coordinates": [
          17.8390803,
          49.6931486
        ]
      },
      "properties": {
        "id": 2675010816,
        "osm_type": "node",
        "name": "Hotel Heipark Tošovice",
        "tourism": "hotel",
        "phone": "+420 734 684 476",
        "website": "https://www.heipark.cz/"
      }
    },
    {
      "type": "Feature",
      "geometry": {
        "type": "Point",
        "coordinates": [
          17.964852,
          49.5779031
        ]
      },
      "properties": {
        "id": 2677205957,
        "osm_type": "node",
        "name": "Zámeček pod Hradem",
        "tourism": "hotel",
        "phone": "+420 606 818 616",
        "website": "https://www.zamecek-hotel.cz/"
      }
    },
    {
      "type": "Feature",
      "geometry": {
        "type": "Point",
        "coordinates": [
          17.9690463,
          49.5779195
        ]
      },
      "properties": {
        "id": 2677217413,
        "osm_type": "node",
        "name": "Motorest Starý Jičín",
        "tourism": "motel",
        "phone": "+420 774 745 555",
        "website": "https://www.motoreststaryjicin.cz/"
      }
    },
    {
      "type": "Feature",
      "geometry": {
        "type": "Point",
        "coordinates": [
          18.3269967,
          49.6876702
        ]
      },
      "properties": {
        "id": 2718592193,
        "osm_type": "node",
        "name": "Rezidence Sviadnov",
        "tourism": "guest_house",
        "website": "http://www.ubytovanifm.cz/"
      }
    },
    {
      "type": "Feature",
      "geometry": {
        "type": "Point",
        "coordinates": [
          18.0296898,
          49.9330873
        ]
      },
      "properties": {
        "id": 2744946370,
        "osm_type": "node",
        "name": "Hotel Buly Aréna",
        "tourism": "hotel"
      }
    },
    {
      "type": "Feature",
      "geometry": {
        "type": "Point",
        "coordinates": [
          18.0002431,
          49.929943
        ]
      },
      "properties": {
        "id": 2752822974,
        "osm_type": "node",
        "tourism": "hotel"
      }
    },
    {
      "type": "Feature",
      "geometry": {
        "type": "Point",
        "coordinates": [
          18.1985552,
          49.8368154
        ]
      },
      "properties": {
        "id": 2769817328,
        "osm_type": "node",
        "name": "Třebovický mlýn",
        "tourism": "hotel",
        "website": "https://www.trebovickymlyn.cz/"
      }
    },
    {
      "type": "Feature",
      "geometry": {
        "type": "Point",
        "coordinates": [
          18.720299,
          49.6398586
        ]
      },
      "properties": {
        "id": 2791132452,
        "osm_type": "node",
        "name": "Penzion Stadion",
        "tourism": "guest_house",
        "website": "http://www.penzion-stadion.cz/ubytovani/"
      }
    },
    {
      "type": "Feature",
      "geometry": {
        "type": "Point",
        "coordinates": [
          17.7978948,
          49.6855555
        ]
      },
      "properties": {
        "id": 2811982277,
        "osm_type": "node",
        "name": "Vodní mlýn Wesselsky",
        "tourism": "hostel",
        "phone": "+420 602 739 508",
        "website": "https://www.vodnimlyn.cz/view.php?cisloclanku=2010020002"
      }
    },
    {
      "type": "Feature",
      "geometry": {
        "type": "Point",
        "coordinates": [
          17.7979972,
          49.6855965
        ]
      },
      "properties": {
        "id": 2811982278,
        "osm_type": "node",
        "name": "Vodní mlýn Wesselsky",
        "tourism": "apartment",
        "contact:phone": "+420 602 739 508;+420 723 588 994",
        "contact:website": "http://www.vodnimlyn.cz/view.php?cisloclanku=2010020003"
      }
    },
    {
      "type": "Feature",
      "geometry": {
        "type": "Point",
        "coordinates": [
          17.827225,
          49.6620514
        ]
      },
      "properties": {
        "id": 2813175634,
        "osm_type": "node",
        "tourism": "hotel"
      }
    },
    {
      "type": "Feature",
      "geometry": {
        "type": "Point",
        "coordinates": [
          18.3539247,
          49.5315615
        ]
      },
      "properties": {
        "id": 2892310551,
        "osm_type": "node",
        "name": "Obora",
        "tourism": "guest_house",
        "website": "http://www.penzion-obora.cz/"
      }
    },
    {
      "type": "Feature",
      "geometry": {
        "type": "Point",
        "coordinates": [
          18.0869099,
          49.6579018
        ]
      },
      "properties": {
        "id": 2937892330,
        "osm_type": "node",
        "tourism": "motel"
      }
    },
    {
      "type": "Feature",
      "geometry": {
        "type": "Point",
        "coordinates": [
          18.515104,
          49.6011346
        ]
      },
      "properties": {
        "id": 2939687353,
        "osm_type": "node",
        "name": "Hotel Morávka",
        "tourism": "hotel",
        "website": "http://www.hotel-moravka.cz/"
      }
    },
    {
      "type": "Feature",
      "geometry": {
        "type": "Point",
        "coordinates": [
          18.5279862,
          49.5908402
        ]
      },
      "properties": {
        "id": 2942720583,
        "osm_type": "node",
        "name": "Ubytování Partizán",
        "tourism": "guest_house",
        "website": "https://www.partyzanmoravka.cz/"
      }
    },
    {
      "type": "Feature",
      "geometry": {
        "type": "Point",
        "coordinates": [
          18.5365677,
          49.5846841
        ]
      },
      "properties": {
        "id": 2946494596,
        "osm_type": "node",
        "name": "Penzion u přehrady",
        "tourism": "hotel",
        "phone": "+420 606 862 947",
        "website": "https://www.uprehrady.cz/"
      }
    },
    {
      "type": "Feature",
      "geometry": {
        "type": "Point",
        "coordinates": [
          17.9722375,
          49.6154537
        ]
      },
      "properties": {
        "id": 2946555238,
        "osm_type": "node",
        "name": "Salaš",
        "tourism": "hotel",
        "phone": "+420556708880",
        "website": "https://www.hotel-salas.cz/"
      }
    },
    {
      "type": "Feature",
      "geometry": {
        "type": "Point",
        "coordinates": [
          18.5224925,
          49.5949306
        ]
      },
      "properties": {
        "id": 2946594123,
        "osm_type": "node",
        "name": "Morávka Mountain Resort",
        "tourism": "hotel",
        "website": "http://www.moravka.com/"
      }
    },
    {
      "type": "Feature",
      "geometry": {
        "type": "Point",
        "coordinates": [
          18.6013427,
          49.6969566
        ]
      },
      "properties": {
        "id": 2960117857,
        "osm_type": "node",
        "name": "Penzion Mlýn",
        "tourism": "guest_house",
        "opening_hours": "by_appointment",
        "phone": "+420606674971",
        "website": "https://www.mlynropice.cz/"
      }
    },
    {
      "type": "Feature",
      "geometry": {
        "type": "Point",
        "coordinates": [
          18.5716089,
          49.6408162
        ]
      },
      "properties": {
        "id": 2993586073,
        "osm_type": "node",
        "name": "Hotel Řeka",
        "tourism": "hotel",
        "website": "http://www.hotelreka.cz/"
      }
    },
    {
      "type": "Feature",
      "geometry": {
        "type": "Point",
        "coordinates": [
          18.4905923,
          49.798601
        ]
      },
      "properties": {
        "id": 3009477727,
        "osm_type": "node",
        "name": "Country Motorest",
        "tourism": "motel"
      }
    },
    {
      "type": "Feature",
      "geometry": {
        "type": "Point",
        "coordinates": [
          18.0224605,
          49.5873495
        ]
      },
      "properties": {
        "id": 3025772836,
        "osm_type": "node",
        "name": "Relaxační centrum U-rybničku",
        "tourism": "chalet"
      }
    },
    {
      "type": "Feature",
      "geometry": {
        "type": "Point",
        "coordinates": [
          18.7185837,
          49.6357127
        ]
      },
      "properties": {
        "id": 3032107502,
        "osm_type": "node",
        "name": "Penzion Doktor",
        "tourism": "guest_house",
        "phone": "558 353 372, 605 283 866",
        "website": "http://www.penziondoktor.cz/info.html",
        "check_date": "2026-04-02"
      }
    },
    {
      "type": "Feature",
      "geometry": {
        "type": "Point",
        "coordinates": [
          18.0043592,
          49.5856687
        ]
      },
      "properties": {
        "id": 3083661579,
        "osm_type": "node",
        "name": "Penzion Bocheta",
        "tourism": "hotel",
        "website": "https://www.penzionbocheta.cz/",
        "check_date": "2025-09-08"
      }
    },
    {
      "type": "Feature",
      "geometry": {
        "type": "Point",
        "coordinates": [
          18.0113491,
          49.5955334
        ]
      },
      "properties": {
        "id": 3083665708,
        "osm_type": "node",
        "name": "Penzion a Kavarna u Holubu",
        "tourism": "hotel",
        "website": "http://www.penzionuholubu.infomorava.cz/"
      }
    },
    {
      "type": "Feature",
      "geometry": {
        "type": "Point",
        "coordinates": [
          18.2363112,
          49.7347048
        ]
      },
      "properties": {
        "id": 3089574608,
        "osm_type": "node",
        "name": "Šindlerův dvůr",
        "tourism": "guest_house",
        "website": "http://www.sindleruvdvur.cz"
      }
    },
    {
      "type": "Feature",
      "geometry": {
        "type": "Point",
        "coordinates": [
          17.4817551,
          50.252523
        ]
      },
      "properties": {
        "id": 3097363903,
        "osm_type": "node",
        "name": "Farma Foltis",
        "tourism": "guest_house"
      }
    },
    {
      "type": "Feature",
      "geometry": {
        "type": "Point",
        "coordinates": [
          17.5226378,
          50.253067
        ]
      },
      "properties": {
        "id": 3145268443,
        "osm_type": "node",
        "name": "Penzion Eden",
        "tourism": "guest_house",
        "opening_hours": "Su-Th 11:00-21:00; Fr,Sa 11:00-22:00",
        "contact:website": "http://www.penziony.cz/jindrichov/penzion-eden/"
      }
    },
    {
      "type": "Feature",
      "geometry": {
        "type": "Point",
        "coordinates": [
          17.5376605,
          50.2493931
        ]
      },
      "properties": {
        "id": 3145268445,
        "osm_type": "node",
        "name": "Vilka Anna",
        "tourism": "guest_house",
        "contact:website": "http://www.vilka-anna.wz.cz/"
      }
    },
    {
      "type": "Feature",
      "geometry": {
        "type": "Point",
        "coordinates": [
          17.7879354,
          49.6948937
        ]
      },
      "properties": {
        "id": 3197423185,
        "osm_type": "node",
        "name": "Penzion U zvoničky",
        "tourism": "guest_house"
      }
    },
    {
      "type": "Feature",
      "geometry": {
        "type": "Point",
        "coordinates": [
          17.7329476,
          49.7194248
        ]
      },
      "properties": {
        "id": 3197742093,
        "osm_type": "node",
        "name": "u Maria skály",
        "tourism": "camp_site"
      }
    },
    {
      "type": "Feature",
      "geometry": {
        "type": "Point",
        "coordinates": [
          18.4657391,
          49.7721026
        ]
      },
      "properties": {
        "id": 3233878473,
        "osm_type": "node",
        "name": "Restaurace a penzion U Lesa",
        "tourism": "guest_house",
        "phone": "+420 732 595 205",
        "website": "https://www.booking.com/hotel/cz/restaurace-a-penzion-u-lesa.cs.html"
      }
    },
    {
      "type": "Feature",
      "geometry": {
        "type": "Point",
        "coordinates": [
          18.415101,
          49.7873867
        ]
      },
      "properties": {
        "id": 3235122265,
        "osm_type": "node",
        "name": "Zámek Havířov",
        "tourism": "hotel",
        "website": "http://hotelzamek.cz/"
      }
    },
    {
      "type": "Feature",
      "geometry": {
        "type": "Point",
        "coordinates": [
          18.5166759,
          49.651766
        ]
      },
      "properties": {
        "id": 3260496270,
        "osm_type": "node",
        "name": "Koliba",
        "tourism": "guest_house",
        "website": "http://www.restauracekoliba.cz"
      }
    },
    {
      "type": "Feature",
      "geometry": {
        "type": "Point",
        "coordinates": [
          17.9364792,
          49.6474844
        ]
      },
      "properties": {
        "id": 3270998806,
        "osm_type": "node",
        "name": "Penzion Poodří",
        "tourism": "guest_house",
        "website": "https://www.suchdol-nad-odrou.cz/index.php?option=com_content&view=article&id=583:penzion-poodri&cati"
      }
    },
    {
      "type": "Feature",
      "geometry": {
        "type": "Point",
        "coordinates": [
          18.00299,
          49.6077561
        ]
      },
      "properties": {
        "id": 3324207861,
        "osm_type": "node",
        "name": "McLimon",
        "tourism": "hotel",
        "website": "http://mclimon.cz"
      }
    },
    {
      "type": "Feature",
      "geometry": {
        "type": "Point",
        "coordinates": [
          17.9965227,
          49.612816
        ]
      },
      "properties": {
        "id": 3324846843,
        "osm_type": "node",
        "name": "Na Fojství",
        "tourism": "hostel",
        "website": "http://ubytovaninj.cz"
      }
    },
    {
      "type": "Feature",
      "geometry": {
        "type": "Point",
        "coordinates": [
          18.3298104,
          49.8418446
        ]
      },
      "properties": {
        "id": 3329035066,
        "osm_type": "node",
        "name": "Studentská Residence Slezská, a.s.",
        "tourism": "hostel",
        "phone": "+420555558231",
        "website": "http://www.koleje-slezska.cz/"
      }
    },
    {
      "type": "Feature",
      "geometry": {
        "type": "Point",
        "coordinates": [
          18.3600778,
          49.588088
        ]
      },
      "properties": {
        "id": 3350552268,
        "osm_type": "node",
        "name": "Babí vrch",
        "tourism": "guest_house",
        "website": "https://www.babivrch.cz/"
      }
    },
    {
      "type": "Feature",
      "geometry": {
        "type": "Point",
        "coordinates": [
          18.3591841,
          49.5928591
        ]
      },
      "properties": {
        "id": 3350552272,
        "osm_type": "node",
        "name": "penzion Merlin",
        "tourism": "guest_house",
        "phone": "+420 604 45 45 66",
        "website": "https://penzionmerlin.cz/"
      }
    },
    {
      "type": "Feature",
      "geometry": {
        "type": "Point",
        "coordinates": [
          18.3595057,
          49.593565
        ]
      },
      "properties": {
        "id": 3351384837,
        "osm_type": "node",
        "name": "Hotel Beskyd",
        "tourism": "hotel",
        "website": "http://www.hotel-beskyd.cz"
      }
    },
    {
      "type": "Feature",
      "geometry": {
        "type": "Point",
        "coordinates": [
          18.2664794,
          49.8145708
        ]
      },
      "properties": {
        "id": 3351862126,
        "osm_type": "node",
        "name": "Veronika",
        "tourism": "hotel"
      }
    },
    {
      "type": "Feature",
      "geometry": {
        "type": "Point",
        "coordinates": [
          18.3916462,
          49.5321492
        ]
      },
      "properties": {
        "id": 3362282093,
        "osm_type": "node",
        "name": "Penzion Florián",
        "tourism": "guest_house",
        "website": "http://www.rsskalka.cz"
      }
    },
    {
      "type": "Feature",
      "geometry": {
        "type": "Point",
        "coordinates": [
          18.535223,
          49.6446225
        ]
      },
      "properties": {
        "id": 3377649954,
        "osm_type": "node",
        "name": "Rodinný turistický hotel Säntis",
        "tourism": "hotel",
        "website": "https://www.santishotel.cz/"
      }
    },
    {
      "type": "Feature",
      "geometry": {
        "type": "Point",
        "coordinates": [
          18.2750963,
          49.8507305
        ]
      },
      "properties": {
        "id": 3448195051,
        "osm_type": "node",
        "name": "city-city",
        "tourism": "hotel",
        "website": "https://www.city-city.cz/"
      }
    },
    {
      "type": "Feature",
      "geometry": {
        "type": "Point",
        "coordinates": [
          17.5871151,
          50.1621396
        ]
      },
      "properties": {
        "id": 3506418510,
        "osm_type": "node",
        "name": "Penzion Marie",
        "tourism": "guest_house",
        "phone": "+420602527507",
        "website": "http://www.penzion-marie-albrechtice.cz"
      }
    },
    {
      "type": "Feature",
      "geometry": {
        "type": "Point",
        "coordinates": [
          18.3520778,
          49.6861818
        ]
      },
      "properties": {
        "id": 3514880220,
        "osm_type": "node",
        "name": "Hotel Afrika",
        "tourism": "hotel",
        "phone": "+420 595 534 800; +420 723 607 792",
        "website": "https://www.hotel-afrika.cz/"
      }
    },
    {
      "type": "Feature",
      "geometry": {
        "type": "Point",
        "coordinates": [
          18.1434164,
          49.8966993
        ]
      },
      "properties": {
        "id": 3539599610,
        "osm_type": "node",
        "name": "Kamenec",
        "tourism": "guest_house",
        "phone": "+420 731 533 969",
        "website": "https://www.penzionkamenec.cz/"
      }
    },
    {
      "type": "Feature",
      "geometry": {
        "type": "Point",
        "coordinates": [
          18.4028874,
          49.5335776
        ]
      },
      "properties": {
        "id": 3633218343,
        "osm_type": "node",
        "name": "Horský hotel Liptov",
        "tourism": "hotel",
        "phone": "+420 558 682 138",
        "website": "http://www.hotelliptov.wz.cz/"
      }
    },
    {
      "type": "Feature",
      "geometry": {
        "type": "Point",
        "coordinates": [
          18.389972,
          49.5360944
        ]
      },
      "properties": {
        "id": 3633836196,
        "osm_type": "node",
        "name": "Odra",
        "tourism": "hotel",
        "phone": "+420 558 682 287",
        "website": "http://www.hotel-odra.cz"
      }
    },
    {
      "type": "Feature",
      "geometry": {
        "type": "Point",
        "coordinates": [
          18.4050775,
          49.5457842
        ]
      },
      "properties": {
        "id": 3634502480,
        "osm_type": "node",
        "name": "Chata Měsíček",
        "tourism": "chalet",
        "phone": "+420 603 852 100;+420 558 682 282;+420 737 238 388",
        "website": "http://www.chatamesicek.cz/"
      }
    },
    {
      "type": "Feature",
      "geometry": {
        "type": "Point",
        "coordinates": [
          18.4046178,
          49.5454666
        ]
      },
      "properties": {
        "id": 3634502482,
        "osm_type": "node",
        "name": "Penzion Sluníčko",
        "tourism": "guest_house",
        "website": "http://www.slunicko-penzion.cz/1-ubytovani-beskydy"
      }
    },
    {
      "type": "Feature",
      "geometry": {
        "type": "Point",
        "coordinates": [
          18.402101,
          49.5497306
        ]
      },
      "properties": {
        "id": 3634507622,
        "osm_type": "node",
        "tourism": "chalet"
      }
    },
    {
      "type": "Feature",
      "geometry": {
        "type": "Point",
        "coordinates": [
          18.4024597,
          49.5497372
        ]
      },
      "properties": {
        "id": 3634507623,
        "osm_type": "node",
        "tourism": "chalet"
      }
    },
    {
      "type": "Feature",
      "geometry": {
        "type": "Point",
        "coordinates": [
          18.4020117,
          49.5497382
        ]
      },
      "properties": {
        "id": 3634507624,
        "osm_type": "node",
        "tourism": "chalet"
      }
    },
    {
      "type": "Feature",
      "geometry": {
        "type": "Point",
        "coordinates": [
          18.4023745,
          49.5497389
        ]
      },
      "properties": {
        "id": 3634507625,
        "osm_type": "node",
        "tourism": "chalet"
      }
    },
    {
      "type": "Feature",
      "geometry": {
        "type": "Point",
        "coordinates": [
          18.4028183,
          49.5497409
        ]
      },
      "properties": {
        "id": 3634507627,
        "osm_type": "node",
        "tourism": "chalet"
      }
    },
    {
      "type": "Feature",
      "geometry": {
        "type": "Point",
        "coordinates": [
          18.4027275,
          49.5497422
        ]
      },
      "properties": {
        "id": 3634507628,
        "osm_type": "node",
        "tourism": "chalet"
      }
    },
    {
      "type": "Feature",
      "geometry": {
        "type": "Point",
        "coordinates": [
          18.4030826,
          49.5497635
        ]
      },
      "properties": {
        "id": 3634507630,
        "osm_type": "node",
        "tourism": "chalet"
      }
    },
    {
      "type": "Feature",
      "geometry": {
        "type": "Point",
        "coordinates": [
          18.4031713,
          49.5497639
        ]
      },
      "properties": {
        "id": 3634507631,
        "osm_type": "node",
        "tourism": "chalet"
      }
    },
    {
      "type": "Feature",
      "geometry": {
        "type": "Point",
        "coordinates": [
          18.4034371,
          49.5498511
        ]
      },
      "properties": {
        "id": 3634507643,
        "osm_type": "node",
        "tourism": "chalet"
      }
    },
    {
      "type": "Feature",
      "geometry": {
        "type": "Point",
        "coordinates": [
          18.4035223,
          49.5498514
        ]
      },
      "properties": {
        "id": 3634507644,
        "osm_type": "node",
        "tourism": "chalet"
      }
    },
    {
      "type": "Feature",
      "geometry": {
        "type": "Point",
        "coordinates": [
          18.3867167,
          49.5491588
        ]
      },
      "properties": {
        "id": 3634541905,
        "osm_type": "node",
        "tourism": "chalet",
        "website": "http://www.tjsokolostravice.cz/nabidka-ubytovani/"
      }
    },
    {
      "type": "Feature",
      "geometry": {
        "type": "Point",
        "coordinates": [
          18.3865616,
          49.549251
        ]
      },
      "properties": {
        "id": 3634541909,
        "osm_type": "node",
        "tourism": "chalet",
        "website": "http://www.tjsokolostravice.cz/nabidka-ubytovani/"
      }
    },
    {
      "type": "Feature",
      "geometry": {
        "type": "Point",
        "coordinates": [
          18.3864215,
          49.5493212
        ]
      },
      "properties": {
        "id": 3634541911,
        "osm_type": "node",
        "tourism": "chalet",
        "website": "http://www.tjsokolostravice.cz/nabidka-ubytovani/"
      }
    },
    {
      "type": "Feature",
      "geometry": {
        "type": "Point",
        "coordinates": [
          18.3862513,
          49.5494114
        ]
      },
      "properties": {
        "id": 3634541915,
        "osm_type": "node",
        "tourism": "chalet",
        "website": "http://www.tjsokolostravice.cz/nabidka-ubytovani/"
      }
    },
    {
      "type": "Feature",
      "geometry": {
        "type": "Point",
        "coordinates": [
          18.5166815,
          49.8767967
        ]
      },
      "properties": {
        "id": 3635252341,
        "osm_type": "node",
        "name": "Dvůr Olšiny",
        "tourism": "hotel",
        "opening_hours": "Mo-Sa 10:00-22:00; Su 11:00-22:00",
        "phone": "+420 605 446 608;+420 605 149 409;+420 731 407 330",
        "contact:website": "https://www.dvurolsiny.cz/"
      }
    },
    {
      "type": "Feature",
      "geometry": {
        "type": "Point",
        "coordinates": [
          18.4580803,
          49.4438237
        ]
      },
      "properties": {
        "id": 3639549982,
        "osm_type": "node",
        "name": "Hotel Bauer",
        "tourism": "hotel",
        "phone": "+420 602 730 012",
        "website": "https://www.hotelbauer.cz/"
      }
    },
    {
      "type": "Feature",
      "geometry": {
        "type": "Point",
        "coordinates": [
          18.451178,
          49.4421155
        ]
      },
      "properties": {
        "id": 3643417465,
        "osm_type": "node",
        "name": "Chata Bílá",
        "tourism": "alpine_hut",
        "website": "http://www.chatabila.cz"
      }
    },
    {
      "type": "Feature",
      "geometry": {
        "type": "Point",
        "coordinates": [
          18.452066,
          49.4419947
        ]
      },
      "properties": {
        "id": 3643417466,
        "osm_type": "node",
        "name": "Hájenka pod sjezdovkou",
        "tourism": "guest_house"
      }
    },
    {
      "type": "Feature",
      "geometry": {
        "type": "Point",
        "coordinates": [
          18.4458137,
          49.4393228
        ]
      },
      "properties": {
        "id": 3643417478,
        "osm_type": "node",
        "name": "Zámeček",
        "tourism": "guest_house"
      }
    },
    {
      "type": "Feature",
      "geometry": {
        "type": "Point",
        "coordinates": [
          18.4561863,
          49.442923
        ]
      },
      "properties": {
        "id": 3643417479,
        "osm_type": "node",
        "name": "ubytovací zařízení SOŠ Frýdek-Místek",
        "tourism": "chalet",
        "phone": "+420 558 690 105; +420 558 690 237",
        "website": "http://www.bila-sosfm.cz/"
      }
    },
    {
      "type": "Feature",
      "geometry": {
        "type": "Point",
        "coordinates": [
          18.2016818,
          49.8932645
        ]
      },
      "properties": {
        "id": 3648900958,
        "osm_type": "node",
        "name": "Hevil",
        "tourism": "guest_house"
      }
    },
    {
      "type": "Feature",
      "geometry": {
        "type": "Point",
        "coordinates": [
          18.4074591,
          49.4253897
        ]
      },
      "properties": {
        "id": 3649240279,
        "osm_type": "node",
        "name": "Ledovec",
        "tourism": "guest_house",
        "website": "https://www.penzionledovec.cz/"
      }
    },
    {
      "type": "Feature",
      "geometry": {
        "type": "Point",
        "coordinates": [
          18.4035113,
          49.4264491
        ]
      },
      "properties": {
        "id": 3649240282,
        "osm_type": "node",
        "name": "Ondrášův dvůr",
        "tourism": "hotel",
        "phone": "+420 558 690 042",
        "website": "http://www.ondrasuvdvur.cz/"
      }
    },
    {
      "type": "Feature",
      "geometry": {
        "type": "Point",
        "coordinates": [
          18.402316,
          49.4267313
        ]
      },
      "properties": {
        "id": 3649248920,
        "osm_type": "node",
        "tourism": "chalet"
      }
    },
    {
      "type": "Feature",
      "geometry": {
        "type": "Point",
        "coordinates": [
          18.4023401,
          49.4268367
        ]
      },
      "properties": {
        "id": 3649248938,
        "osm_type": "node",
        "tourism": "chalet"
      }
    },
    {
      "type": "Feature",
      "geometry": {
        "type": "Point",
        "coordinates": [
          18.4032858,
          49.4268767
        ]
      },
      "properties": {
        "id": 3649248944,
        "osm_type": "node",
        "tourism": "chalet"
      }
    },
    {
      "type": "Feature",
      "geometry": {
        "type": "Point",
        "coordinates": [
          18.4031056,
          49.4269206
        ]
      },
      "properties": {
        "id": 3649248948,
        "osm_type": "node",
        "tourism": "chalet"
      }
    },
    {
      "type": "Feature",
      "geometry": {
        "type": "Point",
        "coordinates": [
          18.4037555,
          49.4269338
        ]
      },
      "properties": {
        "id": 3649248950,
        "osm_type": "node",
        "tourism": "chalet"
      }
    },
    {
      "type": "Feature",
      "geometry": {
        "type": "Point",
        "coordinates": [
          18.4033982,
          49.4269601
        ]
      },
      "properties": {
        "id": 3649248957,
        "osm_type": "node",
        "tourism": "chalet"
      }
    },
    {
      "type": "Feature",
      "geometry": {
        "type": "Point",
        "coordinates": [
          18.403675,
          49.426972
        ]
      },
      "properties": {
        "id": 3649248958,
        "osm_type": "node",
        "tourism": "chalet"
      }
    },
    {
      "type": "Feature",
      "geometry": {
        "type": "Point",
        "coordinates": [
          18.402726,
          49.4269722
        ]
      },
      "properties": {
        "id": 3649248959,
        "osm_type": "node",
        "tourism": "chalet"
      }
    },
    {
      "type": "Feature",
      "geometry": {
        "type": "Point",
        "coordinates": [
          18.4025138,
          49.4269729
        ]
      },
      "properties": {
        "id": 3649248960,
        "osm_type": "node",
        "tourism": "chalet"
      }
    },
    {
      "type": "Feature",
      "geometry": {
        "type": "Point",
        "coordinates": [
          18.4034799,
          49.4269781
        ]
      },
      "properties": {
        "id": 3649248961,
        "osm_type": "node",
        "tourism": "chalet"
      }
    },
    {
      "type": "Feature",
      "geometry": {
        "type": "Point",
        "coordinates": [
          18.4035851,
          49.4269831
        ]
      },
      "properties": {
        "id": 3649248963,
        "osm_type": "node",
        "tourism": "chalet"
      }
    },
    {
      "type": "Feature",
      "geometry": {
        "type": "Point",
        "coordinates": [
          18.2555149,
          49.8778946
        ]
      },
      "properties": {
        "id": 3664649478,
        "osm_type": "node",
        "name": "AM Caffe",
        "tourism": "guest_house",
        "opening_hours": "Mo-Fr 08:00-22:00; Sa-Su 13:00-22:00",
        "contact:website": "http://www.amcaffe.cz/"
      }
    },
    {
      "type": "Feature",
      "geometry": {
        "type": "Point",
        "coordinates": [
          17.2195066,
          49.880459
        ]
      },
      "properties": {
        "id": 3673946037,
        "osm_type": "node",
        "name": "Penzion Nad Vodopády",
        "tourism": "guest_house",
        "phone": "+420 603 301 535",
        "website": "https://resov.cz/"
      }
    },
    {
      "type": "Feature",
      "geometry": {
        "type": "Point",
        "coordinates": [
          18.5425171,
          49.4984619
        ]
      },
      "properties": {
        "id": 3700174127,
        "osm_type": "node",
        "name": "Sulov",
        "tourism": "alpine_hut",
        "website": "http://www.sulov.info/"
      }
    },
    {
      "type": "Feature",
      "geometry": {
        "type": "Point",
        "coordinates": [
          18.3868787,
          49.5489045
        ]
      },
      "properties": {
        "id": 3782542703,
        "osm_type": "node",
        "tourism": "hostel",
        "website": "http://www.tjsokolostravice.cz/nabidka-ubytovani/"
      }
    },
    {
      "type": "Feature",
      "geometry": {
        "type": "Point",
        "coordinates": [
          18.2243181,
          49.700013
        ]
      },
      "properties": {
        "id": 3823494457,
        "osm_type": "node",
        "name": "Hotel Brušperk",
        "tourism": "hotel",
        "phone": "+420 733 125 270",
        "website": "http://www.hotelbrusperk.cz/"
      }
    },
    {
      "type": "Feature",
      "geometry": {
        "type": "Point",
        "coordinates": [
          17.9759989,
          49.9360523
        ]
      },
      "properties": {
        "id": 3826968667,
        "osm_type": "node",
        "name": "Penzion DARJA",
        "tourism": "hotel"
      }
    },
    {
      "type": "Feature",
      "geometry": {
        "type": "Point",
        "coordinates": [
          17.9767204,
          49.9304291
        ]
      },
      "properties": {
        "id": 3826975396,
        "osm_type": "node",
        "name": "Penzion u Bouchače",
        "tourism": "hotel"
      }
    },
    {
      "type": "Feature",
      "geometry": {
        "type": "Point",
        "coordinates": [
          18.3387441,
          49.7531897
        ]
      },
      "properties": {
        "id": 3850294326,
        "osm_type": "node",
        "tourism": "guest_house"
      }
    },
    {
      "type": "Feature",
      "geometry": {
        "type": "Point",
        "coordinates": [
          18.2528953,
          49.6073772
        ]
      },
      "properties": {
        "id": 3866649142,
        "osm_type": "node",
        "name": "Na Mlýně",
        "tourism": "guest_house"
      }
    },
    {
      "type": "Feature",
      "geometry": {
        "type": "Point",
        "coordinates": [
          18.3359009,
          49.5655904
        ]
      },
      "properties": {
        "id": 3917099904,
        "osm_type": "node",
        "name": "Vlčárna",
        "tourism": "guest_house",
        "opening_hours": "Mo-Su 11:00-22:00",
        "website": "http://www.vlcarna-restaurace.cz/"
      }
    },
    {
      "type": "Feature",
      "geometry": {
        "type": "Point",
        "coordinates": [
          18.3319874,
          49.5147933
        ]
      },
      "properties": {
        "id": 3917217325,
        "osm_type": "node",
        "name": "Chata na Ploštině",
        "tourism": "chalet",
        "phone": "+420 602 325 974",
        "website": "https://chata-skp.webnode.cz/"
      }
    },
    {
      "type": "Feature",
      "geometry": {
        "type": "Point",
        "coordinates": [
          18.2208463,
          49.624108
        ]
      },
      "properties": {
        "id": 3924243294,
        "osm_type": "node",
        "name": "U námořníka",
        "tourism": "guest_house",
        "opening_hours": "Mo-Th 11:00-22:00; Fr,Sa 11:00-23:00; Su 11:00-21:00",
        "website": "https://www.unamornika.com/"
      }
    },
    {
      "type": "Feature",
      "geometry": {
        "type": "Point",
        "coordinates": [
          18.2699241,
          49.8767944
        ]
      },
      "properties": {
        "id": 3925473368,
        "osm_type": "node",
        "name": "Slezská zahrada",
        "tourism": "guest_house"
      }
    },
    {
      "type": "Feature",
      "geometry": {
        "type": "Point",
        "coordinates": [
          18.2837914,
          49.8738102
        ]
      },
      "properties": {
        "id": 3925473372,
        "osm_type": "node",
        "name": "Hotel-ISORA, s.r.o.",
        "tourism": "hotel"
      }
    },
    {
      "type": "Feature",
      "geometry": {
        "type": "Point",
        "coordinates": [
          17.2692876,
          49.9323305
        ]
      },
      "properties": {
        "id": 3931988044,
        "osm_type": "node",
        "name": "Hotel Praděd",
        "tourism": "hotel"
      }
    },
    {
      "type": "Feature",
      "geometry": {
        "type": "Point",
        "coordinates": [
          17.2699661,
          49.9308288
        ]
      },
      "properties": {
        "id": 3931993481,
        "osm_type": "node",
        "name": "Hotel Excelent",
        "tourism": "hotel",
        "website": "http://www.hotelexcelent.cz/hotel/",
        "check_date": "2024-09-10"
      }
    },
    {
      "type": "Feature",
      "geometry": {
        "type": "Point",
        "coordinates": [
          18.5418782,
          49.8539104
        ]
      },
      "properties": {
        "id": 3949880135,
        "osm_type": "node",
        "name": "Apartmany BB",
        "tourism": "guest_house"
      }
    },
    {
      "type": "Feature",
      "geometry": {
        "type": "Point",
        "coordinates": [
          18.6024961,
          49.7345551
        ]
      },
      "properties": {
        "id": 3975808775,
        "osm_type": "node",
        "name": "Pod Zelenou",
        "tourism": "hotel"
      }
    },
    {
      "type": "Feature",
      "geometry": {
        "type": "Point",
        "coordinates": [
          18.1325077,
          49.6223411
        ]
      },
      "properties": {
        "id": 3991005948,
        "osm_type": "node",
        "name": "Villa 603",
        "tourism": "chalet"
      }
    },
    {
      "type": "Feature",
      "geometry": {
        "type": "Point",
        "coordinates": [
          18.5405144,
          49.9032335
        ]
      },
      "properties": {
        "id": 4005982650,
        "osm_type": "node",
        "name": "Dakol",
        "tourism": "hotel"
      }
    },
    {
      "type": "Feature",
      "geometry": {
        "type": "Point",
        "coordinates": [
          18.3676614,
          49.5823673
        ]
      },
      "properties": {
        "id": 4016645385,
        "osm_type": "node",
        "name": "Penzión Harcovna",
        "tourism": "guest_house",
        "phone": "+420 604 825 068",
        "website": "http://www.penzionharcovna.cz"
      }
    },
    {
      "type": "Feature",
      "geometry": {
        "type": "Point",
        "coordinates": [
          18.2466939,
          49.8047912
        ]
      },
      "properties": {
        "id": 4052761444,
        "osm_type": "node",
        "name": "Hotel Puls",
        "tourism": "hotel",
        "contact:website": "http://www.arena-vitkovice.cz/hotel-puls"
      }
    },
    {
      "type": "Feature",
      "geometry": {
        "type": "Point",
        "coordinates": [
          18.2475714,
          49.8266928
        ]
      },
      "properties": {
        "id": 4054373367,
        "osm_type": "node",
        "name": "Hotel Paradise",
        "tourism": "hotel",
        "contact:phone": "+420596626497",
        "contact:website": "http://hotel-ostrava.eu"
      }
    },
    {
      "type": "Feature",
      "geometry": {
        "type": "Point",
        "coordinates": [
          18.4267389,
          49.5612439
        ]
      },
      "properties": {
        "id": 4064069252,
        "osm_type": "node",
        "name": "Jízdárna",
        "tourism": "apartment",
        "website": "https://www.jizdarna-malenovice.cz/"
      }
    },
    {
      "type": "Feature",
      "geometry": {
        "type": "Point",
        "coordinates": [
          17.9921821,
          49.5700642
        ]
      },
      "properties": {
        "id": 4069011359,
        "osm_type": "node",
        "name": "Chata Svinec",
        "tourism": "alpine_hut",
        "opening_hours": "Fr,Sa 10:00-20:00; Su 10:00-18:00",
        "website": "http://www.chatasvinec.cz/"
      }
    },
    {
      "type": "Feature",
      "geometry": {
        "type": "Point",
        "coordinates": [
          18.0083999,
          49.5795355
        ]
      },
      "properties": {
        "id": 4069011363,
        "osm_type": "node",
        "name": "Na Skalkách",
        "tourism": "hotel",
        "opening_hours": "Mo-Th 09:00-23:00; Fr,Sa 09:00-24:00; Su 09:00-22:00",
        "phone": "+420773626408",
        "website": "https://www.hotelnaskalkach.cz/"
      }
    },
    {
      "type": "Feature",
      "geometry": {
        "type": "Point",
        "coordinates": [
          18.4148143,
          49.5833607
        ]
      },
      "properties": {
        "id": 4079806182,
        "osm_type": "node",
        "name": "U Pacošů",
        "tourism": "guest_house",
        "website": "https://www.penzionupacosu.cz/"
      }
    },
    {
      "type": "Feature",
      "geometry": {
        "type": "Point",
        "coordinates": [
          18.763597,
          49.4981727
        ]
      },
      "properties": {
        "id": 4248359864,
        "osm_type": "node",
        "name": "Motorest E75",
        "tourism": "motel",
        "opening_hours": "Mo-Su 10:00-22:00"
      }
    },
    {
      "type": "Feature",
      "geometry": {
        "type": "Point",
        "coordinates": [
          18.253064,
          49.8671655
        ]
      },
      "properties": {
        "id": 4286816792,
        "osm_type": "node",
        "name": "Green Hotel",
        "tourism": "hotel"
      }
    },
    {
      "type": "Feature",
      "geometry": {
        "type": "Point",
        "coordinates": [
          18.4999698,
          49.7516868
        ]
      },
      "properties": {
        "id": 4303788492,
        "osm_type": "node",
        "name": "Kemp Rostislav Rypien",
        "tourism": "camp_site",
        "phone": "+420 604 239 075"
      }
    },
    {
      "type": "Feature",
      "geometry": {
        "type": "Point",
        "coordinates": [
          18.2635193,
          49.8665652
        ]
      },
      "properties": {
        "id": 4303788493,
        "osm_type": "node",
        "name": "Camp Landek Park",
        "tourism": "camp_site",
        "tents": "yes",
        "phone": "+420 702 206 683;+420724539719",
        "website": "https://www.landekpark.cz/cs/ubytovani/a-30/"
      }
    },
    {
      "type": "Feature",
      "geometry": {
        "type": "Point",
        "coordinates": [
          17.9000699,
          49.9553223
        ]
      },
      "properties": {
        "id": 4303845993,
        "osm_type": "node",
        "name": "Ubytovna a camp Slunecnice",
        "tourism": "caravan_site",
        "phone": "+420737510572",
        "website": "https://ubytovaniopava.cz/"
      }
    },
    {
      "type": "Feature",
      "geometry": {
        "type": "Point",
        "coordinates": [
          18.5317905,
          49.5851775
        ]
      },
      "properties": {
        "id": 4303999289,
        "osm_type": "node",
        "name": "Rekreacni areal Moravka",
        "tourism": "camp_site"
      }
    },
    {
      "type": "Feature",
      "geometry": {
        "type": "Point",
        "coordinates": [
          18.5704523,
          49.7682943
        ]
      },
      "properties": {
        "id": 4304851602,
        "osm_type": "node",
        "name": "Penzion Pod Zámkem",
        "tourism": "guest_house",
        "opening_hours": "24/7",
        "phone": "+420 725 178 819"
      }
    },
    {
      "type": "Feature",
      "geometry": {
        "type": "Point",
        "coordinates": [
          17.9462583,
          49.9315421
        ]
      },
      "properties": {
        "id": 4308470620,
        "osm_type": "node",
        "name": "100dola - cyklobar&penzion",
        "tourism": "guest_house",
        "phone": "+420 730 547 540"
      }
    },
    {
      "type": "Feature",
      "geometry": {
        "type": "Point",
        "coordinates": [
          18.4293039,
          49.6564349
        ]
      },
      "properties": {
        "id": 4309860715,
        "osm_type": "node",
        "name": "Radegastův šenk",
        "tourism": "guest_house"
      }
    },
    {
      "type": "Feature",
      "geometry": {
        "type": "Point",
        "coordinates": [
          18.3391616,
          49.5167998
        ]
      },
      "properties": {
        "id": 4335391140,
        "osm_type": "node",
        "name": "Chalupa Maruška",
        "tourism": "chalet",
        "website": "https://www.chalupa-maruska.cz/"
      }
    },
    {
      "type": "Feature",
      "geometry": {
        "type": "Point",
        "coordinates": [
          18.3396988,
          49.5154168
        ]
      },
      "properties": {
        "id": 4335391141,
        "osm_type": "node",
        "name": "Chata Dukla",
        "tourism": "chalet",
        "website": "http://www.chatadukla.cz/"
      }
    },
    {
      "type": "Feature",
      "geometry": {
        "type": "Point",
        "coordinates": [
          18.377205,
          49.5294627
        ]
      },
      "properties": {
        "id": 4337661522,
        "osm_type": "node",
        "name": "Hotel Beltine",
        "tourism": "hotel",
        "website": "http://www.hotel-beltine-ostravice.az-ubytovani.net/"
      }
    },
    {
      "type": "Feature",
      "geometry": {
        "type": "Point",
        "coordinates": [
          18.0506934,
          49.6714554
        ]
      },
      "properties": {
        "id": 4343909508,
        "osm_type": "node",
        "name": "Penzion na zámku Bartošovice",
        "tourism": "guest_house",
        "phone": "+420 556 720 490",
        "website": "https://www.bartosovice.cz/"
      }
    },
    {
      "type": "Feature",
      "geometry": {
        "type": "Point",
        "coordinates": [
          18.2652137,
          49.8258635
        ]
      },
      "properties": {
        "id": 4356073195,
        "osm_type": "node",
        "name": "Ubytovací středisko Výstavní",
        "tourism": "hostel"
      }
    },
    {
      "type": "Feature",
      "geometry": {
        "type": "Point",
        "coordinates": [
          17.834935,
          49.6194198
        ]
      },
      "properties": {
        "id": 4366955173,
        "osm_type": "node",
        "name": "Mendel - Rodný dům",
        "tourism": "hostel",
        "phone": "+420556730105",
        "website": "https://www.mendelrodnydum.cz/cs/ubytovani/"
      }
    },
    {
      "type": "Feature",
      "geometry": {
        "type": "Point",
        "coordinates": [
          18.5546148,
          49.6472735
        ]
      },
      "properties": {
        "id": 4426756041,
        "osm_type": "node",
        "name": "Horský hotel Ondráš",
        "tourism": "hotel"
      }
    },
    {
      "type": "Feature",
      "geometry": {
        "type": "Point",
        "coordinates": [
          18.5709934,
          49.6410717
        ]
      },
      "properties": {
        "id": 4426901463,
        "osm_type": "node",
        "name": "U kata",
        "tourism": "guest_house"
      }
    },
    {
      "type": "Feature",
      "geometry": {
        "type": "Point",
        "coordinates": [
          18.5711168,
          49.6408172
        ]
      },
      "properties": {
        "id": 4426902486,
        "osm_type": "node",
        "name": "Řeka",
        "tourism": "guest_house",
        "contact:phone": "+420 775 572 952",
        "website": "http://www.penzion-reka.info/"
      }
    },
    {
      "type": "Feature",
      "geometry": {
        "type": "Point",
        "coordinates": [
          18.0155914,
          49.589532
        ]
      },
      "properties": {
        "id": 4436556894,
        "osm_type": "node",
        "name": "Turistická ubytovna „Na lesní“",
        "tourism": "hostel",
        "phone": "+420 602 748 104",
        "website": "https://www.turistickaubytovna.eu/"
      }
    },
    {
      "type": "Feature",
      "geometry": {
        "type": "Point",
        "coordinates": [
          18.3411447,
          49.8141014
        ]
      },
      "properties": {
        "id": 4477993463,
        "osm_type": "node",
        "name": "Penzion Magda",
        "tourism": "guest_house",
        "opening_hours": "Mo-Sa 14:00-23:00; Su 15:00-23:00",
        "contact:phone": "+420596232386",
        "contact:website": "http://www.penzionmagda.eu"
      }
    },
    {
      "type": "Feature",
      "geometry": {
        "type": "Point",
        "coordinates": [
          18.562113,
          49.8672254
        ]
      },
      "properties": {
        "id": 4490568490,
        "osm_type": "node",
        "name": "Lázně Darkov, a.s.",
        "tourism": "hotel",
        "opening_hours": "24/7",
        "phone": "+420596372210",
        "website": "http://www.darkov.cz"
      }
    },
    {
      "type": "Feature",
      "geometry": {
        "type": "Point",
        "coordinates": [
          18.2513591,
          49.8346314
        ]
      },
      "properties": {
        "id": 4519507545,
        "osm_type": "node",
        "name": "Ubytovna Laguna",
        "tourism": "hostel",
        "contact:phone": "+420773601735",
        "contact:website": "http://www.ubytovnalaguna.cz"
      }
    },
    {
      "type": "Feature",
      "geometry": {
        "type": "Point",
        "coordinates": [
          18.2849874,
          49.8359071
        ]
      },
      "properties": {
        "id": 4573747287,
        "osm_type": "node",
        "name": "Hotel Brioni",
        "tourism": "hotel",
        "website": "https://www.hotelbrioni.cz/"
      }
    },
    {
      "type": "Feature",
      "geometry": {
        "type": "Point",
        "coordinates": [
          18.1860894,
          49.6678818
        ]
      },
      "properties": {
        "id": 4575355329,
        "osm_type": "node",
        "name": "Ubytování U Volného",
        "tourism": "guest_house",
        "phone": "+420 731 622 680",
        "website": "https://uvolneho.cz/"
      }
    },
    {
      "type": "Feature",
      "geometry": {
        "type": "Point",
        "coordinates": [
          18.4927126,
          49.753788
        ]
      },
      "properties": {
        "id": 4578037241,
        "osm_type": "node",
        "name": "Jaškovská krčma",
        "tourism": "hotel",
        "website": "https://jaskovskakrcma.cz/ubytovani/"
      }
    },
    {
      "type": "Feature",
      "geometry": {
        "type": "Point",
        "coordinates": [
          18.262048,
          49.8290766
        ]
      },
      "properties": {
        "id": 4584090605,
        "osm_type": "node",
        "name": "Harmony Club hotel Ostrava",
        "tourism": "hotel",
        "contact:phone": "+420 596 652 111",
        "contact:website": "www.harmonyclub.cz"
      }
    },
    {
      "type": "Feature",
      "geometry": {
        "type": "Point",
        "coordinates": [
          17.8344235,
          49.6659647
        ]
      },
      "properties": {
        "id": 4584376455,
        "osm_type": "node",
        "name": "U Zdeňků",
        "tourism": "guest_house"
      }
    },
    {
      "type": "Feature",
      "geometry": {
        "type": "Point",
        "coordinates": [
          18.2507636,
          49.8343194
        ]
      },
      "properties": {
        "id": 4601769883,
        "osm_type": "node",
        "name": "Ubytovna Stars",
        "tourism": "hostel",
        "contact:phone": "+420606723928",
        "contact:website": "http://www.ubytovna-stars.cz"
      }
    },
    {
      "type": "Feature",
      "geometry": {
        "type": "Point",
        "coordinates": [
          18.1611218,
          49.8267369
        ]
      },
      "properties": {
        "id": 4603899571,
        "osm_type": "node",
        "name": "Ubytovna Domov sester",
        "tourism": "hostel",
        "phone": "+420597374000"
      }
    },
    {
      "type": "Feature",
      "geometry": {
        "type": "Point",
        "coordinates": [
          17.2868512,
          50.0180708
        ]
      },
      "properties": {
        "id": 4627918491,
        "osm_type": "node",
        "name": "Penzion Roháč",
        "tourism": "guest_house"
      }
    },
    {
      "type": "Feature",
      "geometry": {
        "type": "Point",
        "coordinates": [
          17.6842876,
          49.8297302
        ]
      },
      "properties": {
        "id": 4640673520,
        "osm_type": "node",
        "name": "Penzion",
        "tourism": "guest_house"
      }
    },
    {
      "type": "Feature",
      "geometry": {
        "type": "Point",
        "coordinates": [
          17.8418353,
          49.9201643
        ]
      },
      "properties": {
        "id": 4705659891,
        "osm_type": "node",
        "name": "Ubytování pro studenty - Opava",
        "tourism": "hotel"
      }
    },
    {
      "type": "Feature",
      "geometry": {
        "type": "Point",
        "coordinates": [
          18.4763943,
          49.7708515
        ]
      },
      "properties": {
        "id": 4718844808,
        "osm_type": "node",
        "name": "Penzion Amerika",
        "tourism": "guest_house",
        "phone": "+420 736 627 315",
        "website": "https://www.penzionamerika.cz/"
      }
    },
    {
      "type": "Feature",
      "geometry": {
        "type": "Point",
        "coordinates": [
          18.7060214,
          49.5478556
        ]
      },
      "properties": {
        "id": 4719247959,
        "osm_type": "node",
        "name": "Hotel pod Akáty",
        "tourism": "hotel",
        "check_date": "2024-08-04"
      }
    },
    {
      "type": "Feature",
      "geometry": {
        "type": "Point",
        "coordinates": [
          18.6871949,
          49.551496
        ]
      },
      "properties": {
        "id": 4719248785,
        "osm_type": "node",
        "name": "Nová Polana",
        "tourism": "guest_house",
        "website": "https://www.novapolana.cz/"
      }
    },
    {
      "type": "Feature",
      "geometry": {
        "type": "Point",
        "coordinates": [
          18.4841392,
          49.6366242
        ]
      },
      "properties": {
        "id": 4731169177,
        "osm_type": "node",
        "name": "Chata Prašivá",
        "tourism": "alpine_hut",
        "phone": "+420 558 438 084",
        "website": "http://www.chataprasiva.cz"
      }
    },
    {
      "type": "Feature",
      "geometry": {
        "type": "Point",
        "coordinates": [
          18.0489744,
          49.8492439
        ]
      },
      "properties": {
        "id": 4743859265,
        "osm_type": "node",
        "name": "Hotelík",
        "tourism": "guest_house",
        "website": "https://www.hotelik.cz"
      }
    },
    {
      "type": "Feature",
      "geometry": {
        "type": "Point",
        "coordinates": [
          18.4040368,
          49.5743424
        ]
      },
      "properties": {
        "id": 4812213927,
        "osm_type": "node",
        "name": "Rajská bouda",
        "tourism": "hotel",
        "website": "https://www.rajskabouda.cz/"
      }
    },
    {
      "type": "Feature",
      "geometry": {
        "type": "Point",
        "coordinates": [
          17.7712267,
          49.801995
        ]
      },
      "properties": {
        "id": 4829279278,
        "osm_type": "node",
        "name": "Ubytování - Česká pošta",
        "tourism": "guest_house",
        "phone": "+420 556 300 211"
      }
    },
    {
      "type": "Feature",
      "geometry": {
        "type": "Point",
        "coordinates": [
          18.0630628,
          49.9648114
        ]
      },
      "properties": {
        "id": 4849939787,
        "osm_type": "node",
        "name": "Ubytování na Albertovci",
        "tourism": "guest_house",
        "phone": "+420 774 499 922",
        "website": "http://albertovec.cz/ubytovani/"
      }
    },
    {
      "type": "Feature",
      "geometry": {
        "type": "Point",
        "coordinates": [
          18.1593177,
          49.8364388
        ]
      },
      "properties": {
        "id": 4861614208,
        "osm_type": "node",
        "name": "Hotel Garni VŠB",
        "tourism": "hotel",
        "phone": "+420 596 991 211",
        "website": "https://www.hotelvsb.cz/"
      }
    },
    {
      "type": "Feature",
      "geometry": {
        "type": "Point",
        "coordinates": [
          18.4546347,
          49.4422446
        ]
      },
      "properties": {
        "id": 4958883274,
        "osm_type": "node",
        "name": "Apartmány Na Faře",
        "tourism": "apartment",
        "phone": "+420 725 222 113",
        "website": "https://apartmanynafare.cz/"
      }
    },
    {
      "type": "Feature",
      "geometry": {
        "type": "Point",
        "coordinates": [
          17.9153262,
          49.9185958
        ]
      },
      "properties": {
        "id": 4996563675,
        "osm_type": "node",
        "name": "Hotel Algar",
        "tourism": "hotel"
      }
    },
    {
      "type": "Feature",
      "geometry": {
        "type": "Point",
        "coordinates": [
          18.4558465,
          49.7265733
        ]
      },
      "properties": {
        "id": 5005680069,
        "osm_type": "node",
        "name": "Zdeněk Hrabec",
        "tourism": "camp_site"
      }
    },
    {
      "type": "Feature",
      "geometry": {
        "type": "Point",
        "coordinates": [
          18.2512414,
          49.8034137
        ]
      },
      "properties": {
        "id": 5027680080,
        "osm_type": "node",
        "name": "Clarion Congress Hotel Ostrava",
        "tourism": "hotel",
        "contact:phone": "+420 596 702 111",
        "contact:website": "http://www.clarioncongresshotelostrava.com"
      }
    },
    {
      "type": "Feature",
      "geometry": {
        "type": "Point",
        "coordinates": [
          18.0678769,
          49.9498147
        ]
      },
      "properties": {
        "id": 5076786489,
        "osm_type": "node",
        "name": "Penzion a restaurace U Fontány",
        "tourism": "guest_house",
        "phone": "+420 604 563 267",
        "website": "http://www.restaurace-u-fontany.cz/"
      }
    },
    {
      "type": "Feature",
      "geometry": {
        "type": "Point",
        "coordinates": [
          18.2798931,
          49.8473623
        ]
      },
      "properties": {
        "id": 5093887917,
        "osm_type": "node",
        "name": "Nikolas",
        "tourism": "hotel",
        "phone": "+420 596 134 000",
        "website": "https://www.hotelnikolas.cz/"
      }
    },
    {
      "type": "Feature",
      "geometry": {
        "type": "Point",
        "coordinates": [
          18.3346055,
          49.6795896
        ]
      },
      "properties": {
        "id": 5112239320,
        "osm_type": "node",
        "name": "Veranda",
        "tourism": "guest_house"
      }
    },
    {
      "type": "Feature",
      "geometry": {
        "type": "Point",
        "coordinates": [
          17.3124669,
          50.0273494
        ]
      },
      "properties": {
        "id": 5198631821,
        "osm_type": "node",
        "name": "Neptun",
        "tourism": "hotel",
        "website": "https://www.hotel-neptun.cz/"
      }
    },
    {
      "type": "Feature",
      "geometry": {
        "type": "Point",
        "coordinates": [
          17.3135734,
          50.0274364
        ]
      },
      "properties": {
        "id": 5198884680,
        "osm_type": "node",
        "name": "Sedmikráska",
        "tourism": "chalet",
        "website": "https://www.chatasedmikraska.eu/"
      }
    },
    {
      "type": "Feature",
      "geometry": {
        "type": "Point",
        "coordinates": [
          17.3131227,
          50.0171044
        ]
      },
      "properties": {
        "id": 5198884690,
        "osm_type": "node",
        "name": "Penzion Pohoda",
        "tourism": "guest_house",
        "website": "https://pohodapension.cz/"
      }
    },
    {
      "type": "Feature",
      "geometry": {
        "type": "Point",
        "coordinates": [
          17.3160403,
          50.0145286
        ]
      },
      "properties": {
        "id": 5198884714,
        "osm_type": "node",
        "name": "Penzion Sofie",
        "tourism": "guest_house",
        "website": "http://www.penzion-sofie.cz/"
      }
    },
    {
      "type": "Feature",
      "geometry": {
        "type": "Point",
        "coordinates": [
          17.4008996,
          50.046906
        ]
      },
      "properties": {
        "id": 5300852522,
        "osm_type": "node",
        "name": "Penzion U Pelikána",
        "tourism": "guest_house"
      }
    },
    {
      "type": "Feature",
      "geometry": {
        "type": "Point",
        "coordinates": [
          17.3890211,
          50.0607463
        ]
      },
      "properties": {
        "id": 5302048121,
        "osm_type": "node",
        "name": "U Tondy",
        "tourism": "guest_house"
      }
    },
    {
      "type": "Feature",
      "geometry": {
        "type": "Point",
        "coordinates": [
          18.3478371,
          49.6859754
        ]
      },
      "properties": {
        "id": 5339582834,
        "osm_type": "node",
        "name": "Penzion Pod Kašnou",
        "tourism": "guest_house",
        "website": "http://podkasnou.cz/cs/ubytovani"
      }
    },
    {
      "type": "Feature",
      "geometry": {
        "type": "Point",
        "coordinates": [
          18.6244223,
          49.7421552
        ]
      },
      "properties": {
        "id": 5365772433,
        "osm_type": "node",
        "name": "Sonata Guest house",
        "tourism": "hostel"
      }
    },
    {
      "type": "Feature",
      "geometry": {
        "type": "Point",
        "coordinates": [
          18.3200867,
          49.6902153
        ]
      },
      "properties": {
        "id": 5380210621,
        "osm_type": "node",
        "tourism": "apartment"
      }
    },
    {
      "type": "Feature",
      "geometry": {
        "type": "Point",
        "coordinates": [
          18.5271321,
          49.6548997
        ]
      },
      "properties": {
        "id": 5405022945,
        "osm_type": "node",
        "name": "Premier",
        "tourism": "hotel",
        "website": "https://www.facebook.com/Hotel-Premier-320272154704303/"
      }
    },
    {
      "type": "Feature",
      "geometry": {
        "type": "Point",
        "coordinates": [
          17.2926494,
          50.0190665
        ]
      },
      "properties": {
        "id": 5413835940,
        "osm_type": "node",
        "name": "Tábořiště Karlov",
        "tourism": "camp_site"
      }
    },
    {
      "type": "Feature",
      "geometry": {
        "type": "Point",
        "coordinates": [
          17.6772144,
          49.8422048
        ]
      },
      "properties": {
        "id": 5556123854,
        "osm_type": "node",
        "name": "Růžový dvůr",
        "tourism": "guest_house",
        "phone": "+420728374095",
        "website": "http://www.ruzovydvur.unas.cz"
      }
    },
    {
      "type": "Feature",
      "geometry": {
        "type": "Point",
        "coordinates": [
          17.5905275,
          49.7640509
        ]
      },
      "properties": {
        "id": 5588768322,
        "osm_type": "node",
        "name": "Relax Pension Schönwald",
        "tourism": "guest_house"
      }
    },
    {
      "type": "Feature",
      "geometry": {
        "type": "Point",
        "coordinates": [
          18.4992264,
          49.490637
        ]
      },
      "properties": {
        "id": 5680451300,
        "osm_type": "node",
        "name": "Bačovská Chyža",
        "tourism": "apartment",
        "website": "http://bacovska-chyza.hys.cz/"
      }
    },
    {
      "type": "Feature",
      "geometry": {
        "type": "Point",
        "coordinates": [
          18.5109892,
          49.7318991
        ]
      },
      "properties": {
        "id": 5758694221,
        "osm_type": "node",
        "name": "Grunt No 135",
        "tourism": "hotel",
        "contact:phone": "+420 731 446 135",
        "contact:website": "http://www.hotelgrunt.com"
      }
    },
    {
      "type": "Feature",
      "geometry": {
        "type": "Point",
        "coordinates": [
          17.477472,
          49.9976783
        ]
      },
      "properties": {
        "id": 5839851700,
        "osm_type": "node",
        "name": "Montenegro",
        "tourism": "hotel",
        "phone": "+420 554 230 780",
        "website": "http://www.hotelmontenegro.cz/"
      }
    },
    {
      "type": "Feature",
      "geometry": {
        "type": "Point",
        "coordinates": [
          18.5390411,
          49.6388784
        ]
      },
      "properties": {
        "id": 6005828451,
        "osm_type": "node",
        "name": "Penzion Zátiší",
        "tourism": "guest_house",
        "contact:phone": "+420 725 739 166",
        "contact:website": "http://www.zatisi-penzion.cz"
      }
    },
    {
      "type": "Feature",
      "geometry": {
        "type": "Point",
        "coordinates": [
          18.1438634,
          49.5988036
        ]
      },
      "properties": {
        "id": 6264349685,
        "osm_type": "node",
        "tourism": "hotel"
      }
    },
    {
      "type": "Feature",
      "geometry": {
        "type": "Point",
        "coordinates": [
          18.4049226,
          49.5706319
        ]
      },
      "properties": {
        "id": 6391744833,
        "osm_type": "node",
        "name": "Chata pod Lysou",
        "tourism": "guest_house",
        "website": "https://www.chatapodlysou.cz/"
      }
    },
    {
      "type": "Feature",
      "geometry": {
        "type": "Point",
        "coordinates": [
          18.4053873,
          49.5711855
        ]
      },
      "properties": {
        "id": 6391744834,
        "osm_type": "node",
        "tourism": "chalet"
      }
    },
    {
      "type": "Feature",
      "geometry": {
        "type": "Point",
        "coordinates": [
          18.4344676,
          49.771578
        ]
      },
      "properties": {
        "id": 6435428301,
        "osm_type": "node",
        "name": "U Balona (Slezský pivovar)",
        "tourism": "guest_house",
        "phone": "+420 596 810 914, +420 601 550 001",
        "website": "https://www.ubalona.cz/cs/rezervace-ubytovani.html"
      }
    },
    {
      "type": "Feature",
      "geometry": {
        "type": "Point",
        "coordinates": [
          18.6709079,
          49.6729483
        ]
      },
      "properties": {
        "id": 6447618609,
        "osm_type": "node",
        "name": "Penzion a ubytovna SVĚT 2",
        "tourism": "hostel"
      }
    },
    {
      "type": "Feature",
      "geometry": {
        "type": "Point",
        "coordinates": [
          17.9200453,
          49.5505945
        ]
      },
      "properties": {
        "id": 6542829228,
        "osm_type": "node",
        "name": "Pension U Horáků",
        "tourism": "guest_house",
        "phone": "+420 556 752 421",
        "website": "http://www.u-horaku.cz/"
      }
    },
    {
      "type": "Feature",
      "geometry": {
        "type": "Point",
        "coordinates": [
          18.8352851,
          49.5205447
        ]
      },
      "properties": {
        "id": 6554573217,
        "osm_type": "node",
        "name": "Chalupa Hrčava",
        "tourism": "guest_house",
        "website": "http://www.chalupahrcava.cz/"
      }
    },
    {
      "type": "Feature",
      "geometry": {
        "type": "Point",
        "coordinates": [
          18.4760401,
          49.5888017
        ]
      },
      "properties": {
        "id": 6815660559,
        "osm_type": "node",
        "name": "Pod Žorem",
        "tourism": "guest_house",
        "phone": "+420725812155",
        "website": "https://ubytovani-beskydy.net/"
      }
    },
    {
      "type": "Feature",
      "geometry": {
        "type": "Point",
        "coordinates": [
          17.9103168,
          49.94063
        ]
      },
      "properties": {
        "id": 6864935530,
        "osm_type": "node",
        "name": "Hotel Katharein",
        "tourism": "hotel",
        "phone": "+420553610410",
        "website": "https://www.katharein.cz/"
      }
    },
    {
      "type": "Feature",
      "geometry": {
        "type": "Point",
        "coordinates": [
          18.2144496,
          49.542407
        ]
      },
      "properties": {
        "id": 6921807915,
        "osm_type": "node",
        "name": "U Hrocha",
        "tourism": "guest_house"
      }
    },
    {
      "type": "Feature",
      "geometry": {
        "type": "Point",
        "coordinates": [
          17.2705704,
          50.026984
        ]
      },
      "properties": {
        "id": 7105068360,
        "osm_type": "node",
        "name": "Chata Zátiší",
        "tourism": "guest_house",
        "check_date": "2025-05-30"
      }
    },
    {
      "type": "Feature",
      "geometry": {
        "type": "Point",
        "coordinates": [
          17.2642128,
          50.0264809
        ]
      },
      "properties": {
        "id": 7107794026,
        "osm_type": "node",
        "name": "Chata Mendelu",
        "tourism": "guest_house",
        "check_date": "2025-05-28"
      }
    },
    {
      "type": "Feature",
      "geometry": {
        "type": "Point",
        "coordinates": [
          18.6332926,
          49.5217679
        ]
      },
      "properties": {
        "id": 7130351753,
        "osm_type": "node",
        "name": "Chata pod Loučkou",
        "tourism": "guest_house",
        "website": "https://www.chatapodlouckou.cz/"
      }
    },
    {
      "type": "Feature",
      "geometry": {
        "type": "Point",
        "coordinates": [
          18.6481735,
          49.5478021
        ]
      },
      "properties": {
        "id": 7134283950,
        "osm_type": "node",
        "name": "Horský hotel Excelsior",
        "tourism": "hotel",
        "contact:phone": "+420 558 341 003",
        "contact:website": "https://www.excelsior-hotel.cz"
      }
    },
    {
      "type": "Feature",
      "geometry": {
        "type": "Point",
        "coordinates": [
          18.4824792,
          49.4885179
        ]
      },
      "properties": {
        "id": 7161813906,
        "osm_type": "node",
        "name": "Bezručova škola",
        "tourism": "guest_house",
        "website": "https://bezrucovaskola.cz"
      }
    },
    {
      "type": "Feature",
      "geometry": {
        "type": "Point",
        "coordinates": [
          18.5773337,
          49.6230022
        ]
      },
      "properties": {
        "id": 7274388760,
        "osm_type": "node",
        "name": "Pension pod lípou",
        "tourism": "guest_house",
        "opening_hours": "Tu-Sa 12:00-19:00; Su 12:00-16:00",
        "website": "http://www.pension-pod-lipou.cz"
      }
    },
    {
      "type": "Feature",
      "geometry": {
        "type": "Point",
        "coordinates": [
          17.1868447,
          49.8635151
        ]
      },
      "properties": {
        "id": 7280766582,
        "osm_type": "node",
        "name": "U Křížové cesty",
        "tourism": "guest_house"
      }
    },
    {
      "type": "Feature",
      "geometry": {
        "type": "Point",
        "coordinates": [
          18.2778803,
          49.8350382
        ]
      },
      "properties": {
        "id": 7328012268,
        "osm_type": "node",
        "name": "Hotel Na Kafkové",
        "tourism": "hotel"
      }
    },
    {
      "type": "Feature",
      "geometry": {
        "type": "Point",
        "coordinates": [
          18.157873,
          49.8393146
        ]
      },
      "properties": {
        "id": 7391792303,
        "osm_type": "node",
        "tourism": "motel"
      }
    },
    {
      "type": "Feature",
      "geometry": {
        "type": "Point",
        "coordinates": [
          18.7079546,
          49.5398693
        ]
      },
      "properties": {
        "id": 7492105290,
        "osm_type": "node",
        "name": "Penzion Beskydka",
        "tourism": "guest_house"
      }
    },
    {
      "type": "Feature",
      "geometry": {
        "type": "Point",
        "coordinates": [
          18.4801345,
          49.8005512
        ]
      },
      "properties": {
        "id": 7574588025,
        "osm_type": "node",
        "tourism": "hotel"
      }
    },
    {
      "type": "Feature",
      "geometry": {
        "type": "Point",
        "coordinates": [
          18.0950558,
          49.7034006
        ]
      },
      "properties": {
        "id": 7738177722,
        "osm_type": "node",
        "name": "Turistická ubytovna Kotvice",
        "tourism": "hostel",
        "website": "https://www.albrechticky.cz/ubytovani"
      }
    },
    {
      "type": "Feature",
      "geometry": {
        "type": "Point",
        "coordinates": [
          18.2492922,
          49.8314195
        ]
      },
      "properties": {
        "id": 7776591885,
        "osm_type": "node",
        "name": "Domov",
        "tourism": "apartment",
        "opening_hours": "24/7",
        "phone": "704196281"
      }
    },
    {
      "type": "Feature",
      "geometry": {
        "type": "Point",
        "coordinates": [
          18.1447495,
          49.8907625
        ]
      },
      "properties": {
        "id": 8270667118,
        "osm_type": "node",
        "name": "KEMP SILVERADO",
        "tourism": "camp_site"
      }
    },
    {
      "type": "Feature",
      "geometry": {
        "type": "Point",
        "coordinates": [
          18.2450034,
          49.8230087
        ]
      },
      "properties": {
        "id": 8403714119,
        "osm_type": "node",
        "name": "Doma",
        "tourism": "guest_house"
      }
    },
    {
      "type": "Feature",
      "geometry": {
        "type": "Point",
        "coordinates": [
          18.3049969,
          49.5248636
        ]
      },
      "properties": {
        "id": 8567746789,
        "osm_type": "node",
        "name": "Penzion Jurášek",
        "tourism": "guest_house",
        "website": "https://www.penzionjurasek.cz/"
      }
    },
    {
      "type": "Feature",
      "geometry": {
        "type": "Point",
        "coordinates": [
          18.2821459,
          49.5235896
        ]
      },
      "properties": {
        "id": 8567747056,
        "osm_type": "node",
        "name": "Hotel Maralák",
        "tourism": "hotel",
        "website": "https://www.maralak.cz/"
      }
    },
    {
      "type": "Feature",
      "geometry": {
        "type": "Point",
        "coordinates": [
          18.0875704,
          49.8821904
        ]
      },
      "properties": {
        "id": 8688379248,
        "osm_type": "node",
        "name": "Čertův Mlýn",
        "tourism": "guest_house",
        "website": "http://penzioncertuvmlyn.cz"
      }
    },
    {
      "type": "Feature",
      "geometry": {
        "type": "Point",
        "coordinates": [
          18.3740464,
          49.718873
        ]
      },
      "properties": {
        "id": 8690828482,
        "osm_type": "node",
        "name": "Na jízdárně",
        "tourism": "guest_house",
        "website": "http://restaurace-pizzerie-kavarna.com/penzion_na_jizdarne/modern/informace_restaurace/informace_restaurace.php"
      }
    },
    {
      "type": "Feature",
      "geometry": {
        "type": "Point",
        "coordinates": [
          18.2899177,
          49.8330245
        ]
      },
      "properties": {
        "id": 8954640244,
        "osm_type": "node",
        "name": "Kampus Palace",
        "tourism": "hotel",
        "phone": "+420 777 101 615",
        "website": "https://www.kampuspalace.cz/hotel/"
      }
    },
    {
      "type": "Feature",
      "geometry": {
        "type": "Point",
        "coordinates": [
          18.4678861,
          49.7224738
        ]
      },
      "properties": {
        "id": 8959268578,
        "osm_type": "node",
        "name": "Resort Maják",
        "tourism": "hotel",
        "website": "http://www.resort-majak.cz/"
      }
    },
    {
      "type": "Feature",
      "geometry": {
        "type": "Point",
        "coordinates": [
          18.4530832,
          49.7119323
        ]
      },
      "properties": {
        "id": 8959272170,
        "osm_type": "node",
        "name": "NH Resort",
        "tourism": "guest_house",
        "phone": "+420 733 111 112",
        "website": "https://nhresort.cz/"
      }
    },
    {
      "type": "Feature",
      "geometry": {
        "type": "Point",
        "coordinates": [
          18.6527829,
          49.6267848
        ]
      },
      "properties": {
        "id": 9168868067,
        "osm_type": "node",
        "name": "Penzion Tyra",
        "tourism": "guest_house",
        "phone": "+420 727 898 083"
      }
    },
    {
      "type": "Feature",
      "geometry": {
        "type": "Point",
        "coordinates": [
          18.3052146,
          49.6628653
        ]
      },
      "properties": {
        "id": 9204995331,
        "osm_type": "node",
        "tourism": "chalet"
      }
    },
    {
      "type": "Feature",
      "geometry": {
        "type": "Point",
        "coordinates": [
          18.2279183,
          49.5210679
        ]
      },
      "properties": {
        "id": 9288405776,
        "osm_type": "node",
        "name": "Radhošťský rybník",
        "tourism": "chalet",
        "website": "http://www.radhost-rybnik.cz/ubytovani/"
      }
    },
    {
      "type": "Feature",
      "geometry": {
        "type": "Point",
        "coordinates": [
          18.2364638,
          49.5215254
        ]
      },
      "properties": {
        "id": 9288405891,
        "osm_type": "node",
        "name": "Penzion Kutil",
        "tourism": "guest_house",
        "website": "https://penzionkutil.cz/"
      }
    },
    {
      "type": "Feature",
      "geometry": {
        "type": "Point",
        "coordinates": [
          18.2331204,
          49.5212194
        ]
      },
      "properties": {
        "id": 9288405934,
        "osm_type": "node",
        "name": "Chalupa u Zvonka",
        "tourism": "guest_house",
        "website": "ww.chalupauzvonka.cz"
      }
    },
    {
      "type": "Feature",
      "geometry": {
        "type": "Point",
        "coordinates": [
          18.2373127,
          49.5207049
        ]
      },
      "properties": {
        "id": 9288406010,
        "osm_type": "node",
        "name": "Beskyd",
        "tourism": "hotel",
        "website": "https://www.beskydtrojanovice.cz/"
      }
    },
    {
      "type": "Feature",
      "geometry": {
        "type": "Point",
        "coordinates": [
          18.1887875,
          49.897065
        ]
      },
      "properties": {
        "id": 9543686536,
        "osm_type": "node",
        "tourism": "hotel"
      }
    },
    {
      "type": "Feature",
      "geometry": {
        "type": "Point",
        "coordinates": [
          17.9900701,
          49.6425803
        ]
      },
      "properties": {
        "id": 9690067312,
        "osm_type": "node",
        "name": "U Dobré Hraběnky",
        "tourism": "guest_house",
        "website": "http://www.udobrehrabenky.cz/"
      }
    },
    {
      "type": "Feature",
      "geometry": {
        "type": "Point",
        "coordinates": [
          18.2463706,
          49.514686
        ]
      },
      "properties": {
        "id": 9828602656,
        "osm_type": "node",
        "name": "Penzion Babička",
        "tourism": "guest_house"
      }
    },
    {
      "type": "Feature",
      "geometry": {
        "type": "Point",
        "coordinates": [
          18.4000316,
          49.5236231
        ]
      },
      "properties": {
        "id": 9892118347,
        "osm_type": "node",
        "name": "Chalupa u Šance",
        "tourism": "chalet",
        "website": "https://www.chalupausance.cz/"
      }
    },
    {
      "type": "Feature",
      "geometry": {
        "type": "Point",
        "coordinates": [
          18.2552187,
          49.8137869
        ]
      },
      "properties": {
        "id": 9948469935,
        "osm_type": "node",
        "name": "Hostel u Arény",
        "tourism": "hostel"
      }
    },
    {
      "type": "Feature",
      "geometry": {
        "type": "Point",
        "coordinates": [
          17.9111736,
          49.6182167
        ]
      },
      "properties": {
        "id": 10086675301,
        "osm_type": "node",
        "name": "Zámek Jeseník nad Odrou",
        "tourism": "hotel"
      }
    },
    {
      "type": "Feature",
      "geometry": {
        "type": "Point",
        "coordinates": [
          18.2213935,
          49.6238238
        ]
      },
      "properties": {
        "id": 10186780939,
        "osm_type": "node",
        "name": "Ráj na zemi",
        "tourism": "hotel",
        "phone": "+420 603 346 765",
        "website": "https://resorthukvaldy.cz/venkovsky-hotel-raj-na-zemi"
      }
    },
    {
      "type": "Feature",
      "geometry": {
        "type": "Point",
        "coordinates": [
          18.3007309,
          49.5336535
        ]
      },
      "properties": {
        "id": 10300996803,
        "osm_type": "node",
        "name": "Karolina",
        "tourism": "guest_house"
      }
    },
    {
      "type": "Feature",
      "geometry": {
        "type": "Point",
        "coordinates": [
          18.3156028,
          49.7589324
        ]
      },
      "properties": {
        "id": 10312731618,
        "osm_type": "node",
        "name": "Art Tower",
        "tourism": "guest_house",
        "website": "https://art-tower-villa-vratimov.booked.cz/"
      }
    },
    {
      "type": "Feature",
      "geometry": {
        "type": "Point",
        "coordinates": [
          18.4609176,
          49.7244763
        ]
      },
      "properties": {
        "id": 10315545013,
        "osm_type": "node",
        "name": "Retro Chaty Soběšky",
        "tourism": "chalet",
        "phone": "+420 777 288 999",
        "website": "https://retrochaty.cz/"
      }
    },
    {
      "type": "Feature",
      "geometry": {
        "type": "Point",
        "coordinates": [
          17.8319383,
          49.8404252
        ]
      },
      "properties": {
        "id": 10763367143,
        "osm_type": "node",
        "name": "Údolí černého čápa",
        "tourism": "guest_house",
        "website": "https://www.e-chalupy.cz/severni_morava_a_slezsko/ubytovani-hradec-nad-moravici-chalupa-udoli-cerneho-capa-12347.php",
        "check_date": "2026-03-15"
      }
    },
    {
      "type": "Feature",
      "geometry": {
        "type": "Point",
        "coordinates": [
          17.6920603,
          49.7414494
        ]
      },
      "properties": {
        "id": 10888943409,
        "osm_type": "node",
        "name": "Sportovně Turistické Centrum Hadinka",
        "tourism": "chalet",
        "phone": "+420 739 119 704",
        "website": "https://www.hadinka.cz/"
      }
    },
    {
      "type": "Feature",
      "geometry": {
        "type": "Point",
        "coordinates": [
          17.8358644,
          49.6564121
        ]
      },
      "properties": {
        "id": 10888948830,
        "osm_type": "node",
        "name": "Ubytovna na koupališti",
        "tourism": "hostel",
        "phone": "+420 739 010 965",
        "website": "https://www.oderskams.cz/"
      }
    },
    {
      "type": "Feature",
      "geometry": {
        "type": "Point",
        "coordinates": [
          17.8348325,
          49.664378
        ]
      },
      "properties": {
        "id": 10968175699,
        "osm_type": "node",
        "name": "Ubytovna Nová",
        "tourism": "hostel",
        "website": "https://www.oderskams.cz/ubytovna-nova/"
      }
    },
    {
      "type": "Feature",
      "geometry": {
        "type": "Point",
        "coordinates": [
          18.8270765,
          49.5185408
        ]
      },
      "properties": {
        "id": 11019628444,
        "osm_type": "node",
        "name": "Hrčavská Mlékárna",
        "tourism": "guest_house",
        "phone": "+420 607 043 288",
        "website": "https://www.firmy.cz/detail/13564443-hrcavska-mlekarna-hrcava.html"
      }
    },
    {
      "type": "Feature",
      "geometry": {
        "type": "Point",
        "coordinates": [
          18.5273458,
          49.6027183
        ]
      },
      "properties": {
        "id": 11057103977,
        "osm_type": "node",
        "name": "Pension Jízdárna",
        "tourism": "hotel"
      }
    },
    {
      "type": "Feature",
      "geometry": {
        "type": "Point",
        "coordinates": [
          18.0958074,
          49.5408432
        ]
      },
      "properties": {
        "id": 11264064431,
        "osm_type": "node",
        "name": "Dolní Dvůr",
        "tourism": "guest_house",
        "website": "https://www.dolnidvur-verovice.cz/ubytovani/"
      }
    },
    {
      "type": "Feature",
      "geometry": {
        "type": "Point",
        "coordinates": [
          18.2722458,
          49.9268501
        ]
      },
      "properties": {
        "id": 11309562813,
        "osm_type": "node",
        "name": "Golf hotel u Sv. Jana",
        "tourism": "hotel"
      }
    },
    {
      "type": "Feature",
      "geometry": {
        "type": "Point",
        "coordinates": [
          18.3560367,
          49.6599451
        ]
      },
      "properties": {
        "id": 11422537389,
        "osm_type": "node",
        "name": "Glogar",
        "tourism": "guest_house",
        "phone": "+420 602 304 456",
        "website": "https://www.penzion-glogar.cz"
      }
    },
    {
      "type": "Feature",
      "geometry": {
        "type": "Point",
        "coordinates": [
          18.4492542,
          49.7229559
        ]
      },
      "properties": {
        "id": 11531802059,
        "osm_type": "node",
        "name": "Kemp Lučina",
        "tourism": "camp_site",
        "opening_hours": "Mo-Fr 08:00-10:00,15:00-18:00; Sa 08:00-18:00; Su 08:00-18:00",
        "phone": "+420 724 157 001",
        "website": "https://www.kemplucina.cz/"
      }
    },
    {
      "type": "Feature",
      "geometry": {
        "type": "Point",
        "coordinates": [
          18.0875792,
          49.7527169
        ]
      },
      "properties": {
        "id": 11748248139,
        "osm_type": "node",
        "name": "Motobar Bravantice - U Haničky",
        "tourism": "guest_house",
        "phone": "+420 602 761 137",
        "website": "https://www.motobarbravantice.cz/"
      }
    },
    {
      "type": "Feature",
      "geometry": {
        "type": "Point",
        "coordinates": [
          18.1240148,
          49.8242777
        ]
      },
      "properties": {
        "id": 11896290912,
        "osm_type": "node",
        "name": "U Šípků",
        "tourism": "apartment",
        "phone": "+420 776 886 606",
        "website": "https://www.booking.com/hotel/cz/apartmenty-u-sipku-ostrava.it.html?label=gog235jc-1FCAsoOkIaYXBhcnRtZW50eS11LXNpcGt1LW9zdHJhdmFIBVgDaMsBiAEBmAEFuAEXyAEM2AEB6AEB-AECiAIBqAIDuAK8jf6xBsACAdICJDY0MDk2MzU2LTM2NGItNDI0ZC1iODFkLWY0OGYyZGYyZWEyY9gCBeACAQ&sid=7ef"
      }
    },
    {
      "type": "Feature",
      "geometry": {
        "type": "Point",
        "coordinates": [
          18.6353035,
          49.5347832
        ]
      },
      "properties": {
        "id": 11916494804,
        "osm_type": "node",
        "name": "Chata Lačnov",
        "tourism": "hotel"
      }
    },
    {
      "type": "Feature",
      "geometry": {
        "type": "Point",
        "coordinates": [
          17.3441414,
          50.0182884
        ]
      },
      "properties": {
        "id": 11944944678,
        "osm_type": "node",
        "name": "Penzion Mariana",
        "tourism": "guest_house"
      }
    },
    {
      "type": "Feature",
      "geometry": {
        "type": "Point",
        "coordinates": [
          17.3502015,
          50.0191023
        ]
      },
      "properties": {
        "id": 11944944685,
        "osm_type": "node",
        "name": "Penzion Růženka",
        "tourism": "guest_house"
      }
    },
    {
      "type": "Feature",
      "geometry": {
        "type": "Point",
        "coordinates": [
          17.3315242,
          50.0215625
        ]
      },
      "properties": {
        "id": 11944944688,
        "osm_type": "node",
        "name": "Chalupa Mezi Kopci",
        "tourism": "apartment"
      }
    },
    {
      "type": "Feature",
      "geometry": {
        "type": "Point",
        "coordinates": [
          18.1768859,
          49.888583
        ]
      },
      "properties": {
        "id": 11963623966,
        "osm_type": "node",
        "name": "Velký Mlýn",
        "tourism": "guest_house"
      }
    },
    {
      "type": "Feature",
      "geometry": {
        "type": "Point",
        "coordinates": [
          18.1074211,
          49.6125611
        ]
      },
      "properties": {
        "id": 12023769369,
        "osm_type": "node",
        "name": "Byty",
        "tourism": "apartment"
      }
    },
    {
      "type": "Feature",
      "geometry": {
        "type": "Point",
        "coordinates": [
          17.883607,
          49.8435763
        ]
      },
      "properties": {
        "id": 12039944838,
        "osm_type": "node",
        "name": "Kemp Kajlovec",
        "tourism": "camp_site",
        "tents": "yes",
        "phone": "+420 605 310 616",
        "website": "https://www.kajlovec.cz/"
      }
    },
    {
      "type": "Feature",
      "geometry": {
        "type": "Point",
        "coordinates": [
          17.883498,
          49.8438365
        ]
      },
      "properties": {
        "id": 12064611066,
        "osm_type": "node",
        "name": "Penzion Salaš",
        "tourism": "guest_house",
        "phone": "+420 732 999 989",
        "website": "https://www.areal-salas.cz/"
      }
    },
    {
      "type": "Feature",
      "geometry": {
        "type": "Point",
        "coordinates": [
          17.5650276,
          49.905127
        ]
      },
      "properties": {
        "id": 12066353917,
        "osm_type": "node",
        "name": "VEŘEJNÉ TÁBOŘIŠTĚ LESKOVEC NAD MORAVICÍ",
        "tourism": "camp_site",
        "tents": "yes"
      }
    },
    {
      "type": "Feature",
      "geometry": {
        "type": "Point",
        "coordinates": [
          17.7139685,
          49.8219332
        ]
      },
      "properties": {
        "id": 12372218080,
        "osm_type": "node",
        "name": "U Bernharda",
        "tourism": "guest_house",
        "phone": "+420 725 115 026",
        "website": "https://www.ubernharda.cz"
      }
    },
    {
      "type": "Feature",
      "geometry": {
        "type": "Point",
        "coordinates": [
          18.1908287,
          49.7210476
        ]
      },
      "properties": {
        "id": 12426848113,
        "osm_type": "node",
        "name": "Hotel Palfrig",
        "tourism": "hotel",
        "phone": "+420 721 851 100",
        "website": "https://www.hotel-palfrig.cz"
      }
    },
    {
      "type": "Feature",
      "geometry": {
        "type": "Point",
        "coordinates": [
          18.3273491,
          49.5352428
        ]
      },
      "properties": {
        "id": 12492664790,
        "osm_type": "node",
        "name": "Miura",
        "tourism": "hotel",
        "phone": "+420 558 761 100",
        "website": "https://www.miura.cz/"
      }
    },
    {
      "type": "Feature",
      "geometry": {
        "type": "Point",
        "coordinates": [
          18.763365,
          49.6140949
        ]
      },
      "properties": {
        "id": 12556584272,
        "osm_type": "node",
        "name": "Oáza klidu v Beskydech",
        "tourism": "guest_house",
        "phone": "+420 775 024 908",
        "website": "https://www.chataoazaklidu.cz/"
      }
    },
    {
      "type": "Feature",
      "geometry": {
        "type": "Point",
        "coordinates": [
          17.8271212,
          49.6913381
        ]
      },
      "properties": {
        "id": 12567217854,
        "osm_type": "node",
        "name": "Na konci světa",
        "tourism": "guest_house",
        "phone": "+420 731 417 503",
        "website": "https://www.hospudkanakoncisveta.cz/"
      }
    },
    {
      "type": "Feature",
      "geometry": {
        "type": "Point",
        "coordinates": [
          17.8375281,
          49.6913945
        ]
      },
      "properties": {
        "id": 12571663374,
        "osm_type": "node",
        "name": "Stellplatz",
        "tourism": "caravan_site"
      }
    },
    {
      "type": "Feature",
      "geometry": {
        "type": "Point",
        "coordinates": [
          18.4700071,
          49.7214429
        ]
      },
      "properties": {
        "id": 12753677853,
        "osm_type": "node",
        "name": "Kemp Domaslavice",
        "tourism": "camp_site",
        "tents": "yes",
        "phone": "+420 733 714 234",
        "website": "https://www.ekempy.cz/camp/64"
      }
    },
    {
      "type": "Feature",
      "geometry": {
        "type": "Point",
        "coordinates": [
          18.1508369,
          49.6446352
        ]
      },
      "properties": {
        "id": 12810495132,
        "osm_type": "node",
        "name": "Penzion U Čápa",
        "tourism": "guest_house",
        "phone": "+420 595 536 570",
        "website": "https://www.ucapa.cz/"
      }
    },
    {
      "type": "Feature",
      "geometry": {
        "type": "Point",
        "coordinates": [
          18.4560266,
          49.7871743
        ]
      },
      "properties": {
        "id": 12920985669,
        "osm_type": "node",
        "name": "Vila u Urbana",
        "tourism": "apartment",
        "website": "https://urbanrestaurace.cz/?lang=cs#aboutUs"
      }
    },
    {
      "type": "Feature",
      "geometry": {
        "type": "Point",
        "coordinates": [
          18.4555125,
          49.7868311
        ]
      },
      "properties": {
        "id": 12920985670,
        "osm_type": "node",
        "name": "Penzion Urban",
        "tourism": "guest_house",
        "phone": "+420603783554",
        "website": "https://urbanrestaurace.cz/?lang=cs#aboutUs"
      }
    },
    {
      "type": "Feature",
      "geometry": {
        "type": "Point",
        "coordinates": [
          18.0210181,
          49.5978583
        ]
      },
      "properties": {
        "id": 12926439141,
        "osm_type": "node",
        "name": "Pension Lamberk",
        "tourism": "guest_house"
      }
    },
    {
      "type": "Feature",
      "geometry": {
        "type": "Point",
        "coordinates": [
          17.4025701,
          49.8344968
        ]
      },
      "properties": {
        "id": 12941425491,
        "osm_type": "node",
        "name": "Marta",
        "tourism": "guest_house"
      }
    },
    {
      "type": "Feature",
      "geometry": {
        "type": "Point",
        "coordinates": [
          17.8733471,
          49.869221
        ]
      },
      "properties": {
        "id": 12941451704,
        "osm_type": "node",
        "name": "Lama Apartments",
        "tourism": "guest_house"
      }
    },
    {
      "type": "Feature",
      "geometry": {
        "type": "Point",
        "coordinates": [
          18.0720699,
          49.7916588
        ]
      },
      "properties": {
        "id": 12952024579,
        "osm_type": "node",
        "name": "Táborová základna Zbyslavice",
        "tourism": "camp_site",
        "tents": "yes",
        "website": "https://zalesaci.tomici.cz/kontakt"
      }
    },
    {
      "type": "Feature",
      "geometry": {
        "type": "Point",
        "coordinates": [
          18.6402851,
          49.535614
        ]
      },
      "properties": {
        "id": 12974326026,
        "osm_type": "node",
        "name": "Penzion Buldoček",
        "tourism": "hotel"
      }
    },
    {
      "type": "Feature",
      "geometry": {
        "type": "Point",
        "coordinates": [
          17.7296095,
          49.7446279
        ]
      },
      "properties": {
        "id": 13071259667,
        "osm_type": "node",
        "name": "Ubytování Klokočov",
        "tourism": "guest_house",
        "website": "https://www.farmaklokocov.cz/ubytovani"
      }
    },
    {
      "type": "Feature",
      "geometry": {
        "type": "Point",
        "coordinates": [
          17.6927563,
          49.742562
        ]
      },
      "properties": {
        "id": 13094975659,
        "osm_type": "node",
        "tourism": "camp_site"
      }
    },
    {
      "type": "Feature",
      "geometry": {
        "type": "Point",
        "coordinates": [
          17.72907,
          49.7221699
        ]
      },
      "properties": {
        "id": 13094986701,
        "osm_type": "node",
        "name": "bezKempu",
        "tourism": "camp_site",
        "tents": "yes",
        "website": "https://www.bezkempu.cz/5651"
      }
    },
    {
      "type": "Feature",
      "geometry": {
        "type": "Point",
        "coordinates": [
          18.0291225,
          49.536447
        ]
      },
      "properties": {
        "id": 13105226079,
        "osm_type": "node",
        "name": "Penzion Kuželna",
        "tourism": "guest_house"
      }
    },
    {
      "type": "Feature",
      "geometry": {
        "type": "Point",
        "coordinates": [
          18.2769367,
          49.5498612
        ]
      },
      "properties": {
        "id": 13279512737,
        "osm_type": "node",
        "name": "Penzion u Tabášků",
        "tourism": "guest_house",
        "phone": "+420 725 880 714",
        "website": "https://chalupautabasku.cz/levne-ubytovani-kontakt/"
      }
    },
    {
      "type": "Feature",
      "geometry": {
        "type": "Point",
        "coordinates": [
          18.4885499,
          49.6841043
        ]
      },
      "properties": {
        "id": 13429943515,
        "osm_type": "node",
        "tourism": "guest_house"
      }
    },
    {
      "type": "Feature",
      "geometry": {
        "type": "Point",
        "coordinates": [
          17.2410946,
          50.0699092
        ]
      },
      "properties": {
        "id": 13467948220,
        "osm_type": "node",
        "name": "Veronika",
        "tourism": "alpine_hut"
      }
    },
    {
      "type": "Feature",
      "geometry": {
        "type": "Point",
        "coordinates": [
          18.3550862,
          49.5902557
        ]
      },
      "properties": {
        "id": 13607959362,
        "osm_type": "node",
        "name": "Penzion PALMA",
        "tourism": "guest_house",
        "opening_hours": "24/7",
        "contact:phone": "+420 736 540 272",
        "contact:website": "https://penzion-palma.mozello.cz"
      }
    },
    {
      "type": "Feature",
      "geometry": {
        "type": "Point",
        "coordinates": [
          18.6706422,
          49.677524
        ]
      },
      "properties": {
        "id": 13649526497,
        "osm_type": "node",
        "name": "Penzion Svět",
        "tourism": "guest_house",
        "phone": "+420 773 136 996;+420 608 975 666",
        "website": "https://penzion-svet.cz"
      }
    },
    {
      "type": "Feature",
      "geometry": {
        "type": "Point",
        "coordinates": [
          18.6963311,
          49.5110427
        ]
      },
      "properties": {
        "id": 13682422707,
        "osm_type": "node",
        "tourism": "camp_site"
      }
    },
    {
      "type": "Feature",
      "geometry": {
        "type": "Point",
        "coordinates": [
          18.7620641,
          49.5842602
        ]
      },
      "properties": {
        "id": 13747752488,
        "osm_type": "node",
        "name": "K3 - INSTALMONT – ubytování",
        "tourism": "hostel",
        "phone": "+420 775 100 651, +420 775 100 655",
        "website": "https://k3-instalmont.cz/"
      }
    },
    {
      "type": "Feature",
      "geometry": {
        "type": "Point",
        "coordinates": [
          17.2419212,
          50.0698759
        ]
      },
      "properties": {
        "id": 8044465,
        "osm_type": "way",
        "name": "Hotel Figura",
        "tourism": "alpine_hut",
        "phone": "+420 733 533 180;+420 724 708 083",
        "website": "https://www.resortpraded.cz/?lang=cs"
      }
    },
    {
      "type": "Feature",
      "geometry": {
        "type": "Point",
        "coordinates": [
          17.2387247,
          50.0709345
        ]
      },
      "properties": {
        "id": 8044466,
        "osm_type": "way",
        "name": "Ovčárna",
        "tourism": "alpine_hut",
        "phone": "+420554779007"
      }
    },
    {
      "type": "Feature",
      "geometry": {
        "type": "Point",
        "coordinates": [
          18.1453002,
          49.5934265
        ]
      },
      "properties": {
        "id": 31625638,
        "osm_type": "way",
        "name": "Hotel Stadion",
        "tourism": "hotel",
        "check_date": "2024-04-12"
      }
    },
    {
      "type": "Feature",
      "geometry": {
        "type": "Point",
        "coordinates": [
          18.1612272,
          49.6122484
        ]
      },
      "properties": {
        "id": 32761169,
        "osm_type": "way",
        "name": "Jehlan",
        "tourism": "hotel"
      }
    },
    {
      "type": "Feature",
      "geometry": {
        "type": "Point",
        "coordinates": [
          18.1442685,
          49.5979449
        ]
      },
      "properties": {
        "id": 32801188,
        "osm_type": "way",
        "name": "Hotel Olympia",
        "tourism": "hotel",
        "check_date": "2026-01-03"
      }
    },
    {
      "type": "Feature",
      "geometry": {
        "type": "Point",
        "coordinates": [
          18.1455902,
          49.5929622
        ]
      },
      "properties": {
        "id": 32811897,
        "osm_type": "way",
        "name": "Hotel Laguna",
        "tourism": "hotel"
      }
    },
    {
      "type": "Feature",
      "geometry": {
        "type": "Point",
        "coordinates": [
          18.335193,
          49.521884
        ]
      },
      "properties": {
        "id": 34210359,
        "osm_type": "way",
        "name": "Hotel Dejmon",
        "tourism": "hotel"
      }
    },
    {
      "type": "Feature",
      "geometry": {
        "type": "Point",
        "coordinates": [
          18.3404686,
          49.5113341
        ]
      },
      "properties": {
        "id": 34217552,
        "osm_type": "way",
        "name": "Hotel Čeladenka",
        "tourism": "hotel"
      }
    },
    {
      "type": "Feature",
      "geometry": {
        "type": "Point",
        "coordinates": [
          18.340623,
          49.5095056
        ]
      },
      "properties": {
        "id": 34217573,
        "osm_type": "way",
        "name": "U Holubů",
        "tourism": "hotel",
        "opening_hours": "Mo-Su 10:00-20:00; Fr,Sa 10:00-22:00",
        "website": "https://www.uholubu.com/"
      }
    },
    {
      "type": "Feature",
      "geometry": {
        "type": "Point",
        "coordinates": [
          18.2475948,
          49.5052098
        ]
      },
      "properties": {
        "id": 34602801,
        "osm_type": "way",
        "name": "Ráztoka",
        "tourism": "hotel",
        "website": "http://www.raztoka.cz/"
      }
    },
    {
      "type": "Feature",
      "geometry": {
        "type": "Point",
        "coordinates": [
          18.212142,
          49.5477207
        ]
      },
      "properties": {
        "id": 36232966,
        "osm_type": "way",
        "name": "Radhošť",
        "tourism": "hotel"
      }
    },
    {
      "type": "Feature",
      "geometry": {
        "type": "Point",
        "coordinates": [
          18.2114244,
          49.5480092
        ]
      },
      "properties": {
        "id": 36232970,
        "osm_type": "way",
        "name": "Hotel U Jakuba",
        "tourism": "hotel"
      }
    },
    {
      "type": "Feature",
      "geometry": {
        "type": "Point",
        "coordinates": [
          18.2151358,
          49.5449933
        ]
      },
      "properties": {
        "id": 36935419,
        "osm_type": "way",
        "name": "U Dobrého lva",
        "tourism": "hotel"
      }
    },
    {
      "type": "Feature",
      "geometry": {
        "type": "Point",
        "coordinates": [
          18.2171636,
          49.5454423
        ]
      },
      "properties": {
        "id": 36935943,
        "osm_type": "way",
        "name": "Penzion Zdenko",
        "tourism": "guest_house"
      }
    },
    {
      "type": "Feature",
      "geometry": {
        "type": "Point",
        "coordinates": [
          18.2179969,
          49.5441578
        ]
      },
      "properties": {
        "id": 37411824,
        "osm_type": "way",
        "name": "U Veterána",
        "tourism": "guest_house",
        "opening_hours": "Mo-Th 10:00-22:00; Fr 10:00-24:00; Sa 10:00-23:00; Su 11:00-20:00",
        "contact:website": "http://www.uveterana.cz/"
      }
    },
    {
      "type": "Feature",
      "geometry": {
        "type": "Point",
        "coordinates": [
          18.1169031,
          49.5916679
        ]
      },
      "properties": {
        "id": 37791005,
        "osm_type": "way",
        "name": "Šipka",
        "tourism": "hotel"
      }
    },
    {
      "type": "Feature",
      "geometry": {
        "type": "Point",
        "coordinates": [
          17.3070085,
          50.0729283
        ]
      },
      "properties": {
        "id": 40626065,
        "osm_type": "way",
        "name": "Hotel Džbán",
        "tourism": "hotel"
      }
    },
    {
      "type": "Feature",
      "geometry": {
        "type": "Point",
        "coordinates": [
          18.2543802,
          49.8303449
        ]
      },
      "properties": {
        "id": 40813422,
        "osm_type": "way",
        "name": "Levné ubytování Ostrava",
        "tourism": "hostel",
        "phone": "+420 777 708 447",
        "website": "http://ostravalevneubytovani.cz/"
      }
    },
    {
      "type": "Feature",
      "geometry": {
        "type": "Point",
        "coordinates": [
          18.6940249,
          49.6581489
        ]
      },
      "properties": {
        "id": 43049883,
        "osm_type": "way",
        "tourism": "motel"
      }
    },
    {
      "type": "Feature",
      "geometry": {
        "type": "Point",
        "coordinates": [
          18.6275588,
          49.6275672
        ]
      },
      "properties": {
        "id": 48459246,
        "osm_type": "way",
        "name": "Chata Javorový vrch",
        "tourism": "alpine_hut",
        "opening_hours": "Mo-Th 09:00-19:00; Fr,Sa 08:00-20:00; Su 08:00-19:00",
        "phone": "+420 558 321 306",
        "website": "http://javorovy.cz/"
      }
    },
    {
      "type": "Feature",
      "geometry": {
        "type": "Point",
        "coordinates": [
          18.7643312,
          49.576154
        ]
      },
      "properties": {
        "id": 51390212,
        "osm_type": "way",
        "name": "Hotel Bullawa",
        "tourism": "hotel"
      }
    },
    {
      "type": "Feature",
      "geometry": {
        "type": "Point",
        "coordinates": [
          18.2902936,
          49.8342253
        ]
      },
      "properties": {
        "id": 51784802,
        "osm_type": "way",
        "name": "Hotel Imperial",
        "tourism": "hotel",
        "phone": "+420 599 099 099",
        "website": "https://www.imperialhotelostrava.com"
      }
    },
    {
      "type": "Feature",
      "geometry": {
        "type": "Point",
        "coordinates": [
          17.8993267,
          49.9394913
        ]
      },
      "properties": {
        "id": 52565693,
        "osm_type": "way",
        "name": "Hotel Koruna",
        "tourism": "hotel"
      }
    },
    {
      "type": "Feature",
      "geometry": {
        "type": "Point",
        "coordinates": [
          18.1551834,
          49.84399
        ]
      },
      "properties": {
        "id": 52835156,
        "osm_type": "way",
        "tourism": "apartment"
      }
    },
    {
      "type": "Feature",
      "geometry": {
        "type": "Point",
        "coordinates": [
          17.9676392,
          49.959555
        ]
      },
      "properties": {
        "id": 53199604,
        "osm_type": "way",
        "name": "Bed and breakfast Slezská Siesta",
        "tourism": "guest_house"
      }
    },
    {
      "type": "Feature",
      "geometry": {
        "type": "Point",
        "coordinates": [
          18.4043582,
          49.5495694
        ]
      },
      "properties": {
        "id": 54276084,
        "osm_type": "way",
        "name": "Rekreační centrum Sepetná",
        "tourism": "hotel",
        "website": "https://www.sepetna.cz/"
      }
    },
    {
      "type": "Feature",
      "geometry": {
        "type": "Point",
        "coordinates": [
          18.4034899,
          49.5494257
        ]
      },
      "properties": {
        "id": 54276085,
        "osm_type": "way",
        "name": "Hotel Ondráš",
        "tourism": "hotel"
      }
    },
    {
      "type": "Feature",
      "geometry": {
        "type": "Point",
        "coordinates": [
          18.4486387,
          49.5461519
        ]
      },
      "properties": {
        "id": 54276104,
        "osm_type": "way",
        "name": "Chata Emil Zátopek - Desítka",
        "tourism": "alpine_hut",
        "phone": "+420777120509",
        "website": "https://lysa-hora.cz/ubytovani/chata-desitka/"
      }
    },
    {
      "type": "Feature",
      "geometry": {
        "type": "Point",
        "coordinates": [
          18.4257432,
          49.5665445
        ]
      },
      "properties": {
        "id": 54413177,
        "osm_type": "way",
        "name": "Hotel Petr Bezruč",
        "tourism": "hotel",
        "website": "https://hotelpetrbezruc.cz/"
      }
    },
    {
      "type": "Feature",
      "geometry": {
        "type": "Point",
        "coordinates": [
          17.8665195,
          49.8637889
        ]
      },
      "properties": {
        "id": 55140618,
        "osm_type": "way",
        "name": "Hotel Belaria Resort",
        "tourism": "hotel",
        "website": "https://www.belaria.cz/"
      }
    },
    {
      "type": "Feature",
      "geometry": {
        "type": "Point",
        "coordinates": [
          17.9431247,
          49.892755
        ]
      },
      "properties": {
        "id": 55219496,
        "osm_type": "way",
        "name": "Hostinec Raduňka",
        "tourism": "guest_house",
        "phone": "+420 605 167 649",
        "website": "https://www.radunka.cz/"
      }
    },
    {
      "type": "Feature",
      "geometry": {
        "type": "Point",
        "coordinates": [
          17.874915,
          49.8663231
        ]
      },
      "properties": {
        "id": 55291682,
        "osm_type": "way",
        "name": "Hotel Sonáta",
        "tourism": "hotel",
        "phone": "+420 777 421 601",
        "website": "https://hotelsonata.cz/"
      }
    },
    {
      "type": "Feature",
      "geometry": {
        "type": "Point",
        "coordinates": [
          17.7079932,
          49.8953985
        ]
      },
      "properties": {
        "id": 55686050,
        "osm_type": "way",
        "name": "Penzion U Kišky",
        "tourism": "guest_house"
      }
    },
    {
      "type": "Feature",
      "geometry": {
        "type": "Point",
        "coordinates": [
          17.6817802,
          49.9144854
        ]
      },
      "properties": {
        "id": 55693239,
        "osm_type": "way",
        "name": "Penzion nad stájí",
        "tourism": "hotel",
        "opening_hours": "Su-Th 11:00-22:00; Fr-Sa 11:00-23:00",
        "contact:phone": "+420 737240758",
        "contact:website": "http://www.penzion-jakartovice.cz/"
      }
    },
    {
      "type": "Feature",
      "geometry": {
        "type": "Point",
        "coordinates": [
          18.0936665,
          49.8992048
        ]
      },
      "properties": {
        "id": 55963384,
        "osm_type": "way",
        "name": "Hotel Pod Hůrkou",
        "tourism": "hotel",
        "phone": "+420 553 773 132"
      }
    },
    {
      "type": "Feature",
      "geometry": {
        "type": "Point",
        "coordinates": [
          18.0902321,
          49.9028686
        ]
      },
      "properties": {
        "id": 55963852,
        "osm_type": "way",
        "name": "Penzion Na Hřišti",
        "tourism": "guest_house",
        "phone": "+420 773 744 390"
      }
    },
    {
      "type": "Feature",
      "geometry": {
        "type": "Point",
        "coordinates": [
          18.288106,
          49.8393035
        ]
      },
      "properties": {
        "id": 55987609,
        "osm_type": "way",
        "name": "Hotel Mercure Ostrava Center",
        "tourism": "hotel"
      }
    },
    {
      "type": "Feature",
      "geometry": {
        "type": "Point",
        "coordinates": [
          18.0043225,
          49.5910871
        ]
      },
      "properties": {
        "id": 57103540,
        "osm_type": "way",
        "name": "Hotel & Restaurant Graphic",
        "tourism": "hotel",
        "check_date": "2025-09-08"
      }
    },
    {
      "type": "Feature",
      "geometry": {
        "type": "Point",
        "coordinates": [
          17.9996931,
          49.5900625
        ]
      },
      "properties": {
        "id": 57392283,
        "osm_type": "way",
        "name": "Abacie",
        "tourism": "hotel"
      }
    },
    {
      "type": "Feature",
      "geometry": {
        "type": "Point",
        "coordinates": [
          18.2818473,
          49.8382962
        ]
      },
      "properties": {
        "id": 59556866,
        "osm_type": "way",
        "name": "Polský dům",
        "tourism": "hotel"
      }
    },
    {
      "type": "Feature",
      "geometry": {
        "type": "Point",
        "coordinates": [
          18.3221364,
          49.7750872
        ]
      },
      "properties": {
        "id": 62075916,
        "osm_type": "way",
        "name": "Penzion Anet",
        "tourism": "guest_house",
        "contact:phone": "+420733123451",
        "website": "http://www.penzionanet.cz"
      }
    },
    {
      "type": "Feature",
      "geometry": {
        "type": "Point",
        "coordinates": [
          18.2552939,
          49.82844
        ]
      },
      "properties": {
        "id": 65230121,
        "osm_type": "way",
        "name": "69",
        "tourism": "guest_house"
      }
    },
    {
      "type": "Feature",
      "geometry": {
        "type": "Point",
        "coordinates": [
          18.3065314,
          49.7646608
        ]
      },
      "properties": {
        "id": 66290628,
        "osm_type": "way",
        "name": "Hotel Vratimov",
        "tourism": "hotel"
      }
    },
    {
      "type": "Feature",
      "geometry": {
        "type": "Point",
        "coordinates": [
          18.4103099,
          49.3993082
        ]
      },
      "properties": {
        "id": 67381585,
        "osm_type": "way",
        "name": "Hotel Bumbálka",
        "tourism": "hotel"
      }
    },
    {
      "type": "Feature",
      "geometry": {
        "type": "Point",
        "coordinates": [
          18.0775065,
          49.9576803
        ]
      },
      "properties": {
        "id": 68588786,
        "osm_type": "way",
        "name": "Penzion Bolatice",
        "tourism": "guest_house",
        "phone": "+420 553 655 188",
        "website": "https://www.penzionbolatice.cz/"
      }
    },
    {
      "type": "Feature",
      "geometry": {
        "type": "Point",
        "coordinates": [
          18.1457323,
          49.9711246
        ]
      },
      "properties": {
        "id": 68805784,
        "osm_type": "way",
        "name": "Pension Bělá",
        "tourism": "guest_house",
        "phone": "+420 553 663 558",
        "website": "http://www.rothschilduvdvur.cz/"
      }
    },
    {
      "type": "Feature",
      "geometry": {
        "type": "Point",
        "coordinates": [
          17.9734707,
          49.790626
        ]
      },
      "properties": {
        "id": 70673347,
        "osm_type": "way",
        "name": "Penzion Pod sjezdovkou",
        "tourism": "guest_house",
        "phone": "+420 777 701 515",
        "website": "http://www.skislatina.cz/LAS_NEWS.asp"
      }
    },
    {
      "type": "Feature",
      "geometry": {
        "type": "Point",
        "coordinates": [
          18.1288569,
          49.9422452
        ]
      },
      "properties": {
        "id": 70731736,
        "osm_type": "way",
        "name": "RESTAURACE - PENZION \"U KOSTELA\"",
        "tourism": "guest_house",
        "phone": "+420 602 753 836",
        "website": "https://penzionbohuslavice.cz/"
      }
    },
    {
      "type": "Feature",
      "geometry": {
        "type": "Point",
        "coordinates": [
          18.2762994,
          49.9217888
        ]
      },
      "properties": {
        "id": 71382752,
        "osm_type": "way",
        "name": "Hotel Golf Šilheřovice",
        "tourism": "hotel"
      }
    },
    {
      "type": "Feature",
      "geometry": {
        "type": "Point",
        "coordinates": [
          18.2838544,
          49.5485834
        ]
      },
      "properties": {
        "id": 72519226,
        "osm_type": "way",
        "tourism": "hotel"
      }
    },
    {
      "type": "Feature",
      "geometry": {
        "type": "Point",
        "coordinates": [
          18.2836152,
          49.5468798
        ]
      },
      "properties": {
        "id": 72546490,
        "osm_type": "way",
        "name": "Krkoška",
        "tourism": "guest_house",
        "website": "https://www.penzionkrkoska.cz/"
      }
    },
    {
      "type": "Feature",
      "geometry": {
        "type": "Point",
        "coordinates": [
          18.2601071,
          49.7987622
        ]
      },
      "properties": {
        "id": 74214457,
        "osm_type": "way",
        "name": "Villa u arény",
        "tourism": "guest_house",
        "website": "https://www.villauareny.cz/",
        "check_date": "2024-09-22"
      }
    },
    {
      "type": "Feature",
      "geometry": {
        "type": "Point",
        "coordinates": [
          18.157781,
          49.8392739
        ]
      },
      "properties": {
        "id": 78291455,
        "osm_type": "way",
        "name": "Penzion Poruba",
        "tourism": "motel"
      }
    },
    {
      "type": "Feature",
      "geometry": {
        "type": "Point",
        "coordinates": [
          18.2770074,
          49.8175993
        ]
      },
      "properties": {
        "id": 78540833,
        "osm_type": "way",
        "name": "VP1",
        "tourism": "hotel",
        "website": "https://www.dolnivitkovice.cz/en/hotel-vp1/",
        "check_date": "2025-04-13"
      }
    },
    {
      "type": "Feature",
      "geometry": {
        "type": "Point",
        "coordinates": [
          18.5904157,
          49.7861355
        ]
      },
      "properties": {
        "id": 90311112,
        "osm_type": "way",
        "name": "Rybí dům - Akvárium Chotěbuz",
        "tourism": "hotel",
        "phone": "+420774 712 413",
        "website": "http://www.rybidum.cz/",
        "contact:website": "http://www.rybidum.cz/"
      }
    },
    {
      "type": "Feature",
      "geometry": {
        "type": "Point",
        "coordinates": [
          18.347311,
          49.685227
        ]
      },
      "properties": {
        "id": 91368235,
        "osm_type": "way",
        "name": "Silesia",
        "tourism": "hotel"
      }
    },
    {
      "type": "Feature",
      "geometry": {
        "type": "Point",
        "coordinates": [
          18.3580743,
          49.6782869
        ]
      },
      "properties": {
        "id": 91387067,
        "osm_type": "way",
        "name": "U křivého psa",
        "tourism": "guest_house",
        "phone": "+420 558 63 63 61",
        "website": "https://www.krivypes.cz/"
      }
    },
    {
      "type": "Feature",
      "geometry": {
        "type": "Point",
        "coordinates": [
          18.3529979,
          49.6793749
        ]
      },
      "properties": {
        "id": 91392087,
        "osm_type": "way",
        "name": "Ubytovna Pracák",
        "tourism": "hostel",
        "phone": "+420725450515",
        "website": "https://sites.google.com/site/ubytovnapracakfm/"
      }
    },
    {
      "type": "Feature",
      "geometry": {
        "type": "Point",
        "coordinates": [
          18.3538135,
          49.6792211
        ]
      },
      "properties": {
        "id": 91392307,
        "osm_type": "way",
        "name": "Wellness hotel Richtr",
        "tourism": "hotel",
        "phone": "+420 555 502 222",
        "website": "https://www.hotel-richtr.cz/"
      }
    },
    {
      "type": "Feature",
      "geometry": {
        "type": "Point",
        "coordinates": [
          18.2632116,
          49.8681657
        ]
      },
      "properties": {
        "id": 92154099,
        "osm_type": "way",
        "name": "Vila Liběna",
        "tourism": "apartment",
        "website": "https://www.landekpark.cz/cs/apartmany-vila-libena/a-24/"
      }
    },
    {
      "type": "Feature",
      "geometry": {
        "type": "Point",
        "coordinates": [
          18.1657188,
          49.8233591
        ]
      },
      "properties": {
        "id": 92300852,
        "osm_type": "way",
        "name": "Penzion u Šípků",
        "tourism": "guest_house",
        "website": "https://www.penziony.cz/ostrava/penzion-u-sipku"
      }
    },
    {
      "type": "Feature",
      "geometry": {
        "type": "Point",
        "coordinates": [
          18.3371088,
          49.5486028
        ]
      },
      "properties": {
        "id": 93186655,
        "osm_type": "way",
        "name": "YURA Hotel Čeladná",
        "tourism": "hotel",
        "phone": "+420 558 682 287",
        "website": "https://yurahotel.cz"
      }
    },
    {
      "type": "Feature",
      "geometry": {
        "type": "Point",
        "coordinates": [
          18.164595,
          49.8415437
        ]
      },
      "properties": {
        "id": 93837506,
        "osm_type": "way",
        "name": "Penzion Aida",
        "tourism": "guest_house",
        "website": "https://www.penziony.cz/ostrava/penzion-aida/"
      }
    },
    {
      "type": "Feature",
      "geometry": {
        "type": "Point",
        "coordinates": [
          18.2591686,
          49.8678566
        ]
      },
      "properties": {
        "id": 93968619,
        "osm_type": "way",
        "name": "Vila Na Landeku",
        "tourism": "apartment",
        "website": "https://vilanalandeku.cz/"
      }
    },
    {
      "type": "Feature",
      "geometry": {
        "type": "Point",
        "coordinates": [
          17.3043941,
          50.0742131
        ]
      },
      "properties": {
        "id": 94232132,
        "osm_type": "way",
        "name": "Slezský dům",
        "tourism": "hotel"
      }
    },
    {
      "type": "Feature",
      "geometry": {
        "type": "Point",
        "coordinates": [
          18.201786,
          49.5446848
        ]
      },
      "properties": {
        "id": 95037421,
        "osm_type": "way",
        "name": "Hotel Bartoš",
        "tourism": "hotel",
        "website": "https://www.hotelbartos.cz/"
      }
    },
    {
      "type": "Feature",
      "geometry": {
        "type": "Point",
        "coordinates": [
          18.1934615,
          49.5443628
        ]
      },
      "properties": {
        "id": 95242268,
        "osm_type": "way",
        "name": "Edvard",
        "tourism": "hotel"
      }
    },
    {
      "type": "Feature",
      "geometry": {
        "type": "Point",
        "coordinates": [
          18.2026773,
          49.7501296
        ]
      },
      "properties": {
        "id": 96762748,
        "osm_type": "way",
        "name": "Penzion Florian",
        "tourism": "guest_house"
      }
    },
    {
      "type": "Feature",
      "geometry": {
        "type": "Point",
        "coordinates": [
          18.7541645,
          49.623848
        ]
      },
      "properties": {
        "id": 100584583,
        "osm_type": "way",
        "tourism": "guest_house"
      }
    },
    {
      "type": "Feature",
      "geometry": {
        "type": "Point",
        "coordinates": [
          18.1263226,
          49.8235155
        ]
      },
      "properties": {
        "id": 101399041,
        "osm_type": "way",
        "name": "Penzion Muraty",
        "tourism": "guest_house",
        "website": "https://www.penziony.cz/vresina/penzion-muraty"
      }
    },
    {
      "type": "Feature",
      "geometry": {
        "type": "Point",
        "coordinates": [
          18.1228335,
          49.8130553
        ]
      },
      "properties": {
        "id": 101402839,
        "osm_type": "way",
        "name": "V Hájku",
        "tourism": "guest_house"
      }
    },
    {
      "type": "Feature",
      "geometry": {
        "type": "Point",
        "coordinates": [
          18.5034245,
          49.7536545
        ]
      },
      "properties": {
        "id": 101922504,
        "osm_type": "way",
        "name": "Hotel Fridrich",
        "tourism": "hotel",
        "phone": "+420 596 423 229",
        "website": "https://www.hotelfridrich.cz/"
      }
    },
    {
      "type": "Feature",
      "geometry": {
        "type": "Point",
        "coordinates": [
          18.1283164,
          49.7869375
        ]
      },
      "properties": {
        "id": 102203063,
        "osm_type": "way",
        "name": "Ubytovna Klimkovice",
        "tourism": "hostel"
      }
    },
    {
      "type": "Feature",
      "geometry": {
        "type": "Point",
        "coordinates": [
          18.1240635,
          49.7893285
        ]
      },
      "properties": {
        "id": 102203086,
        "osm_type": "way",
        "name": "KAROLINA continue s. r. o.",
        "tourism": "guest_house",
        "opening_hours": "11:00-22:00"
      }
    },
    {
      "type": "Feature",
      "geometry": {
        "type": "Point",
        "coordinates": [
          18.1049643,
          49.7958882
        ]
      },
      "properties": {
        "id": 102483750,
        "osm_type": "way",
        "name": "U Hasičů",
        "tourism": "guest_house",
        "opening_hours": "Mo-Su 11:00-21:00; Fr,Sa 11:00-22:00",
        "website": "http://uhasicu.cz/"
      }
    },
    {
      "type": "Feature",
      "geometry": {
        "type": "Point",
        "coordinates": [
          17.4698941,
          49.9901239
        ]
      },
      "properties": {
        "id": 102598546,
        "osm_type": "way",
        "name": "Hotel Slezan",
        "tourism": "hotel"
      }
    },
    {
      "type": "Feature",
      "geometry": {
        "type": "Point",
        "coordinates": [
          17.3949364,
          49.8149962
        ]
      },
      "properties": {
        "id": 102707487,
        "osm_type": "way",
        "name": "Chata pod Slunečnou",
        "tourism": "guest_house",
        "phone": "+420724 233 274",
        "website": "https://www.cestovanisepsem.cz/cz/hotel/prazdninovy-dum-detrichov-nad-bystrici.html"
      }
    },
    {
      "type": "Feature",
      "geometry": {
        "type": "Point",
        "coordinates": [
          17.689521,
          50.087779
        ]
      },
      "properties": {
        "id": 102760684,
        "osm_type": "way",
        "name": "Villa Cafe",
        "tourism": "hotel"
      }
    },
    {
      "type": "Feature",
      "geometry": {
        "type": "Point",
        "coordinates": [
          18.3719749,
          49.9041127
        ]
      },
      "properties": {
        "id": 103341558,
        "osm_type": "way",
        "tourism": "hotel"
      }
    },
    {
      "type": "Feature",
      "geometry": {
        "type": "Point",
        "coordinates": [
          17.75336,
          49.7766794
        ]
      },
      "properties": {
        "id": 103613444,
        "osm_type": "way",
        "name": "Růže",
        "tourism": "hotel"
      }
    },
    {
      "type": "Feature",
      "geometry": {
        "type": "Point",
        "coordinates": [
          18.3282643,
          49.9195929
        ]
      },
      "properties": {
        "id": 103707424,
        "osm_type": "way",
        "name": "Pod Zeleným dubem",
        "tourism": "hotel",
        "phone": "+420555506606",
        "website": "https://www.podzelenym.cz/"
      }
    },
    {
      "type": "Feature",
      "geometry": {
        "type": "Point",
        "coordinates": [
          17.7106817,
          49.8265482
        ]
      },
      "properties": {
        "id": 105050940,
        "osm_type": "way",
        "name": "Rekreační středisko U Brodu",
        "tourism": "guest_house",
        "phone": "+420 731 092 604",
        "website": "https://ubrodu.cz/"
      }
    },
    {
      "type": "Feature",
      "geometry": {
        "type": "Point",
        "coordinates": [
          17.7183552,
          49.8323165
        ]
      },
      "properties": {
        "id": 105051432,
        "osm_type": "way",
        "name": "Bílá holubice",
        "tourism": "guest_house",
        "website": "https://www.bilaholubice.cz/"
      }
    },
    {
      "type": "Feature",
      "geometry": {
        "type": "Point",
        "coordinates": [
          17.8994092,
          49.7109171
        ]
      },
      "properties": {
        "id": 108196449,
        "osm_type": "way",
        "name": "Hotel Amos",
        "tourism": "hotel",
        "phone": "+420 556 741 718; +420 556 712 547",
        "website": "http://www.hotelamos.cz/"
      }
    },
    {
      "type": "Feature",
      "geometry": {
        "type": "Point",
        "coordinates": [
          17.3007999,
          50.0242063
        ]
      },
      "properties": {
        "id": 108903457,
        "osm_type": "way",
        "name": "Kamzík",
        "tourism": "hotel"
      }
    },
    {
      "type": "Feature",
      "geometry": {
        "type": "Point",
        "coordinates": [
          17.3016606,
          50.0227749
        ]
      },
      "properties": {
        "id": 108905140,
        "osm_type": "way",
        "tourism": "hotel"
      }
    },
    {
      "type": "Feature",
      "geometry": {
        "type": "Point",
        "coordinates": [
          18.3913875,
          49.6946861
        ]
      },
      "properties": {
        "id": 115220019,
        "osm_type": "way",
        "name": "Penzion U lesa",
        "tourism": "guest_house",
        "phone": "+420 776 262 150",
        "website": "http://www.penzionulesa.com/"
      }
    },
    {
      "type": "Feature",
      "geometry": {
        "type": "Point",
        "coordinates": [
          18.3755327,
          49.69123
        ]
      },
      "properties": {
        "id": 115220427,
        "osm_type": "way",
        "name": "U Mámy",
        "tourism": "guest_house",
        "opening_hours": "Mo-Fr 11:00-22:00; Sa 11:00-23:00; Su 11:00-22:00",
        "phone": "+420 558 630 360",
        "website": "https://www.restauraceumamy.cz/"
      }
    },
    {
      "type": "Feature",
      "geometry": {
        "type": "Point",
        "coordinates": [
          18.2031918,
          49.5524192
        ]
      },
      "properties": {
        "id": 115277550,
        "osm_type": "way",
        "name": "Autokemp Frenštát p. R.",
        "tourism": "caravan_site",
        "tents": "yes",
        "phone": "+420 556 836 624",
        "website": "https://www.autokemp-frenstat.cz/"
      }
    },
    {
      "type": "Feature",
      "geometry": {
        "type": "Point",
        "coordinates": [
          17.6833796,
          49.831783
        ]
      },
      "properties": {
        "id": 117636173,
        "osm_type": "way",
        "name": "Sklípek Ve Staré škole",
        "tourism": "guest_house",
        "opening_hours": "Mo-Th 14:00-21:00; Fr 14:00-22:00; Sa 11:00-22:00; Su 11:00-21:00",
        "phone": "+420 556 311 192",
        "website": "http://www.vestareskole.cz"
      }
    },
    {
      "type": "Feature",
      "geometry": {
        "type": "Point",
        "coordinates": [
          17.6821732,
          49.8312468
        ]
      },
      "properties": {
        "id": 117642645,
        "osm_type": "way",
        "name": "Chalupa U Kaštana",
        "tourism": "guest_house",
        "phone": "+420 608 911 777",
        "website": "http://www.kastan4.cz/index_chata.php"
      }
    },
    {
      "type": "Feature",
      "geometry": {
        "type": "Point",
        "coordinates": [
          18.2357752,
          49.5364871
        ]
      },
      "properties": {
        "id": 119361487,
        "osm_type": "way",
        "name": "Liščí mlýn",
        "tourism": "caravan_site"
      }
    },
    {
      "type": "Feature",
      "geometry": {
        "type": "Point",
        "coordinates": [
          18.2360578,
          49.5366407
        ]
      },
      "properties": {
        "id": 119361511,
        "osm_type": "way",
        "name": "Liščí mlýn",
        "tourism": "guest_house",
        "phone": "+420 721 578 824",
        "website": "https://www.liscimlyn.cz/"
      }
    },
    {
      "type": "Feature",
      "geometry": {
        "type": "Point",
        "coordinates": [
          18.3914403,
          49.4001758
        ]
      },
      "properties": {
        "id": 120029762,
        "osm_type": "way",
        "name": "Horský hotel Sůkenická",
        "tourism": "hotel"
      }
    },
    {
      "type": "Feature",
      "geometry": {
        "type": "Point",
        "coordinates": [
          18.2429321,
          49.5358712
        ]
      },
      "properties": {
        "id": 120567351,
        "osm_type": "way",
        "name": "Penzion Planiska",
        "tourism": "guest_house"
      }
    },
    {
      "type": "Feature",
      "geometry": {
        "type": "Point",
        "coordinates": [
          18.2519187,
          49.5066911
        ]
      },
      "properties": {
        "id": 122156125,
        "osm_type": "way",
        "name": "Troyer",
        "tourism": "hotel"
      }
    },
    {
      "type": "Feature",
      "geometry": {
        "type": "Point",
        "coordinates": [
          18.1616896,
          49.5272901
        ]
      },
      "properties": {
        "id": 122261042,
        "osm_type": "way",
        "name": "Horská chata Velký Javorník",
        "tourism": "alpine_hut"
      }
    },
    {
      "type": "Feature",
      "geometry": {
        "type": "Point",
        "coordinates": [
          17.7118837,
          50.272938
        ]
      },
      "properties": {
        "id": 122749629,
        "osm_type": "way",
        "tourism": "hostel"
      }
    },
    {
      "type": "Feature",
      "geometry": {
        "type": "Point",
        "coordinates": [
          18.1913887,
          49.5408252
        ]
      },
      "properties": {
        "id": 123222520,
        "osm_type": "way",
        "name": "Valašská Koliba",
        "tourism": "chalet"
      }
    },
    {
      "type": "Feature",
      "geometry": {
        "type": "Point",
        "coordinates": [
          18.1184095,
          49.5918236
        ]
      },
      "properties": {
        "id": 123492304,
        "osm_type": "way",
        "name": "Stará škola",
        "tourism": "guest_house"
      }
    },
    {
      "type": "Feature",
      "geometry": {
        "type": "Point",
        "coordinates": [
          18.1211834,
          49.5884034
        ]
      },
      "properties": {
        "id": 123492327,
        "osm_type": "way",
        "name": "GONG",
        "tourism": "hotel"
      }
    },
    {
      "type": "Feature",
      "geometry": {
        "type": "Point",
        "coordinates": [
          18.1123115,
          49.5887325
        ]
      },
      "properties": {
        "id": 123492574,
        "osm_type": "way",
        "name": "Hotel Roubenka",
        "tourism": "hotel"
      }
    },
    {
      "type": "Feature",
      "geometry": {
        "type": "Point",
        "coordinates": [
          18.2178926,
          49.5118462
        ]
      },
      "properties": {
        "id": 123870064,
        "osm_type": "way",
        "name": "Na Dolině",
        "tourism": "guest_house"
      }
    },
    {
      "type": "Feature",
      "geometry": {
        "type": "Point",
        "coordinates": [
          18.2269978,
          49.5078217
        ]
      },
      "properties": {
        "id": 124252053,
        "osm_type": "way",
        "name": "Hotel Gurmán",
        "tourism": "hotel"
      }
    },
    {
      "type": "Feature",
      "geometry": {
        "type": "Point",
        "coordinates": [
          18.2446535,
          49.511523
        ]
      },
      "properties": {
        "id": 124252386,
        "osm_type": "way",
        "name": "Koksař",
        "tourism": "hotel",
        "website": "http://www.interkat.cz/chata.koksar/"
      }
    },
    {
      "type": "Feature",
      "geometry": {
        "type": "Point",
        "coordinates": [
          18.2416907,
          49.5137223
        ]
      },
      "properties": {
        "id": 124252431,
        "osm_type": "way",
        "name": "U Kociána",
        "tourism": "hotel"
      }
    },
    {
      "type": "Feature",
      "geometry": {
        "type": "Point",
        "coordinates": [
          18.2470244,
          49.5055419
        ]
      },
      "properties": {
        "id": 124716189,
        "osm_type": "way",
        "name": "Rozkvět",
        "tourism": "guest_house"
      }
    },
    {
      "type": "Feature",
      "geometry": {
        "type": "Point",
        "coordinates": [
          18.2459385,
          49.514705
        ]
      },
      "properties": {
        "id": 125006131,
        "osm_type": "way",
        "tourism": "chalet"
      }
    },
    {
      "type": "Feature",
      "geometry": {
        "type": "Point",
        "coordinates": [
          18.2462373,
          49.5143543
        ]
      },
      "properties": {
        "id": 125006275,
        "osm_type": "way",
        "tourism": "chalet"
      }
    },
    {
      "type": "Feature",
      "geometry": {
        "type": "Point",
        "coordinates": [
          18.2460023,
          49.5144558
        ]
      },
      "properties": {
        "id": 125006295,
        "osm_type": "way",
        "tourism": "chalet"
      }
    },
    {
      "type": "Feature",
      "geometry": {
        "type": "Point",
        "coordinates": [
          18.2459203,
          49.5148738
        ]
      },
      "properties": {
        "id": 125006507,
        "osm_type": "way",
        "tourism": "chalet"
      }
    },
    {
      "type": "Feature",
      "geometry": {
        "type": "Point",
        "coordinates": [
          18.2460268,
          49.5141153
        ]
      },
      "properties": {
        "id": 125006523,
        "osm_type": "way",
        "tourism": "chalet"
      }
    },
    {
      "type": "Feature",
      "geometry": {
        "type": "Point",
        "coordinates": [
          18.2461672,
          49.5145468
        ]
      },
      "properties": {
        "id": 125006531,
        "osm_type": "way",
        "tourism": "chalet"
      }
    },
    {
      "type": "Feature",
      "geometry": {
        "type": "Point",
        "coordinates": [
          18.2460757,
          49.5142631
        ]
      },
      "properties": {
        "id": 125006549,
        "osm_type": "way",
        "tourism": "chalet"
      }
    },
    {
      "type": "Feature",
      "geometry": {
        "type": "Point",
        "coordinates": [
          18.2463095,
          49.5141632
        ]
      },
      "properties": {
        "id": 125006558,
        "osm_type": "way",
        "tourism": "chalet"
      }
    },
    {
      "type": "Feature",
      "geometry": {
        "type": "Point",
        "coordinates": [
          18.2465551,
          49.5142827
        ]
      },
      "properties": {
        "id": 125006601,
        "osm_type": "way",
        "tourism": "chalet"
      }
    },
    {
      "type": "Feature",
      "geometry": {
        "type": "Point",
        "coordinates": [
          18.2461515,
          49.5149273
        ]
      },
      "properties": {
        "id": 125006659,
        "osm_type": "way",
        "tourism": "chalet"
      }
    },
    {
      "type": "Feature",
      "geometry": {
        "type": "Point",
        "coordinates": [
          18.7343609,
          49.5555999
        ]
      },
      "properties": {
        "id": 128250799,
        "osm_type": "way",
        "tourism": "camp_site"
      }
    },
    {
      "type": "Feature",
      "geometry": {
        "type": "Point",
        "coordinates": [
          17.3374152,
          50.0985686
        ]
      },
      "properties": {
        "id": 141821740,
        "osm_type": "way",
        "name": "Pension Grizzly",
        "tourism": "guest_house"
      }
    },
    {
      "type": "Feature",
      "geometry": {
        "type": "Point",
        "coordinates": [
          17.3366171,
          50.1007824
        ]
      },
      "properties": {
        "id": 141821780,
        "osm_type": "way",
        "name": "Chata Amálka",
        "tourism": "chalet",
        "website": "https://www.chatatour.cz/cz/oo961-chata-amalka-ludvikov-pod-pradedem-jeseniky"
      }
    },
    {
      "type": "Feature",
      "geometry": {
        "type": "Point",
        "coordinates": [
          17.3354774,
          50.0969622
        ]
      },
      "properties": {
        "id": 141823251,
        "osm_type": "way",
        "name": "Rekreační středisko Jitřenka",
        "tourism": "chalet"
      }
    },
    {
      "type": "Feature",
      "geometry": {
        "type": "Point",
        "coordinates": [
          17.3419614,
          50.105291
        ]
      },
      "properties": {
        "id": 141823304,
        "osm_type": "way",
        "name": "Penzion Ludvíkov",
        "tourism": "guest_house",
        "website": "https://www.ubytovaniludvikov.cz/index.html"
      }
    },
    {
      "type": "Feature",
      "geometry": {
        "type": "Point",
        "coordinates": [
          17.3365634,
          50.0966711
        ]
      },
      "properties": {
        "id": 141823317,
        "osm_type": "way",
        "name": "Penzion Stonožka",
        "tourism": "guest_house"
      }
    },
    {
      "type": "Feature",
      "geometry": {
        "type": "Point",
        "coordinates": [
          18.0690406,
          49.5322552
        ]
      },
      "properties": {
        "id": 147661618,
        "osm_type": "way",
        "name": "Autocamp Mořkov",
        "tourism": "camp_site"
      }
    },
    {
      "type": "Feature",
      "geometry": {
        "type": "Point",
        "coordinates": [
          18.5323004,
          49.6208262
        ]
      },
      "properties": {
        "id": 148863305,
        "osm_type": "way",
        "name": "Horská chata na Kotáři",
        "tourism": "alpine_hut",
        "phone": "+420 734 215 373",
        "website": "http://www.komornilhotka.cz/index.php?page=16"
      }
    },
    {
      "type": "Feature",
      "geometry": {
        "type": "Point",
        "coordinates": [
          18.1765297,
          49.8896237
        ]
      },
      "properties": {
        "id": 149720867,
        "osm_type": "way",
        "name": "Terezka",
        "tourism": "guest_house"
      }
    },
    {
      "type": "Feature",
      "geometry": {
        "type": "Point",
        "coordinates": [
          17.6822212,
          49.8274498
        ]
      },
      "properties": {
        "id": 158026608,
        "osm_type": "way",
        "name": "Davidův mlýn",
        "tourism": "guest_house",
        "phone": "+420 552 308 389",
        "website": "https://www.daviduvmlyn.cz/"
      }
    },
    {
      "type": "Feature",
      "geometry": {
        "type": "Point",
        "coordinates": [
          18.3848131,
          49.4024139
        ]
      },
      "properties": {
        "id": 160520399,
        "osm_type": "way",
        "name": "Chata Celnica",
        "tourism": "alpine_hut",
        "contact:website": "http://www.celnica.cz"
      }
    },
    {
      "type": "Feature",
      "geometry": {
        "type": "Point",
        "coordinates": [
          18.4477332,
          49.5454539
        ]
      },
      "properties": {
        "id": 169832916,
        "osm_type": "way",
        "name": "Bezručova chata",
        "tourism": "alpine_hut",
        "opening_hours": "Mo 08:00-16:45; Tu-Fr 08:00-19:45; Sa 07:00-19:45; Su 07:00-17:00",
        "phone": "+420 60 5163 756",
        "website": "https://www.bezrucova-chata.cz"
      }
    },
    {
      "type": "Feature",
      "geometry": {
        "type": "Point",
        "coordinates": [
          18.4483379,
          49.5458523
        ]
      },
      "properties": {
        "id": 169832917,
        "osm_type": "way",
        "name": "Chata Emil Zátopek - Maraton",
        "tourism": "alpine_hut",
        "opening_hours": "Apr-Oct: Mo-Th 08:00-20:00; Fr 08:00-22:00; Sa 07:00-22:00; Su 07:00-20:00; Nov-Mar: Mo-Th 08:00-19:00; Fr 08:00-22:00; Sa 07:00-22:00; Su 07:00-19:00",
        "phone": "+420 60 2291 324",
        "website": "https://www.lysa-hora.cz"
      }
    },
    {
      "type": "Feature",
      "geometry": {
        "type": "Point",
        "coordinates": [
          18.1390528,
          49.5877626
        ]
      },
      "properties": {
        "id": 176509073,
        "osm_type": "way",
        "name": "ubytovna U Matesa",
        "tourism": "guest_house"
      }
    },
    {
      "type": "Feature",
      "geometry": {
        "type": "Point",
        "coordinates": [
          18.2180788,
          49.5115376
        ]
      },
      "properties": {
        "id": 180593730,
        "osm_type": "way",
        "tourism": "hotel"
      }
    },
    {
      "type": "Feature",
      "geometry": {
        "type": "Point",
        "coordinates": [
          18.3498526,
          49.6734403
        ]
      },
      "properties": {
        "id": 199513292,
        "osm_type": "way",
        "name": "Prestige Tennis Park",
        "tourism": "guest_house"
      }
    },
    {
      "type": "Feature",
      "geometry": {
        "type": "Point",
        "coordinates": [
          18.3126609,
          49.664289
        ]
      },
      "properties": {
        "id": 200890850,
        "osm_type": "way",
        "name": "Autokemp Olešná",
        "tourism": "caravan_site",
        "tents": "yes",
        "phone": "+420 558 443 216",
        "website": "http://www.tsfm.cz/autokemp-olesna/"
      }
    },
    {
      "type": "Feature",
      "geometry": {
        "type": "Point",
        "coordinates": [
          18.4851398,
          49.6106069
        ]
      },
      "properties": {
        "id": 204893992,
        "osm_type": "way",
        "name": "Hotel Ondráš",
        "tourism": "hotel"
      }
    },
    {
      "type": "Feature",
      "geometry": {
        "type": "Point",
        "coordinates": [
          18.487233,
          49.6098706
        ]
      },
      "properties": {
        "id": 204893994,
        "osm_type": "way",
        "name": "Hotel Travný",
        "tourism": "hotel",
        "phone": "+420 773 835 444"
      }
    },
    {
      "type": "Feature",
      "geometry": {
        "type": "Point",
        "coordinates": [
          18.5273727,
          49.6027632
        ]
      },
      "properties": {
        "id": 204922425,
        "osm_type": "way",
        "name": "Penzion Jízdárna",
        "tourism": "guest_house",
        "phone": "+420 777 691 270",
        "website": "https://www.pensionjizdarna.cz/"
      }
    },
    {
      "type": "Feature",
      "geometry": {
        "type": "Point",
        "coordinates": [
          18.5305061,
          49.6025989
        ]
      },
      "properties": {
        "id": 204922426,
        "osm_type": "way",
        "name": "Rekreační středisko Paskov",
        "tourism": "hotel"
      }
    },
    {
      "type": "Feature",
      "geometry": {
        "type": "Point",
        "coordinates": [
          18.5170502,
          49.6033188
        ]
      },
      "properties": {
        "id": 204922492,
        "osm_type": "way",
        "name": "Caravan Club FM - tábořiště Morávka",
        "tourism": "caravan_site",
        "phone": "+420 702 546 272",
        "website": "https://www.ccfm.cz/index.php?page=kontakty"
      }
    },
    {
      "type": "Feature",
      "geometry": {
        "type": "Point",
        "coordinates": [
          18.2214326,
          49.6243296
        ]
      },
      "properties": {
        "id": 211677408,
        "osm_type": "way",
        "name": "Hotel Hukvaldy",
        "tourism": "hotel",
        "phone": "+420 725 174 008",
        "website": "http://www.hotelhukvaldy.cz/"
      }
    },
    {
      "type": "Feature",
      "geometry": {
        "type": "Point",
        "coordinates": [
          18.4469353,
          49.3939737
        ]
      },
      "properties": {
        "id": 211776583,
        "osm_type": "way",
        "name": "Chata Sněžná",
        "tourism": "alpine_hut",
        "phone": "+420 558 647 257;+420 602 573 546",
        "website": "https://www.chatasnezna.cz/"
      }
    },
    {
      "type": "Feature",
      "geometry": {
        "type": "Point",
        "coordinates": [
          18.3990244,
          49.5236721
        ]
      },
      "properties": {
        "id": 218517000,
        "osm_type": "way",
        "name": "Penzion Mazák",
        "tourism": "guest_house"
      }
    },
    {
      "type": "Feature",
      "geometry": {
        "type": "Point",
        "coordinates": [
          18.3788512,
          49.5299774
        ]
      },
      "properties": {
        "id": 218600858,
        "osm_type": "way",
        "tourism": "chalet"
      }
    },
    {
      "type": "Feature",
      "geometry": {
        "type": "Point",
        "coordinates": [
          18.3791156,
          49.5301126
        ]
      },
      "properties": {
        "id": 218600872,
        "osm_type": "way",
        "tourism": "chalet"
      }
    },
    {
      "type": "Feature",
      "geometry": {
        "type": "Point",
        "coordinates": [
          18.3791421,
          49.5299202
        ]
      },
      "properties": {
        "id": 218600947,
        "osm_type": "way",
        "tourism": "chalet"
      }
    },
    {
      "type": "Feature",
      "geometry": {
        "type": "Point",
        "coordinates": [
          18.3786318,
          49.5296216
        ]
      },
      "properties": {
        "id": 218600997,
        "osm_type": "way",
        "tourism": "chalet"
      }
    },
    {
      "type": "Feature",
      "geometry": {
        "type": "Point",
        "coordinates": [
          18.3786189,
          49.5298306
        ]
      },
      "properties": {
        "id": 218601056,
        "osm_type": "way",
        "tourism": "chalet"
      }
    },
    {
      "type": "Feature",
      "geometry": {
        "type": "Point",
        "coordinates": [
          18.3788924,
          49.5297601
        ]
      },
      "properties": {
        "id": 218601073,
        "osm_type": "way",
        "tourism": "chalet"
      }
    },
    {
      "type": "Feature",
      "geometry": {
        "type": "Point",
        "coordinates": [
          18.378368,
          49.5294883
        ]
      },
      "properties": {
        "id": 218601075,
        "osm_type": "way",
        "tourism": "chalet"
      }
    },
    {
      "type": "Feature",
      "geometry": {
        "type": "Point",
        "coordinates": [
          18.3788374,
          49.5301829
        ]
      },
      "properties": {
        "id": 218601081,
        "osm_type": "way",
        "tourism": "chalet"
      }
    },
    {
      "type": "Feature",
      "geometry": {
        "type": "Point",
        "coordinates": [
          18.3783591,
          49.529697
        ]
      },
      "properties": {
        "id": 218601129,
        "osm_type": "way",
        "tourism": "chalet"
      }
    },
    {
      "type": "Feature",
      "geometry": {
        "type": "Point",
        "coordinates": [
          18.3623649,
          49.5503241
        ]
      },
      "properties": {
        "id": 218605240,
        "osm_type": "way",
        "name": "Green Inn",
        "tourism": "hotel",
        "phone": "+420724907913",
        "website": "https://www.ostravice-golf.cz/hotel/"
      }
    },
    {
      "type": "Feature",
      "geometry": {
        "type": "Point",
        "coordinates": [
          18.6467081,
          49.5623054
        ]
      },
      "properties": {
        "id": 225984735,
        "osm_type": "way",
        "name": "Horská chata Kamenitý",
        "tourism": "alpine_hut",
        "opening_hours": "Th 09:00-16:00; Fr-Sa 09:00-18:00; Su 09:00-16:00"
      }
    },
    {
      "type": "Feature",
      "geometry": {
        "type": "Point",
        "coordinates": [
          18.3962748,
          49.5802116
        ]
      },
      "properties": {
        "id": 227998814,
        "osm_type": "way",
        "name": "Hospoda Pod Borovou - ubytování",
        "tourism": "guest_house",
        "opening_hours": "Mo-Su 11:00-22:00",
        "phone": "+420 730 623 404",
        "website": "https://www.podborovou.cz/"
      }
    },
    {
      "type": "Feature",
      "geometry": {
        "type": "Point",
        "coordinates": [
          18.3836196,
          49.4032611
        ]
      },
      "properties": {
        "id": 229476042,
        "osm_type": "way",
        "name": "Třeštík",
        "tourism": "guest_house"
      }
    },
    {
      "type": "Feature",
      "geometry": {
        "type": "Point",
        "coordinates": [
          18.8364857,
          49.5219251
        ]
      },
      "properties": {
        "id": 231959999,
        "osm_type": "way",
        "name": "Na Vyhlídce",
        "tourism": "hostel",
        "website": "http://www.hospudka-na-vyhlidce.cz/"
      }
    },
    {
      "type": "Feature",
      "geometry": {
        "type": "Point",
        "coordinates": [
          18.8470012,
          49.5174837
        ]
      },
      "properties": {
        "id": 231960008,
        "osm_type": "way",
        "name": "Vila Sandra",
        "tourism": "guest_house",
        "website": "http://www.vilasandra.cz/"
      }
    },
    {
      "type": "Feature",
      "geometry": {
        "type": "Point",
        "coordinates": [
          18.298875,
          49.598467
        ]
      },
      "properties": {
        "id": 235023406,
        "osm_type": "way",
        "name": "Wellness & Restaurace U-Fandy",
        "tourism": "guest_house",
        "phone": "+420 733 644 655",
        "website": "https://www.u-fandy.cz/"
      }
    },
    {
      "type": "Feature",
      "geometry": {
        "type": "Point",
        "coordinates": [
          18.7713796,
          49.5683728
        ]
      },
      "properties": {
        "id": 243581270,
        "osm_type": "way",
        "name": "Hotel Stará Ameryka",
        "tourism": "hotel",
        "website": "https://www.hotelameryka.cz/"
      }
    },
    {
      "type": "Feature",
      "geometry": {
        "type": "Point",
        "coordinates": [
          18.7955283,
          49.6789507
        ]
      },
      "properties": {
        "id": 246420459,
        "osm_type": "way",
        "name": "Horská chata Čantoryje",
        "tourism": "alpine_hut"
      }
    },
    {
      "type": "Feature",
      "geometry": {
        "type": "Point",
        "coordinates": [
          18.6963556,
          49.5104803
        ]
      },
      "properties": {
        "id": 246516429,
        "osm_type": "way",
        "name": "Kamenná chata",
        "tourism": "alpine_hut",
        "opening_hours": "We-Th 10:00-16:00; Fr-Sa 10:00-22:00; Su 10:00-16:00",
        "contact:phone": "+420 602 613 026",
        "website": "http://kamennachata.cz/",
        "check_date": "2025-04-18"
      }
    },
    {
      "type": "Feature",
      "geometry": {
        "type": "Point",
        "coordinates": [
          18.8254018,
          49.5806866
        ]
      },
      "properties": {
        "id": 246516457,
        "osm_type": "way",
        "name": "Wellness Hotel Bahenec",
        "tourism": "hotel"
      }
    },
    {
      "type": "Feature",
      "geometry": {
        "type": "Point",
        "coordinates": [
          17.3119201,
          50.02122
        ]
      },
      "properties": {
        "id": 253778883,
        "osm_type": "way",
        "name": "Penzion Pod Kapličkou",
        "tourism": "guest_house",
        "website": "http://www.penzion-pod-kaplickou-mala-moravka.az-ubytovani.com/"
      }
    },
    {
      "type": "Feature",
      "geometry": {
        "type": "Point",
        "coordinates": [
          17.2793982,
          50.0229495
        ]
      },
      "properties": {
        "id": 253778926,
        "osm_type": "way",
        "name": "Apartmány Karlov",
        "tourism": "apartment",
        "phone": "+420 602 595 556",
        "website": "www.apartmanykarlov.eu"
      }
    },
    {
      "type": "Feature",
      "geometry": {
        "type": "Point",
        "coordinates": [
          17.2884096,
          50.019207
        ]
      },
      "properties": {
        "id": 253778947,
        "osm_type": "way",
        "name": "Hotel Praděd",
        "tourism": "hotel",
        "check_date": "2026-01-01"
      }
    },
    {
      "type": "Feature",
      "geometry": {
        "type": "Point",
        "coordinates": [
          17.3071609,
          50.0345295
        ]
      },
      "properties": {
        "id": 253778951,
        "osm_type": "way",
        "name": "Kopřivná",
        "tourism": "hotel",
        "website": "https://www.koprivna.cz/"
      }
    },
    {
      "type": "Feature",
      "geometry": {
        "type": "Point",
        "coordinates": [
          17.3075542,
          50.0353752
        ]
      },
      "properties": {
        "id": 253778978,
        "osm_type": "way",
        "name": "Brans",
        "tourism": "hotel",
        "website": "https://brans.cz/"
      }
    },
    {
      "type": "Feature",
      "geometry": {
        "type": "Point",
        "coordinates": [
          17.2926105,
          50.0204399
        ]
      },
      "properties": {
        "id": 253778979,
        "osm_type": "way",
        "tourism": "hotel"
      }
    },
    {
      "type": "Feature",
      "geometry": {
        "type": "Point",
        "coordinates": [
          17.2812475,
          50.0168267
        ]
      },
      "properties": {
        "id": 253779353,
        "osm_type": "way",
        "name": "Pod Kloboukem",
        "tourism": "guest_house"
      }
    },
    {
      "type": "Feature",
      "geometry": {
        "type": "Point",
        "coordinates": [
          17.2800009,
          50.0233224
        ]
      },
      "properties": {
        "id": 253779412,
        "osm_type": "way",
        "name": "Chata v Karlově",
        "tourism": "alpine_hut"
      }
    },
    {
      "type": "Feature",
      "geometry": {
        "type": "Point",
        "coordinates": [
          17.3032195,
          50.0212285
        ]
      },
      "properties": {
        "id": 253779515,
        "osm_type": "way",
        "name": "Chalupa u medvěda",
        "tourism": "guest_house",
        "check_date": "2026-03-21"
      }
    },
    {
      "type": "Feature",
      "geometry": {
        "type": "Point",
        "coordinates": [
          17.2804372,
          50.0235718
        ]
      },
      "properties": {
        "id": 253779528,
        "osm_type": "way",
        "name": "Penzion Antonie",
        "tourism": "guest_house",
        "phone": "+420 604 121 669",
        "website": "https://antonie-karlov.cz/"
      }
    },
    {
      "type": "Feature",
      "geometry": {
        "type": "Point",
        "coordinates": [
          17.2990534,
          50.0188486
        ]
      },
      "properties": {
        "id": 253779636,
        "osm_type": "way",
        "name": "Penzion Pod strání",
        "tourism": "guest_house",
        "phone": "+420 721 648 810",
        "website": "https://pod-strani.cz/"
      }
    },
    {
      "type": "Feature",
      "geometry": {
        "type": "Point",
        "coordinates": [
          17.3137112,
          50.0174973
        ]
      },
      "properties": {
        "id": 253779680,
        "osm_type": "way",
        "name": "Na rychtě",
        "tourism": "guest_house",
        "website": "https://www.penzionnarychte.cz/"
      }
    },
    {
      "type": "Feature",
      "geometry": {
        "type": "Point",
        "coordinates": [
          17.2178016,
          49.9045471
        ]
      },
      "properties": {
        "id": 254364953,
        "osm_type": "way",
        "name": "chata na Mlýně",
        "tourism": "guest_house",
        "phone": "+420 608067212",
        "website": "https://chatanamlyne.cz/"
      }
    },
    {
      "type": "Feature",
      "geometry": {
        "type": "Point",
        "coordinates": [
          18.7645669,
          49.6588335
        ]
      },
      "properties": {
        "id": 254541172,
        "osm_type": "way",
        "name": "Veranda pod Čantoryjí",
        "tourism": "guest_house",
        "website": "http://www.sensipece.cz/"
      }
    },
    {
      "type": "Feature",
      "geometry": {
        "type": "Point",
        "coordinates": [
          18.8012255,
          49.6190933
        ]
      },
      "properties": {
        "id": 254541779,
        "osm_type": "way",
        "name": "Hájenka Kolibiska",
        "tourism": "chalet",
        "phone": "+420 776 701 109",
        "website": "https://www.hajenkakolibiska.cz/"
      }
    },
    {
      "type": "Feature",
      "geometry": {
        "type": "Point",
        "coordinates": [
          18.7665475,
          49.6660648
        ]
      },
      "properties": {
        "id": 254542311,
        "osm_type": "way",
        "name": "Ovečka",
        "tourism": "guest_house",
        "website": "https://www.penzionovecka.cz/"
      }
    },
    {
      "type": "Feature",
      "geometry": {
        "type": "Point",
        "coordinates": [
          18.6383675,
          49.5298797
        ]
      },
      "properties": {
        "id": 254545583,
        "osm_type": "way",
        "name": "U Studánky",
        "tourism": "hotel"
      }
    },
    {
      "type": "Feature",
      "geometry": {
        "type": "Point",
        "coordinates": [
          18.6271574,
          49.5148274
        ]
      },
      "properties": {
        "id": 254545604,
        "osm_type": "way",
        "name": "Wellness Hotel POD KYČMOLEM",
        "tourism": "hotel"
      }
    },
    {
      "type": "Feature",
      "geometry": {
        "type": "Point",
        "coordinates": [
          18.6871537,
          49.5455266
        ]
      },
      "properties": {
        "id": 254553122,
        "osm_type": "way",
        "name": "Penzion Rzehaczek",
        "tourism": "hotel",
        "phone": "+420 608 814 431",
        "website": "https://www.rzehaczek.cz/",
        "check_date": "2026-03-22"
      }
    },
    {
      "type": "Feature",
      "geometry": {
        "type": "Point",
        "coordinates": [
          18.6462777,
          49.5931874
        ]
      },
      "properties": {
        "id": 254645712,
        "osm_type": "way",
        "name": "Horská chata Ostrý",
        "tourism": "alpine_hut",
        "opening_hours": "Tu-Th 10:00-17:00; Fr 10:00-19:00; Sa 09:00-19:00; Su 09:00-17:00",
        "website": "http://www.chataostry.cz/"
      }
    },
    {
      "type": "Feature",
      "geometry": {
        "type": "Point",
        "coordinates": [
          18.674641,
          49.5702871
        ]
      },
      "properties": {
        "id": 254649686,
        "osm_type": "way",
        "name": "Chata Kozubová",
        "tourism": "alpine_hut",
        "opening_hours": "Mo,Su 09:00-15:00; Fr,Sa 09:00-17:00; Su 09:00-15:00"
      }
    },
    {
      "type": "Feature",
      "geometry": {
        "type": "Point",
        "coordinates": [
          18.0975043,
          49.636708
        ]
      },
      "properties": {
        "id": 256761272,
        "osm_type": "way",
        "name": "Penzion Borovec",
        "tourism": "guest_house",
        "phone": "+420604525200",
        "website": "http://www.ubytovaniborovec.cz/"
      }
    },
    {
      "type": "Feature",
      "geometry": {
        "type": "Point",
        "coordinates": [
          17.8715289,
          49.5841261
        ]
      },
      "properties": {
        "id": 257115471,
        "osm_type": "way",
        "name": "Komunitní centrum Klášter",
        "tourism": "hostel",
        "phone": "+420 558 272 460",
        "website": "https://www.bayeruvodkaz.cz/"
      }
    },
    {
      "type": "Feature",
      "geometry": {
        "type": "Point",
        "coordinates": [
          18.398116,
          49.4623109
        ]
      },
      "properties": {
        "id": 260761607,
        "osm_type": "way",
        "name": "Chalupa Pod nebem",
        "tourism": "hotel",
        "website": "http://www.podnebem.8u.cz/"
      }
    },
    {
      "type": "Feature",
      "geometry": {
        "type": "Point",
        "coordinates": [
          17.5138193,
          49.897272
        ]
      },
      "properties": {
        "id": 268417191,
        "osm_type": "way",
        "tourism": "camp_site",
        "phone": "+420 725 081 001",
        "website": "https://www.obecroudno.cz/rybarsky-dum/"
      }
    },
    {
      "type": "Feature",
      "geometry": {
        "type": "Point",
        "coordinates": [
          18.4833608,
          49.4884568
        ]
      },
      "properties": {
        "id": 271131073,
        "osm_type": "way",
        "name": "Dům svatého Josefa",
        "tourism": "guest_house",
        "website": "https://www.dsvj.cz/"
      }
    },
    {
      "type": "Feature",
      "geometry": {
        "type": "Point",
        "coordinates": [
          18.5255224,
          49.4750136
        ]
      },
      "properties": {
        "id": 271131578,
        "osm_type": "way",
        "tourism": "alpine_hut"
      }
    },
    {
      "type": "Feature",
      "geometry": {
        "type": "Point",
        "coordinates": [
          18.4998375,
          49.535898
        ]
      },
      "properties": {
        "id": 271400043,
        "osm_type": "way",
        "name": "Penzion Lukáš",
        "tourism": "guest_house",
        "phone": "+420 603 242 119",
        "website": "http://www.penzionlukas.eu/"
      }
    },
    {
      "type": "Feature",
      "geometry": {
        "type": "Point",
        "coordinates": [
          18.4994009,
          49.5352852
        ]
      },
      "properties": {
        "id": 271400665,
        "osm_type": "way",
        "name": "Chalupa Zlatník",
        "tourism": "guest_house",
        "phone": "+420 606 484 767",
        "website": "https://www.chalupazlatnik.cz/"
      }
    },
    {
      "type": "Feature",
      "geometry": {
        "type": "Point",
        "coordinates": [
          18.4981733,
          49.5366141
        ]
      },
      "properties": {
        "id": 271400792,
        "osm_type": "way",
        "name": "Chaty Krásné chvíle",
        "tourism": "guest_house",
        "phone": "+420 774 907 087",
        "website": "https://chaty.krasnechvile.cz/"
      }
    },
    {
      "type": "Feature",
      "geometry": {
        "type": "Point",
        "coordinates": [
          18.527359,
          49.5194691
        ]
      },
      "properties": {
        "id": 271401049,
        "osm_type": "way",
        "name": "Hotel Visalaje",
        "tourism": "hotel",
        "phone": "+420 723 494 896"
      }
    },
    {
      "type": "Feature",
      "geometry": {
        "type": "Point",
        "coordinates": [
          18.4992873,
          49.5357254
        ]
      },
      "properties": {
        "id": 271401130,
        "osm_type": "way",
        "name": "Myslivna Zlatník",
        "tourism": "guest_house",
        "phone": "+420 603 147 923",
        "website": "http://www.myslivna-zlatnik.cz/"
      }
    },
    {
      "type": "Feature",
      "geometry": {
        "type": "Point",
        "coordinates": [
          17.6687267,
          49.823567
        ]
      },
      "properties": {
        "id": 271407701,
        "osm_type": "way",
        "name": "Penzion Velké sedlo",
        "tourism": "guest_house"
      }
    },
    {
      "type": "Feature",
      "geometry": {
        "type": "Point",
        "coordinates": [
          18.3844421,
          49.5552525
        ]
      },
      "properties": {
        "id": 277202779,
        "osm_type": "way",
        "name": "Chata Kaplička",
        "tourism": "chalet",
        "website": "https://www.chatakaplicka.cz/"
      }
    },
    {
      "type": "Feature",
      "geometry": {
        "type": "Point",
        "coordinates": [
          18.3836269,
          49.6490538
        ]
      },
      "properties": {
        "id": 288107516,
        "osm_type": "way",
        "name": "Baška",
        "tourism": "caravan_site",
        "tents": "yes",
        "phone": "+420 599 520 261",
        "website": "https://www.baska.cz/prehrada-baska/autokemp-ubytovani"
      }
    },
    {
      "type": "Feature",
      "geometry": {
        "type": "Point",
        "coordinates": [
          18.5137611,
          49.6027817
        ]
      },
      "properties": {
        "id": 290446170,
        "osm_type": "way",
        "name": "Camp Pod kaštany",
        "tourism": "caravan_site",
        "tents": "yes",
        "phone": "+420 608 412 812",
        "website": "https://camp-pod-kastany.cz/"
      }
    },
    {
      "type": "Feature",
      "geometry": {
        "type": "Point",
        "coordinates": [
          18.526261,
          49.5962784
        ]
      },
      "properties": {
        "id": 290770343,
        "osm_type": "way",
        "name": "A&B Bungalovy",
        "tourism": "chalet",
        "phone": "+420 558 691 210",
        "website": "https://www.abbungalovy.com/"
      }
    },
    {
      "type": "Feature",
      "geometry": {
        "type": "Point",
        "coordinates": [
          18.3646867,
          49.6000502
        ]
      },
      "properties": {
        "id": 299552260,
        "osm_type": "way",
        "name": "Autokemp Beskydy",
        "tourism": "caravan_site",
        "tents": "yes",
        "website": "http://autokempbeskydy.sweb.cz/onas.htm"
      }
    },
    {
      "type": "Feature",
      "geometry": {
        "type": "Point",
        "coordinates": [
          18.3066586,
          49.6623927
        ]
      },
      "properties": {
        "id": 303484602,
        "osm_type": "way",
        "name": "Chatová osada Olešná",
        "tourism": "caravan_site",
        "website": "http://www.bezan.cz/ubytovani.php"
      }
    },
    {
      "type": "Feature",
      "geometry": {
        "type": "Point",
        "coordinates": [
          18.4213551,
          49.5644677
        ]
      },
      "properties": {
        "id": 304138650,
        "osm_type": "way",
        "name": "Chata P.O.M.A",
        "tourism": "hotel",
        "website": "http://www.chatapoma.cz/rekreacni-chata-poma-malenovice"
      }
    },
    {
      "type": "Feature",
      "geometry": {
        "type": "Point",
        "coordinates": [
          18.2271475,
          49.5200778
        ]
      },
      "properties": {
        "id": 305545057,
        "osm_type": "way",
        "name": "Stellplatz Pustevny",
        "tourism": "caravan_site",
        "website": "http://www.radhost-rybnik.cz/caravan-parking"
      }
    },
    {
      "type": "Feature",
      "geometry": {
        "type": "Point",
        "coordinates": [
          18.2468643,
          49.5218293
        ]
      },
      "properties": {
        "id": 307309971,
        "osm_type": "way",
        "name": "býv. hotel Banka",
        "tourism": "hotel"
      }
    },
    {
      "type": "Feature",
      "geometry": {
        "type": "Point",
        "coordinates": [
          18.4077383,
          49.5705648
        ]
      },
      "properties": {
        "id": 309945211,
        "osm_type": "way",
        "name": "Roubenka pod Lysou",
        "tourism": "chalet",
        "website": "https://www.roubenkapodlysou.cz"
      }
    },
    {
      "type": "Feature",
      "geometry": {
        "type": "Point",
        "coordinates": [
          17.833709,
          49.6361066
        ]
      },
      "properties": {
        "id": 313479554,
        "osm_type": "way",
        "tourism": "camp_site"
      }
    },
    {
      "type": "Feature",
      "geometry": {
        "type": "Point",
        "coordinates": [
          17.5341269,
          49.9324228
        ]
      },
      "properties": {
        "id": 313824180,
        "osm_type": "way",
        "tourism": "chalet"
      }
    },
    {
      "type": "Feature",
      "geometry": {
        "type": "Point",
        "coordinates": [
          18.1440201,
          49.5988802
        ]
      },
      "properties": {
        "id": 330793496,
        "osm_type": "way",
        "name": "Interhotel Tatra",
        "tourism": "hotel",
        "phone": "+420 556 872 111",
        "website": "http://www.tatrahotel.cz",
        "check_date": "2024-04-11"
      }
    },
    {
      "type": "Feature",
      "geometry": {
        "type": "Point",
        "coordinates": [
          18.2630079,
          49.8665652
        ]
      },
      "properties": {
        "id": 370383675,
        "osm_type": "way",
        "name": "Camp Landek Park",
        "tourism": "caravan_site",
        "opening_hours": "May-Sep",
        "tents": "yes",
        "phone": "+420 724 539 719",
        "website": "https://www.landekpark.cz/cs/ubytovani/a-30/"
      }
    },
    {
      "type": "Feature",
      "geometry": {
        "type": "Point",
        "coordinates": [
          18.2533462,
          49.6065342
        ]
      },
      "properties": {
        "id": 383404009,
        "osm_type": "way",
        "tourism": "chalet"
      }
    },
    {
      "type": "Feature",
      "geometry": {
        "type": "Point",
        "coordinates": [
          18.2544075,
          49.6056225
        ]
      },
      "properties": {
        "id": 383404010,
        "osm_type": "way",
        "tourism": "chalet"
      }
    },
    {
      "type": "Feature",
      "geometry": {
        "type": "Point",
        "coordinates": [
          18.2540046,
          49.6058626
        ]
      },
      "properties": {
        "id": 383404011,
        "osm_type": "way",
        "tourism": "chalet"
      }
    },
    {
      "type": "Feature",
      "geometry": {
        "type": "Point",
        "coordinates": [
          18.2531278,
          49.6069341
        ]
      },
      "properties": {
        "id": 383404012,
        "osm_type": "way",
        "tourism": "chalet"
      }
    },
    {
      "type": "Feature",
      "geometry": {
        "type": "Point",
        "coordinates": [
          18.2546893,
          49.6054911
        ]
      },
      "properties": {
        "id": 383404013,
        "osm_type": "way",
        "tourism": "chalet"
      }
    },
    {
      "type": "Feature",
      "geometry": {
        "type": "Point",
        "coordinates": [
          18.2538249,
          49.6060043
        ]
      },
      "properties": {
        "id": 383404015,
        "osm_type": "way",
        "tourism": "chalet"
      }
    },
    {
      "type": "Feature",
      "geometry": {
        "type": "Point",
        "coordinates": [
          18.2532098,
          49.6067833
        ]
      },
      "properties": {
        "id": 383404016,
        "osm_type": "way",
        "tourism": "chalet"
      }
    },
    {
      "type": "Feature",
      "geometry": {
        "type": "Point",
        "coordinates": [
          18.2537155,
          49.6060927
        ]
      },
      "properties": {
        "id": 383404017,
        "osm_type": "way",
        "tourism": "chalet"
      }
    },
    {
      "type": "Feature",
      "geometry": {
        "type": "Point",
        "coordinates": [
          18.2532694,
          49.6066632
        ]
      },
      "properties": {
        "id": 383404018,
        "osm_type": "way",
        "tourism": "chalet"
      }
    },
    {
      "type": "Feature",
      "geometry": {
        "type": "Point",
        "coordinates": [
          18.2536105,
          49.6061797
        ]
      },
      "properties": {
        "id": 383404019,
        "osm_type": "way",
        "tourism": "chalet"
      }
    },
    {
      "type": "Feature",
      "geometry": {
        "type": "Point",
        "coordinates": [
          18.3141921,
          49.8939005
        ]
      },
      "properties": {
        "id": 391133120,
        "osm_type": "way",
        "name": "Sdružení naturistů Ostrava",
        "tourism": "camp_site"
      }
    },
    {
      "type": "Feature",
      "geometry": {
        "type": "Point",
        "coordinates": [
          17.338872,
          50.1032412
        ]
      },
      "properties": {
        "id": 399723163,
        "osm_type": "way",
        "name": "Hotel Peras",
        "tourism": "hotel"
      }
    },
    {
      "type": "Feature",
      "geometry": {
        "type": "Point",
        "coordinates": [
          18.0090959,
          49.5799794
        ]
      },
      "properties": {
        "id": 404618370,
        "osm_type": "way",
        "name": "Srub U Medvěda",
        "tourism": "hotel",
        "phone": "+420733590137",
        "website": "http://www.srubumedveda.cz"
      }
    },
    {
      "type": "Feature",
      "geometry": {
        "type": "Point",
        "coordinates": [
          18.1509702,
          49.6372037
        ]
      },
      "properties": {
        "id": 408450321,
        "osm_type": "way",
        "tourism": "chalet"
      }
    },
    {
      "type": "Feature",
      "geometry": {
        "type": "Point",
        "coordinates": [
          18.1509552,
          49.6371469
        ]
      },
      "properties": {
        "id": 408450324,
        "osm_type": "way",
        "tourism": "chalet"
      }
    },
    {
      "type": "Feature",
      "geometry": {
        "type": "Point",
        "coordinates": [
          18.150985,
          49.63726
        ]
      },
      "properties": {
        "id": 408450327,
        "osm_type": "way",
        "tourism": "chalet"
      }
    },
    {
      "type": "Feature",
      "geometry": {
        "type": "Point",
        "coordinates": [
          18.1509403,
          49.6370902
        ]
      },
      "properties": {
        "id": 408450330,
        "osm_type": "way",
        "tourism": "chalet"
      }
    },
    {
      "type": "Feature",
      "geometry": {
        "type": "Point",
        "coordinates": [
          18.1510688,
          49.6373096
        ]
      },
      "properties": {
        "id": 408450333,
        "osm_type": "way",
        "tourism": "chalet"
      }
    },
    {
      "type": "Feature",
      "geometry": {
        "type": "Point",
        "coordinates": [
          18.1509943,
          49.6370263
        ]
      },
      "properties": {
        "id": 408450337,
        "osm_type": "way",
        "tourism": "chalet"
      }
    },
    {
      "type": "Feature",
      "geometry": {
        "type": "Point",
        "coordinates": [
          18.0964815,
          49.9959035
        ]
      },
      "properties": {
        "id": 437457116,
        "osm_type": "way",
        "name": "Královna",
        "tourism": "chalet"
      }
    },
    {
      "type": "Feature",
      "geometry": {
        "type": "Point",
        "coordinates": [
          18.5585701,
          49.6148047
        ]
      },
      "properties": {
        "id": 460558579,
        "osm_type": "way",
        "name": "Residence Ropička",
        "tourism": "guest_house",
        "website": "https://www.ropicka.cz/"
      }
    },
    {
      "type": "Feature",
      "geometry": {
        "type": "Point",
        "coordinates": [
          17.297993,
          50.0191765
        ]
      },
      "properties": {
        "id": 499177931,
        "osm_type": "way",
        "tourism": "hotel"
      }
    },
    {
      "type": "Feature",
      "geometry": {
        "type": "Point",
        "coordinates": [
          18.0948605,
          49.5939717
        ]
      },
      "properties": {
        "id": 511773971,
        "osm_type": "way",
        "name": "Rekreační středisko U Kateřiny",
        "tourism": "camp_site"
      }
    },
    {
      "type": "Feature",
      "geometry": {
        "type": "Point",
        "coordinates": [
          18.4284636,
          49.3941396
        ]
      },
      "properties": {
        "id": 512249637,
        "osm_type": "way",
        "name": "Masarykova chata",
        "tourism": "alpine_hut",
        "contact:phone": "+420602203047",
        "contact:website": "http://www.masarykovachata.cz/"
      }
    },
    {
      "type": "Feature",
      "geometry": {
        "type": "Point",
        "coordinates": [
          17.2723341,
          49.9922602
        ]
      },
      "properties": {
        "id": 561824415,
        "osm_type": "way",
        "tourism": "chalet"
      }
    },
    {
      "type": "Feature",
      "geometry": {
        "type": "Point",
        "coordinates": [
          17.2722918,
          49.9921964
        ]
      },
      "properties": {
        "id": 561824416,
        "osm_type": "way",
        "tourism": "chalet"
      }
    },
    {
      "type": "Feature",
      "geometry": {
        "type": "Point",
        "coordinates": [
          17.2722538,
          49.9921334
        ]
      },
      "properties": {
        "id": 561824418,
        "osm_type": "way",
        "tourism": "chalet"
      }
    },
    {
      "type": "Feature",
      "geometry": {
        "type": "Point",
        "coordinates": [
          17.2722113,
          49.992067
        ]
      },
      "properties": {
        "id": 561824419,
        "osm_type": "way",
        "tourism": "chalet"
      }
    },
    {
      "type": "Feature",
      "geometry": {
        "type": "Point",
        "coordinates": [
          17.2721236,
          49.9922169
        ]
      },
      "properties": {
        "id": 561824420,
        "osm_type": "way",
        "tourism": "chalet"
      }
    },
    {
      "type": "Feature",
      "geometry": {
        "type": "Point",
        "coordinates": [
          17.2720853,
          49.9921551
        ]
      },
      "properties": {
        "id": 561824422,
        "osm_type": "way",
        "tourism": "chalet"
      }
    },
    {
      "type": "Feature",
      "geometry": {
        "type": "Point",
        "coordinates": [
          17.2720428,
          49.9920939
        ]
      },
      "properties": {
        "id": 561824423,
        "osm_type": "way",
        "tourism": "chalet"
      }
    },
    {
      "type": "Feature",
      "geometry": {
        "type": "Point",
        "coordinates": [
          18.478014,
          49.4857663
        ]
      },
      "properties": {
        "id": 596213519,
        "osm_type": "way",
        "name": "Šikmina",
        "tourism": "chalet"
      }
    },
    {
      "type": "Feature",
      "geometry": {
        "type": "Point",
        "coordinates": [
          18.392283,
          49.5389126
        ]
      },
      "properties": {
        "id": 624379473,
        "osm_type": "way",
        "name": "Hotel Freud",
        "tourism": "hotel",
        "opening_hours": "Mo-Su 11:00-21:00; Fr,Sa 11:00-23:00",
        "phone": "00 420 558 682 226",
        "website": "https://www.hotelfreud.cz/restaurace-freud"
      }
    },
    {
      "type": "Feature",
      "geometry": {
        "type": "Point",
        "coordinates": [
          17.7315094,
          49.7043947
        ]
      },
      "properties": {
        "id": 753821763,
        "osm_type": "way",
        "tourism": "guest_house"
      }
    },
    {
      "type": "Feature",
      "geometry": {
        "type": "Point",
        "coordinates": [
          18.7323454,
          49.5269508
        ]
      },
      "properties": {
        "id": 997854097,
        "osm_type": "way",
        "name": "Lovecká Chata Baletka",
        "tourism": "chalet"
      }
    },
    {
      "type": "Feature",
      "geometry": {
        "type": "Point",
        "coordinates": [
          18.5253873,
          49.475373
        ]
      },
      "properties": {
        "id": 1039470078,
        "osm_type": "way",
        "name": "Letní tábor Košárky",
        "tourism": "camp_site"
      }
    },
    {
      "type": "Feature",
      "geometry": {
        "type": "Point",
        "coordinates": [
          18.5153274,
          49.4687454
        ]
      },
      "properties": {
        "id": 1039470086,
        "osm_type": "way",
        "tourism": "camp_site"
      }
    },
    {
      "type": "Feature",
      "geometry": {
        "type": "Point",
        "coordinates": [
          18.2820503,
          49.5456054
        ]
      },
      "properties": {
        "id": 1071079451,
        "osm_type": "way",
        "tourism": "camp_site",
        "tents": "no"
      }
    },
    {
      "type": "Feature",
      "geometry": {
        "type": "Point",
        "coordinates": [
          17.7548187,
          50.0493576
        ]
      },
      "properties": {
        "id": 1074730317,
        "osm_type": "way",
        "name": "Cesta nikam",
        "tourism": "chalet",
        "phone": "+420 595 176 278"
      }
    },
    {
      "type": "Feature",
      "geometry": {
        "type": "Point",
        "coordinates": [
          17.2979839,
          50.0191028
        ]
      },
      "properties": {
        "id": 1146583880,
        "osm_type": "way",
        "tourism": "hotel"
      }
    },
    {
      "type": "Feature",
      "geometry": {
        "type": "Point",
        "coordinates": [
          17.7077414,
          50.238601
        ]
      },
      "properties": {
        "id": 1159156358,
        "osm_type": "way",
        "name": "Rekreační areál Bohušov",
        "tourism": "camp_site",
        "tents": "yes",
        "phone": "+420 554 642 121",
        "website": "https://www.bohusov.cz/chatky-a-kemp/"
      }
    },
    {
      "type": "Feature",
      "geometry": {
        "type": "Point",
        "coordinates": [
          17.7550523,
          49.8106073
        ]
      },
      "properties": {
        "id": 1274238235,
        "osm_type": "way",
        "name": "Autocamp Podhradí",
        "tourism": "camp_site",
        "website": "http://www.autocamp-podhradi.cz"
      }
    },
    {
      "type": "Feature",
      "geometry": {
        "type": "Point",
        "coordinates": [
          17.9953247,
          49.7431955
        ]
      },
      "properties": {
        "id": 1278737034,
        "osm_type": "way",
        "tourism": "chalet"
      }
    },
    {
      "type": "Feature",
      "geometry": {
        "type": "Point",
        "coordinates": [
          18.3228568,
          49.5261486
        ]
      },
      "properties": {
        "id": 1350400972,
        "osm_type": "way",
        "name": "Opusteny Tábor mír",
        "tourism": "camp_site"
      }
    },
    {
      "type": "Feature",
      "geometry": {
        "type": "Point",
        "coordinates": [
          18.4727178,
          49.7210288
        ]
      },
      "properties": {
        "id": 1377374489,
        "osm_type": "way",
        "tourism": "camp_site"
      }
    },
    {
      "type": "Feature",
      "geometry": {
        "type": "Point",
        "coordinates": [
          18.6393124,
          49.5295011
        ]
      },
      "properties": {
        "id": 1411939345,
        "osm_type": "way",
        "name": "tábořiště Salajka",
        "tourism": "camp_site"
      }
    }
  ]
}