{
  "type": "FeatureCollection",
  "features": [
    {
      "type": "Feature",
      "geometry": {
        "type": "Point",
        "coordinates": [
          9.6107019,
          47.5755425
        ]
      },
      "properties": {
        "id": 3100042889,
        "osm_type": "node",
        "name": "Kiosk Feil"
      }
    },
    {
      "type": "Feature",
      "geometry": {
        "type": "Point",
        "coordinates": [
          9.6410037,
          47.5703681
        ]
      },
      "properties": {
        "id": 1679660758,
        "osm_type": "node",
        "name": "Bioladen und Projekteladen"
      }
    },
    {
      "type": "Feature",
      "geometry": {
        "type": "Point",
        "coordinates": [
          9.6633464,
          47.5587005
        ]
      },
      "properties": {
        "id": 654093137,
        "osm_type": "node",
        "name": "Minigolf"
      }
    },
    {
      "type": "Feature",
      "geometry": {
        "type": "Point",
        "coordinates": [
          9.6851651,
          47.5464553
        ]
      },
      "properties": {
        "id": 7931177476,
        "osm_type": "node",
        "name": "Tobias Stibi",
        "opening_hours": "Mo-Fr 09:30-13:00,14:00-17:30; Sa 09:30-14:00"
      }
    },
    {
      "type": "Feature",
      "geometry": {
        "type": "Point",
        "coordinates": [
          9.681218,
          47.5465908
        ]
      },
      "properties": {
        "id": 8621777625,
        "osm_type": "node",
        "name": "Inseltreff",
        "opening_hours": "PH,We-Mo 12:00-19:00"
      }
    },
    {
      "type": "Feature",
      "geometry": {
        "type": "Point",
        "coordinates": [
          9.6887669,
          47.5471185
        ]
      },
      "properties": {
        "id": 1106139015,
        "osm_type": "node",
        "name": "Naturell",
        "opening_hours": "Tu-Fr 09:00-13:00,14:30-18:00; Sa 09:00-13:30; Mo off"
      }
    },
    {
      "type": "Feature",
      "geometry": {
        "type": "Point",
        "coordinates": [
          9.6882998,
          47.547658
        ]
      },
      "properties": {
        "id": 7931355414,
        "osm_type": "node",
        "name": "Tabak Nägele",
        "opening_hours": "Mo-Fr 08:30-18:00; Sa 08:00-14:00"
      }
    },
    {
      "type": "Feature",
      "geometry": {
        "type": "Point",
        "coordinates": [
          9.7049671,
          47.5533797
        ]
      },
      "properties": {
        "id": 1927517115,
        "osm_type": "node",
        "name": "Asia Shop Lotus"
      }
    },
    {
      "type": "Feature",
      "geometry": {
        "type": "Point",
        "coordinates": [
          9.7121262,
          47.5539161
        ]
      },
      "properties": {
        "id": 9964448318,
        "osm_type": "node",
        "name": "Eco",
        "opening_hours": "Mo-Sa 07:00-20:00; PH off"
      }
    },
    {
      "type": "Feature",
      "geometry": {
        "type": "Point",
        "coordinates": [
          9.7048281,
          47.5651216
        ]
      },
      "properties": {
        "id": 270687860,
        "osm_type": "node",
        "name": "Esso",
        "brand": "Esso",
        "opening_hours": "Mo-Sa 06:00-22:00; Su,PH 07:00-22:00"
      }
    },
    {
      "type": "Feature",
      "geometry": {
        "type": "Point",
        "coordinates": [
          9.6832969,
          47.5936593
        ]
      },
      "properties": {
        "id": 1582704993,
        "osm_type": "node",
        "name": "Metzgerei Schmieger"
      }
    },
    {
      "type": "Feature",
      "geometry": {
        "type": "Point",
        "coordinates": [
          9.7060375,
          47.5850128
        ]
      },
      "properties": {
        "id": 5890214694,
        "osm_type": "node",
        "name": "GITZ Einkaufsmarkt"
      }
    },
    {
      "type": "Feature",
      "geometry": {
        "type": "Point",
        "coordinates": [
          9.7269974,
          47.5873642
        ]
      },
      "properties": {
        "id": 4798158738,
        "osm_type": "node"
      }
    },
    {
      "type": "Feature",
      "geometry": {
        "type": "Point",
        "coordinates": [
          9.8491162,
          47.5821625
        ]
      },
      "properties": {
        "id": 1025273835,
        "osm_type": "node",
        "name": "Christians Dorfkiosk"
      }
    },
    {
      "type": "Feature",
      "geometry": {
        "type": "Point",
        "coordinates": [
          9.8545251,
          47.5849292
        ]
      },
      "properties": {
        "id": 1736406355,
        "osm_type": "node",
        "name": "Aral",
        "brand": "Aral",
        "opening_hours": "Mo-Fr 07:00-20:00; Sa 08:00-20:00; Su 09:00-19:00"
      }
    },
    {
      "type": "Feature",
      "geometry": {
        "type": "Point",
        "coordinates": [
          9.8648982,
          47.5408926
        ]
      },
      "properties": {
        "id": 3709388121,
        "osm_type": "node",
        "name": "Dorfladen"
      }
    },
    {
      "type": "Feature",
      "geometry": {
        "type": "Point",
        "coordinates": [
          9.9425196,
          47.5629977
        ]
      },
      "properties": {
        "id": 462171812,
        "osm_type": "node",
        "name": "Dorfladen Oberreute",
        "opening_hours": "Mo,Tu,Th,Fr 06:45-13:00,14:30-18:00; We,Sa 06:45-12:00"
      }
    },
    {
      "type": "Feature",
      "geometry": {
        "type": "Point",
        "coordinates": [
          9.8865149,
          47.6003389
        ]
      },
      "properties": {
        "id": 565065023,
        "osm_type": "node",
        "name": "Weltladen Lindenberg",
        "opening_hours": "Mo-Fr 09:00-12:30,14:30-18:00; Sa 09:00-12:30"
      }
    },
    {
      "type": "Feature",
      "geometry": {
        "type": "Point",
        "coordinates": [
          9.8898054,
          47.6018132
        ]
      },
      "properties": {
        "id": 10709201390,
        "osm_type": "node",
        "name": "Hien Nhung Asia-Shop",
        "opening_hours": "Mo-Fr 10:00-12:30,14:30-17:30; Sa 09:30-13:00"
      }
    },
    {
      "type": "Feature",
      "geometry": {
        "type": "Point",
        "coordinates": [
          9.90499,
          47.6141705
        ]
      },
      "properties": {
        "id": 2573028093,
        "osm_type": "node",
        "name": "Käserei Baldauf",
        "opening_hours": "Mo-Fr 08:30-12:30; Sa, Su, PH off"
      }
    },
    {
      "type": "Feature",
      "geometry": {
        "type": "Point",
        "coordinates": [
          9.9442467,
          47.5866337
        ]
      },
      "properties": {
        "id": 1272520967,
        "osm_type": "node"
      }
    },
    {
      "type": "Feature",
      "geometry": {
        "type": "Point",
        "coordinates": [
          9.95802,
          47.6002981
        ]
      },
      "properties": {
        "id": 5607539334,
        "osm_type": "node",
        "name": "Fink",
        "opening_hours": "Mo, Th off; Tu-We,Fr 06:30-12:30,14:30-18:00; Sa 06:30-12:30; PH,Su 13:30-17:00"
      }
    },
    {
      "type": "Feature",
      "geometry": {
        "type": "Point",
        "coordinates": [
          10.0243713,
          47.5288183
        ]
      },
      "properties": {
        "id": 5366726862,
        "osm_type": "node",
        "name": "Steibinger Dorfmarkt",
        "opening_hours": "Mo-We 07:00-13:00; Th-Sa 07:00-13:00,15:00-18:00; Su 07:30-10:30"
      }
    },
    {
      "type": "Feature",
      "geometry": {
        "type": "Point",
        "coordinates": [
          10.0369219,
          47.6185529
        ]
      },
      "properties": {
        "id": 1076662799,
        "osm_type": "node",
        "name": "Nah und Gut",
        "opening_hours": "Mo-Fr 6:30-12:30,14:30-18:00; Sa 6:30-12:30; We,PH off"
      }
    },
    {
      "type": "Feature",
      "geometry": {
        "type": "Point",
        "coordinates": [
          9.8346078,
          47.6266401
        ]
      },
      "properties": {
        "id": 5522130349,
        "osm_type": "node",
        "name": "Opfenbacher Dorfmarkt Kromer",
        "opening_hours": "Mo-Sa 07:00-12:30; Mo,Tu,Th,Fr 14:30-18:00"
      }
    },
    {
      "type": "Feature",
      "geometry": {
        "type": "Point",
        "coordinates": [
          9.8352603,
          47.6433598
        ]
      },
      "properties": {
        "id": 399490365,
        "osm_type": "node",
        "name": "Pilgerladen"
      }
    },
    {
      "type": "Feature",
      "geometry": {
        "type": "Point",
        "coordinates": [
          9.8346982,
          47.6421248
        ]
      },
      "properties": {
        "id": 405951363,
        "osm_type": "node",
        "name": "Klosterladen"
      }
    },
    {
      "type": "Feature",
      "geometry": {
        "type": "Point",
        "coordinates": [
          9.9059093,
          47.6282833
        ]
      },
      "properties": {
        "id": 6138712816,
        "osm_type": "node",
        "name": "Hochland Käseladen",
        "opening_hours": "Th 09:00-17:00"
      }
    },
    {
      "type": "Feature",
      "geometry": {
        "type": "Point",
        "coordinates": [
          10.0110515,
          47.6295319
        ]
      },
      "properties": {
        "id": 10302408779,
        "osm_type": "node",
        "name": "Lädele",
        "opening_hours": "Mo-Sa 08:00-12:00; PH off"
      }
    },
    {
      "type": "Feature",
      "geometry": {
        "type": "Point",
        "coordinates": [
          10.0393489,
          48.3227244
        ]
      },
      "properties": {
        "id": 4567000769,
        "osm_type": "node",
        "name": "Siam Asia-Shop",
        "opening_hours": "Mo-Fr 10:00-13:00,14:00-18:00; Sa 10:00-15:00"
      }
    },
    {
      "type": "Feature",
      "geometry": {
        "type": "Point",
        "coordinates": [
          10.0366006,
          48.3209645
        ]
      },
      "properties": {
        "id": 4620690580,
        "osm_type": "node",
        "name": "Weltladen Senden",
        "opening_hours": "Tu,Th 09:00-12:00,15:00-18:00"
      }
    },
    {
      "type": "Feature",
      "geometry": {
        "type": "Point",
        "coordinates": [
          10.0356909,
          48.3240649
        ]
      },
      "properties": {
        "id": 4635401891,
        "osm_type": "node",
        "name": "Kartal Lebensmittel"
      }
    },
    {
      "type": "Feature",
      "geometry": {
        "type": "Point",
        "coordinates": [
          10.042816,
          48.323337
        ]
      },
      "properties": {
        "id": 4689305802,
        "osm_type": "node",
        "name": "Deniz Market"
      }
    },
    {
      "type": "Feature",
      "geometry": {
        "type": "Point",
        "coordinates": [
          10.0447771,
          48.3229993
        ]
      },
      "properties": {
        "id": 13392629478,
        "osm_type": "node",
        "name": "Güneş Market"
      }
    },
    {
      "type": "Feature",
      "geometry": {
        "type": "Point",
        "coordinates": [
          10.0339615,
          48.3416261
        ]
      },
      "properties": {
        "id": 4278583134,
        "osm_type": "node",
        "name": "ADE",
        "opening_hours": "Mo-Su,PH 08:00-21:00"
      }
    },
    {
      "type": "Feature",
      "geometry": {
        "type": "Point",
        "coordinates": [
          10.0339244,
          48.3439608
        ]
      },
      "properties": {
        "id": 2696627929,
        "osm_type": "node",
        "name": "Hofladen Traub",
        "opening_hours": "Tu,Th,Fr 16:00-17:30; Sa 09:00-12:00"
      }
    },
    {
      "type": "Feature",
      "geometry": {
        "type": "Point",
        "coordinates": [
          10.0054656,
          48.3802971
        ]
      },
      "properties": {
        "id": 10240110055,
        "osm_type": "node",
        "name": "Bestzeit",
        "opening_hours": "Mo-Sa 10:00-19:00"
      }
    },
    {
      "type": "Feature",
      "geometry": {
        "type": "Point",
        "coordinates": [
          10.0027254,
          48.3907488
        ]
      },
      "properties": {
        "id": 1531654377,
        "osm_type": "node",
        "name": "Freie Tankstelle",
        "brand": "Freie Tankstelle",
        "opening_hours": "Mo-Fr 07:00-21:00; Sa 08:00-21:00; Su 10:00-21:00"
      }
    },
    {
      "type": "Feature",
      "geometry": {
        "type": "Point",
        "coordinates": [
          10.0026704,
          48.3935511
        ]
      },
      "properties": {
        "id": 12521354930,
        "osm_type": "node",
        "name": "TZN Kiosk",
        "opening_hours": "Mo-Th,Sa 09:00-20:00; Fr 09:00-12:00,14:30-20:00"
      }
    },
    {
      "type": "Feature",
      "geometry": {
        "type": "Point",
        "coordinates": [
          10.0071727,
          48.3963484
        ]
      },
      "properties": {
        "id": 12330496636,
        "osm_type": "node",
        "name": "Reza Markt"
      }
    },
    {
      "type": "Feature",
      "geometry": {
        "type": "Point",
        "coordinates": [
          10.0142808,
          48.3688363
        ]
      },
      "properties": {
        "id": 6857126120,
        "osm_type": "node",
        "name": "Bobbi's Shop",
        "opening_hours": "Mo-Fr 08:00-12:30, 14:00-18:00; Sa 08:00-13:00"
      }
    },
    {
      "type": "Feature",
      "geometry": {
        "type": "Point",
        "coordinates": [
          10.0380624,
          48.4054922
        ]
      },
      "properties": {
        "id": 12899295481,
        "osm_type": "node"
      }
    },
    {
      "type": "Feature",
      "geometry": {
        "type": "Point",
        "coordinates": [
          10.0340742,
          48.4042915
        ]
      },
      "properties": {
        "id": 13098442075,
        "osm_type": "node"
      }
    },
    {
      "type": "Feature",
      "geometry": {
        "type": "Point",
        "coordinates": [
          10.0388678,
          48.4096617
        ]
      },
      "properties": {
        "id": 1649600451,
        "osm_type": "node",
        "name": "Samurai",
        "opening_hours": "Mo-Sa 07:00-19:00,07:00-19:00"
      }
    },
    {
      "type": "Feature",
      "geometry": {
        "type": "Point",
        "coordinates": [
          9.1847052,
          49.5868627
        ]
      },
      "properties": {
        "id": 11148513694,
        "osm_type": "node",
        "opening_hours": "Mo, Th, Fr 09:00-12:00, 16:00-18:00; We 09:00-12:00; Sa 09:00-13:00"
      }
    },
    {
      "type": "Feature",
      "geometry": {
        "type": "Point",
        "coordinates": [
          9.1767509,
          49.6180799
        ]
      },
      "properties": {
        "id": 12277157076,
        "osm_type": "node",
        "name": "Garagenlädle",
        "opening_hours": "Mo-Su 06:30-20:00"
      }
    },
    {
      "type": "Feature",
      "geometry": {
        "type": "Point",
        "coordinates": [
          9.218578,
          49.6444198
        ]
      },
      "properties": {
        "id": 9309554001,
        "osm_type": "node",
        "name": "Löwen Markt",
        "opening_hours": "Mo-Fr 09:00-13:00,15:00-19:00; Sa 09:00-13:00; PH off"
      }
    },
    {
      "type": "Feature",
      "geometry": {
        "type": "Point",
        "coordinates": [
          9.2189435,
          49.6439941
        ]
      },
      "properties": {
        "id": 12180746598,
        "osm_type": "node",
        "opening_hours": "24/7"
      }
    },
    {
      "type": "Feature",
      "geometry": {
        "type": "Point",
        "coordinates": [
          9.2156829,
          49.6677345
        ]
      },
      "properties": {
        "id": 4347036611,
        "osm_type": "node",
        "name": "Weilbacher Regionalmarkt",
        "opening_hours": "Mo-We 06:30-13:00; Th, Fr 06:30-18:00; Sa 06:00-12:00"
      }
    },
    {
      "type": "Feature",
      "geometry": {
        "type": "Point",
        "coordinates": [
          9.215652,
          49.7134038
        ]
      },
      "properties": {
        "id": 10754119834,
        "osm_type": "node",
        "name": "Mores",
        "opening_hours": "Mo,We-Fr 09:00-12:30,14:00-16:30; Tu 09:00-12:30; Sa 10:00-12:30"
      }
    },
    {
      "type": "Feature",
      "geometry": {
        "type": "Point",
        "coordinates": [
          9.1527982,
          49.8037418
        ]
      },
      "properties": {
        "id": 6879646278,
        "osm_type": "node",
        "name": "Elit Markt",
        "opening_hours": "Mo-Sa 09:00-20:00; PH off"
      }
    },
    {
      "type": "Feature",
      "geometry": {
        "type": "Point",
        "coordinates": [
          9.1573743,
          49.8034783
        ]
      },
      "properties": {
        "id": 315289185,
        "osm_type": "node",
        "name": "kraut+rübe",
        "opening_hours": "Mo-Fr 09:00-18:00; Sa 09:00-13:00; PH off"
      }
    },
    {
      "type": "Feature",
      "geometry": {
        "type": "Point",
        "coordinates": [
          9.1589805,
          49.802494
        ]
      },
      "properties": {
        "id": 315289220,
        "osm_type": "node",
        "name": "Eine-Welt-Laden",
        "opening_hours": "Tu,Th,Fr 09:30-12:00,14:00-18:00; We,Sa 09:30-12:00; PH off"
      }
    },
    {
      "type": "Feature",
      "geometry": {
        "type": "Point",
        "coordinates": [
          9.1669301,
          49.8003513
        ]
      },
      "properties": {
        "id": 11167396199,
        "osm_type": "node",
        "name": "Diner Restaurant"
      }
    },
    {
      "type": "Feature",
      "geometry": {
        "type": "Point",
        "coordinates": [
          9.0805826,
          49.8592791
        ]
      },
      "properties": {
        "id": 1756330900,
        "osm_type": "node",
        "name": "Eine-Welt-Laden",
        "opening_hours": "Mo-Fr 09:30-11:30,16:00-18:00; Sa 09:30-11:30"
      }
    },
    {
      "type": "Feature",
      "geometry": {
        "type": "Point",
        "coordinates": [
          9.078757,
          49.8604577
        ]
      },
      "properties": {
        "id": 11379215869,
        "osm_type": "node",
        "name": "Tegut Teo",
        "opening_hours": "24/7"
      }
    },
    {
      "type": "Feature",
      "geometry": {
        "type": "Point",
        "coordinates": [
          9.0414094,
          49.8926005
        ]
      },
      "properties": {
        "id": 278978889,
        "osm_type": "node",
        "name": "Lotto-Shop",
        "opening_hours": "Mo-Fr 08:30-12:00,14:30-18:00, Sa 08:30-12:00"
      }
    },
    {
      "type": "Feature",
      "geometry": {
        "type": "Point",
        "coordinates": [
          9.0684209,
          49.9161658
        ]
      },
      "properties": {
        "id": 1515508012,
        "osm_type": "node",
        "name": "Zoo Fäth",
        "opening_hours": "Mo,Tu,Th,Fr 09:00-12:30,14:00-18:00; Sa 09:00-13:00"
      }
    },
    {
      "type": "Feature",
      "geometry": {
        "type": "Point",
        "coordinates": [
          9.070645,
          49.9188432
        ]
      },
      "properties": {
        "id": 7836031974,
        "osm_type": "node"
      }
    },
    {
      "type": "Feature",
      "geometry": {
        "type": "Point",
        "coordinates": [
          9.0794996,
          49.9266123
        ]
      },
      "properties": {
        "id": 6238614550,
        "osm_type": "node",
        "name": "Aral",
        "brand": "Aral",
        "opening_hours": "Mo-Fr 06:00-20:00; Sa 08:00-20:00; Su 09:00-20:00"
      }
    },
    {
      "type": "Feature",
      "geometry": {
        "type": "Point",
        "coordinates": [
          9.0791223,
          49.9254473
        ]
      },
      "properties": {
        "id": 6695924250,
        "osm_type": "node",
        "name": "Shell Select",
        "brand": "Shell Select",
        "opening_hours": "PH,Sa,Su 06:00-22:00; Mo-Fr 06:00-22:00"
      }
    },
    {
      "type": "Feature",
      "geometry": {
        "type": "Point",
        "coordinates": [
          9.1597056,
          49.8359801
        ]
      },
      "properties": {
        "id": 8694872552,
        "osm_type": "node",
        "name": "MUDA",
        "opening_hours": "Mo-Sa 08:00-19:00"
      }
    },
    {
      "type": "Feature",
      "geometry": {
        "type": "Point",
        "coordinates": [
          9.1612802,
          49.8425514
        ]
      },
      "properties": {
        "id": 12876007941,
        "osm_type": "node",
        "name": "Die Sandbar",
        "opening_hours": "Mo 17:00-21:30; Tu-Fr 15:00-21:30; Sa,Su 14:00-21:30"
      }
    },
    {
      "type": "Feature",
      "geometry": {
        "type": "Point",
        "coordinates": [
          9.1651592,
          49.8717045
        ]
      },
      "properties": {
        "id": 6436874179,
        "osm_type": "node",
        "name": "Eine-Welt-Laden",
        "opening_hours": "Mo 10:00-12:00; Th 15:00-18:00; Sa 09:00-12:00; PH off"
      }
    },
    {
      "type": "Feature",
      "geometry": {
        "type": "Point",
        "coordinates": [
          9.2155724,
          49.870856
        ]
      },
      "properties": {
        "id": 12270422517,
        "osm_type": "node",
        "name": "Damwildhof Lebert"
      }
    },
    {
      "type": "Feature",
      "geometry": {
        "type": "Point",
        "coordinates": [
          9.1362893,
          49.9108242
        ]
      },
      "properties": {
        "id": 5873292567,
        "osm_type": "node",
        "name": "Sonnenkorn",
        "brand": "bioladen*",
        "opening_hours": "Mo-Fr 09:00-13:30, Mo,Tu,Th,Fr 14:30-18:00, Sa 08:00-13:30; PH,Su off"
      }
    },
    {
      "type": "Feature",
      "geometry": {
        "type": "Point",
        "coordinates": [
          9.1498192,
          49.9107054
        ]
      },
      "properties": {
        "id": 5779511505,
        "osm_type": "node",
        "name": "Güven"
      }
    },
    {
      "type": "Feature",
      "geometry": {
        "type": "Point",
        "coordinates": [
          9.246186,
          49.7047602
        ]
      },
      "properties": {
        "id": 6653484350,
        "osm_type": "node",
        "name": "Osmanli Market"
      }
    },
    {
      "type": "Feature",
      "geometry": {
        "type": "Point",
        "coordinates": [
          9.248021,
          49.7060635
        ]
      },
      "properties": {
        "id": 265581600,
        "osm_type": "node",
        "name": "Mini-Markt",
        "opening_hours": "Mo-Fr 06:00-20:00; Sa,Su 07:00-20:00; PH 08:00-20:00"
      }
    },
    {
      "type": "Feature",
      "geometry": {
        "type": "Point",
        "coordinates": [
          9.2568086,
          49.7014218
        ]
      },
      "properties": {
        "id": 5774863655,
        "osm_type": "node",
        "name": "Weltladen",
        "brand": "Weltladen",
        "opening_hours": "Mo-Fr 10:00-18:00; Sa 10:00-13:00; PH off"
      }
    },
    {
      "type": "Feature",
      "geometry": {
        "type": "Point",
        "coordinates": [
          9.2612976,
          49.7039206
        ]
      },
      "properties": {
        "id": 6253649372,
        "osm_type": "node",
        "name": "Snack hub"
      }
    },
    {
      "type": "Feature",
      "geometry": {
        "type": "Point",
        "coordinates": [
          9.2468439,
          49.7729224
        ]
      },
      "properties": {
        "id": 420159979,
        "osm_type": "node",
        "name": "Einkaufen auf dem Bauernhof"
      }
    },
    {
      "type": "Feature",
      "geometry": {
        "type": "Point",
        "coordinates": [
          9.2671028,
          49.7924556
        ]
      },
      "properties": {
        "id": 9004474507,
        "osm_type": "node",
        "name": "Steffi's unverpackt",
        "opening_hours": "Th,Fr 09:00-12:30,13:30-18:00; Sa 09:00-12:30; PH off"
      }
    },
    {
      "type": "Feature",
      "geometry": {
        "type": "Point",
        "coordinates": [
          9.3777991,
          49.7783632
        ]
      },
      "properties": {
        "id": 471059309,
        "osm_type": "node",
        "name": "Ponde Rosa"
      }
    },
    {
      "type": "Feature",
      "geometry": {
        "type": "Point",
        "coordinates": [
          9.2788895,
          49.8522502
        ]
      },
      "properties": {
        "id": 3086790023,
        "osm_type": "node",
        "name": "Gemischtwaren Fuchs",
        "opening_hours": "Tu-Fr 07:00-11:00+,15:00-18:00, Sa 07:00-13:00"
      }
    },
    {
      "type": "Feature",
      "geometry": {
        "type": "Point",
        "coordinates": [
          9.3295311,
          49.8585946
        ]
      },
      "properties": {
        "id": 7468438014,
        "osm_type": "node",
        "name": "Dammbacher Dorfladen"
      }
    },
    {
      "type": "Feature",
      "geometry": {
        "type": "Point",
        "coordinates": [
          9.3026297,
          49.9065845
        ]
      },
      "properties": {
        "id": 3006197133,
        "osm_type": "node"
      }
    },
    {
      "type": "Feature",
      "geometry": {
        "type": "Point",
        "coordinates": [
          9.3955123,
          49.8965406
        ]
      },
      "properties": {
        "id": 6433449071,
        "osm_type": "node",
        "name": "Aral Shop",
        "opening_hours": "24/7"
      }
    },
    {
      "type": "Feature",
      "geometry": {
        "type": "Point",
        "coordinates": [
          9.3926097,
          49.8973609
        ]
      },
      "properties": {
        "id": 7025490621,
        "osm_type": "node",
        "name": "Aral Shop",
        "brand": "Aral",
        "opening_hours": "24/7"
      }
    },
    {
      "type": "Feature",
      "geometry": {
        "type": "Point",
        "coordinates": [
          9.4629829,
          49.8346137
        ]
      },
      "properties": {
        "id": 9103962718,
        "osm_type": "node",
        "name": "Unser Dorfladen",
        "opening_hours": "Mo-Th 07:30-12:30; Mo-We 15:00-18:00; Fr 07:30-18:00; Sa 07:30-13:00"
      }
    },
    {
      "type": "Feature",
      "geometry": {
        "type": "Point",
        "coordinates": [
          9.4871056,
          49.8755004
        ]
      },
      "properties": {
        "id": 7141017329,
        "osm_type": "node",
        "name": "Der Laden am Wald",
        "opening_hours": "Mo-Tu,Th-Fr 15:00-18:00; Sa 09:00-12:00; PH off"
      }
    },
    {
      "type": "Feature",
      "geometry": {
        "type": "Point",
        "coordinates": [
          9.605231,
          49.8486821
        ]
      },
      "properties": {
        "id": 3868268898,
        "osm_type": "node",
        "name": "Intakt Gebraucht-Waren-Zentrum"
      }
    },
    {
      "type": "Feature",
      "geometry": {
        "type": "Point",
        "coordinates": [
          9.6193376,
          49.8503911
        ]
      },
      "properties": {
        "id": 8930090601,
        "osm_type": "node"
      }
    },
    {
      "type": "Feature",
      "geometry": {
        "type": "Point",
        "coordinates": [
          10.0589588,
          49.6651358
        ]
      },
      "properties": {
        "id": 493871568,
        "osm_type": "node",
        "name": "Kunstgewerbestube St. Michael"
      }
    },
    {
      "type": "Feature",
      "geometry": {
        "type": "Point",
        "coordinates": [
          10.0622445,
          49.6616292
        ]
      },
      "properties": {
        "id": 304464741,
        "osm_type": "node",
        "name": "Gebr. AX Steinmetz Bildhauer Grabmale"
      }
    },
    {
      "type": "Feature",
      "geometry": {
        "type": "Point",
        "coordinates": [
          10.0659666,
          49.6639844
        ]
      },
      "properties": {
        "id": 493841258,
        "osm_type": "node",
        "name": "OTTO"
      }
    },
    {
      "type": "Feature",
      "geometry": {
        "type": "Point",
        "coordinates": [
          10.0632981,
          49.6654376
        ]
      },
      "properties": {
        "id": 493852127,
        "osm_type": "node",
        "name": "Quelle Shop"
      }
    },
    {
      "type": "Feature",
      "geometry": {
        "type": "Point",
        "coordinates": [
          10.0633353,
          49.6656326
        ]
      },
      "properties": {
        "id": 493852459,
        "osm_type": "node",
        "name": "Tea-Shirt Geschenke & Tee"
      }
    },
    {
      "type": "Feature",
      "geometry": {
        "type": "Point",
        "coordinates": [
          10.0633116,
          49.6657124
        ]
      },
      "properties": {
        "id": 493852904,
        "osm_type": "node",
        "name": "TerHof"
      }
    },
    {
      "type": "Feature",
      "geometry": {
        "type": "Point",
        "coordinates": [
          10.0632345,
          49.6648777
        ]
      },
      "properties": {
        "id": 493869894,
        "osm_type": "node",
        "name": "Weltladen - Fairer Handel"
      }
    },
    {
      "type": "Feature",
      "geometry": {
        "type": "Point",
        "coordinates": [
          10.065989,
          49.6644266
        ]
      },
      "properties": {
        "id": 493876527,
        "osm_type": "node",
        "name": "Foto Mark"
      }
    },
    {
      "type": "Feature",
      "geometry": {
        "type": "Point",
        "coordinates": [
          10.0633492,
          49.6646679
        ]
      },
      "properties": {
        "id": 6262477499,
        "osm_type": "node",
        "name": "Eisenwaren Juks"
      }
    },
    {
      "type": "Feature",
      "geometry": {
        "type": "Point",
        "coordinates": [
          10.058939,
          49.6698384
        ]
      },
      "properties": {
        "id": 465620627,
        "osm_type": "node",
        "name": "Esso",
        "brand": "Esso",
        "opening_hours": "Mo-Fr 06:00-21:00; Sa-Su 08:00-21:00"
      }
    },
    {
      "type": "Feature",
      "geometry": {
        "type": "Point",
        "coordinates": [
          10.0256847,
          49.7025127
        ]
      },
      "properties": {
        "id": 2483458886,
        "osm_type": "node",
        "name": "Ernst Gebhardt Essig-Manufaktur",
        "opening_hours": "Mo-Th 07:15-12:00,12:45-16:30; Fr 07:15-12:30; Sa,Su,PH off"
      }
    },
    {
      "type": "Feature",
      "geometry": {
        "type": "Point",
        "coordinates": [
          10.0245725,
          49.7048208
        ]
      },
      "properties": {
        "id": 4548310514,
        "osm_type": "node",
        "name": "Postagentur Sommerhausen",
        "opening_hours": "Mo,Tu 14:30-18:00; We-Fr 08:30-12:00; Sa 08:30-11:30"
      }
    },
    {
      "type": "Feature",
      "geometry": {
        "type": "Point",
        "coordinates": [
          10.0278644,
          49.7012827
        ]
      },
      "properties": {
        "id": 2329879482,
        "osm_type": "node",
        "name": "Steinmanns Hofladen"
      }
    },
    {
      "type": "Feature",
      "geometry": {
        "type": "Point",
        "coordinates": [
          10.0237852,
          49.7063213
        ]
      },
      "properties": {
        "id": 453015051,
        "osm_type": "node",
        "name": "Kauftreff ums Eck",
        "opening_hours": "Mo-Sa 06:00-12:30, Mo-Fr 14:00-18:00, Su 07:30-11:00"
      }
    },
    {
      "type": "Feature",
      "geometry": {
        "type": "Point",
        "coordinates": [
          9.6816534,
          49.7804781
        ]
      },
      "properties": {
        "id": 7203297257,
        "osm_type": "node",
        "name": "Hofladen am Benediktushof",
        "opening_hours": "Tu,Th 12:30-14:00,15:00-18:00; Fr 12:30-14:00,15:00-19:30; Sa 12:30-19:30"
      }
    },
    {
      "type": "Feature",
      "geometry": {
        "type": "Point",
        "coordinates": [
          9.7655316,
          49.8145436
        ]
      },
      "properties": {
        "id": 12818763551,
        "osm_type": "node",
        "name": "DORFGUT memo 24/7 Laden",
        "opening_hours": "24/7"
      }
    },
    {
      "type": "Feature",
      "geometry": {
        "type": "Point",
        "coordinates": [
          9.8141713,
          49.8012608
        ]
      },
      "properties": {
        "id": 7692790459,
        "osm_type": "node",
        "name": "Weltladen"
      }
    },
    {
      "type": "Feature",
      "geometry": {
        "type": "Point",
        "coordinates": [
          9.8141247,
          49.9098876
        ]
      },
      "properties": {
        "id": 2159885029,
        "osm_type": "node",
        "name": "Döner"
      }
    },
    {
      "type": "Feature",
      "geometry": {
        "type": "Point",
        "coordinates": [
          9.8210078,
          49.9071362
        ]
      },
      "properties": {
        "id": 2163176972,
        "osm_type": "node",
        "name": "Getränkemarkt"
      }
    },
    {
      "type": "Feature",
      "geometry": {
        "type": "Point",
        "coordinates": [
          9.864234,
          49.7688723
        ]
      },
      "properties": {
        "id": 10314706516,
        "osm_type": "node",
        "name": "Lotto Hämmelmann"
      }
    },
    {
      "type": "Feature",
      "geometry": {
        "type": "Point",
        "coordinates": [
          9.9576309,
          49.7472407
        ]
      },
      "properties": {
        "id": 371383294,
        "osm_type": "node",
        "name": "Astana"
      }
    },
    {
      "type": "Feature",
      "geometry": {
        "type": "Point",
        "coordinates": [
          9.8788294,
          49.7818264
        ]
      },
      "properties": {
        "id": 3469443367,
        "osm_type": "node",
        "name": "Ursprung Naturkost Bioladen",
        "opening_hours": "Mo-Fr 08:30-18:30; Sa 08:00-16:00"
      }
    },
    {
      "type": "Feature",
      "geometry": {
        "type": "Point",
        "coordinates": [
          9.9221087,
          49.7954061
        ]
      },
      "properties": {
        "id": 5888400620,
        "osm_type": "node",
        "name": "Tante Emma È speciale",
        "opening_hours": "Mo, Tu, Th 07:30-13:15, 14:15-17:30; We, Fr 07:30-13:15; Sa 07:30-12:00"
      }
    },
    {
      "type": "Feature",
      "geometry": {
        "type": "Point",
        "coordinates": [
          9.9314801,
          49.7900466
        ]
      },
      "properties": {
        "id": 304786815,
        "osm_type": "node",
        "name": "Bodenstation",
        "opening_hours": "Mo-Fr 10:00-19:00; Sa 10:00-17:00; Su,PH off"
      }
    },
    {
      "type": "Feature",
      "geometry": {
        "type": "Point",
        "coordinates": [
          9.9315794,
          49.7866652
        ]
      },
      "properties": {
        "id": 429341472,
        "osm_type": "node",
        "name": "Yoq Yoq",
        "opening_hours": "Mo-Su 10:00-22:00"
      }
    },
    {
      "type": "Feature",
      "geometry": {
        "type": "Point",
        "coordinates": [
          9.9303481,
          49.7890823
        ]
      },
      "properties": {
        "id": 12193964127,
        "osm_type": "node",
        "name": "Kiosk JooLee"
      }
    },
    {
      "type": "Feature",
      "geometry": {
        "type": "Point",
        "coordinates": [
          9.9301851,
          49.7897101
        ]
      },
      "properties": {
        "id": 12216599131,
        "osm_type": "node",
        "name": "24 Sieben Shop",
        "opening_hours": "24/7"
      }
    },
    {
      "type": "Feature",
      "geometry": {
        "type": "Point",
        "coordinates": [
          9.9275288,
          49.7951555
        ]
      },
      "properties": {
        "id": 6489164426,
        "osm_type": "node",
        "name": "Mainspäti"
      }
    },
    {
      "type": "Feature",
      "geometry": {
        "type": "Point",
        "coordinates": [
          9.9284535,
          49.792467
        ]
      },
      "properties": {
        "id": 9272609116,
        "osm_type": "node",
        "name": "Lotto Drechsler",
        "opening_hours": "Sa 08:00-16:00; Mo-Fr 07:30-18:00"
      }
    },
    {
      "type": "Feature",
      "geometry": {
        "type": "Point",
        "coordinates": [
          9.9311909,
          49.7925203
        ]
      },
      "properties": {
        "id": 312066231,
        "osm_type": "node",
        "name": "Weltladen",
        "brand": "Weltladen",
        "opening_hours": "Mo-Fr 10:00-18:00; Sa 10:00-16:00"
      }
    },
    {
      "type": "Feature",
      "geometry": {
        "type": "Point",
        "coordinates": [
          9.9341173,
          49.7952264
        ]
      },
      "properties": {
        "id": 1348115434,
        "osm_type": "node",
        "name": "Zeitschriften P. Müller",
        "opening_hours": "Mo-Fr 07:30-18:30; Sa 08:00-17:00"
      }
    },
    {
      "type": "Feature",
      "geometry": {
        "type": "Point",
        "coordinates": [
          9.9351244,
          49.7972442
        ]
      },
      "properties": {
        "id": 2100327080,
        "osm_type": "node",
        "name": "Asia Haus",
        "opening_hours": "Mo-Fr 09:30-18:00; Sa 09:30-16:00"
      }
    },
    {
      "type": "Feature",
      "geometry": {
        "type": "Point",
        "coordinates": [
          9.9417527,
          49.7761261
        ]
      },
      "properties": {
        "id": 1909996582,
        "osm_type": "node",
        "name": "Lotto Toto",
        "opening_hours": "Mo-Sa 07:00-20:00, Su,PH off"
      }
    },
    {
      "type": "Feature",
      "geometry": {
        "type": "Point",
        "coordinates": [
          9.9378474,
          49.7788304
        ]
      },
      "properties": {
        "id": 33177981,
        "osm_type": "node",
        "name": "HERM",
        "brand": "HERM",
        "opening_hours": "Mo-Th 06:00-22:00, Fr 06:00-23:00, Sa 07:00-23:00, Su08:00-22:00, PH off"
      }
    },
    {
      "type": "Feature",
      "geometry": {
        "type": "Point",
        "coordinates": [
          9.9364269,
          49.7955492
        ]
      },
      "properties": {
        "id": 317688517,
        "osm_type": "node",
        "name": "Bianca's Kiosk",
        "opening_hours": "Mo-Fr 07:00-18:00; Sa 07:30-13:00"
      }
    },
    {
      "type": "Feature",
      "geometry": {
        "type": "Point",
        "coordinates": [
          9.9262936,
          49.8018435
        ]
      },
      "properties": {
        "id": 356304315,
        "osm_type": "node",
        "name": "s'Bäckerlädle",
        "opening_hours": "Tu-Fr 07:30-16:00"
      }
    },
    {
      "type": "Feature",
      "geometry": {
        "type": "Point",
        "coordinates": [
          9.9344696,
          49.7991183
        ]
      },
      "properties": {
        "id": 2597275480,
        "osm_type": "node",
        "name": "Ariana"
      }
    },
    {
      "type": "Feature",
      "geometry": {
        "type": "Point",
        "coordinates": [
          9.9354364,
          49.8014498
        ]
      },
      "properties": {
        "id": 1676846332,
        "osm_type": "node",
        "name": "Yorma's",
        "brand": "Yorma's",
        "opening_hours": "Mo-Th 05:00-21:30; Fr 05:00-23:00; Sa 05:00-23:00; Su,PH 06:00-22:00"
      }
    },
    {
      "type": "Feature",
      "geometry": {
        "type": "Point",
        "coordinates": [
          9.9440012,
          49.8021307
        ]
      },
      "properties": {
        "id": 560555586,
        "osm_type": "node",
        "name": "Uni Kiosk",
        "opening_hours": "Mo-Fr 06:30-22:00; Sa-Su 09:00-22:00"
      }
    },
    {
      "type": "Feature",
      "geometry": {
        "type": "Point",
        "coordinates": [
          9.9626725,
          49.8193921
        ]
      },
      "properties": {
        "id": 4448459996,
        "osm_type": "node",
        "name": "Versbacher-Lotto-Lädle",
        "opening_hours": "Mo 08:00-12:30; Tu-Th 08:00-12:00, 14:00-18:00; Fr 08:00-12:30, 13:30-18:00; Sa 08:00-12:30"
      }
    },
    {
      "type": "Feature",
      "geometry": {
        "type": "Point",
        "coordinates": [
          9.9764229,
          49.8121744
        ]
      },
      "properties": {
        "id": 278968113,
        "osm_type": "node"
      }
    },
    {
      "type": "Feature",
      "geometry": {
        "type": "Point",
        "coordinates": [
          9.9981488,
          49.8023511
        ]
      },
      "properties": {
        "id": 11665636869,
        "osm_type": "node",
        "name": "Mainfränkische Werkstätten - Betriebsstätte Würzburg-Ost"
      }
    },
    {
      "type": "Feature",
      "geometry": {
        "type": "Point",
        "coordinates": [
          10.0261161,
          49.7909735
        ]
      },
      "properties": {
        "id": 13348356301,
        "osm_type": "node",
        "name": "Weltladen Rottendorf",
        "opening_hours": "We 15:00-17:00; Fr-Sa 09:00-11:00"
      }
    },
    {
      "type": "Feature",
      "geometry": {
        "type": "Point",
        "coordinates": [
          9.8791733,
          49.8247049
        ]
      },
      "properties": {
        "id": 248064012,
        "osm_type": "node",
        "name": "Shell",
        "brand": "Shell",
        "opening_hours": "Mo-Fr 06:00-22:00; Sa 07:00-22:00; Su 08:00-22:00"
      }
    },
    {
      "type": "Feature",
      "geometry": {
        "type": "Point",
        "coordinates": [
          9.9081201,
          49.831785
        ]
      },
      "properties": {
        "id": 345622717,
        "osm_type": "node",
        "name": "SK Gastroservice"
      }
    },
    {
      "type": "Feature",
      "geometry": {
        "type": "Point",
        "coordinates": [
          9.9058753,
          49.8689605
        ]
      },
      "properties": {
        "id": 10963864563,
        "osm_type": "node",
        "name": "Weltladen",
        "opening_hours": "Tu 15:00-18:00; Mo,We off; Th 09:00-12:00; Fr 09:00-12:00,15:00-18:00; Sa 09:30-12:30"
      }
    },
    {
      "type": "Feature",
      "geometry": {
        "type": "Point",
        "coordinates": [
          9.9567471,
          49.8564334
        ]
      },
      "properties": {
        "id": 9392786970,
        "osm_type": "node",
        "name": "Weltladen",
        "opening_hours": "Mo-Tu 15:00-18:00; We off; Th 09:00-12:00; Fr 09:00-12:00,15:00-18:00; Sa 09:30-12:30"
      }
    },
    {
      "type": "Feature",
      "geometry": {
        "type": "Point",
        "coordinates": [
          9.8821872,
          49.9108902
        ]
      },
      "properties": {
        "id": 13237745116,
        "osm_type": "node",
        "name": "Retschter Lädchen",
        "opening_hours": "Mo-Fr 06:00-18:00; Sa 6:00-12:30"
      }
    },
    {
      "type": "Feature",
      "geometry": {
        "type": "Point",
        "coordinates": [
          10.0015277,
          49.9117229
        ]
      },
      "properties": {
        "id": 1923956777,
        "osm_type": "node",
        "name": "24-Shell-Autohof Gramschatzer Wald",
        "brand": "Shell",
        "opening_hours": "24/7"
      }
    },
    {
      "type": "Feature",
      "geometry": {
        "type": "Point",
        "coordinates": [
          10.2294423,
          47.4020589
        ]
      },
      "properties": {
        "id": 280808986,
        "osm_type": "node"
      }
    },
    {
      "type": "Feature",
      "geometry": {
        "type": "Point",
        "coordinates": [
          10.2866714,
          47.3973115
        ]
      },
      "properties": {
        "id": 12917243558,
        "osm_type": "node"
      }
    },
    {
      "type": "Feature",
      "geometry": {
        "type": "Point",
        "coordinates": [
          10.2821392,
          47.4059305
        ]
      },
      "properties": {
        "id": 4465578835,
        "osm_type": "node",
        "name": "Weltladen",
        "brand": "Weltladen",
        "opening_hours": "Mo-Fr 10:00-17:30; Sa 10:00-13:00"
      }
    },
    {
      "type": "Feature",
      "geometry": {
        "type": "Point",
        "coordinates": [
          10.279683,
          47.4097912
        ]
      },
      "properties": {
        "id": 7761626785,
        "osm_type": "node",
        "name": "Bergkiste",
        "opening_hours": "Mo-Fr 09:30-18:00; Sa 09:00-12:30"
      }
    },
    {
      "type": "Feature",
      "geometry": {
        "type": "Point",
        "coordinates": [
          10.235083,
          47.4373961
        ]
      },
      "properties": {
        "id": 270410158,
        "osm_type": "node",
        "name": "Hansl's Höhlenstube",
        "opening_hours": "Mo-Su,PH 09:30-17:30"
      }
    },
    {
      "type": "Feature",
      "geometry": {
        "type": "Point",
        "coordinates": [
          10.233192,
          47.460958
        ]
      },
      "properties": {
        "id": 2125288573,
        "osm_type": "node",
        "name": "Dorfladen Bolsterlang",
        "opening_hours": "Mo-Fr 7:00-18:00; Sa 7:00-16:00; Su 7:00-12:00"
      }
    },
    {
      "type": "Feature",
      "geometry": {
        "type": "Point",
        "coordinates": [
          10.2354306,
          47.4944658
        ]
      },
      "properties": {
        "id": 7463123594,
        "osm_type": "node",
        "name": "Der Dorfladen Ofterschwang",
        "opening_hours": "Mo-Fr 07:00-12:30,15:00-18:00; Sa 07:00-12:30"
      }
    },
    {
      "type": "Feature",
      "geometry": {
        "type": "Point",
        "coordinates": [
          10.2759206,
          47.5078699
        ]
      },
      "properties": {
        "id": 10717665617,
        "osm_type": "node",
        "name": "Select"
      }
    },
    {
      "type": "Feature",
      "geometry": {
        "type": "Point",
        "coordinates": [
          10.0896144,
          47.5533336
        ]
      },
      "properties": {
        "id": 1446539913,
        "osm_type": "node",
        "name": "Dorfladen",
        "opening_hours": "Mo-Sa 07:00-17:30; Su 08:00-17:00"
      }
    },
    {
      "type": "Feature",
      "geometry": {
        "type": "Point",
        "coordinates": [
          10.0989332,
          47.5586575
        ]
      },
      "properties": {
        "id": 7307080790,
        "osm_type": "node",
        "name": "dr' Thaler Dorfladen",
        "opening_hours": "Mo-Tu 07:00-18:00; We 07:00-13:00; Th-Fr 07:00-18:00; Sa 07:00-12:00"
      }
    },
    {
      "type": "Feature",
      "geometry": {
        "type": "Point",
        "coordinates": [
          10.1096494,
          47.5573957
        ]
      },
      "properties": {
        "id": 2777924098,
        "osm_type": "node",
        "name": "Hofkäserei Nußbaumer",
        "opening_hours": "Mo-Sa 10:00-18:00; Su,PH 12:00-18:00"
      }
    },
    {
      "type": "Feature",
      "geometry": {
        "type": "Point",
        "coordinates": [
          10.1212208,
          47.5960751
        ]
      },
      "properties": {
        "id": 7105274172,
        "osm_type": "node"
      }
    },
    {
      "type": "Feature",
      "geometry": {
        "type": "Point",
        "coordinates": [
          10.2141423,
          47.5592059
        ]
      },
      "properties": {
        "id": 2102305686,
        "osm_type": "node",
        "name": "Weltpresse",
        "opening_hours": "Mo-Fr 06:00-20:00; Su,PH 07:00-20:00"
      }
    },
    {
      "type": "Feature",
      "geometry": {
        "type": "Point",
        "coordinates": [
          10.2166885,
          47.5605517
        ]
      },
      "properties": {
        "id": 6810429996,
        "osm_type": "node",
        "name": "Freilich Unverpackt",
        "opening_hours": "Mo-Fr 09:00-18:00; Sa 09:00-13:00"
      }
    },
    {
      "type": "Feature",
      "geometry": {
        "type": "Point",
        "coordinates": [
          10.2185346,
          47.5609294
        ]
      },
      "properties": {
        "id": 2104799355,
        "osm_type": "node",
        "name": "Naturwaren Löwenzahn"
      }
    },
    {
      "type": "Feature",
      "geometry": {
        "type": "Point",
        "coordinates": [
          10.2177592,
          47.5600297
        ]
      },
      "properties": {
        "id": 5714985565,
        "osm_type": "node",
        "name": "Weltladen",
        "opening_hours": "Mo-Fr 10:00-13:30,14:30-18:00; Sa 09:30-12:30"
      }
    },
    {
      "type": "Feature",
      "geometry": {
        "type": "Point",
        "coordinates": [
          10.1939447,
          47.573138
        ]
      },
      "properties": {
        "id": 6801742781,
        "osm_type": "node",
        "name": "Alpsee Kiosk",
        "opening_hours": "Mo-Su,PH 07:30 - 11:00, 15:00 - 18:00"
      }
    },
    {
      "type": "Feature",
      "geometry": {
        "type": "Point",
        "coordinates": [
          10.2888613,
          47.4862099
        ]
      },
      "properties": {
        "id": 6695021834,
        "osm_type": "node",
        "name": "Kiosk in der Freizeitanlage"
      }
    },
    {
      "type": "Feature",
      "geometry": {
        "type": "Point",
        "coordinates": [
          10.2788305,
          47.5115712
        ]
      },
      "properties": {
        "id": 5220016608,
        "osm_type": "node",
        "name": "Weltladen",
        "brand": "Weltladen",
        "opening_hours": "Mo-Fr 09:00-18:00; Sa 09:30-12:30; Su,PH off"
      }
    },
    {
      "type": "Feature",
      "geometry": {
        "type": "Point",
        "coordinates": [
          10.27652,
          47.5122477
        ]
      },
      "properties": {
        "id": 7916749210,
        "osm_type": "node",
        "name": "Malak Minimarkt"
      }
    },
    {
      "type": "Feature",
      "geometry": {
        "type": "Point",
        "coordinates": [
          10.3742767,
          47.5051215
        ]
      },
      "properties": {
        "id": 6390335442,
        "osm_type": "node",
        "name": "Ostrachtaler Käsestube",
        "opening_hours": "Jul-Oct Mo-Sa 09:00-18:00; Su 10:00-17:00"
      }
    },
    {
      "type": "Feature",
      "geometry": {
        "type": "Point",
        "coordinates": [
          10.4138319,
          47.473337
        ]
      },
      "properties": {
        "id": 896374391,
        "osm_type": "node",
        "name": "Kiosk",
        "opening_hours": "Fr 15:00-17:00"
      }
    },
    {
      "type": "Feature",
      "geometry": {
        "type": "Point",
        "coordinates": [
          10.386345,
          47.5018807
        ]
      },
      "properties": {
        "id": 8579418504,
        "osm_type": "node",
        "name": "Franz Köberle",
        "opening_hours": "Th-Tu 07:30-12:00,16:00-18:00; We 07:30-12:00"
      }
    },
    {
      "type": "Feature",
      "geometry": {
        "type": "Point",
        "coordinates": [
          10.4057561,
          47.5148573
        ]
      },
      "properties": {
        "id": 903976263,
        "osm_type": "node",
        "name": "Allgäu & Lecker unser Dorfladen",
        "opening_hours": "Mo-Fr 08:00-12:00, 14:00-18:00; Sa 08:00-12:30"
      }
    },
    {
      "type": "Feature",
      "geometry": {
        "type": "Point",
        "coordinates": [
          10.4085719,
          47.5166464
        ]
      },
      "properties": {
        "id": 1576466535,
        "osm_type": "node",
        "name": "P1 Oberjoch"
      }
    },
    {
      "type": "Feature",
      "geometry": {
        "type": "Point",
        "coordinates": [
          10.2820324,
          47.5202463
        ]
      },
      "properties": {
        "id": 4360380118,
        "osm_type": "node",
        "opening_hours": "Mo-Sa 08:30-12:00, Tu-Fr 14:00-18:00"
      }
    },
    {
      "type": "Feature",
      "geometry": {
        "type": "Point",
        "coordinates": [
          10.3342596,
          47.609717
        ]
      },
      "properties": {
        "id": 12132797077,
        "osm_type": "node",
        "name": "Dorfladen Vorderburg",
        "opening_hours": "Mo-Sa 07:00-10:30; We 16:00-18:30"
      }
    },
    {
      "type": "Feature",
      "geometry": {
        "type": "Point",
        "coordinates": [
          10.1465194,
          47.6760192
        ]
      },
      "properties": {
        "id": 1764359182,
        "osm_type": "node",
        "name": "Dorfladen"
      }
    },
    {
      "type": "Feature",
      "geometry": {
        "type": "Point",
        "coordinates": [
          10.2350778,
          47.6303436
        ]
      },
      "properties": {
        "id": 2309911487,
        "osm_type": "node",
        "name": "Dorfladen",
        "opening_hours": "Mo,Th,Fr 07:30-12:30,16:00-18:30; Tu,We 07:30-12:30; Sa 07:30-12:30"
      }
    },
    {
      "type": "Feature",
      "geometry": {
        "type": "Point",
        "coordinates": [
          10.2455072,
          47.6302276
        ]
      },
      "properties": {
        "id": 1863409358,
        "osm_type": "node"
      }
    },
    {
      "type": "Feature",
      "geometry": {
        "type": "Point",
        "coordinates": [
          10.2716688,
          47.6275312
        ]
      },
      "properties": {
        "id": 2006284136,
        "osm_type": "node",
        "name": "Der Ritterhof",
        "opening_hours": "Th 15:00-18:00"
      }
    },
    {
      "type": "Feature",
      "geometry": {
        "type": "Point",
        "coordinates": [
          10.0881665,
          47.783549
        ]
      },
      "properties": {
        "id": 442006674,
        "osm_type": "node",
        "name": "Bäckerei"
      }
    },
    {
      "type": "Feature",
      "geometry": {
        "type": "Point",
        "coordinates": [
          10.2519307,
          47.7277003
        ]
      },
      "properties": {
        "id": 334679735,
        "osm_type": "node",
        "name": "Ihr Dorflädle Jost",
        "opening_hours": "Mo-Fr 06:30-18:00; Sa 06:30-12:30"
      }
    },
    {
      "type": "Feature",
      "geometry": {
        "type": "Point",
        "coordinates": [
          10.280922,
          47.6358999
        ]
      },
      "properties": {
        "id": 4185427576,
        "osm_type": "node",
        "name": "Kiosk"
      }
    },
    {
      "type": "Feature",
      "geometry": {
        "type": "Point",
        "coordinates": [
          10.3600618,
          47.6428319
        ]
      },
      "properties": {
        "id": 8407571410,
        "osm_type": "node",
        "name": "Lifthütte"
      }
    },
    {
      "type": "Feature",
      "geometry": {
        "type": "Point",
        "coordinates": [
          10.3228554,
          47.702573
        ]
      },
      "properties": {
        "id": 11517715340,
        "osm_type": "node",
        "name": "KEM10"
      }
    },
    {
      "type": "Feature",
      "geometry": {
        "type": "Point",
        "coordinates": [
          10.3137735,
          47.726295
        ]
      },
      "properties": {
        "id": 4362458742,
        "osm_type": "node",
        "name": "Weltladen Kempten",
        "opening_hours": "Mo-Fr 09:30-18:00; Sa 10:00-13:00"
      }
    },
    {
      "type": "Feature",
      "geometry": {
        "type": "Point",
        "coordinates": [
          10.3150188,
          47.7248154
        ]
      },
      "properties": {
        "id": 10876256632,
        "osm_type": "node",
        "name": "Piepmatz - Zentrum für Nachhaltigkeit",
        "opening_hours": "We 17:00-19:00; Fr 09:00-18:00; Sa 10:00-16:00"
      }
    },
    {
      "type": "Feature",
      "geometry": {
        "type": "Point",
        "coordinates": [
          10.3145621,
          47.7257572
        ]
      },
      "properties": {
        "id": 12530040802,
        "osm_type": "node",
        "name": "Bangkok Asia-Shop",
        "opening_hours": "Mo-Fr 09:30-17:00; Sa 10:00-15:00"
      }
    },
    {
      "type": "Feature",
      "geometry": {
        "type": "Point",
        "coordinates": [
          10.3211926,
          47.7248945
        ]
      },
      "properties": {
        "id": 671492070,
        "osm_type": "node",
        "name": "Vivi's Afro-Shop",
        "opening_hours": "Mo-Sa 10:00-19:00"
      }
    },
    {
      "type": "Feature",
      "geometry": {
        "type": "Point",
        "coordinates": [
          10.3175371,
          47.7264887
        ]
      },
      "properties": {
        "id": 676048601,
        "osm_type": "node",
        "name": "Kiosk Birnstiel",
        "opening_hours": "Mo-Sa 08:30-13:00,14:00-18:00"
      }
    },
    {
      "type": "Feature",
      "geometry": {
        "type": "Point",
        "coordinates": [
          10.3161065,
          47.7253626
        ]
      },
      "properties": {
        "id": 677539555,
        "osm_type": "node",
        "name": "Reformhaus Merk",
        "opening_hours": "Mo-Fr 09:00-18:00; Sa 09:00-15:00"
      }
    },
    {
      "type": "Feature",
      "geometry": {
        "type": "Point",
        "coordinates": [
          10.3336226,
          47.6748443
        ]
      },
      "properties": {
        "id": 1863458076,
        "osm_type": "node"
      }
    },
    {
      "type": "Feature",
      "geometry": {
        "type": "Point",
        "coordinates": [
          10.3342587,
          47.7114988
        ]
      },
      "properties": {
        "id": 548205583,
        "osm_type": "node",
        "name": "Miniladen im Oberösch"
      }
    },
    {
      "type": "Feature",
      "geometry": {
        "type": "Point",
        "coordinates": [
          10.3567322,
          47.7030355
        ]
      },
      "properties": {
        "id": 6217794252,
        "osm_type": "node",
        "name": "Milchlokal"
      }
    },
    {
      "type": "Feature",
      "geometry": {
        "type": "Point",
        "coordinates": [
          10.4354813,
          47.6402784
        ]
      },
      "properties": {
        "id": 2431311157,
        "osm_type": "node",
        "name": "Kaufhaus Schall",
        "opening_hours": "Fr-Su 11:00-17:00"
      }
    },
    {
      "type": "Feature",
      "geometry": {
        "type": "Point",
        "coordinates": [
          10.3022281,
          47.7329595
        ]
      },
      "properties": {
        "id": 4813846535,
        "osm_type": "node"
      }
    },
    {
      "type": "Feature",
      "geometry": {
        "type": "Point",
        "coordinates": [
          10.3096577,
          47.7282735
        ]
      },
      "properties": {
        "id": 666926218,
        "osm_type": "node",
        "name": "Asia Markt",
        "opening_hours": "Mo-Sa 09:30-18:00"
      }
    },
    {
      "type": "Feature",
      "geometry": {
        "type": "Point",
        "coordinates": [
          10.3096264,
          47.7273047
        ]
      },
      "properties": {
        "id": 981417522,
        "osm_type": "node",
        "name": "Hildegardis-Lädle"
      }
    },
    {
      "type": "Feature",
      "geometry": {
        "type": "Point",
        "coordinates": [
          10.3240039,
          47.7741468
        ]
      },
      "properties": {
        "id": 1386252865,
        "osm_type": "node",
        "name": "Dorfladen Heising"
      }
    },
    {
      "type": "Feature",
      "geometry": {
        "type": "Point",
        "coordinates": [
          10.3327762,
          47.7362841
        ]
      },
      "properties": {
        "id": 703224521,
        "osm_type": "node",
        "name": "Kristall"
      }
    },
    {
      "type": "Feature",
      "geometry": {
        "type": "Point",
        "coordinates": [
          10.34589,
          47.8025013
        ]
      },
      "properties": {
        "id": 1031652828,
        "osm_type": "node",
        "name": "Naturecke",
        "opening_hours": "Mo-Fr 08:00-13:00, 15:00-18:00; Sa 07:30-13:00"
      }
    },
    {
      "type": "Feature",
      "geometry": {
        "type": "Point",
        "coordinates": [
          10.3589492,
          47.7795704
        ]
      },
      "properties": {
        "id": 281155777,
        "osm_type": "node",
        "name": "Börwanger Dorfladen"
      }
    },
    {
      "type": "Feature",
      "geometry": {
        "type": "Point",
        "coordinates": [
          10.3975204,
          47.7665699
        ]
      },
      "properties": {
        "id": 9882814670,
        "osm_type": "node",
        "name": "Kiosk WiWa"
      }
    },
    {
      "type": "Feature",
      "geometry": {
        "type": "Point",
        "coordinates": [
          10.4559361,
          47.7424984
        ]
      },
      "properties": {
        "id": 370662166,
        "osm_type": "node",
        "name": "Kiosk am Notzenweiher"
      }
    },
    {
      "type": "Feature",
      "geometry": {
        "type": "Point",
        "coordinates": [
          10.5642411,
          47.5686998
        ]
      },
      "properties": {
        "id": 8341143685,
        "osm_type": "node",
        "name": "Gmeinder' s Lädle",
        "opening_hours": "Mo,We-Fr 08:00-12:30,13:30-18:00; Sa 08:00-12:00; Tu 08:00-12:30"
      }
    },
    {
      "type": "Feature",
      "geometry": {
        "type": "Point",
        "coordinates": [
          10.5592738,
          47.5818036
        ]
      },
      "properties": {
        "id": 3749572129,
        "osm_type": "node",
        "name": "Weltladen",
        "brand": "Weltladen",
        "opening_hours": "Mo-Fr 09:00-12:30,14:00-18:00; Sa 09:00-12:30"
      }
    },
    {
      "type": "Feature",
      "geometry": {
        "type": "Point",
        "coordinates": [
          10.5597088,
          47.5820358
        ]
      },
      "properties": {
        "id": 3920554892,
        "osm_type": "node",
        "name": "Reformhaus Tröndle",
        "opening_hours": "We 08:30-12:30,14:30-17:00; Th,Fr 08:30-12:30,14:00-18:00; Sa 09:45-12:30"
      }
    },
    {
      "type": "Feature",
      "geometry": {
        "type": "Point",
        "coordinates": [
          10.5585975,
          47.5840894
        ]
      },
      "properties": {
        "id": 1851071859,
        "osm_type": "node",
        "name": "PfAD Bauernladen",
        "opening_hours": "Fr 08:00-18:00; Sa 08:00-12:30"
      }
    },
    {
      "type": "Feature",
      "geometry": {
        "type": "Point",
        "coordinates": [
          10.5647082,
          47.5830731
        ]
      },
      "properties": {
        "id": 343406352,
        "osm_type": "node",
        "name": "Autohaus Brunhuber",
        "brand": "Avia",
        "opening_hours": "Mo-Sa 08:00-19:00; Su 09:00-18:00"
      }
    },
    {
      "type": "Feature",
      "geometry": {
        "type": "Point",
        "coordinates": [
          10.6793594,
          47.5629652
        ]
      },
      "properties": {
        "id": 5793987095,
        "osm_type": "node"
      }
    },
    {
      "type": "Feature",
      "geometry": {
        "type": "Point",
        "coordinates": [
          10.6267123,
          47.5768399
        ]
      },
      "properties": {
        "id": 1341184367,
        "osm_type": "node",
        "name": "Kiosk am Weißensee"
      }
    },
    {
      "type": "Feature",
      "geometry": {
        "type": "Point",
        "coordinates": [
          10.6275699,
          47.577926
        ]
      },
      "properties": {
        "id": 5877753199,
        "osm_type": "node",
        "name": "Dorfladen Weissensee",
        "opening_hours": "Mo, Tu, Th, Fr 07:00-18:00; Sa 07:00-11:00; Tu 07:00-14:00"
      }
    },
    {
      "type": "Feature",
      "geometry": {
        "type": "Point",
        "coordinates": [
          10.6786788,
          47.6077412
        ]
      },
      "properties": {
        "id": 10768990221,
        "osm_type": "node",
        "name": "Dorfladen Hopfensee",
        "opening_hours": "Mo-Fr 07:30-18:00; Sa 07:00-13:00"
      }
    },
    {
      "type": "Feature",
      "geometry": {
        "type": "Point",
        "coordinates": [
          10.678384,
          47.6074506
        ]
      },
      "properties": {
        "id": 12810061376,
        "osm_type": "node",
        "name": "Marina Hopfensee Bootsverleih"
      }
    },
    {
      "type": "Feature",
      "geometry": {
        "type": "Point",
        "coordinates": [
          10.6830542,
          47.6019697
        ]
      },
      "properties": {
        "id": 11068324955,
        "osm_type": "node",
        "name": "Camping Supermarkt",
        "opening_hours": "Mo-Su,PH 07:30-18:00"
      }
    },
    {
      "type": "Feature",
      "geometry": {
        "type": "Point",
        "coordinates": [
          10.700438,
          47.5672803
        ]
      },
      "properties": {
        "id": 3763386993,
        "osm_type": "node",
        "name": "Weltladen Füssen",
        "opening_hours": "Mo-Fr 10:00-18:00; Sa 10:00-13:00"
      }
    },
    {
      "type": "Feature",
      "geometry": {
        "type": "Point",
        "coordinates": [
          10.6994809,
          47.5681163
        ]
      },
      "properties": {
        "id": 8806548744,
        "osm_type": "node"
      }
    },
    {
      "type": "Feature",
      "geometry": {
        "type": "Point",
        "coordinates": [
          10.6997056,
          47.5685432
        ]
      },
      "properties": {
        "id": 11434561672,
        "osm_type": "node",
        "opening_hours": "24/7"
      }
    },
    {
      "type": "Feature",
      "geometry": {
        "type": "Point",
        "coordinates": [
          10.7015646,
          47.5713567
        ]
      },
      "properties": {
        "id": 9658717173,
        "osm_type": "node",
        "name": "Alma Markt",
        "opening_hours": "Mo-Fr 09:00-18:00; Sa 09:00-14:00"
      }
    },
    {
      "type": "Feature",
      "geometry": {
        "type": "Point",
        "coordinates": [
          10.7016009,
          47.5714332
        ]
      },
      "properties": {
        "id": 12561407705,
        "osm_type": "node",
        "name": "Snackworld",
        "opening_hours": "24/7"
      }
    },
    {
      "type": "Feature",
      "geometry": {
        "type": "Point",
        "coordinates": [
          10.7384483,
          47.5966996
        ]
      },
      "properties": {
        "id": 1860497611,
        "osm_type": "node",
        "name": "SB-Laden",
        "opening_hours": "Mo-Su,PH 07:30-21:00"
      }
    },
    {
      "type": "Feature",
      "geometry": {
        "type": "Point",
        "coordinates": [
          10.7719216,
          47.591775
        ]
      },
      "properties": {
        "id": 1860534853,
        "osm_type": "node",
        "name": "Schwangauer Bauernmarkt",
        "opening_hours": "Mo-Su,PH 07:30-11:00,14:00-18:00"
      }
    },
    {
      "type": "Feature",
      "geometry": {
        "type": "Point",
        "coordinates": [
          10.5396076,
          47.6587278
        ]
      },
      "properties": {
        "id": 5182452103,
        "osm_type": "node",
        "name": "Lipp",
        "opening_hours": "Mo-Fr 05:30-17:00; Sa 06:00-12:30"
      }
    },
    {
      "type": "Feature",
      "geometry": {
        "type": "Point",
        "coordinates": [
          10.5741695,
          47.7470227
        ]
      },
      "properties": {
        "id": 954392397,
        "osm_type": "node",
        "name": "Bäckerei Kraus, Dorfladen"
      }
    },
    {
      "type": "Feature",
      "geometry": {
        "type": "Point",
        "coordinates": [
          10.561843,
          47.7697559
        ]
      },
      "properties": {
        "id": 560580009,
        "osm_type": "node"
      }
    },
    {
      "type": "Feature",
      "geometry": {
        "type": "Point",
        "coordinates": [
          10.6145305,
          47.7790286
        ]
      },
      "properties": {
        "id": 1558406479,
        "osm_type": "node",
        "name": "Mixi's",
        "opening_hours": "Mo-Fr 05:00-18:00; Sa 06:00-12:00"
      }
    },
    {
      "type": "Feature",
      "geometry": {
        "type": "Point",
        "coordinates": [
          10.6191414,
          47.777044
        ]
      },
      "properties": {
        "id": 817699304,
        "osm_type": "node"
      }
    },
    {
      "type": "Feature",
      "geometry": {
        "type": "Point",
        "coordinates": [
          10.6184909,
          47.7775814
        ]
      },
      "properties": {
        "id": 1867088055,
        "osm_type": "node",
        "name": "Reformhaus Merk",
        "opening_hours": "Mo-Sa 08:30-12:30, Mo-Fr 14:00-18:00; Su,PH off"
      }
    },
    {
      "type": "Feature",
      "geometry": {
        "type": "Point",
        "coordinates": [
          10.6195769,
          47.7782617
        ]
      },
      "properties": {
        "id": 1868432154,
        "osm_type": "node",
        "name": "Weltladen",
        "opening_hours": "Mo-Th 10:00-18:00; Fr 09:00-18:00; Sa 09:00-13:00"
      }
    },
    {
      "type": "Feature",
      "geometry": {
        "type": "Point",
        "coordinates": [
          10.6475294,
          47.7522043
        ]
      },
      "properties": {
        "id": 11664570980,
        "osm_type": "node",
        "name": "s’Dorflädele"
      }
    },
    {
      "type": "Feature",
      "geometry": {
        "type": "Point",
        "coordinates": [
          10.6886835,
          47.737861
        ]
      },
      "properties": {
        "id": 7057643680,
        "osm_type": "node",
        "name": "Brotzeitladen"
      }
    },
    {
      "type": "Feature",
      "geometry": {
        "type": "Point",
        "coordinates": [
          10.5921037,
          47.8192369
        ]
      },
      "properties": {
        "id": 4982461832,
        "osm_type": "node",
        "name": "Käseparadies",
        "opening_hours": "Mo-Fr 07:00-17:30; Sa 07:00-12:00; PH,Su off"
      }
    },
    {
      "type": "Feature",
      "geometry": {
        "type": "Point",
        "coordinates": [
          10.7378694,
          47.6361679
        ]
      },
      "properties": {
        "id": 471190115,
        "osm_type": "node",
        "name": "Zur SeeLust"
      }
    },
    {
      "type": "Feature",
      "geometry": {
        "type": "Point",
        "coordinates": [
          10.7963308,
          47.6989711
        ]
      },
      "properties": {
        "id": 11928972870,
        "osm_type": "node",
        "name": "Der kleine Lechladen - Bio & Regional",
        "opening_hours": "Mo-Fr 09:00-17:30; We 09:00-13:00, Sa 09-13:00; PH off"
      }
    },
    {
      "type": "Feature",
      "geometry": {
        "type": "Point",
        "coordinates": [
          10.7970808,
          47.6964908
        ]
      },
      "properties": {
        "id": 11975170343,
        "osm_type": "node",
        "name": "d'Tandlerin",
        "opening_hours": "Mo-Fr 08:30-12:00,14:30-18:00; Tu 08:30-12:00; Sa 08:00-12:15"
      }
    },
    {
      "type": "Feature",
      "geometry": {
        "type": "Point",
        "coordinates": [
          10.8010996,
          47.6254149
        ]
      },
      "properties": {
        "id": 850150923,
        "osm_type": "node",
        "name": "Der Glückskäfer"
      }
    },
    {
      "type": "Feature",
      "geometry": {
        "type": "Point",
        "coordinates": [
          10.82805,
          47.6424482
        ]
      },
      "properties": {
        "id": 13112380749,
        "osm_type": "node",
        "name": "eni shop"
      }
    },
    {
      "type": "Feature",
      "geometry": {
        "type": "Point",
        "coordinates": [
          10.8054655,
          47.6977264
        ]
      },
      "properties": {
        "id": 7815323586,
        "osm_type": "node",
        "name": "Schönegger Käsealm",
        "opening_hours": "Mo-Fr 08:30-18:00; Sa 08:30-13:00; Su off"
      }
    },
    {
      "type": "Feature",
      "geometry": {
        "type": "Point",
        "coordinates": [
          10.8611162,
          47.6964925
        ]
      },
      "properties": {
        "id": 3714164987,
        "osm_type": "node",
        "name": "Schönegger Käse-Alm",
        "opening_hours": "Mo-Sa 09:00-18:00"
      }
    },
    {
      "type": "Feature",
      "geometry": {
        "type": "Point",
        "coordinates": [
          10.7758385,
          47.7365595
        ]
      },
      "properties": {
        "id": 9247222268,
        "osm_type": "node",
        "name": "s'Lädele",
        "opening_hours": "Mo-Fr 06:45-12:30, Fr 14:30-18:00, Sa 06:45-11:00"
      }
    },
    {
      "type": "Feature",
      "geometry": {
        "type": "Point",
        "coordinates": [
          10.8974551,
          47.8117655
        ]
      },
      "properties": {
        "id": 3517088349,
        "osm_type": "node",
        "name": "Herr Lose",
        "opening_hours": "Mo-Th 09:00-12:30,14:00-18:00; Fr 09:00-18:00; Sa 09:00-13:30"
      }
    },
    {
      "type": "Feature",
      "geometry": {
        "type": "Point",
        "coordinates": [
          10.8981639,
          47.8106219
        ]
      },
      "properties": {
        "id": 5714616385,
        "osm_type": "node",
        "name": "Weltladen Schongau",
        "opening_hours": "Mo-Fr 09:00-12:30,14:00-18:00; Sa 09:30-14:00"
      }
    },
    {
      "type": "Feature",
      "geometry": {
        "type": "Point",
        "coordinates": [
          10.8832911,
          47.819046
        ]
      },
      "properties": {
        "id": 6145910600,
        "osm_type": "node",
        "name": "Küche & Keller"
      }
    },
    {
      "type": "Feature",
      "geometry": {
        "type": "Point",
        "coordinates": [
          10.1278248,
          47.8485597
        ]
      },
      "properties": {
        "id": 5951888662,
        "osm_type": "node"
      }
    },
    {
      "type": "Feature",
      "geometry": {
        "type": "Point",
        "coordinates": [
          10.1324335,
          47.8598102
        ]
      },
      "properties": {
        "id": 476364141,
        "osm_type": "node",
        "name": "Rapunzel",
        "opening_hours": "Mo-Sa 08:00-18:30"
      }
    },
    {
      "type": "Feature",
      "geometry": {
        "type": "Point",
        "coordinates": [
          10.2210268,
          47.8759464
        ]
      },
      "properties": {
        "id": 5715143676,
        "osm_type": "node",
        "name": "Eine Welt Laden Bad Grönenbach",
        "opening_hours": "Tu-Fr 09:00-12:30, 14:30-18:00; Sa 09:00-12:30; PH off"
      }
    },
    {
      "type": "Feature",
      "geometry": {
        "type": "Point",
        "coordinates": [
          10.1713903,
          47.9794398
        ]
      },
      "properties": {
        "id": 528854028,
        "osm_type": "node",
        "name": "Esso HARALD MAYER",
        "brand": "Esso",
        "opening_hours": "Mo-Fr 06:00-23:00; Sa-Su 07:00-23:00"
      }
    },
    {
      "type": "Feature",
      "geometry": {
        "type": "Point",
        "coordinates": [
          10.180281,
          47.9862822
        ]
      },
      "properties": {
        "id": 392074573,
        "osm_type": "node",
        "name": "SKL Vaumann",
        "opening_hours": "Mo-Tu 07:30-12:15,14:00-18:00; We-Fr 07:30-18:00; PH,Su closed; Sa 07:30-13:00"
      }
    },
    {
      "type": "Feature",
      "geometry": {
        "type": "Point",
        "coordinates": [
          10.1806693,
          47.9848408
        ]
      },
      "properties": {
        "id": 3624776211,
        "osm_type": "node",
        "name": "Weltladen",
        "brand": "Weltladen",
        "opening_hours": "Mo-Fr 09:00-18:30; Sa 09:00-14:00"
      }
    },
    {
      "type": "Feature",
      "geometry": {
        "type": "Point",
        "coordinates": [
          10.1865325,
          47.9855831
        ]
      },
      "properties": {
        "id": 4128189574,
        "osm_type": "node",
        "name": "Weltpresse - Bahnhofsbuchhandlungen",
        "opening_hours": "Mo-Sa 06:00-20:00; PH,Su 07:00-20:00"
      }
    },
    {
      "type": "Feature",
      "geometry": {
        "type": "Point",
        "coordinates": [
          10.2076339,
          47.9887453
        ]
      },
      "properties": {
        "id": 1192430388,
        "osm_type": "node",
        "name": "einfach bunt"
      }
    },
    {
      "type": "Feature",
      "geometry": {
        "type": "Point",
        "coordinates": [
          10.2735949,
          48.0184076
        ]
      },
      "properties": {
        "id": 11285975348,
        "osm_type": "node",
        "name": "Total",
        "brand": "Total",
        "opening_hours": "24/7"
      }
    },
    {
      "type": "Feature",
      "geometry": {
        "type": "Point",
        "coordinates": [
          10.3612838,
          47.9761448
        ]
      },
      "properties": {
        "id": 509283173,
        "osm_type": "node",
        "name": "Gutkauf"
      }
    },
    {
      "type": "Feature",
      "geometry": {
        "type": "Point",
        "coordinates": [
          10.3902325,
          47.9477047
        ]
      },
      "properties": {
        "id": 8494481642,
        "osm_type": "node",
        "name": "Avia Shop"
      }
    },
    {
      "type": "Feature",
      "geometry": {
        "type": "Point",
        "coordinates": [
          10.4584159,
          47.9443829
        ]
      },
      "properties": {
        "id": 8820526637,
        "osm_type": "node",
        "name": "Dorfladen",
        "opening_hours": "Mo-Fr 07:00-12:30,15:30-18:00, Th 15:30-19:00, Sa 07:00-12:30"
      }
    },
    {
      "type": "Feature",
      "geometry": {
        "type": "Point",
        "coordinates": [
          10.4425065,
          48.0226592
        ]
      },
      "properties": {
        "id": 795618099,
        "osm_type": "node",
        "name": "nah & gut"
      }
    },
    {
      "type": "Feature",
      "geometry": {
        "type": "Point",
        "coordinates": [
          10.4755651,
          48.0307248
        ]
      },
      "properties": {
        "id": 5046179370,
        "osm_type": "node",
        "name": "Demeter-Hof Stümpfl",
        "opening_hours": "Mo-Th 08:00-16:30; Fr-Sa 08:00-13:00"
      }
    },
    {
      "type": "Feature",
      "geometry": {
        "type": "Point",
        "coordinates": [
          10.1503168,
          48.0743698
        ]
      },
      "properties": {
        "id": 794953143,
        "osm_type": "node",
        "name": "Dorfladen Grieser Bäckerei-Stehcafé"
      }
    },
    {
      "type": "Feature",
      "geometry": {
        "type": "Point",
        "coordinates": [
          10.115273,
          48.1354486
        ]
      },
      "properties": {
        "id": 10904721698,
        "osm_type": "node",
        "name": "Yamas"
      }
    },
    {
      "type": "Feature",
      "geometry": {
        "type": "Point",
        "coordinates": [
          10.2525001,
          48.1427677
        ]
      },
      "properties": {
        "id": 611225430,
        "osm_type": "node",
        "name": "Fruchtoase"
      }
    },
    {
      "type": "Feature",
      "geometry": {
        "type": "Point",
        "coordinates": [
          10.2503368,
          48.1423198
        ]
      },
      "properties": {
        "id": 7610152041,
        "osm_type": "node",
        "name": "Anne Walcher Tees-Düfte-Naturkosmetik-Biolebensmittel"
      }
    },
    {
      "type": "Feature",
      "geometry": {
        "type": "Point",
        "coordinates": [
          10.1706695,
          48.1963762
        ]
      },
      "properties": {
        "id": 436499075,
        "osm_type": "node",
        "name": "Ute's Lädele"
      }
    },
    {
      "type": "Feature",
      "geometry": {
        "type": "Point",
        "coordinates": [
          10.111715,
          48.2011925
        ]
      },
      "properties": {
        "id": 885659757,
        "osm_type": "node",
        "name": "Dorfladen Jedesheim"
      }
    },
    {
      "type": "Feature",
      "geometry": {
        "type": "Point",
        "coordinates": [
          10.1028495,
          48.2172459
        ]
      },
      "properties": {
        "id": 258938939,
        "osm_type": "node",
        "name": "Shell",
        "brand": "Shell",
        "opening_hours": "Mo-Sa 06:00-22:00; Su,PH 07:00-22:00"
      }
    },
    {
      "type": "Feature",
      "geometry": {
        "type": "Point",
        "coordinates": [
          10.1062585,
          48.2230769
        ]
      },
      "properties": {
        "id": 5734228844,
        "osm_type": "node",
        "name": "Eine-Welt-Laden Sankt Martin",
        "opening_hours": "Tu-Sa 9:00-12:00"
      }
    },
    {
      "type": "Feature",
      "geometry": {
        "type": "Point",
        "coordinates": [
          10.0793035,
          48.2415163
        ]
      },
      "properties": {
        "id": 3114811588,
        "osm_type": "node",
        "name": "Mohamed Ismail Parvaneh Griechische Spezialitäten",
        "opening_hours": "Mo-Fr 07:00-18:00; Sa 07:00-14:00; PH off"
      }
    },
    {
      "type": "Feature",
      "geometry": {
        "type": "Point",
        "coordinates": [
          10.1026557,
          48.2250391
        ]
      },
      "properties": {
        "id": 260727084,
        "osm_type": "node",
        "name": "Eni",
        "brand": "Eni",
        "opening_hours": "Mo-Su,PH 06:00-22:00"
      }
    },
    {
      "type": "Feature",
      "geometry": {
        "type": "Point",
        "coordinates": [
          10.1025554,
          48.2249885
        ]
      },
      "properties": {
        "id": 9706480630,
        "osm_type": "node",
        "name": "Eni",
        "opening_hours": "Mo-Su,PH 07:00-22:00"
      }
    },
    {
      "type": "Feature",
      "geometry": {
        "type": "Point",
        "coordinates": [
          10.1769805,
          48.2381726
        ]
      },
      "properties": {
        "id": 358846862,
        "osm_type": "node",
        "name": "Landjäger - Lädele",
        "opening_hours": "We-Fr 08:00-12:00,14:00-18:00; Sa 06:30-12:30"
      }
    },
    {
      "type": "Feature",
      "geometry": {
        "type": "Point",
        "coordinates": [
          10.3461778,
          48.1081783
        ]
      },
      "properties": {
        "id": 11223279106,
        "osm_type": "node",
        "name": "Biker und Wanderer-Treff"
      }
    },
    {
      "type": "Feature",
      "geometry": {
        "type": "Point",
        "coordinates": [
          10.403527,
          48.1365484
        ]
      },
      "properties": {
        "id": 3420329015,
        "osm_type": "node",
        "name": "Raiffeisenmarkt"
      }
    },
    {
      "type": "Feature",
      "geometry": {
        "type": "Point",
        "coordinates": [
          10.2920767,
          48.2271311
        ]
      },
      "properties": {
        "id": 9833999254,
        "osm_type": "node",
        "opening_hours": "PH,Mo-Su 08:30 - 18:00"
      }
    },
    {
      "type": "Feature",
      "geometry": {
        "type": "Point",
        "coordinates": [
          10.3652735,
          48.2448508
        ]
      },
      "properties": {
        "id": 10223785252,
        "osm_type": "node",
        "name": "Weltladen",
        "opening_hours": "Mo-Fr 09:00-12:30,14:00-18:00; Sa 09:00-12:00; Nov 26-Dec 23 Sa 09:00-17:00"
      }
    },
    {
      "type": "Feature",
      "geometry": {
        "type": "Point",
        "coordinates": [
          10.3876566,
          48.1966834
        ]
      },
      "properties": {
        "id": 2137186399,
        "osm_type": "node",
        "name": "Bäckerei Hubert Kolbinger"
      }
    },
    {
      "type": "Feature",
      "geometry": {
        "type": "Point",
        "coordinates": [
          10.4217879,
          48.1827789
        ]
      },
      "properties": {
        "id": 2136871949,
        "osm_type": "node",
        "name": "Lebensmittelgeschäft"
      }
    },
    {
      "type": "Feature",
      "geometry": {
        "type": "Point",
        "coordinates": [
          10.446569,
          48.2304533
        ]
      },
      "properties": {
        "id": 7604880535,
        "osm_type": "node",
        "name": "Dorfladen Mindelzell"
      }
    },
    {
      "type": "Feature",
      "geometry": {
        "type": "Point",
        "coordinates": [
          10.573563,
          47.8733188
        ]
      },
      "properties": {
        "id": 4982376788,
        "osm_type": "node",
        "name": "Klosterladen",
        "opening_hours": "Tu-Fr 10:00-12:00,14:00-18:00; Sa 10:00-12:00"
      }
    },
    {
      "type": "Feature",
      "geometry": {
        "type": "Point",
        "coordinates": [
          10.6210634,
          47.8799005
        ]
      },
      "properties": {
        "id": 3136674518,
        "osm_type": "node",
        "name": "Weltladen Kaufbeuren",
        "opening_hours": "Mo-Fr 09:30-18:00, Sa 09:30-13:00; Su, PH off"
      }
    },
    {
      "type": "Feature",
      "geometry": {
        "type": "Point",
        "coordinates": [
          10.6205577,
          47.8786414
        ]
      },
      "properties": {
        "id": 4943400260,
        "osm_type": "node",
        "name": "Reformhaus Merk",
        "opening_hours": "Mo-Fr 09:00-18:00, Th 08:00-18:00; Sa 09:00-15:00; Su,PH off"
      }
    },
    {
      "type": "Feature",
      "geometry": {
        "type": "Point",
        "coordinates": [
          10.6205523,
          47.8812506
        ]
      },
      "properties": {
        "id": 6389288561,
        "osm_type": "node",
        "name": "Super Asienmarkt"
      }
    },
    {
      "type": "Feature",
      "geometry": {
        "type": "Point",
        "coordinates": [
          10.6256119,
          47.8798017
        ]
      },
      "properties": {
        "id": 5548363967,
        "osm_type": "node",
        "name": "Kiosk - Lotto/Toto"
      }
    },
    {
      "type": "Feature",
      "geometry": {
        "type": "Point",
        "coordinates": [
          10.6243426,
          47.8805248
        ]
      },
      "properties": {
        "id": 5578480068,
        "osm_type": "node",
        "name": "MARHABA",
        "opening_hours": "Mo-Sa 10:00-20:00; Su off; PH off"
      }
    },
    {
      "type": "Feature",
      "geometry": {
        "type": "Point",
        "coordinates": [
          10.6124489,
          47.8917975
        ]
      },
      "properties": {
        "id": 9933303207,
        "osm_type": "node",
        "name": "Tankstellenshop"
      }
    },
    {
      "type": "Feature",
      "geometry": {
        "type": "Point",
        "coordinates": [
          10.6072866,
          47.9332954
        ]
      },
      "properties": {
        "id": 12182201464,
        "osm_type": "node",
        "name": "Spar Express",
        "brand": "Spar"
      }
    },
    {
      "type": "Feature",
      "geometry": {
        "type": "Point",
        "coordinates": [
          10.6688923,
          47.9242608
        ]
      },
      "properties": {
        "id": 8438864915,
        "osm_type": "node",
        "name": "PINOIL Service-Station Nieberle",
        "brand": "Pinoil",
        "opening_hours": "Mo-Fr 06:30-19:30; Sa 07:30-19:30; Su 08:30-19:30"
      }
    },
    {
      "type": "Feature",
      "geometry": {
        "type": "Point",
        "coordinates": [
          10.5064253,
          48.0014019
        ]
      },
      "properties": {
        "id": 782888282,
        "osm_type": "node",
        "name": "Esso",
        "brand": "Esso",
        "opening_hours": "Mo-Fr 06:00-21:00; Sa 06:30-21:00; Su 07:00-21:00; PH 07:00-21:00"
      }
    },
    {
      "type": "Feature",
      "geometry": {
        "type": "Point",
        "coordinates": [
          10.5905865,
          48.0032299
        ]
      },
      "properties": {
        "id": 6301587830,
        "osm_type": "node",
        "name": "FAIR Weltladen",
        "brand": "Weltladen",
        "opening_hours": "Mo-Fr 09:30-12:30,14:30-18:00, Sa 09:30-13:00; Su,PH off"
      }
    },
    {
      "type": "Feature",
      "geometry": {
        "type": "Point",
        "coordinates": [
          10.5806812,
          48.0133613
        ]
      },
      "properties": {
        "id": 11876219919,
        "osm_type": "node"
      }
    },
    {
      "type": "Feature",
      "geometry": {
        "type": "Point",
        "coordinates": [
          10.5933004,
          48.004708
        ]
      },
      "properties": {
        "id": 6666766974,
        "osm_type": "node",
        "name": "Stadtkauf",
        "opening_hours": "Mo-Fr 08:00-19:00; Sa 08:00-15:00"
      }
    },
    {
      "type": "Feature",
      "geometry": {
        "type": "Point",
        "coordinates": [
          10.7171417,
          48.033748
        ]
      },
      "properties": {
        "id": 5083486610,
        "osm_type": "node",
        "name": "ServiceStore DB",
        "brand": "ServiceStore DB",
        "opening_hours": "Mo-Fr 07:00-18:00; Sa,Su 08:00-16:00"
      }
    },
    {
      "type": "Feature",
      "geometry": {
        "type": "Point",
        "coordinates": [
          10.7241738,
          48.0353981
        ]
      },
      "properties": {
        "id": 1236453802,
        "osm_type": "node",
        "name": "Thai Asia Markt"
      }
    },
    {
      "type": "Feature",
      "geometry": {
        "type": "Point",
        "coordinates": [
          10.7218485,
          48.0354925
        ]
      },
      "properties": {
        "id": 6033910250,
        "osm_type": "node",
        "name": "Weltladen",
        "brand": "Weltladen"
      }
    },
    {
      "type": "Feature",
      "geometry": {
        "type": "Point",
        "coordinates": [
          10.7759291,
          47.9944061
        ]
      },
      "properties": {
        "id": 3190758063,
        "osm_type": "node",
        "name": "Singold Naturkost",
        "opening_hours": "Mo-Sa 07:00-12:00; Tu,We,Fr 07:00-12:00,15:00-18:00"
      }
    },
    {
      "type": "Feature",
      "geometry": {
        "type": "Point",
        "coordinates": [
          10.776172,
          47.9955498
        ]
      },
      "properties": {
        "id": 656248242,
        "osm_type": "node",
        "name": "Dorfladen Waal"
      }
    },
    {
      "type": "Feature",
      "geometry": {
        "type": "Point",
        "coordinates": [
          10.5869215,
          48.0561072
        ]
      },
      "properties": {
        "id": 876272816,
        "osm_type": "node",
        "name": "Lebensmittel Singer"
      }
    },
    {
      "type": "Feature",
      "geometry": {
        "type": "Point",
        "coordinates": [
          10.5782964,
          48.1357698
        ]
      },
      "properties": {
        "id": 1460315799,
        "osm_type": "node",
        "name": "Käse-Stube"
      }
    },
    {
      "type": "Feature",
      "geometry": {
        "type": "Point",
        "coordinates": [
          10.5836027,
          48.1390271
        ]
      },
      "properties": {
        "id": 1460315807,
        "osm_type": "node",
        "name": "Soffies kleiner Supermarkt"
      }
    },
    {
      "type": "Feature",
      "geometry": {
        "type": "Point",
        "coordinates": [
          10.6403727,
          48.0628031
        ]
      },
      "properties": {
        "id": 4534783060,
        "osm_type": "node",
        "name": "Eine-Welt-Laden",
        "opening_hours": "Tu 10:00-12:00; Th 15:00-19:00; Fr 09:00-12:00,15:00-18:00; Sa 09:00-12:00"
      }
    },
    {
      "type": "Feature",
      "geometry": {
        "type": "Point",
        "coordinates": [
          10.6440106,
          48.0560418
        ]
      },
      "properties": {
        "id": 11133595584,
        "osm_type": "node"
      }
    },
    {
      "type": "Feature",
      "geometry": {
        "type": "Point",
        "coordinates": [
          10.5950989,
          48.1772437
        ]
      },
      "properties": {
        "id": 4988507210,
        "osm_type": "node",
        "name": "Dorfladen Mittelneufnach"
      }
    },
    {
      "type": "Feature",
      "geometry": {
        "type": "Point",
        "coordinates": [
          10.5977867,
          48.1753575
        ]
      },
      "properties": {
        "id": 11472788598,
        "osm_type": "node",
        "name": "Mühle",
        "opening_hours": "Fr 14:00-17:00; Sa 08:00-12:00"
      }
    },
    {
      "type": "Feature",
      "geometry": {
        "type": "Point",
        "coordinates": [
          10.847535,
          48.0579521
        ]
      },
      "properties": {
        "id": 265650724,
        "osm_type": "node",
        "name": "Aral Lechwiesen Süd",
        "brand": "Aral",
        "opening_hours": "24/7"
      }
    },
    {
      "type": "Feature",
      "geometry": {
        "type": "Point",
        "coordinates": [
          10.846947,
          48.0596345
        ]
      },
      "properties": {
        "id": 1210943593,
        "osm_type": "node",
        "name": "Shell Lechwiesen Nord",
        "brand": "Shell",
        "opening_hours": "24/7"
      }
    },
    {
      "type": "Feature",
      "geometry": {
        "type": "Point",
        "coordinates": [
          10.8568718,
          48.0496624
        ]
      },
      "properties": {
        "id": 3249024862,
        "osm_type": "node",
        "name": "Lotto Toto Schweninger",
        "opening_hours": "Mo-Fr 07:00-19:30; Sa 07:00-13:00"
      }
    },
    {
      "type": "Feature",
      "geometry": {
        "type": "Point",
        "coordinates": [
          10.8765918,
          48.048422
        ]
      },
      "properties": {
        "id": 4938101695,
        "osm_type": "node",
        "name": "Kornblume",
        "opening_hours": "Mo-Fr 09:00-13:00, 14:30-18:30; Sa 09:00-13:30"
      }
    },
    {
      "type": "Feature",
      "geometry": {
        "type": "Point",
        "coordinates": [
          10.8764144,
          48.0504854
        ]
      },
      "properties": {
        "id": 4943510640,
        "osm_type": "node",
        "name": "Reformhaus Merk",
        "opening_hours": "Mo-Fr 08:30-18:00; Sa 08:30-15:00"
      }
    },
    {
      "type": "Feature",
      "geometry": {
        "type": "Point",
        "coordinates": [
          10.8767431,
          48.0490161
        ]
      },
      "properties": {
        "id": 5356296941,
        "osm_type": "node",
        "name": "RUMI MARKT"
      }
    },
    {
      "type": "Feature",
      "geometry": {
        "type": "Point",
        "coordinates": [
          10.8759818,
          48.0509019
        ]
      },
      "properties": {
        "id": 5357651300,
        "osm_type": "node",
        "name": "Weltladen",
        "brand": "Weltladen",
        "opening_hours": "Mo-Fr 10:00-18:00, Sa 10:00-13:00"
      }
    },
    {
      "type": "Feature",
      "geometry": {
        "type": "Point",
        "coordinates": [
          10.8757192,
          48.0502538
        ]
      },
      "properties": {
        "id": 5357651303,
        "osm_type": "node",
        "name": "Zedermarkt",
        "opening_hours": "Mo-Fr 10:00-19:00; Sa 08:00-16:00"
      }
    },
    {
      "type": "Feature",
      "geometry": {
        "type": "Point",
        "coordinates": [
          10.8769571,
          48.0524806
        ]
      },
      "properties": {
        "id": 5364033087,
        "osm_type": "node",
        "name": "Feinkost"
      }
    },
    {
      "type": "Feature",
      "geometry": {
        "type": "Point",
        "coordinates": [
          10.8778392,
          48.0525305
        ]
      },
      "properties": {
        "id": 5365681075,
        "osm_type": "node",
        "name": "Hoang Ha"
      }
    },
    {
      "type": "Feature",
      "geometry": {
        "type": "Point",
        "coordinates": [
          10.8684906,
          48.0543483
        ]
      },
      "properties": {
        "id": 6535499075,
        "osm_type": "node",
        "name": "Laden der Justizvollzugsanstalt",
        "opening_hours": "Mo-Th 08:00-12:00,13:00-17:00; Fr 08:00-11:00,11:30-14:30"
      }
    },
    {
      "type": "Feature",
      "geometry": {
        "type": "Point",
        "coordinates": [
          10.8904519,
          48.055724
        ]
      },
      "properties": {
        "id": 1093517616,
        "osm_type": "node",
        "name": "Zeitschriften/Zigaretten Döring"
      }
    },
    {
      "type": "Feature",
      "geometry": {
        "type": "Point",
        "coordinates": [
          10.8123701,
          48.1187097
        ]
      },
      "properties": {
        "id": 1790521119,
        "osm_type": "node",
        "name": "Dorfladen Hurlach",
        "opening_hours": "Mo-Tu 07:00-12:30,14:30-18:00; We 07:00-12:30; Th-Fr 07:00-12:30,14:30-18:00; Sa 06:30-12:00"
      }
    },
    {
      "type": "Feature",
      "geometry": {
        "type": "Point",
        "coordinates": [
          10.7578781,
          48.1820953
        ]
      },
      "properties": {
        "id": 683091168,
        "osm_type": "node",
        "name": "Rittmayr&Härle",
        "opening_hours": "Mo-Fr 09:00-12:30,13:30-18:00; Sa 09:00-12:30"
      }
    },
    {
      "type": "Feature",
      "geometry": {
        "type": "Point",
        "coordinates": [
          10.7807307,
          48.2274796
        ]
      },
      "properties": {
        "id": 409557714,
        "osm_type": "node",
        "name": "Toptank",
        "opening_hours": "07:00-22:00"
      }
    },
    {
      "type": "Feature",
      "geometry": {
        "type": "Point",
        "coordinates": [
          10.805446,
          48.1634577
        ]
      },
      "properties": {
        "id": 2662915145,
        "osm_type": "node",
        "name": "Weltladen",
        "opening_hours": "Mo,Fr 15:00-18:00"
      }
    },
    {
      "type": "Feature",
      "geometry": {
        "type": "Point",
        "coordinates": [
          10.8228109,
          48.1886591
        ]
      },
      "properties": {
        "id": 2661807151,
        "osm_type": "node",
        "name": "Seidl",
        "opening_hours": "Th,Fr 06:00-12:00,14:30-18:00; Sa 06:00-11:30; Mo,Tu,We,Su off"
      }
    },
    {
      "type": "Feature",
      "geometry": {
        "type": "Point",
        "coordinates": [
          10.9430808,
          47.4778517
        ]
      },
      "properties": {
        "id": 587891248,
        "osm_type": "node",
        "name": "Kiosk Grenzstüberl",
        "opening_hours": "\"summer\": 07:00-20:00; \"winter\": 09:00-17:00"
      }
    },
    {
      "type": "Feature",
      "geometry": {
        "type": "Point",
        "coordinates": [
          11.0233743,
          47.4766444
        ]
      },
      "properties": {
        "id": 11200227976,
        "osm_type": "node",
        "name": "Groanara Dorfladen",
        "opening_hours": "Mo-Fr 06:00-18:00, Sa 06:00-16:00, Su 07:00-11:00"
      }
    },
    {
      "type": "Feature",
      "geometry": {
        "type": "Point",
        "coordinates": [
          11.0673469,
          47.4892573
        ]
      },
      "properties": {
        "id": 5578575014,
        "osm_type": "node",
        "name": "Freizeitbad Loisach mit Spielplatz"
      }
    },
    {
      "type": "Feature",
      "geometry": {
        "type": "Point",
        "coordinates": [
          11.0817016,
          47.4785143
        ]
      },
      "properties": {
        "id": 12099974664,
        "osm_type": "node",
        "name": "Kiosk"
      }
    },
    {
      "type": "Feature",
      "geometry": {
        "type": "Point",
        "coordinates": [
          11.0899949,
          47.4920471
        ]
      },
      "properties": {
        "id": 5460596262,
        "osm_type": "node",
        "name": "Fresh Asia Market",
        "opening_hours": "Mo-Fr 10:00-18:00; Sa 10:00-14:00"
      }
    },
    {
      "type": "Feature",
      "geometry": {
        "type": "Point",
        "coordinates": [
          11.0975084,
          47.4914583
        ]
      },
      "properties": {
        "id": 3477481577,
        "osm_type": "node",
        "name": "ServiceStore DB",
        "brand": "ServiceStore DB",
        "opening_hours": "Mo-Th 06:00-20:00; Fr,Sa 06:00-21:00; Su 07:00-20:00"
      }
    },
    {
      "type": "Feature",
      "geometry": {
        "type": "Point",
        "coordinates": [
          11.1067319,
          47.492706
        ]
      },
      "properties": {
        "id": 5582969821,
        "osm_type": "node"
      }
    },
    {
      "type": "Feature",
      "geometry": {
        "type": "Point",
        "coordinates": [
          11.1044025,
          47.4934637
        ]
      },
      "properties": {
        "id": 11993736369,
        "osm_type": "node",
        "name": "Ahrens-Zeitschriften Tabak"
      }
    },
    {
      "type": "Feature",
      "geometry": {
        "type": "Point",
        "coordinates": [
          11.1079416,
          47.4930021
        ]
      },
      "properties": {
        "id": 12662073592,
        "osm_type": "node"
      }
    },
    {
      "type": "Feature",
      "geometry": {
        "type": "Point",
        "coordinates": [
          11.1102836,
          47.4942902
        ]
      },
      "properties": {
        "id": 7660366376,
        "osm_type": "node",
        "name": "Fair Weltladen",
        "opening_hours": "Mo-Fr 10:00-18:00; Sa 10:00-13:00"
      }
    },
    {
      "type": "Feature",
      "geometry": {
        "type": "Point",
        "coordinates": [
          11.0817888,
          47.5200176
        ]
      },
      "properties": {
        "id": 11110193614,
        "osm_type": "node"
      }
    },
    {
      "type": "Feature",
      "geometry": {
        "type": "Point",
        "coordinates": [
          11.1140638,
          47.5296366
        ]
      },
      "properties": {
        "id": 7643773213,
        "osm_type": "node",
        "name": "Kiosk am Bahnhof"
      }
    },
    {
      "type": "Feature",
      "geometry": {
        "type": "Point",
        "coordinates": [
          11.065859,
          47.5981098
        ]
      },
      "properties": {
        "id": 5349465256,
        "osm_type": "node",
        "name": "Lotto Haser",
        "opening_hours": "Mo-Fr 08:00-12:00, Tu-Fr 14:00-18:00, Sa 07:00-12:00"
      }
    },
    {
      "type": "Feature",
      "geometry": {
        "type": "Point",
        "coordinates": [
          11.1193506,
          47.4698012
        ]
      },
      "properties": {
        "id": 9097455607,
        "osm_type": "node"
      }
    },
    {
      "type": "Feature",
      "geometry": {
        "type": "Point",
        "coordinates": [
          11.2556231,
          47.4902059
        ]
      },
      "properties": {
        "id": 1859717234,
        "osm_type": "node",
        "name": "Tennsee-Shop"
      }
    },
    {
      "type": "Feature",
      "geometry": {
        "type": "Point",
        "coordinates": [
          11.2476022,
          47.4937525
        ]
      },
      "properties": {
        "id": 6063808370,
        "osm_type": "node"
      }
    },
    {
      "type": "Feature",
      "geometry": {
        "type": "Point",
        "coordinates": [
          11.2800568,
          47.5024567
        ]
      },
      "properties": {
        "id": 6591073696,
        "osm_type": "node",
        "name": "Kiosk am Spielplatz"
      }
    },
    {
      "type": "Feature",
      "geometry": {
        "type": "Point",
        "coordinates": [
          11.3098593,
          47.5829456
        ]
      },
      "properties": {
        "id": 1859245076,
        "osm_type": "node",
        "name": "Mini-Mart"
      }
    },
    {
      "type": "Feature",
      "geometry": {
        "type": "Point",
        "coordinates": [
          11.0157747,
          47.6497121
        ]
      },
      "properties": {
        "id": 495994798,
        "osm_type": "node",
        "name": "Bäckerei Brauchle"
      }
    },
    {
      "type": "Feature",
      "geometry": {
        "type": "Point",
        "coordinates": [
          11.0499573,
          47.6599417
        ]
      },
      "properties": {
        "id": 9949271806,
        "osm_type": "node",
        "name": "s'Alm-Ladal",
        "opening_hours": "Sa-Su 09:00-10:00, 14:00-17:00"
      }
    },
    {
      "type": "Feature",
      "geometry": {
        "type": "Point",
        "coordinates": [
          11.0596509,
          47.6748047
        ]
      },
      "properties": {
        "id": 9050311303,
        "osm_type": "node"
      }
    },
    {
      "type": "Feature",
      "geometry": {
        "type": "Point",
        "coordinates": [
          11.0735875,
          47.675686
        ]
      },
      "properties": {
        "id": 5071546748,
        "osm_type": "node",
        "name": "Käseverkauf ab Hof"
      }
    },
    {
      "type": "Feature",
      "geometry": {
        "type": "Point",
        "coordinates": [
          10.9669526,
          47.7273022
        ]
      },
      "properties": {
        "id": 1860288951,
        "osm_type": "node"
      }
    },
    {
      "type": "Feature",
      "geometry": {
        "type": "Point",
        "coordinates": [
          10.9658245,
          47.7343993
        ]
      },
      "properties": {
        "id": 3635409031,
        "osm_type": "node",
        "name": "Künkele"
      }
    },
    {
      "type": "Feature",
      "geometry": {
        "type": "Point",
        "coordinates": [
          10.9659222,
          47.7355267
        ]
      },
      "properties": {
        "id": 9722522348,
        "osm_type": "node"
      }
    },
    {
      "type": "Feature",
      "geometry": {
        "type": "Point",
        "coordinates": [
          10.9222368,
          47.7928613
        ]
      },
      "properties": {
        "id": 8816689318,
        "osm_type": "node"
      }
    },
    {
      "type": "Feature",
      "geometry": {
        "type": "Point",
        "coordinates": [
          11.0615805,
          47.7906026
        ]
      },
      "properties": {
        "id": 3336024799,
        "osm_type": "node",
        "name": "Penny"
      }
    },
    {
      "type": "Feature",
      "geometry": {
        "type": "Point",
        "coordinates": [
          11.2013581,
          47.6722113
        ]
      },
      "properties": {
        "id": 5888450202,
        "osm_type": "node",
        "name": "Esso",
        "brand": "Esso",
        "opening_hours": "PH,Mo-Su 06:00-22:00"
      }
    },
    {
      "type": "Feature",
      "geometry": {
        "type": "Point",
        "coordinates": [
          11.1584452,
          47.7040657
        ]
      },
      "properties": {
        "id": 7658381690,
        "osm_type": "node",
        "name": "Gemeindebad Uffing"
      }
    },
    {
      "type": "Feature",
      "geometry": {
        "type": "Point",
        "coordinates": [
          11.1513506,
          47.7144514
        ]
      },
      "properties": {
        "id": 441590893,
        "osm_type": "node",
        "name": "nah und gut",
        "opening_hours": "Mo,Tu,Th,Fr 06:00-12:00, 14:30-18:00; Sa 06:00-12:00; We,Su,PH off"
      }
    },
    {
      "type": "Feature",
      "geometry": {
        "type": "Point",
        "coordinates": [
          11.1508263,
          47.7154031
        ]
      },
      "properties": {
        "id": 13019091088,
        "osm_type": "node"
      }
    },
    {
      "type": "Feature",
      "geometry": {
        "type": "Point",
        "coordinates": [
          11.1930496,
          47.682331
        ]
      },
      "properties": {
        "id": 9397357869,
        "osm_type": "node",
        "name": "Ganter Presse und Buch",
        "opening_hours": "Mo-Fr 06:00-18:00; Sa 07:00-18:00; Su,PH 08:00-18:00"
      }
    },
    {
      "type": "Feature",
      "geometry": {
        "type": "Point",
        "coordinates": [
          11.1718516,
          47.6931472
        ]
      },
      "properties": {
        "id": 1859792869,
        "osm_type": "node"
      }
    },
    {
      "type": "Feature",
      "geometry": {
        "type": "Point",
        "coordinates": [
          11.1832516,
          47.6887368
        ]
      },
      "properties": {
        "id": 5762305290,
        "osm_type": "node",
        "name": "Milch- und Lebensmittelladen"
      }
    },
    {
      "type": "Feature",
      "geometry": {
        "type": "Point",
        "coordinates": [
          11.1989796,
          47.6789064
        ]
      },
      "properties": {
        "id": 11930436273,
        "osm_type": "node",
        "name": "Weltladen",
        "opening_hours": "Mo-Fr 10:00-18:00; Sa 10:00-13:00"
      }
    },
    {
      "type": "Feature",
      "geometry": {
        "type": "Point",
        "coordinates": [
          11.2007892,
          47.6787389
        ]
      },
      "properties": {
        "id": 2518795493,
        "osm_type": "node",
        "name": "Reformhaus Vitalia"
      }
    },
    {
      "type": "Feature",
      "geometry": {
        "type": "Point",
        "coordinates": [
          11.2188018,
          47.7071608
        ]
      },
      "properties": {
        "id": 7746698457,
        "osm_type": "node"
      }
    },
    {
      "type": "Feature",
      "geometry": {
        "type": "Point",
        "coordinates": [
          11.2284766,
          47.6341284
        ]
      },
      "properties": {
        "id": 13108370322,
        "osm_type": "node"
      }
    },
    {
      "type": "Feature",
      "geometry": {
        "type": "Point",
        "coordinates": [
          11.2340417,
          47.6991355
        ]
      },
      "properties": {
        "id": 2052484363,
        "osm_type": "node",
        "name": "Kramer Laden",
        "opening_hours": "Mo,Tu,Th-Sa 07:30-12:30, Mo,Tu,Th,Fr 16:00-18:00"
      }
    },
    {
      "type": "Feature",
      "geometry": {
        "type": "Point",
        "coordinates": [
          11.2178393,
          47.7381319
        ]
      },
      "properties": {
        "id": 12923512646,
        "osm_type": "node",
        "name": "Edeka"
      }
    },
    {
      "type": "Feature",
      "geometry": {
        "type": "Point",
        "coordinates": [
          11.2793093,
          47.7273309
        ]
      },
      "properties": {
        "id": 2891923474,
        "osm_type": "node",
        "name": "Habacher Dorfladen",
        "opening_hours": "Mo-Fr 06:30-18:30; Sa 07:00-12:00; PH off"
      }
    },
    {
      "type": "Feature",
      "geometry": {
        "type": "Point",
        "coordinates": [
          11.3088575,
          47.7982661
        ]
      },
      "properties": {
        "id": 9851835125,
        "osm_type": "node"
      }
    },
    {
      "type": "Feature",
      "geometry": {
        "type": "Point",
        "coordinates": [
          11.2914828,
          47.8229792
        ]
      },
      "properties": {
        "id": 1948030466,
        "osm_type": "node",
        "name": "Seeshaupter Hofladen",
        "opening_hours": "Mo-Sa 09:00-13:00; Tu,Fr 15:00-18:00"
      }
    },
    {
      "type": "Feature",
      "geometry": {
        "type": "Point",
        "coordinates": [
          11.3454389,
          47.6173194
        ]
      },
      "properties": {
        "id": 5168564248,
        "osm_type": "node",
        "opening_hours": "Fr-Tu 8:00-18:00"
      }
    },
    {
      "type": "Feature",
      "geometry": {
        "type": "Point",
        "coordinates": [
          11.4335228,
          47.605528
        ]
      },
      "properties": {
        "id": 299133191,
        "osm_type": "node",
        "name": "Jachenauer Dorfladen",
        "opening_hours": "May 03-Oct 30 Mo-Fr 07:30-18:00; Oct 31-May 02 Mo-Fr 07:30-13:00; Sa 07:30-12:30"
      }
    },
    {
      "type": "Feature",
      "geometry": {
        "type": "Point",
        "coordinates": [
          11.3538975,
          47.6551239
        ]
      },
      "properties": {
        "id": 456037547,
        "osm_type": "node"
      }
    },
    {
      "type": "Feature",
      "geometry": {
        "type": "Point",
        "coordinates": [
          11.3996224,
          47.7067521
        ]
      },
      "properties": {
        "id": 1996921120,
        "osm_type": "node",
        "name": "Klostergärtnerei",
        "opening_hours": "Mo-Fr 09:00-18:15; Sa 09:00-12:30; PH,Su off"
      }
    },
    {
      "type": "Feature",
      "geometry": {
        "type": "Point",
        "coordinates": [
          11.3987906,
          47.707067
        ]
      },
      "properties": {
        "id": 6720470447,
        "osm_type": "node",
        "name": "Klostergärtnerei & Laden",
        "opening_hours": "Mo,Fr 09:00-18:15; PH,Tu-Th,Su off; Sa 09:00-12:30"
      }
    },
    {
      "type": "Feature",
      "geometry": {
        "type": "Point",
        "coordinates": [
          11.4153659,
          47.7056449
        ]
      },
      "properties": {
        "id": 1975278916,
        "osm_type": "node",
        "opening_hours": "Mo-Fr 08:00-12:00,14:30-18:00; Sa 08:00-12:00; Su,PH off"
      }
    },
    {
      "type": "Feature",
      "geometry": {
        "type": "Point",
        "coordinates": [
          11.4218212,
          47.700497
        ]
      },
      "properties": {
        "id": 13109128661,
        "osm_type": "node",
        "name": "Hej",
        "opening_hours": "Th-Su 12:00-17:00"
      }
    },
    {
      "type": "Feature",
      "geometry": {
        "type": "Point",
        "coordinates": [
          11.3757657,
          47.7525659
        ]
      },
      "properties": {
        "id": 10806989534,
        "osm_type": "node",
        "name": "Al Fares"
      }
    },
    {
      "type": "Feature",
      "geometry": {
        "type": "Point",
        "coordinates": [
          11.3617526,
          47.7647284
        ]
      },
      "properties": {
        "id": 3074999706,
        "osm_type": "node",
        "name": "Jet",
        "brand": "JET",
        "opening_hours": "Mo-Fr 06:00-22:00; Su 07:00-22:00"
      }
    },
    {
      "type": "Feature",
      "geometry": {
        "type": "Point",
        "coordinates": [
          11.3802943,
          47.7496171
        ]
      },
      "properties": {
        "id": 4921219545,
        "osm_type": "node",
        "name": "Bio Kramerei",
        "opening_hours": "Tu-Fr 09:00-18:00; Sa 09:00-13:00; PH off"
      }
    },
    {
      "type": "Feature",
      "geometry": {
        "type": "Point",
        "coordinates": [
          11.377386,
          47.7530794
        ]
      },
      "properties": {
        "id": 3733593877,
        "osm_type": "node",
        "name": "Eine-Welt-Laden",
        "opening_hours": "Mo,Tu,Th,Fr 09:30-12:30, 15:00-18:00; We,Sa 09:30-12:30; Nov 26-Dec 23 Sa 9:30-16:00; Dec 25-Jan 06 off; PH off"
      }
    },
    {
      "type": "Feature",
      "geometry": {
        "type": "Point",
        "coordinates": [
          11.4076255,
          47.7662022
        ]
      },
      "properties": {
        "id": 9656347365,
        "osm_type": "node",
        "name": "Specker Bäck",
        "opening_hours": "Sa 06:00-10:00"
      }
    },
    {
      "type": "Feature",
      "geometry": {
        "type": "Point",
        "coordinates": [
          11.363137,
          47.7848952
        ]
      },
      "properties": {
        "id": 443552527,
        "osm_type": "node",
        "name": "Micha's Kiosk am Eizi"
      }
    },
    {
      "type": "Feature",
      "geometry": {
        "type": "Point",
        "coordinates": [
          11.7275576,
          47.7022189
        ]
      },
      "properties": {
        "id": 3581371258,
        "osm_type": "node",
        "name": "Bakalia"
      }
    },
    {
      "type": "Feature",
      "geometry": {
        "type": "Point",
        "coordinates": [
          11.7250999,
          47.7116593
        ]
      },
      "properties": {
        "id": 5659165062,
        "osm_type": "node",
        "name": "Tabak-Stadl"
      }
    },
    {
      "type": "Feature",
      "geometry": {
        "type": "Point",
        "coordinates": [
          11.5574813,
          47.7606175
        ]
      },
      "properties": {
        "id": 13253101420,
        "osm_type": "node",
        "name": "Glücksmomente",
        "opening_hours": "Mo-Fr 09:00-18:00; Sa 09:00-16:00"
      }
    },
    {
      "type": "Feature",
      "geometry": {
        "type": "Point",
        "coordinates": [
          11.6097111,
          47.763083
        ]
      },
      "properties": {
        "id": 12838423986,
        "osm_type": "node",
        "name": "nah & gut",
        "brand": "Edeka",
        "opening_hours": "Mo-Fr 07:00-18:30; Sa 07:00-13:00; Su 08:00-10:00"
      }
    },
    {
      "type": "Feature",
      "geometry": {
        "type": "Point",
        "coordinates": [
          11.6235633,
          47.8214764
        ]
      },
      "properties": {
        "id": 307673897,
        "osm_type": "node",
        "name": "Maikiki Café & Kiosk",
        "opening_hours": "May-Oct: Mo-Fr 08:00-18:00"
      }
    },
    {
      "type": "Feature",
      "geometry": {
        "type": "Point",
        "coordinates": [
          11.6853976,
          47.790508
        ]
      },
      "properties": {
        "id": 3298900852,
        "osm_type": "node"
      }
    },
    {
      "type": "Feature",
      "geometry": {
        "type": "Point",
        "coordinates": [
          11.6841443,
          47.7952811
        ]
      },
      "properties": {
        "id": 272084205,
        "osm_type": "node",
        "name": "Kiosk Salute"
      }
    },
    {
      "type": "Feature",
      "geometry": {
        "type": "Point",
        "coordinates": [
          11.6431354,
          47.8059607
        ]
      },
      "properties": {
        "id": 1827785952,
        "osm_type": "node",
        "name": "Edeka Johanna Portisch",
        "opening_hours": "Mo-Fr 07:00-12:00, Mo-Fr 15:00-18:00, Sa 07:00-12:30, PH off"
      }
    },
    {
      "type": "Feature",
      "geometry": {
        "type": "Point",
        "coordinates": [
          11.7131595,
          47.8162205
        ]
      },
      "properties": {
        "id": 8615304004,
        "osm_type": "node",
        "name": "Eni"
      }
    },
    {
      "type": "Feature",
      "geometry": {
        "type": "Point",
        "coordinates": [
          10.9161999,
          47.8810192
        ]
      },
      "properties": {
        "id": 11951397912,
        "osm_type": "node",
        "name": "Dorfladen Resch",
        "opening_hours": "Tu-Fr 7:00-12:00,14:00-18:00; Sa 7:00-12:00"
      }
    },
    {
      "type": "Feature",
      "geometry": {
        "type": "Point",
        "coordinates": [
          10.9541832,
          47.9773221
        ]
      },
      "properties": {
        "id": 12271337971,
        "osm_type": "node"
      }
    },
    {
      "type": "Feature",
      "geometry": {
        "type": "Point",
        "coordinates": [
          11.1002258,
          47.9479873
        ]
      },
      "properties": {
        "id": 1439177311,
        "osm_type": "node",
        "name": "Drogerie Loh",
        "opening_hours": "Mo,Tu,We,Fr 08:00-13:00; Mo,Tu,Fr 15:00-18:00; Sa 08:00-13:00; PH off"
      }
    },
    {
      "type": "Feature",
      "geometry": {
        "type": "Point",
        "coordinates": [
          11.1031418,
          47.9488212
        ]
      },
      "properties": {
        "id": 5673311295,
        "osm_type": "node",
        "name": "Thai Lounge Market"
      }
    },
    {
      "type": "Feature",
      "geometry": {
        "type": "Point",
        "coordinates": [
          11.1071241,
          47.9619087
        ]
      },
      "properties": {
        "id": 8491266880,
        "osm_type": "node"
      }
    },
    {
      "type": "Feature",
      "geometry": {
        "type": "Point",
        "coordinates": [
          11.0952115,
          48.0275045
        ]
      },
      "properties": {
        "id": 451000619,
        "osm_type": "node",
        "name": "SB-Laden",
        "opening_hours": "Mo-Su 07:30-18:00"
      }
    },
    {
      "type": "Feature",
      "geometry": {
        "type": "Point",
        "coordinates": [
          11.0898012,
          48.0244257
        ]
      },
      "properties": {
        "id": 804345343,
        "osm_type": "node"
      }
    },
    {
      "type": "Feature",
      "geometry": {
        "type": "Point",
        "coordinates": [
          11.0979541,
          48.027664
        ]
      },
      "properties": {
        "id": 10223327858,
        "osm_type": "node"
      }
    },
    {
      "type": "Feature",
      "geometry": {
        "type": "Point",
        "coordinates": [
          11.0963371,
          48.0309055
        ]
      },
      "properties": {
        "id": 451017960,
        "osm_type": "node",
        "name": "Hexenhäusl"
      }
    },
    {
      "type": "Feature",
      "geometry": {
        "type": "Point",
        "coordinates": [
          11.1433278,
          47.8389877
        ]
      },
      "properties": {
        "id": 6853893524,
        "osm_type": "node",
        "name": "Weltladen Weilheim",
        "opening_hours": "Mo-Fr 09:30-12:30, Sa 10:00-14:00; PH off, Mo-Fr 15:00-18:00"
      }
    },
    {
      "type": "Feature",
      "geometry": {
        "type": "Point",
        "coordinates": [
          11.1428582,
          47.8385585
        ]
      },
      "properties": {
        "id": 6915095787,
        "osm_type": "node",
        "name": "Afrikanischer Supermarkt",
        "opening_hours": "Mo-Fr 09:30-18:30; Sa 10:00-15:30; PH off"
      }
    },
    {
      "type": "Feature",
      "geometry": {
        "type": "Point",
        "coordinates": [
          11.1417741,
          47.8418457
        ]
      },
      "properties": {
        "id": 6955385279,
        "osm_type": "node",
        "name": "Syria Markt",
        "opening_hours": "Mo-Sa 09:00-19:00"
      }
    },
    {
      "type": "Feature",
      "geometry": {
        "type": "Point",
        "coordinates": [
          11.1432066,
          47.8392723
        ]
      },
      "properties": {
        "id": 6957244460,
        "osm_type": "node",
        "name": "alge unverpackt",
        "opening_hours": "Mo-Th 09:30-18:00; Fr 08:30-18:00; Sa 08:30-13:00; PH off"
      }
    },
    {
      "type": "Feature",
      "geometry": {
        "type": "Point",
        "coordinates": [
          11.1441505,
          47.839058
        ]
      },
      "properties": {
        "id": 7053179251,
        "osm_type": "node",
        "name": "Orientalischer Markt"
      }
    },
    {
      "type": "Feature",
      "geometry": {
        "type": "Point",
        "coordinates": [
          11.1503204,
          47.8433684
        ]
      },
      "properties": {
        "id": 13110346165,
        "osm_type": "node",
        "name": "cigo"
      }
    },
    {
      "type": "Feature",
      "geometry": {
        "type": "Point",
        "coordinates": [
          11.2803728,
          47.8787556
        ]
      },
      "properties": {
        "id": 2211615028,
        "osm_type": "node",
        "name": "Nicole's Shop",
        "opening_hours": "Mo-We,Fr,Sa 08:00-13:00; Th 08:00-16:00; PH off"
      }
    },
    {
      "type": "Feature",
      "geometry": {
        "type": "Point",
        "coordinates": [
          11.2747621,
          47.8967748
        ]
      },
      "properties": {
        "id": 12092235619,
        "osm_type": "node"
      }
    },
    {
      "type": "Feature",
      "geometry": {
        "type": "Point",
        "coordinates": [
          11.2727173,
          47.8980519
        ]
      },
      "properties": {
        "id": 387670820,
        "osm_type": "node",
        "name": "Minnigolf Tutzing"
      }
    },
    {
      "type": "Feature",
      "geometry": {
        "type": "Point",
        "coordinates": [
          11.2783416,
          47.9085921
        ]
      },
      "properties": {
        "id": 2669077920,
        "osm_type": "node",
        "name": "Bio Laden Tutzing",
        "opening_hours": "Mo-Fr 07:45-18:30; Sa 07:45-13:00"
      }
    },
    {
      "type": "Feature",
      "geometry": {
        "type": "Point",
        "coordinates": [
          11.2806332,
          47.9110379
        ]
      },
      "properties": {
        "id": 3940407283,
        "osm_type": "node",
        "name": "Weltladen Tutzing",
        "opening_hours": "Tu-Fr 10:00-13:00,15:00-18:00; Sa 10:00-13:00"
      }
    },
    {
      "type": "Feature",
      "geometry": {
        "type": "Point",
        "coordinates": [
          11.1325279,
          48.0340253
        ]
      },
      "properties": {
        "id": 312630297,
        "osm_type": "node",
        "name": "La Perla del Lago",
        "opening_hours": "Mo-Su 10:00+\"bei schönem Wetter\""
      }
    },
    {
      "type": "Feature",
      "geometry": {
        "type": "Point",
        "coordinates": [
          11.1673493,
          47.9972306
        ]
      },
      "properties": {
        "id": 281842059,
        "osm_type": "node",
        "name": "Seewinkel",
        "opening_hours": "Mo-Su 09:00-23:00"
      }
    },
    {
      "type": "Feature",
      "geometry": {
        "type": "Point",
        "coordinates": [
          11.1710639,
          47.9954195
        ]
      },
      "properties": {
        "id": 1889444694,
        "osm_type": "node",
        "name": "Kiosk H. Raß"
      }
    },
    {
      "type": "Feature",
      "geometry": {
        "type": "Point",
        "coordinates": [
          11.1680138,
          47.9997442
        ]
      },
      "properties": {
        "id": 11049217233,
        "osm_type": "node"
      }
    },
    {
      "type": "Feature",
      "geometry": {
        "type": "Point",
        "coordinates": [
          11.1806607,
          47.9989068
        ]
      },
      "properties": {
        "id": 5714616384,
        "osm_type": "node",
        "name": "Weltladen",
        "brand": "Weltladen",
        "opening_hours": "Mo-Fr 09:00-18:00; Sa 09:00-12:30"
      }
    },
    {
      "type": "Feature",
      "geometry": {
        "type": "Point",
        "coordinates": [
          11.1957097,
          48.0231825
        ]
      },
      "properties": {
        "id": 357520275,
        "osm_type": "node",
        "name": "Lieblingsplatz",
        "opening_hours": "Mai bis September an sonnigen Tagen von 10h bis Sonnenuntergang"
      }
    },
    {
      "type": "Feature",
      "geometry": {
        "type": "Point",
        "coordinates": [
          11.1989813,
          48.0300594
        ]
      },
      "properties": {
        "id": 8901621340,
        "osm_type": "node",
        "name": "Camp Paradise Mini Markt",
        "opening_hours": "Mo-Th 07:30-12:00,14:00-18:00; Fr,Sa 07:30-12:30,14:00-18:00; Su,PH 08:00-12:00,14:00-18:00"
      }
    },
    {
      "type": "Feature",
      "geometry": {
        "type": "Point",
        "coordinates": [
          11.3154101,
          47.9626373
        ]
      },
      "properties": {
        "id": 267962781,
        "osm_type": "node",
        "name": "Kiosk Schloßpark"
      }
    },
    {
      "type": "Feature",
      "geometry": {
        "type": "Point",
        "coordinates": [
          10.9336565,
          48.1220068
        ]
      },
      "properties": {
        "id": 11079421161,
        "osm_type": "node"
      }
    },
    {
      "type": "Feature",
      "geometry": {
        "type": "Point",
        "coordinates": [
          11.0354561,
          48.0679741
        ]
      },
      "properties": {
        "id": 5714616386,
        "osm_type": "node",
        "name": "Eine Welt Windach",
        "opening_hours": "Tu,Th,Fr 10:00-12:00,15:00-18:00; We,Sa 10:00-12:00"
      }
    },
    {
      "type": "Feature",
      "geometry": {
        "type": "Point",
        "coordinates": [
          11.0268698,
          48.0961973
        ]
      },
      "properties": {
        "id": 7728359643,
        "osm_type": "node",
        "name": "Karinas Imbiss",
        "opening_hours": "Mo-Fr 07:30-15:00"
      }
    },
    {
      "type": "Feature",
      "geometry": {
        "type": "Point",
        "coordinates": [
          11.0448724,
          48.0980019
        ]
      },
      "properties": {
        "id": 405147077,
        "osm_type": "node",
        "name": "Hofladen St. Ottilien",
        "opening_hours": "Mo-Th 08:00-11:30,13:30-17:00; Fr 08:00-17:00; Sa 08:00-11:30; PH off"
      }
    },
    {
      "type": "Feature",
      "geometry": {
        "type": "Point",
        "coordinates": [
          10.9787093,
          48.1850246
        ]
      },
      "properties": {
        "id": 5557489963,
        "osm_type": "node",
        "name": "Eine-Welt-Laden",
        "opening_hours": "Mo-We 09:00-10:30; Th 17:00-18:30; Fr-Sa 09:00-10:30; Su off"
      }
    },
    {
      "type": "Feature",
      "geometry": {
        "type": "Point",
        "coordinates": [
          10.9614567,
          48.2129503
        ]
      },
      "properties": {
        "id": 4496638366,
        "osm_type": "node",
        "name": "BäckWeck",
        "opening_hours": "closed"
      }
    },
    {
      "type": "Feature",
      "geometry": {
        "type": "Point",
        "coordinates": [
          10.986515,
          48.2463247
        ]
      },
      "properties": {
        "id": 672077946,
        "osm_type": "node",
        "name": "Glückspfennig"
      }
    },
    {
      "type": "Feature",
      "geometry": {
        "type": "Point",
        "coordinates": [
          11.2535905,
          48.0735625
        ]
      },
      "properties": {
        "id": 582734362,
        "osm_type": "node",
        "name": "Wasserberghaeusl",
        "opening_hours": "Mo-Su 12:00-20:00"
      }
    },
    {
      "type": "Feature",
      "geometry": {
        "type": "Point",
        "coordinates": [
          11.2991073,
          48.10914
        ]
      },
      "properties": {
        "id": 12328606056,
        "osm_type": "node",
        "name": "Echtraum",
        "opening_hours": "Tu-Fr 10:00-13:00,15:00-18:00; Sa 10:00-14:00"
      }
    },
    {
      "type": "Feature",
      "geometry": {
        "type": "Point",
        "coordinates": [
          11.224853,
          48.1606615
        ]
      },
      "properties": {
        "id": 7773879713,
        "osm_type": "node",
        "name": "Kiosk am S-Bahnhof Buchenau",
        "opening_hours": "Mo-Fr 05:00-19:00, Sa 07:00-15:00, PH Su 08:00-13:00"
      }
    },
    {
      "type": "Feature",
      "geometry": {
        "type": "Point",
        "coordinates": [
          11.2620254,
          48.1720456
        ]
      },
      "properties": {
        "id": 570694151,
        "osm_type": "node",
        "name": "ServiceStore DB",
        "brand": "ServiceStore DB",
        "opening_hours": "Mo-Fr 04:00-21:00; Sa 06:00-21:00; Su,PH 07:00-21:00"
      }
    },
    {
      "type": "Feature",
      "geometry": {
        "type": "Point",
        "coordinates": [
          11.2274275,
          48.1775833
        ]
      },
      "properties": {
        "id": 9331919025,
        "osm_type": "node",
        "name": "REWE To Go",
        "brand": "REWE To Go",
        "opening_hours": "24/7"
      }
    },
    {
      "type": "Feature",
      "geometry": {
        "type": "Point",
        "coordinates": [
          11.2329816,
          48.1741964
        ]
      },
      "properties": {
        "id": 5876520323,
        "osm_type": "node",
        "name": "Tabak Huber",
        "opening_hours": "Mo-Sa 08:15-19:00"
      }
    },
    {
      "type": "Feature",
      "geometry": {
        "type": "Point",
        "coordinates": [
          11.2511106,
          48.1771654
        ]
      },
      "properties": {
        "id": 551960760,
        "osm_type": "node",
        "name": "Espressino Coffee",
        "opening_hours": "Mo-Sa 08:00-20:00"
      }
    },
    {
      "type": "Feature",
      "geometry": {
        "type": "Point",
        "coordinates": [
          11.2585029,
          48.1765008
        ]
      },
      "properties": {
        "id": 567463732,
        "osm_type": "node",
        "name": "Mustafa Yalcingil"
      }
    },
    {
      "type": "Feature",
      "geometry": {
        "type": "Point",
        "coordinates": [
          11.2549474,
          48.1788517
        ]
      },
      "properties": {
        "id": 393101227,
        "osm_type": "node",
        "name": "24 E-Kiosk",
        "opening_hours": "24/7"
      }
    },
    {
      "type": "Feature",
      "geometry": {
        "type": "Point",
        "coordinates": [
          11.2551227,
          48.1794149
        ]
      },
      "properties": {
        "id": 6394145641,
        "osm_type": "node",
        "name": "Hookah Crown",
        "opening_hours": "Mo-Fr 08:30-20:00; Sa 09:00-20:00"
      }
    },
    {
      "type": "Feature",
      "geometry": {
        "type": "Point",
        "coordinates": [
          11.2576743,
          48.1802965
        ]
      },
      "properties": {
        "id": 7331735774,
        "osm_type": "node",
        "name": "Füllosophie",
        "opening_hours": "Tu 09:00-19:00; Th-Fr 09:00-18:00; Sa 09:00-14:00"
      }
    },
    {
      "type": "Feature",
      "geometry": {
        "type": "Point",
        "coordinates": [
          11.2635838,
          48.173485
        ]
      },
      "properties": {
        "id": 5613843441,
        "osm_type": "node"
      }
    },
    {
      "type": "Feature",
      "geometry": {
        "type": "Point",
        "coordinates": [
          11.3131454,
          48.1561301
        ]
      },
      "properties": {
        "id": 2358363193,
        "osm_type": "node"
      }
    },
    {
      "type": "Feature",
      "geometry": {
        "type": "Point",
        "coordinates": [
          11.2842727,
          48.1912504
        ]
      },
      "properties": {
        "id": 392623243,
        "osm_type": "node",
        "name": "Seegartl"
      }
    },
    {
      "type": "Feature",
      "geometry": {
        "type": "Point",
        "coordinates": [
          11.2974479,
          48.2121733
        ]
      },
      "properties": {
        "id": 434399448,
        "osm_type": "node"
      }
    },
    {
      "type": "Feature",
      "geometry": {
        "type": "Point",
        "coordinates": [
          11.2979809,
          48.2123043
        ]
      },
      "properties": {
        "id": 7798614427,
        "osm_type": "node",
        "opening_hours": "Mo-Fr 05:30-19:00; Sa 06:30-17:00; Su,PH 08:00-14:00"
      }
    },
    {
      "type": "Feature",
      "geometry": {
        "type": "Point",
        "coordinates": [
          11.3186004,
          48.1989787
        ]
      },
      "properties": {
        "id": 708043897,
        "osm_type": "node"
      }
    },
    {
      "type": "Feature",
      "geometry": {
        "type": "Point",
        "coordinates": [
          11.3383448,
          47.8558029
        ]
      },
      "properties": {
        "id": 4395501573,
        "osm_type": "node"
      }
    },
    {
      "type": "Feature",
      "geometry": {
        "type": "Point",
        "coordinates": [
          11.3346371,
          47.8663705
        ]
      },
      "properties": {
        "id": 8121423749,
        "osm_type": "node",
        "name": "Ambach Kiosk"
      }
    },
    {
      "type": "Feature",
      "geometry": {
        "type": "Point",
        "coordinates": [
          11.3981847,
          47.8341749
        ]
      },
      "properties": {
        "id": 2121749608,
        "osm_type": "node",
        "name": "Kiosk Skilift Beuerberg",
        "opening_hours": "Mo-Su 09:00-16:30"
      }
    },
    {
      "type": "Feature",
      "geometry": {
        "type": "Point",
        "coordinates": [
          11.3334324,
          47.9021281
        ]
      },
      "properties": {
        "id": 7914145370,
        "osm_type": "node",
        "name": "Fischermichel Kiosk & Bootsverleih"
      }
    },
    {
      "type": "Feature",
      "geometry": {
        "type": "Point",
        "coordinates": [
          11.3759619,
          47.9040377
        ]
      },
      "properties": {
        "id": 2316842631,
        "osm_type": "node",
        "name": "Loth Hof Laden"
      }
    },
    {
      "type": "Feature",
      "geometry": {
        "type": "Point",
        "coordinates": [
          11.4231183,
          47.8939869
        ]
      },
      "properties": {
        "id": 11251347734,
        "osm_type": "node",
        "name": "Dorfladen Gelting",
        "opening_hours": "Mo-Fr 07:00-18:00; Sa 07:00-12:00; Su 08:00-10:00"
      }
    },
    {
      "type": "Feature",
      "geometry": {
        "type": "Point",
        "coordinates": [
          11.4030066,
          47.9261826
        ]
      },
      "properties": {
        "id": 2252435584,
        "osm_type": "node",
        "name": "Tankstelle Höhenrain Ost",
        "brand": "Shell",
        "opening_hours": "24/7"
      }
    },
    {
      "type": "Feature",
      "geometry": {
        "type": "Point",
        "coordinates": [
          11.4253362,
          47.9152803
        ]
      },
      "properties": {
        "id": 1043110441,
        "osm_type": "node",
        "name": "Reformhaus Vitalia",
        "opening_hours": "Mo-Fr 09:00-18:00; Sa 09:00-14:00"
      }
    },
    {
      "type": "Feature",
      "geometry": {
        "type": "Point",
        "coordinates": [
          11.4193845,
          47.917279
        ]
      },
      "properties": {
        "id": 4329590694,
        "osm_type": "node",
        "name": "Weltladen Wolfratshausen",
        "opening_hours": "Mo,Tu,Th,Fr 14:30-17:30; We,Fr,Sa 09:30-12:30"
      }
    },
    {
      "type": "Feature",
      "geometry": {
        "type": "Point",
        "coordinates": [
          11.4685506,
          47.8377697
        ]
      },
      "properties": {
        "id": 1781358899,
        "osm_type": "node",
        "name": "Mini Supermarkt",
        "opening_hours": "Mo-Su 08:00-10:00"
      }
    },
    {
      "type": "Feature",
      "geometry": {
        "type": "Point",
        "coordinates": [
          11.475136,
          47.8467906
        ]
      },
      "properties": {
        "id": 371372930,
        "osm_type": "node",
        "name": "Kiosk Wendler",
        "opening_hours": "Mo-Fr 08:30-12:00,13:00-18:00; Sa 07:30-12:30"
      }
    },
    {
      "type": "Feature",
      "geometry": {
        "type": "Point",
        "coordinates": [
          11.4653635,
          47.8762207
        ]
      },
      "properties": {
        "id": 5227987021,
        "osm_type": "node",
        "name": "Die Dampfoase",
        "opening_hours": "Mo-Fr 10:00-18:30, Sa 09:00-16:00"
      }
    },
    {
      "type": "Feature",
      "geometry": {
        "type": "Point",
        "coordinates": [
          11.4684758,
          47.875475
        ]
      },
      "properties": {
        "id": 10728530554,
        "osm_type": "node",
        "name": "Der Bauernladen",
        "opening_hours": "Tu-Th 09:00-13:00, Tu-Th 15:00-18:00, Fr 09:00-18:00, Sa 09:00-13:00"
      }
    },
    {
      "type": "Feature",
      "geometry": {
        "type": "Point",
        "coordinates": [
          11.4645794,
          47.8767905
        ]
      },
      "properties": {
        "id": 10728530555,
        "osm_type": "node",
        "name": "Mix Land Markt",
        "opening_hours": "Mo-Th 08:30-19:00, Fr-Sa 08:30-20:00"
      }
    },
    {
      "type": "Feature",
      "geometry": {
        "type": "Point",
        "coordinates": [
          11.4630774,
          47.88159
        ]
      },
      "properties": {
        "id": 13499132441,
        "osm_type": "node",
        "name": "Lotto im Opus G"
      }
    },
    {
      "type": "Feature",
      "geometry": {
        "type": "Point",
        "coordinates": [
          11.4322079,
          47.9101926
        ]
      },
      "properties": {
        "id": 9095722502,
        "osm_type": "node",
        "opening_hours": "Mo-Fr 05:30-18:30, Sa 06:30-14:00; PH off"
      }
    },
    {
      "type": "Feature",
      "geometry": {
        "type": "Point",
        "coordinates": [
          11.3398243,
          47.9935716
        ]
      },
      "properties": {
        "id": 13100904810,
        "osm_type": "node"
      }
    },
    {
      "type": "Feature",
      "geometry": {
        "type": "Point",
        "coordinates": [
          11.34446,
          47.9966852
        ]
      },
      "properties": {
        "id": 13305110500,
        "osm_type": "node",
        "name": "Starnberger Kiosk",
        "opening_hours": "Mo-Fr 07:30-23:00; Sa 08:30-23:00; Su 09:30-23:00"
      }
    },
    {
      "type": "Feature",
      "geometry": {
        "type": "Point",
        "coordinates": [
          11.3593692,
          47.995617
        ]
      },
      "properties": {
        "id": 6419313890,
        "osm_type": "node",
        "name": "Seestub'n Percha"
      }
    },
    {
      "type": "Feature",
      "geometry": {
        "type": "Point",
        "coordinates": [
          11.3622613,
          48.0001016
        ]
      },
      "properties": {
        "id": 8284021380,
        "osm_type": "node",
        "name": "Saus & Braus"
      }
    },
    {
      "type": "Feature",
      "geometry": {
        "type": "Point",
        "coordinates": [
          11.4035592,
          48.0119983
        ]
      },
      "properties": {
        "id": 4395473580,
        "osm_type": "node",
        "name": "Dorfladen",
        "opening_hours": "Mo-Fr 8:00-12:00, 15:30-17:00; Sa 7:30-12:00; Tu off"
      }
    },
    {
      "type": "Feature",
      "geometry": {
        "type": "Point",
        "coordinates": [
          11.4569093,
          47.9792661
        ]
      },
      "properties": {
        "id": 1824028226,
        "osm_type": "node",
        "name": "Neue Post",
        "opening_hours": "Mo-Fr 07:30-17:30; Sa 07:30-12:00; Su,PH off"
      }
    },
    {
      "type": "Feature",
      "geometry": {
        "type": "Point",
        "coordinates": [
          11.5248863,
          47.9674001
        ]
      },
      "properties": {
        "id": 11255038117,
        "osm_type": "node"
      }
    },
    {
      "type": "Feature",
      "geometry": {
        "type": "Point",
        "coordinates": [
          11.4531341,
          47.9906719
        ]
      },
      "properties": {
        "id": 1467601881,
        "osm_type": "node",
        "name": "Kapuziner Naturkost"
      }
    },
    {
      "type": "Feature",
      "geometry": {
        "type": "Point",
        "coordinates": [
          11.5319209,
          48.0410718
        ]
      },
      "properties": {
        "id": 3424006575,
        "osm_type": "node",
        "name": "Nah und Gut"
      }
    },
    {
      "type": "Feature",
      "geometry": {
        "type": "Point",
        "coordinates": [
          11.7151961,
          47.881326
        ]
      },
      "properties": {
        "id": 11030244342,
        "osm_type": "node",
        "name": "Macht Sinn",
        "opening_hours": "Tu-Fr 10:00-18:00"
      }
    },
    {
      "type": "Feature",
      "geometry": {
        "type": "Point",
        "coordinates": [
          11.6752007,
          47.9085512
        ]
      },
      "properties": {
        "id": 275789208,
        "osm_type": "node",
        "name": "Kiosk Schaal"
      }
    },
    {
      "type": "Feature",
      "geometry": {
        "type": "Point",
        "coordinates": [
          11.6971215,
          47.8840849
        ]
      },
      "properties": {
        "id": 561072159,
        "osm_type": "node",
        "name": "ServiceStore DB",
        "brand": "ServiceStore DB",
        "opening_hours": "Mo-Sa 06:00-21:30; Su,PH 08:00-16:00"
      }
    },
    {
      "type": "Feature",
      "geometry": {
        "type": "Point",
        "coordinates": [
          11.7317837,
          47.8917311
        ]
      },
      "properties": {
        "id": 70433847,
        "osm_type": "node",
        "name": "Shell Holzkirchen-Nord",
        "brand": "Shell",
        "opening_hours": "24/7"
      }
    },
    {
      "type": "Feature",
      "geometry": {
        "type": "Point",
        "coordinates": [
          11.6533763,
          47.9739002
        ]
      },
      "properties": {
        "id": 3351995928,
        "osm_type": "node",
        "name": "Aral",
        "brand": "Aral",
        "opening_hours": "Mo-Sa 06:00-22:00; Su 07:00-22:00"
      }
    },
    {
      "type": "Feature",
      "geometry": {
        "type": "Point",
        "coordinates": [
          11.654284,
          47.9735129
        ]
      },
      "properties": {
        "id": 3792899165,
        "osm_type": "node",
        "name": "Reeß",
        "opening_hours": "Mo-Fr 06:00-18:00; Sa 06:00-14:00"
      }
    },
    {
      "type": "Feature",
      "geometry": {
        "type": "Point",
        "coordinates": [
          11.6641418,
          47.9716802
        ]
      },
      "properties": {
        "id": 9852461467,
        "osm_type": "node",
        "opening_hours": "06:00-21:00"
      }
    },
    {
      "type": "Feature",
      "geometry": {
        "type": "Point",
        "coordinates": [
          11.6855451,
          48.0073464
        ]
      },
      "properties": {
        "id": 7922767860,
        "osm_type": "node",
        "name": "Dorfladen Brunnthal",
        "opening_hours": "Mo-Fr 06:30-18:00; Sa 07:00-12:00; Su 08:00-11:00; ,PH closed"
      }
    },
    {
      "type": "Feature",
      "geometry": {
        "type": "Point",
        "coordinates": [
          11.3784098,
          48.0585002
        ]
      },
      "properties": {
        "id": 2827697863,
        "osm_type": "node",
        "name": "Öko & Fair Hofladen"
      }
    },
    {
      "type": "Feature",
      "geometry": {
        "type": "Point",
        "coordinates": [
          11.3822455,
          48.0661592
        ]
      },
      "properties": {
        "id": 5715409775,
        "osm_type": "node",
        "name": "Eine Welt Laden Gauting",
        "opening_hours": "Mo-Fr 09:00-12:30,15:00-18:00; Sa 09:00-12:30"
      }
    },
    {
      "type": "Feature",
      "geometry": {
        "type": "Point",
        "coordinates": [
          11.3770748,
          48.0703721
        ]
      },
      "properties": {
        "id": 8841915852,
        "osm_type": "node",
        "name": "Adrian Supermarkt",
        "opening_hours": "Mo-Sa 08:00-20:00"
      }
    },
    {
      "type": "Feature",
      "geometry": {
        "type": "Point",
        "coordinates": [
          11.3538199,
          48.1136403
        ]
      },
      "properties": {
        "id": 4059005519,
        "osm_type": "node"
      }
    },
    {
      "type": "Feature",
      "geometry": {
        "type": "Point",
        "coordinates": [
          11.3641466,
          48.1290681
        ]
      },
      "properties": {
        "id": 313794911,
        "osm_type": "node",
        "name": "ServiceStore DB",
        "brand": "ServiceStore DB",
        "opening_hours": "Mo-Fr 05:00-19:00; Sa 07:00-16:00; Su,PH 08:00-16:00"
      }
    },
    {
      "type": "Feature",
      "geometry": {
        "type": "Point",
        "coordinates": [
          11.3618524,
          48.133231
        ]
      },
      "properties": {
        "id": 558896913,
        "osm_type": "node",
        "name": "Schulz"
      }
    },
    {
      "type": "Feature",
      "geometry": {
        "type": "Point",
        "coordinates": [
          11.4140998,
          48.1052529
        ]
      },
      "properties": {
        "id": 2499382580,
        "osm_type": "node",
        "name": "Bittners' Kiosk und Café",
        "opening_hours": "Mo-Fr 05:30-19:00; Sa 06:30-18:00; Su,PH 07:15-18:00"
      }
    },
    {
      "type": "Feature",
      "geometry": {
        "type": "Point",
        "coordinates": [
          11.386744,
          48.1331442
        ]
      },
      "properties": {
        "id": 392721125,
        "osm_type": "node",
        "name": "Bahnhofskiosk"
      }
    },
    {
      "type": "Feature",
      "geometry": {
        "type": "Point",
        "coordinates": [
          11.3856796,
          48.1365735
        ]
      },
      "properties": {
        "id": 12745332384,
        "osm_type": "node",
        "name": "Spice Check 24",
        "opening_hours": "Mo-Sa 08:00-20:00"
      }
    },
    {
      "type": "Feature",
      "geometry": {
        "type": "Point",
        "coordinates": [
          11.407793,
          48.141474
        ]
      },
      "properties": {
        "id": 13327943301,
        "osm_type": "node",
        "name": "Freiham 24/7",
        "opening_hours": "24/7"
      }
    },
    {
      "type": "Feature",
      "geometry": {
        "type": "Point",
        "coordinates": [
          11.4221903,
          48.1455835
        ]
      },
      "properties": {
        "id": 12913971603,
        "osm_type": "node",
        "name": "Aubinger Späti",
        "opening_hours": "Mo-Sa 10:00-23:00; Su 11:00-23:00"
      }
    },
    {
      "type": "Feature",
      "geometry": {
        "type": "Point",
        "coordinates": [
          11.4798505,
          48.0886237
        ]
      },
      "properties": {
        "id": 1317506617,
        "osm_type": "node",
        "name": "Fürstenkiosk"
      }
    },
    {
      "type": "Feature",
      "geometry": {
        "type": "Point",
        "coordinates": [
          11.5283622,
          48.0447888
        ]
      },
      "properties": {
        "id": 322562567,
        "osm_type": "node",
        "name": "AGIP",
        "brand": "Agip"
      }
    },
    {
      "type": "Feature",
      "geometry": {
        "type": "Point",
        "coordinates": [
          11.4891672,
          48.0780908
        ]
      },
      "properties": {
        "id": 3006782868,
        "osm_type": "node",
        "opening_hours": "Mo-Su 06:00-21:00"
      }
    },
    {
      "type": "Feature",
      "geometry": {
        "type": "Point",
        "coordinates": [
          11.4842155,
          48.0874828
        ]
      },
      "properties": {
        "id": 1741692059,
        "osm_type": "node",
        "name": "Eni",
        "brand": "Eni",
        "opening_hours": "24/7"
      }
    },
    {
      "type": "Feature",
      "geometry": {
        "type": "Point",
        "coordinates": [
          11.5040848,
          48.0823568
        ]
      },
      "properties": {
        "id": 4232096894,
        "osm_type": "node",
        "name": "Sheikh"
      }
    },
    {
      "type": "Feature",
      "geometry": {
        "type": "Point",
        "coordinates": [
          11.4961594,
          48.0873629
        ]
      },
      "properties": {
        "id": 1744727453,
        "osm_type": "node",
        "name": "Lotto - Bürobedarf Nikdelan",
        "brand": "DHL",
        "opening_hours": "Mo-Fr 08:00-19:00; Sa 08:00-20:00"
      }
    },
    {
      "type": "Feature",
      "geometry": {
        "type": "Point",
        "coordinates": [
          11.5277304,
          48.0810295
        ]
      },
      "properties": {
        "id": 722332290,
        "osm_type": "node",
        "name": "Sollner Kiosk-Laden",
        "opening_hours": "Mo-Fr 07:00-18:00; Sa 08:00-14:00"
      }
    },
    {
      "type": "Feature",
      "geometry": {
        "type": "Point",
        "coordinates": [
          11.4316853,
          48.117381
        ]
      },
      "properties": {
        "id": 271109590,
        "osm_type": "node",
        "name": "Lotto - Tabak - Presse & Hermes-Paketshop",
        "brand": "Hermes",
        "opening_hours": "Mo-Fr 09:00-12:30,14:00-18:00; Sa 09:00-13:00; PH off"
      }
    },
    {
      "type": "Feature",
      "geometry": {
        "type": "Point",
        "coordinates": [
          11.450745,
          48.1131245
        ]
      },
      "properties": {
        "id": 4194900707,
        "osm_type": "node",
        "name": "Tabakladen"
      }
    },
    {
      "type": "Feature",
      "geometry": {
        "type": "Point",
        "coordinates": [
          11.4795303,
          48.1159601
        ]
      },
      "properties": {
        "id": 11951618417,
        "osm_type": "node",
        "name": "Tabak Schreibwaren",
        "opening_hours": "Tu 06:00-12:30; We-Th 06:00-14:00; Fr 06:00-18:00; Sa 07:00-12:30"
      }
    },
    {
      "type": "Feature",
      "geometry": {
        "type": "Point",
        "coordinates": [
          11.4317217,
          48.1311306
        ]
      },
      "properties": {
        "id": 269479523,
        "osm_type": "node",
        "name": "Rothermel Feinkost, Käse, Obst, Gemüse",
        "opening_hours": "Mo-Fr 08:00-12:30,15:00-18:30; Sa 08:00-12:30; Su,PH off"
      }
    },
    {
      "type": "Feature",
      "geometry": {
        "type": "Point",
        "coordinates": [
          11.4317244,
          48.1302846
        ]
      },
      "properties": {
        "id": 2288898060,
        "osm_type": "node",
        "name": "Presse Stockamp",
        "opening_hours": "Mo-Fr 07:00-13:00,14:00-18:00; Sa 07:00-14:00; Su,PH off"
      }
    },
    {
      "type": "Feature",
      "geometry": {
        "type": "Point",
        "coordinates": [
          11.4452411,
          48.1384928
        ]
      },
      "properties": {
        "id": 3071654167,
        "osm_type": "node",
        "name": "Der Schreibmann",
        "opening_hours": "Mo-Th 08:00-12:30, 14:30-18:00; Fr 08:00-18:00; Sa 07:30-12:30"
      }
    },
    {
      "type": "Feature",
      "geometry": {
        "type": "Point",
        "coordinates": [
          11.4589698,
          48.1453962
        ]
      },
      "properties": {
        "id": 1425637779,
        "osm_type": "node",
        "name": "Pasinger Kiosk",
        "opening_hours": "Mo-Fr 08:00-18:00; Sa 08:00-10:00"
      }
    },
    {
      "type": "Feature",
      "geometry": {
        "type": "Point",
        "coordinates": [
          11.4577791,
          48.143634
        ]
      },
      "properties": {
        "id": 11564857049,
        "osm_type": "node",
        "name": "87KIOSK",
        "opening_hours": "Mo-Su 09:00-23:00"
      }
    },
    {
      "type": "Feature",
      "geometry": {
        "type": "Point",
        "coordinates": [
          11.481482,
          48.1381645
        ]
      },
      "properties": {
        "id": 1332572505,
        "osm_type": "node",
        "name": "Ava Kiosk"
      }
    },
    {
      "type": "Feature",
      "geometry": {
        "type": "Point",
        "coordinates": [
          11.483482,
          48.1147613
        ]
      },
      "properties": {
        "id": 3448361998,
        "osm_type": "node",
        "name": "Tim's Kiosk"
      }
    },
    {
      "type": "Feature",
      "geometry": {
        "type": "Point",
        "coordinates": [
          11.4908448,
          48.119271
        ]
      },
      "properties": {
        "id": 944538130,
        "osm_type": "node",
        "name": "Mehlfelds"
      }
    },
    {
      "type": "Feature",
      "geometry": {
        "type": "Point",
        "coordinates": [
          11.4951958,
          48.1124497
        ]
      },
      "properties": {
        "id": 1810214632,
        "osm_type": "node",
        "name": "Achim Müller",
        "opening_hours": "Mo-Fr 07:30-18:30; Sa 07:30-14:00"
      }
    },
    {
      "type": "Feature",
      "geometry": {
        "type": "Point",
        "coordinates": [
          11.5027368,
          48.1122728
        ]
      },
      "properties": {
        "id": 1714857744,
        "osm_type": "node",
        "name": "Kiosk 089",
        "opening_hours": "Mo-Fr 09:00-20:00; Sa 10:00-20:00"
      }
    },
    {
      "type": "Feature",
      "geometry": {
        "type": "Point",
        "coordinates": [
          11.5020555,
          48.1161741
        ]
      },
      "properties": {
        "id": 1810115678,
        "osm_type": "node",
        "opening_hours": "Mo-Fr 07:00-20:00; Sa 07:00-19:00"
      }
    },
    {
      "type": "Feature",
      "geometry": {
        "type": "Point",
        "coordinates": [
          11.5325651,
          48.097621
        ]
      },
      "properties": {
        "id": 659453173,
        "osm_type": "node",
        "name": "Feinkost - Griechische Spezialitäten"
      }
    },
    {
      "type": "Feature",
      "geometry": {
        "type": "Point",
        "coordinates": [
          11.5287899,
          48.0995194
        ]
      },
      "properties": {
        "id": 5432127988,
        "osm_type": "node",
        "name": "Lotus Asia Markt und Imbiss",
        "opening_hours": "Mo-Fr 09:30-18:30; Sa 09:30-14:00"
      }
    },
    {
      "type": "Feature",
      "geometry": {
        "type": "Point",
        "coordinates": [
          11.5304835,
          48.1028112
        ]
      },
      "properties": {
        "id": 4159081489,
        "osm_type": "node",
        "name": "Auguste Cesar GmbH",
        "opening_hours": "Mo-Fr 08:00-18:00; Sa 08:00-13:00"
      }
    },
    {
      "type": "Feature",
      "geometry": {
        "type": "Point",
        "coordinates": [
          11.5260285,
          48.1112607
        ]
      },
      "properties": {
        "id": 2335228340,
        "osm_type": "node",
        "name": "Schreibshop",
        "opening_hours": "Mo-Th,Sa 08:00-12:30, Tu-Th 15:00-18:00"
      }
    },
    {
      "type": "Feature",
      "geometry": {
        "type": "Point",
        "coordinates": [
          11.5335453,
          48.1125516
        ]
      },
      "properties": {
        "id": 564206845,
        "osm_type": "node",
        "name": "Corner Kiosk"
      }
    },
    {
      "type": "Feature",
      "geometry": {
        "type": "Point",
        "coordinates": [
          11.5224214,
          48.1152391
        ]
      },
      "properties": {
        "id": 2269260317,
        "osm_type": "node",
        "name": "Schreibwaren Fisch",
        "opening_hours": "Mo-Fr 07:00-19:00; Sa 08:00-14:00"
      }
    },
    {
      "type": "Feature",
      "geometry": {
        "type": "Point",
        "coordinates": [
          11.4915583,
          48.1201741
        ]
      },
      "properties": {
        "id": 7449395585,
        "osm_type": "node",
        "name": "Robin Bobin",
        "opening_hours": "Mo-Sa 10:00-20:00"
      }
    },
    {
      "type": "Feature",
      "geometry": {
        "type": "Point",
        "coordinates": [
          11.4887231,
          48.1298076
        ]
      },
      "properties": {
        "id": 677195643,
        "osm_type": "node",
        "name": "Peter Ehrl"
      }
    },
    {
      "type": "Feature",
      "geometry": {
        "type": "Point",
        "coordinates": [
          11.5024359,
          48.1262408
        ]
      },
      "properties": {
        "id": 4905474221,
        "osm_type": "node",
        "name": "Shop & More"
      }
    },
    {
      "type": "Feature",
      "geometry": {
        "type": "Point",
        "coordinates": [
          11.4986284,
          48.129219
        ]
      },
      "properties": {
        "id": 13281276902,
        "osm_type": "node",
        "name": "One Shop 1 - Lotto",
        "opening_hours": "Mo-Sa 08:00-21:00; Su 12:00-21:00"
      }
    },
    {
      "type": "Feature",
      "geometry": {
        "type": "Point",
        "coordinates": [
          11.4988304,
          48.1335207
        ]
      },
      "properties": {
        "id": 13281274901,
        "osm_type": "node",
        "name": "Schreibwaren & Kiosk Klamaugg",
        "opening_hours": "Mo-Fr 07:00-14:00, 16:00-18:00; Sa 08:00-13:00"
      }
    },
    {
      "type": "Feature",
      "geometry": {
        "type": "Point",
        "coordinates": [
          11.5011516,
          48.1352733
        ]
      },
      "properties": {
        "id": 13574304014,
        "osm_type": "node",
        "name": "Laimer Kiosk"
      }
    },
    {
      "type": "Feature",
      "geometry": {
        "type": "Point",
        "coordinates": [
          11.5026852,
          48.1371528
        ]
      },
      "properties": {
        "id": 8395506520,
        "osm_type": "node",
        "name": "Laimer's Minimarket"
      }
    },
    {
      "type": "Feature",
      "geometry": {
        "type": "Point",
        "coordinates": [
          11.5026567,
          48.1357629
        ]
      },
      "properties": {
        "id": 13281255701,
        "osm_type": "node",
        "name": "LELUS Kiosk München-Laim",
        "opening_hours": "Mo-Sa 07:00-20:00"
      }
    },
    {
      "type": "Feature",
      "geometry": {
        "type": "Point",
        "coordinates": [
          11.4963383,
          48.1432189
        ]
      },
      "properties": {
        "id": 3066721224,
        "osm_type": "node",
        "name": "Holstein",
        "opening_hours": "Mo-Fr 08:00-12:30,15:00-18:00; Tu,Th 08:00-12:30; PH off"
      }
    },
    {
      "type": "Feature",
      "geometry": {
        "type": "Point",
        "coordinates": [
          11.502902,
          48.1413098
        ]
      },
      "properties": {
        "id": 8395502856,
        "osm_type": "node",
        "name": "Palm Kiosk",
        "opening_hours": "Mo-Sa 09:00-19:00"
      }
    },
    {
      "type": "Feature",
      "geometry": {
        "type": "Point",
        "coordinates": [
          11.5022231,
          48.1428918
        ]
      },
      "properties": {
        "id": 11387160348,
        "osm_type": "node",
        "name": "Bro's",
        "opening_hours": "Mo-Sa 07:00-23:00; Su,PH 12:00-23:00"
      }
    },
    {
      "type": "Feature",
      "geometry": {
        "type": "Point",
        "coordinates": [
          11.506842,
          48.1398436
        ]
      },
      "properties": {
        "id": 13087179797,
        "osm_type": "node",
        "name": "Kiosk"
      }
    },
    {
      "type": "Feature",
      "geometry": {
        "type": "Point",
        "coordinates": [
          11.5027748,
          48.1425508
        ]
      },
      "properties": {
        "id": 13092787764,
        "osm_type": "node",
        "name": "Galaxy Kiosk",
        "opening_hours": "Mo-Fr 07:00-21:00; Sa-Su,PH 12:00-21:00"
      }
    },
    {
      "type": "Feature",
      "geometry": {
        "type": "Point",
        "coordinates": [
          11.5192677,
          48.1211946
        ]
      },
      "properties": {
        "id": 13041487945,
        "osm_type": "node",
        "name": "REWE To Go",
        "brand": "REWE To Go"
      }
    },
    {
      "type": "Feature",
      "geometry": {
        "type": "Point",
        "coordinates": [
          11.5277201,
          48.1230984
        ]
      },
      "properties": {
        "id": 5817931531,
        "osm_type": "node",
        "name": "Tande",
        "opening_hours": "10:00-20:00"
      }
    },
    {
      "type": "Feature",
      "geometry": {
        "type": "Point",
        "coordinates": [
          11.5219384,
          48.1268394
        ]
      },
      "properties": {
        "id": 5519471574,
        "osm_type": "node",
        "name": "REWE To Go",
        "brand": "REWE To Go",
        "opening_hours": "24/7"
      }
    },
    {
      "type": "Feature",
      "geometry": {
        "type": "Point",
        "coordinates": [
          11.5088176,
          48.1331179
        ]
      },
      "properties": {
        "id": 3635148562,
        "osm_type": "node",
        "name": "Pipos Zeitschriften",
        "opening_hours": "Mo 07:15-13:00, Tu 07:15-13:00,15:00-18:00, We 07:15-13:00,14:30-18:00, Th 07:15-13:00,15:00-18:00, Fr 07:15-12:30,14:00-18:00, Sa 07:15-13:00"
      }
    },
    {
      "type": "Feature",
      "geometry": {
        "type": "Point",
        "coordinates": [
          11.5109243,
          48.1349306
        ]
      },
      "properties": {
        "id": 7674589685,
        "osm_type": "node",
        "name": "Top Shop",
        "opening_hours": "Tu-Th 07:30-13:00,14:15-18:00; Fr 07:30-13:00,13:30-18:00; Mo,Sa 07:30-14:00"
      }
    },
    {
      "type": "Feature",
      "geometry": {
        "type": "Point",
        "coordinates": [
          11.5099858,
          48.1349588
        ]
      },
      "properties": {
        "id": 11141060538,
        "osm_type": "node",
        "name": "Sri Balaji Indian Market",
        "opening_hours": "Mo-Sa 10:00-20:00; PH off"
      }
    },
    {
      "type": "Feature",
      "geometry": {
        "type": "Point",
        "coordinates": [
          11.5183924,
          48.1387986
        ]
      },
      "properties": {
        "id": 833360316,
        "osm_type": "node",
        "name": "Der kleine Tante Emma Laden in Laim",
        "opening_hours": "Mo-Fr 07:30-20:00; Sa 07:30-20:00; Su off"
      }
    },
    {
      "type": "Feature",
      "geometry": {
        "type": "Point",
        "coordinates": [
          11.5183154,
          48.140804
        ]
      },
      "properties": {
        "id": 342211067,
        "osm_type": "node",
        "name": "Lotto-Toto",
        "opening_hours": "Mo-Sa 07:00-19:00"
      }
    },
    {
      "type": "Feature",
      "geometry": {
        "type": "Point",
        "coordinates": [
          11.5179,
          48.1396001
        ]
      },
      "properties": {
        "id": 5787609476,
        "osm_type": "node",
        "name": "24/7 Shop",
        "opening_hours": "24/7"
      }
    },
    {
      "type": "Feature",
      "geometry": {
        "type": "Point",
        "coordinates": [
          11.5183938,
          48.1409204
        ]
      },
      "properties": {
        "id": 13042584543,
        "osm_type": "node",
        "name": "Safa Callshop"
      }
    },
    {
      "type": "Feature",
      "geometry": {
        "type": "Point",
        "coordinates": [
          11.5183281,
          48.1407353
        ]
      },
      "properties": {
        "id": 13042623760,
        "osm_type": "node",
        "name": "City Kiosk"
      }
    },
    {
      "type": "Feature",
      "geometry": {
        "type": "Point",
        "coordinates": [
          11.5235361,
          48.13422
        ]
      },
      "properties": {
        "id": 2430017267,
        "osm_type": "node",
        "name": "Rewe express",
        "opening_hours": "24/7"
      }
    },
    {
      "type": "Feature",
      "geometry": {
        "type": "Point",
        "coordinates": [
          11.3527679,
          48.1719635
        ]
      },
      "properties": {
        "id": 4081574541,
        "osm_type": "node",
        "name": "ServiceStore DB",
        "brand": "ServiceStore DB",
        "opening_hours": "Mo-Fr 04:30-20:00, Sa 06:00-18:00, Su 07:00-18:00, PH 07:00-18:00"
      }
    },
    {
      "type": "Feature",
      "geometry": {
        "type": "Point",
        "coordinates": [
          11.3262369,
          48.1923701
        ]
      },
      "properties": {
        "id": 1316473656,
        "osm_type": "node",
        "name": "Asien Markt",
        "opening_hours": "Mo-Fr 09:30-18:30; Sa 09:30-16:00"
      }
    },
    {
      "type": "Feature",
      "geometry": {
        "type": "Point",
        "coordinates": [
          11.3569484,
          48.1742116
        ]
      },
      "properties": {
        "id": 7181175307,
        "osm_type": "node",
        "name": "Haus des Orients"
      }
    },
    {
      "type": "Feature",
      "geometry": {
        "type": "Point",
        "coordinates": [
          11.3576971,
          48.1744438
        ]
      },
      "properties": {
        "id": 6373769451,
        "osm_type": "node",
        "name": "ADA Afro-Shop"
      }
    },
    {
      "type": "Feature",
      "geometry": {
        "type": "Point",
        "coordinates": [
          11.3591652,
          48.17428
        ]
      },
      "properties": {
        "id": 12941487822,
        "osm_type": "node",
        "name": "Tabakshop"
      }
    },
    {
      "type": "Feature",
      "geometry": {
        "type": "Point",
        "coordinates": [
          11.3734051,
          48.1962639
        ]
      },
      "properties": {
        "id": 5061620545,
        "osm_type": "node",
        "name": "Sinu Galerie",
        "opening_hours": "Mo-Su 08:00-20:30"
      }
    },
    {
      "type": "Feature",
      "geometry": {
        "type": "Point",
        "coordinates": [
          11.3735338,
          48.1962567
        ]
      },
      "properties": {
        "id": 5061621793,
        "osm_type": "node",
        "name": "La Cueva - Weinhandel",
        "opening_hours": "Tu-Sa 15:00-20:00"
      }
    },
    {
      "type": "Feature",
      "geometry": {
        "type": "Point",
        "coordinates": [
          11.3729718,
          48.1968529
        ]
      },
      "properties": {
        "id": 5904806961,
        "osm_type": "node"
      }
    },
    {
      "type": "Feature",
      "geometry": {
        "type": "Point",
        "coordinates": [
          11.4143025,
          48.1609125
        ]
      },
      "properties": {
        "id": 2512300849,
        "osm_type": "node",
        "name": "Aubinger Ökoladen",
        "opening_hours": "Th,Fr 08:00-18:00; Sa 07:00-12:00"
      }
    },
    {
      "type": "Feature",
      "geometry": {
        "type": "Point",
        "coordinates": [
          11.4051317,
          48.1786115
        ]
      },
      "properties": {
        "id": 6362463467,
        "osm_type": "node",
        "name": "REWE To Go",
        "brand": "REWE To Go",
        "opening_hours": "24/7"
      }
    },
    {
      "type": "Feature",
      "geometry": {
        "type": "Point",
        "coordinates": [
          11.4065278,
          48.178358
        ]
      },
      "properties": {
        "id": 11915922300,
        "osm_type": "node",
        "name": "Onkel Kaan´s Kiosk 2",
        "opening_hours": "Mo-Su 08:00-22:00"
      }
    },
    {
      "type": "Feature",
      "geometry": {
        "type": "Point",
        "coordinates": [
          11.3317555,
          48.2097483
        ]
      },
      "properties": {
        "id": 1625873383,
        "osm_type": "node",
        "name": "Nöth Parfümerie & Foto",
        "opening_hours": "Mo-Fr 09:30-18:30; Sa 09:30-14:00"
      }
    },
    {
      "type": "Feature",
      "geometry": {
        "type": "Point",
        "coordinates": [
          11.331487,
          48.209701
        ]
      },
      "properties": {
        "id": 1625961679,
        "osm_type": "node",
        "name": "Morpeth Teeladen"
      }
    },
    {
      "type": "Feature",
      "geometry": {
        "type": "Point",
        "coordinates": [
          11.3325524,
          48.2101305
        ]
      },
      "properties": {
        "id": 1626001259,
        "osm_type": "node",
        "name": "Orientecke",
        "opening_hours": "Mo-Sa 9:00-20:00; Su,PH off"
      }
    },
    {
      "type": "Feature",
      "geometry": {
        "type": "Point",
        "coordinates": [
          11.3349564,
          48.2115635
        ]
      },
      "properties": {
        "id": 2072585856,
        "osm_type": "node"
      }
    },
    {
      "type": "Feature",
      "geometry": {
        "type": "Point",
        "coordinates": [
          11.3341072,
          48.2101011
        ]
      },
      "properties": {
        "id": 12538785530,
        "osm_type": "node",
        "name": "DB Store",
        "brand": "Deutsche Bahn",
        "opening_hours": "Mo-Fr 06:00-19:00; Sa,Su,PH 08:00-16:00"
      }
    },
    {
      "type": "Feature",
      "geometry": {
        "type": "Point",
        "coordinates": [
          11.3369419,
          48.2235605
        ]
      },
      "properties": {
        "id": 5923104838,
        "osm_type": "node",
        "name": "JET",
        "brand": "JET"
      }
    },
    {
      "type": "Feature",
      "geometry": {
        "type": "Point",
        "coordinates": [
          11.3394821,
          48.2131406
        ]
      },
      "properties": {
        "id": 1625773519,
        "osm_type": "node",
        "name": "Asia Markt",
        "opening_hours": "Mo-Fr 08:00-18:00; Sa 08:00-16:00"
      }
    },
    {
      "type": "Feature",
      "geometry": {
        "type": "Point",
        "coordinates": [
          11.3606135,
          48.2075849
        ]
      },
      "properties": {
        "id": 5238441149,
        "osm_type": "node",
        "name": "Haus am See",
        "opening_hours": "Tu-Su 12:00-21:00"
      }
    },
    {
      "type": "Feature",
      "geometry": {
        "type": "Point",
        "coordinates": [
          11.3513627,
          48.220123
        ]
      },
      "properties": {
        "id": 10779599364,
        "osm_type": "node"
      }
    },
    {
      "type": "Feature",
      "geometry": {
        "type": "Point",
        "coordinates": [
          11.3354377,
          48.2429331
        ]
      },
      "properties": {
        "id": 5073663993,
        "osm_type": "node",
        "name": "Cepro"
      }
    },
    {
      "type": "Feature",
      "geometry": {
        "type": "Point",
        "coordinates": [
          11.4417984,
          48.1485053
        ]
      },
      "properties": {
        "id": 1870381970,
        "osm_type": "node",
        "name": "Ermuri",
        "opening_hours": "Mo-Fr 07:00-18:30; Sa 07:00-14:00; PH off"
      }
    },
    {
      "type": "Feature",
      "geometry": {
        "type": "Point",
        "coordinates": [
          11.4427761,
          48.1481477
        ]
      },
      "properties": {
        "id": 4061261528,
        "osm_type": "node",
        "name": "SeRa Backshop",
        "opening_hours": "Mo-Fr 06:00-19:00; PH off"
      }
    },
    {
      "type": "Feature",
      "geometry": {
        "type": "Point",
        "coordinates": [
          11.4534409,
          48.1480168
        ]
      },
      "properties": {
        "id": 6581997993,
        "osm_type": "node",
        "name": "LateBird",
        "opening_hours": "24/7"
      }
    },
    {
      "type": "Feature",
      "geometry": {
        "type": "Point",
        "coordinates": [
          11.4610638,
          48.1492984
        ]
      },
      "properties": {
        "id": 401570953,
        "osm_type": "node",
        "name": "Yorma’s",
        "brand": "Yorma’s",
        "opening_hours": "Mo-Fr 05:00-22:00; Sa 05:30-22:00; PH,Su 06:00-22:00"
      }
    },
    {
      "type": "Feature",
      "geometry": {
        "type": "Point",
        "coordinates": [
          11.4615268,
          48.1475007
        ]
      },
      "properties": {
        "id": 567219288,
        "osm_type": "node",
        "name": "Herrmannsdorfer Landwerkstätten",
        "opening_hours": "Mo,Tu 08:00-14:00; We-Fr 08:00-18:00; Sa 08:00-13:30"
      }
    },
    {
      "type": "Feature",
      "geometry": {
        "type": "Point",
        "coordinates": [
          11.4612142,
          48.1476152
        ]
      },
      "properties": {
        "id": 1617814688,
        "osm_type": "node",
        "name": "Reformhaus Mayr",
        "opening_hours": "Mo-Fr 08:30-19:00; Sa 08:30-16:00"
      }
    },
    {
      "type": "Feature",
      "geometry": {
        "type": "Point",
        "coordinates": [
          11.4613329,
          48.1484668
        ]
      },
      "properties": {
        "id": 2133119852,
        "osm_type": "node",
        "name": "FAIR Weltladen Pasing",
        "opening_hours": "Mo-Fr 09:30-18:30; Sa 09:30-15:00"
      }
    },
    {
      "type": "Feature",
      "geometry": {
        "type": "Point",
        "coordinates": [
          11.4640123,
          48.1538451
        ]
      },
      "properties": {
        "id": 444380190,
        "osm_type": "node",
        "name": "Camatti"
      }
    },
    {
      "type": "Feature",
      "geometry": {
        "type": "Point",
        "coordinates": [
          11.4638702,
          48.1646271
        ]
      },
      "properties": {
        "id": 436621517,
        "osm_type": "node",
        "name": "Schreibwaren Bauer",
        "opening_hours": "Mo-Fr 07:00-12:30,14:00-18:00; Sa 07:00-12:00"
      }
    },
    {
      "type": "Feature",
      "geometry": {
        "type": "Point",
        "coordinates": [
          11.4676078,
          48.1884879
        ]
      },
      "properties": {
        "id": 12470814630,
        "osm_type": "node",
        "name": "FotoParadies"
      }
    },
    {
      "type": "Feature",
      "geometry": {
        "type": "Point",
        "coordinates": [
          11.5343059,
          48.1496938
        ]
      },
      "properties": {
        "id": 7004372831,
        "osm_type": "node",
        "name": "Asian Food",
        "opening_hours": "Sa 11:00-15:30; Mo-Fr 11:00-19:30"
      }
    },
    {
      "type": "Feature",
      "geometry": {
        "type": "Point",
        "coordinates": [
          11.5341429,
          48.1479748
        ]
      },
      "properties": {
        "id": 9272643324,
        "osm_type": "node",
        "name": "Neuhauser Mini Markt",
        "opening_hours": "Mo-Sa 08:00-20:00"
      }
    },
    {
      "type": "Feature",
      "geometry": {
        "type": "Point",
        "coordinates": [
          11.5315672,
          48.15595
        ]
      },
      "properties": {
        "id": 11020298889,
        "osm_type": "node",
        "name": "Baumgartner"
      }
    },
    {
      "type": "Feature",
      "geometry": {
        "type": "Point",
        "coordinates": [
          11.5302668,
          48.1535575
        ]
      },
      "properties": {
        "id": 13500839903,
        "osm_type": "node"
      }
    },
    {
      "type": "Feature",
      "geometry": {
        "type": "Point",
        "coordinates": [
          11.5222858,
          48.1624891
        ]
      },
      "properties": {
        "id": 1260272209,
        "osm_type": "node",
        "name": "Gut & Gern"
      }
    },
    {
      "type": "Feature",
      "geometry": {
        "type": "Point",
        "coordinates": [
          11.5289283,
          48.1639036
        ]
      },
      "properties": {
        "id": 296132239,
        "osm_type": "node"
      }
    },
    {
      "type": "Feature",
      "geometry": {
        "type": "Point",
        "coordinates": [
          11.5322524,
          48.1613942
        ]
      },
      "properties": {
        "id": 3709093269,
        "osm_type": "node",
        "name": "Kiosk Café In der Frauenklinik",
        "opening_hours": "Mo-Fr 07:00-15:00"
      }
    },
    {
      "type": "Feature",
      "geometry": {
        "type": "Point",
        "coordinates": [
          11.5342716,
          48.1699627
        ]
      },
      "properties": {
        "id": 719808974,
        "osm_type": "node",
        "name": "Feinkost Zwicknagel",
        "opening_hours": "Mo-Fr 08:30-13:00,15:00-19:00; Sa 08:00-13:00"
      }
    },
    {
      "type": "Feature",
      "geometry": {
        "type": "Point",
        "coordinates": [
          11.533746,
          48.171856
        ]
      },
      "properties": {
        "id": 1787144082,
        "osm_type": "node",
        "name": "Shop 2 go",
        "opening_hours": "Mo-Th 07:00-15:00 ; Fr 07:00-14:30"
      }
    },
    {
      "type": "Feature",
      "geometry": {
        "type": "Point",
        "coordinates": [
          11.50736,
          48.180694
        ]
      },
      "properties": {
        "id": 6419693425,
        "osm_type": "node",
        "opening_hours": "Mo-Sa 08:00-19:00"
      }
    },
    {
      "type": "Feature",
      "geometry": {
        "type": "Point",
        "coordinates": [
          11.5039923,
          48.1872341
        ]
      },
      "properties": {
        "id": 4978204323,
        "osm_type": "node",
        "name": "Schreibwaren-Lotto Shahbakhti",
        "opening_hours": "Mo-Sa 08:00-18:00; Su,PH off"
      }
    },
    {
      "type": "Feature",
      "geometry": {
        "type": "Point",
        "coordinates": [
          11.5163647,
          48.175631
        ]
      },
      "properties": {
        "id": 4978444117,
        "osm_type": "node"
      }
    },
    {
      "type": "Feature",
      "geometry": {
        "type": "Point",
        "coordinates": [
          11.5144813,
          48.1797109
        ]
      },
      "properties": {
        "id": 4976509705,
        "osm_type": "node",
        "opening_hours": "Mo-Fr 08:00-18:30; Su 09:00-14:00; Sa 08:00-16:00"
      }
    },
    {
      "type": "Feature",
      "geometry": {
        "type": "Point",
        "coordinates": [
          11.5174135,
          48.1818295
        ]
      },
      "properties": {
        "id": 6316878077,
        "osm_type": "node",
        "name": "Amma's",
        "opening_hours": "Mo-Fr 05:00-19:00"
      }
    },
    {
      "type": "Feature",
      "geometry": {
        "type": "Point",
        "coordinates": [
          11.5291129,
          48.1762846
        ]
      },
      "properties": {
        "id": 10281191507,
        "osm_type": "node"
      }
    },
    {
      "type": "Feature",
      "geometry": {
        "type": "Point",
        "coordinates": [
          11.5268836,
          48.1792386
        ]
      },
      "properties": {
        "id": 4178858340,
        "osm_type": "node",
        "name": "Schreibwaren Lindner",
        "opening_hours": "Mo-Fr 08:30-19:00; Sa 08:30-18:00"
      }
    },
    {
      "type": "Feature",
      "geometry": {
        "type": "Point",
        "coordinates": [
          11.5214655,
          48.1817108
        ]
      },
      "properties": {
        "id": 5184622988,
        "osm_type": "node",
        "name": "Asien-Shop Moosach",
        "opening_hours": "Mo-Sa 09:00-19:00"
      }
    },
    {
      "type": "Feature",
      "geometry": {
        "type": "Point",
        "coordinates": [
          11.5295793,
          48.1820465
        ]
      },
      "properties": {
        "id": 2441803325,
        "osm_type": "node",
        "name": "Frisch & Lecker",
        "opening_hours": "Mo-Fr 05:00-20:00; Sa 05:00-16:00"
      }
    },
    {
      "type": "Feature",
      "geometry": {
        "type": "Point",
        "coordinates": [
          11.5246509,
          48.1855034
        ]
      },
      "properties": {
        "id": 1141825988,
        "osm_type": "node",
        "name": "Antons Kiosk"
      }
    },
    {
      "type": "Feature",
      "geometry": {
        "type": "Point",
        "coordinates": [
          11.5237694,
          48.1980051
        ]
      },
      "properties": {
        "id": 3763482015,
        "osm_type": "node",
        "name": "Rittner Schreibwaren",
        "opening_hours": "Mo-Fr 09:00-17:00; Sa 09:00-13:00"
      }
    },
    {
      "type": "Feature",
      "geometry": {
        "type": "Point",
        "coordinates": [
          11.4610255,
          48.2127807
        ]
      },
      "properties": {
        "id": 2819574470,
        "osm_type": "node",
        "name": "Kakadu"
      }
    },
    {
      "type": "Feature",
      "geometry": {
        "type": "Point",
        "coordinates": [
          11.5113818,
          48.2140817
        ]
      },
      "properties": {
        "id": 291975237,
        "osm_type": "node",
        "name": "Andys Seehäusl",
        "opening_hours": "\"wetterabhängig\""
      }
    },
    {
      "type": "Feature",
      "geometry": {
        "type": "Point",
        "coordinates": [
          11.5164913,
          48.2129841
        ]
      },
      "properties": {
        "id": 291975236,
        "osm_type": "node"
      }
    },
    {
      "type": "Feature",
      "geometry": {
        "type": "Point",
        "coordinates": [
          11.5165298,
          48.2129829
        ]
      },
      "properties": {
        "id": 874841808,
        "osm_type": "node"
      }
    },
    {
      "type": "Feature",
      "geometry": {
        "type": "Point",
        "coordinates": [
          11.5289057,
          48.2140679
        ]
      },
      "properties": {
        "id": 2495172630,
        "osm_type": "node",
        "name": "Nanos"
      }
    },
    {
      "type": "Feature",
      "geometry": {
        "type": "Point",
        "coordinates": [
          11.530249,
          48.2154866
        ]
      },
      "properties": {
        "id": 3381880806,
        "osm_type": "node",
        "name": "Weltladen Feldmoching",
        "opening_hours": "Tu-Sa 09:00-12:30; Tu,Th,Fr 15:00-18:00"
      }
    },
    {
      "type": "Feature",
      "geometry": {
        "type": "Point",
        "coordinates": [
          11.5289133,
          48.2158557
        ]
      },
      "properties": {
        "id": 3561041986,
        "osm_type": "node",
        "name": "Lotto Bayern",
        "opening_hours": "Mo-Fr 08:00-18:00; Sa 08:00-13:30"
      }
    },
    {
      "type": "Feature",
      "geometry": {
        "type": "Point",
        "coordinates": [
          11.5227123,
          48.2465274
        ]
      },
      "properties": {
        "id": 9750203842,
        "osm_type": "node"
      }
    },
    {
      "type": "Feature",
      "geometry": {
        "type": "Point",
        "coordinates": [
          11.5393858,
          48.0740727
        ]
      },
      "properties": {
        "id": 3316885220,
        "osm_type": "node",
        "name": "Konsum Isarkiosk"
      }
    },
    {
      "type": "Feature",
      "geometry": {
        "type": "Point",
        "coordinates": [
          11.5502982,
          48.0767382
        ]
      },
      "properties": {
        "id": 2923486009,
        "osm_type": "node",
        "name": "Michas Laden",
        "opening_hours": "Mo,We-Fr 06:00-18:00; Sa,Su 07:00-18:00; Tu 12:00-18:00"
      }
    },
    {
      "type": "Feature",
      "geometry": {
        "type": "Point",
        "coordinates": [
          11.5696149,
          48.0933437
        ]
      },
      "properties": {
        "id": 3324407855,
        "osm_type": "node",
        "name": "Naturkind",
        "opening_hours": "Mo-Sa 07:00-20:00; Su,PH off"
      }
    },
    {
      "type": "Feature",
      "geometry": {
        "type": "Point",
        "coordinates": [
          11.5690509,
          48.092643
        ]
      },
      "properties": {
        "id": 3338179933,
        "osm_type": "node",
        "name": "Hotspot Harlaching",
        "opening_hours": "Mo-Fr 09:00-19:00; Sa 09:00-14:00"
      }
    },
    {
      "type": "Feature",
      "geometry": {
        "type": "Point",
        "coordinates": [
          11.6073741,
          48.051592
        ]
      },
      "properties": {
        "id": 731429987,
        "osm_type": "node",
        "opening_hours": "Mo-Fr 07:00-13:30,14:00-18:30; Sa 07:00-08:00,08:30-13:30"
      }
    },
    {
      "type": "Feature",
      "geometry": {
        "type": "Point",
        "coordinates": [
          11.6105452,
          48.0663281
        ]
      },
      "properties": {
        "id": 5018646221,
        "osm_type": "node",
        "name": "Naturkost Schlemmerladen",
        "opening_hours": "Mo-Fr 09:00-18:30; Sa 09:00-13:00"
      }
    },
    {
      "type": "Feature",
      "geometry": {
        "type": "Point",
        "coordinates": [
          11.6120164,
          48.0660709
        ]
      },
      "properties": {
        "id": 9797944102,
        "osm_type": "node"
      }
    },
    {
      "type": "Feature",
      "geometry": {
        "type": "Point",
        "coordinates": [
          11.6156856,
          48.0465592
        ]
      },
      "properties": {
        "id": 543379075,
        "osm_type": "node",
        "name": "Schreibwaren Isarperle",
        "opening_hours": "Tu-Fr 08:00-18:00; Sa 08:00-13:00; Mo,Su,PH off"
      }
    },
    {
      "type": "Feature",
      "geometry": {
        "type": "Point",
        "coordinates": [
          11.6187687,
          48.05967
        ]
      },
      "properties": {
        "id": 12480846504,
        "osm_type": "node",
        "name": "Paper & Pencil",
        "opening_hours": "Mo-Sa 07:00-20:00"
      }
    },
    {
      "type": "Feature",
      "geometry": {
        "type": "Point",
        "coordinates": [
          11.6143653,
          48.0624684
        ]
      },
      "properties": {
        "id": 11483349528,
        "osm_type": "node",
        "name": "Unterhachinger Kiosk",
        "opening_hours": "Mo-Fr 09:00-20:00; Sa 09:00-17:00"
      }
    },
    {
      "type": "Feature",
      "geometry": {
        "type": "Point",
        "coordinates": [
          11.6217247,
          48.0624205
        ]
      },
      "properties": {
        "id": 9418261631,
        "osm_type": "node"
      }
    },
    {
      "type": "Feature",
      "geometry": {
        "type": "Point",
        "coordinates": [
          11.6045276,
          48.0932737
        ]
      },
      "properties": {
        "id": 7458883724,
        "osm_type": "node",
        "name": "Lotto am HIT-Markt, Tabac&Co",
        "opening_hours": "Mo-Fr 08:00-19:00; Sa 08:00-18:00; Su,PH closed"
      }
    },
    {
      "type": "Feature",
      "geometry": {
        "type": "Point",
        "coordinates": [
          11.6166847,
          48.078941
        ]
      },
      "properties": {
        "id": 1084399637,
        "osm_type": "node",
        "name": "Diepold Store"
      }
    },
    {
      "type": "Feature",
      "geometry": {
        "type": "Point",
        "coordinates": [
          11.5460883,
          48.1037792
        ]
      },
      "properties": {
        "id": 4247902438,
        "osm_type": "node",
        "name": "Papeterie Thalkirchen",
        "opening_hours": "Mo-Fr 07:00-18:00; Sa 08:00-13:00"
      }
    },
    {
      "type": "Feature",
      "geometry": {
        "type": "Point",
        "coordinates": [
          11.5520977,
          48.1026173
        ]
      },
      "properties": {
        "id": 10908164714,
        "osm_type": "node",
        "name": "Susi & Günther's Hexenhäusl"
      }
    },
    {
      "type": "Feature",
      "geometry": {
        "type": "Point",
        "coordinates": [
          11.5372086,
          48.1092129
        ]
      },
      "properties": {
        "id": 2103115631,
        "osm_type": "node",
        "name": "life supermarkt",
        "opening_hours": "Mo-Sa 06:00-20:00; Su 07:30-16:00"
      }
    },
    {
      "type": "Feature",
      "geometry": {
        "type": "Point",
        "coordinates": [
          11.5387106,
          48.1170333
        ]
      },
      "properties": {
        "id": 6516220842,
        "osm_type": "node",
        "name": "E-Kiosk",
        "opening_hours": "24/7"
      }
    },
    {
      "type": "Feature",
      "geometry": {
        "type": "Point",
        "coordinates": [
          11.5378252,
          48.1167161
        ]
      },
      "properties": {
        "id": 8240542997,
        "osm_type": "node",
        "name": "Desi Grocery",
        "opening_hours": "Mo-Sa 09:30-20:00"
      }
    },
    {
      "type": "Feature",
      "geometry": {
        "type": "Point",
        "coordinates": [
          11.5456978,
          48.1193472
        ]
      },
      "properties": {
        "id": 11063241533,
        "osm_type": "node",
        "opening_hours": "Mo-Fr 07:00-18:30; Su off"
      }
    },
    {
      "type": "Feature",
      "geometry": {
        "type": "Point",
        "coordinates": [
          11.5481885,
          48.1119482
        ]
      },
      "properties": {
        "id": 2335243456,
        "osm_type": "node",
        "name": "Lotto Tabak",
        "opening_hours": "Mo-Fr 07:00-19:00; Sa 07:00-14:30"
      }
    },
    {
      "type": "Feature",
      "geometry": {
        "type": "Point",
        "coordinates": [
          11.5527488,
          48.1121784
        ]
      },
      "properties": {
        "id": 6098996512,
        "osm_type": "node",
        "name": "Alwin Kiosk",
        "opening_hours": "Mo-Fr 07:00-22:00; Sa-Su 08:00-24:00"
      }
    },
    {
      "type": "Feature",
      "geometry": {
        "type": "Point",
        "coordinates": [
          11.5497235,
          48.1130296
        ]
      },
      "properties": {
        "id": 10755936568,
        "osm_type": "node",
        "name": "La Palma",
        "opening_hours": "Mo-Su 11:00-00:00"
      }
    },
    {
      "type": "Feature",
      "geometry": {
        "type": "Point",
        "coordinates": [
          11.5479404,
          48.1179227
        ]
      },
      "properties": {
        "id": 9904773751,
        "osm_type": "node",
        "opening_hours": "Mo-Fr 09:00-20:00"
      }
    },
    {
      "type": "Feature",
      "geometry": {
        "type": "Point",
        "coordinates": [
          11.5485466,
          48.1186781
        ]
      },
      "properties": {
        "id": 9952076618,
        "osm_type": "node",
        "name": "Dogat Internetcafé",
        "opening_hours": "09:00-23:00"
      }
    },
    {
      "type": "Feature",
      "geometry": {
        "type": "Point",
        "coordinates": [
          11.5640932,
          48.0965042
        ]
      },
      "properties": {
        "id": 13152865626,
        "osm_type": "node",
        "name": "REWE To Go",
        "brand": "REWE To Go"
      }
    },
    {
      "type": "Feature",
      "geometry": {
        "type": "Point",
        "coordinates": [
          11.5829998,
          48.0985652
        ]
      },
      "properties": {
        "id": 3760209554,
        "osm_type": "node",
        "name": "Bali Asia Markt",
        "opening_hours": "We 11:00-18:30; Mo,Tu,Th-Sa 11:00-17:00"
      }
    },
    {
      "type": "Feature",
      "geometry": {
        "type": "Point",
        "coordinates": [
          11.5713591,
          48.1129603
        ]
      },
      "properties": {
        "id": 1810267752,
        "osm_type": "node",
        "name": "Geolex",
        "opening_hours": "Mo-Fr 07:00-18:00; Sa 08:00-14:00"
      }
    },
    {
      "type": "Feature",
      "geometry": {
        "type": "Point",
        "coordinates": [
          11.5705886,
          48.1120962
        ]
      },
      "properties": {
        "id": 11123783581,
        "osm_type": "node",
        "name": "DENZ Lotto Kiosk Poststelle",
        "opening_hours": "Mo-Fr 09:00-12:30,13:30-18:00; Sa 09:00-15:00"
      }
    },
    {
      "type": "Feature",
      "geometry": {
        "type": "Point",
        "coordinates": [
          11.5718944,
          48.1197594
        ]
      },
      "properties": {
        "id": 2682369801,
        "osm_type": "node",
        "name": "T. Tzimolaka Getränke Tabakwaren",
        "opening_hours": "Mo-Fr 07:00-12:30,15:00-20:00;Sa 07:30-12:30,15:00-19:00;Su 08:00-12:30,15:00-19:00"
      }
    },
    {
      "type": "Feature",
      "geometry": {
        "type": "Point",
        "coordinates": [
          11.5751444,
          48.1091517
        ]
      },
      "properties": {
        "id": 387447357,
        "osm_type": "node",
        "name": "Kiosk Georg Trotz",
        "opening_hours": "Mo-Fr 06:00-18:00; Sa 06:30-15:30; Su,PH off"
      }
    },
    {
      "type": "Feature",
      "geometry": {
        "type": "Point",
        "coordinates": [
          11.5749409,
          48.1077859
        ]
      },
      "properties": {
        "id": 387471231,
        "osm_type": "node",
        "name": "Wetter Kiosk",
        "opening_hours": "Mo-Sa 08:00-21:00; Su 09:00-21:00"
      }
    },
    {
      "type": "Feature",
      "geometry": {
        "type": "Point",
        "coordinates": [
          11.5766032,
          48.1118144
        ]
      },
      "properties": {
        "id": 1781508736,
        "osm_type": "node",
        "name": "Giesinger Kiosk",
        "opening_hours": "Mo-Fr 07:30-19:00; Sa 09:00-16:00"
      }
    },
    {
      "type": "Feature",
      "geometry": {
        "type": "Point",
        "coordinates": [
          11.583262,
          48.1077186
        ]
      },
      "properties": {
        "id": 6851999830,
        "osm_type": "node",
        "name": "Celif Markt"
      }
    },
    {
      "type": "Feature",
      "geometry": {
        "type": "Point",
        "coordinates": [
          11.5791874,
          48.1150872
        ]
      },
      "properties": {
        "id": 1078516739,
        "osm_type": "node",
        "name": "Kishore",
        "opening_hours": "Mo,We-Fr 09:00-18:30; Tu off; Sa-Su,PH 08:30-18:00"
      }
    },
    {
      "type": "Feature",
      "geometry": {
        "type": "Point",
        "coordinates": [
          11.5763067,
          48.1189873
        ]
      },
      "properties": {
        "id": 1314867483,
        "osm_type": "node",
        "name": "Bros Markt"
      }
    },
    {
      "type": "Feature",
      "geometry": {
        "type": "Point",
        "coordinates": [
          11.5793131,
          48.114684
        ]
      },
      "properties": {
        "id": 10174130205,
        "osm_type": "node",
        "name": "Asrin Kiosk",
        "opening_hours": "Mo-Fr 08:00-20:00; Sa 09:00-20:00"
      }
    },
    {
      "type": "Feature",
      "geometry": {
        "type": "Point",
        "coordinates": [
          11.5815248,
          48.1172441
        ]
      },
      "properties": {
        "id": 1716445461,
        "osm_type": "node",
        "name": "Giesinger Käse-Alm",
        "opening_hours": "Mo,We,Fr 09:00-18:00; Tu,Th 09:00-18:30; Sa 09:00-13:00"
      }
    },
    {
      "type": "Feature",
      "geometry": {
        "type": "Point",
        "coordinates": [
          11.583012,
          48.1182403
        ]
      },
      "properties": {
        "id": 1717752258,
        "osm_type": "node",
        "name": "Schreibwaren Müller",
        "opening_hours": "Mo-Fr 07:30-18:30, Sa 07:30-14:00"
      }
    },
    {
      "type": "Feature",
      "geometry": {
        "type": "Point",
        "coordinates": [
          11.5823745,
          48.1197237
        ]
      },
      "properties": {
        "id": 1975617443,
        "osm_type": "node",
        "name": "Kiosk am Nockherberg",
        "opening_hours": "Tu-Th,Su 12:00-22:00; Fr,Sa 13:00-23:00"
      }
    },
    {
      "type": "Feature",
      "geometry": {
        "type": "Point",
        "coordinates": [
          11.5828867,
          48.1185641
        ]
      },
      "properties": {
        "id": 3927493833,
        "osm_type": "node",
        "name": "Gastro Boutique Robin Bobin",
        "opening_hours": "Mo-Sa 09:00-20:00"
      }
    },
    {
      "type": "Feature",
      "geometry": {
        "type": "Point",
        "coordinates": [
          11.5831374,
          48.1188274
        ]
      },
      "properties": {
        "id": 6255563124,
        "osm_type": "node",
        "name": "Minga Kiosk",
        "opening_hours": "Mo-Th 08:00-23:00; Fr,Sa 08:00-24:00; Su 09:00-23:00"
      }
    },
    {
      "type": "Feature",
      "geometry": {
        "type": "Point",
        "coordinates": [
          11.5808794,
          48.114649
        ]
      },
      "properties": {
        "id": 10189282836,
        "osm_type": "node",
        "name": "Giesinger Call-Shop",
        "opening_hours": "09:00-22:00"
      }
    },
    {
      "type": "Feature",
      "geometry": {
        "type": "Point",
        "coordinates": [
          11.5806902,
          48.116507
        ]
      },
      "properties": {
        "id": 10228716380,
        "osm_type": "node",
        "opening_hours": "Mo-Fr 08:00-20:00; Sa 08:00-18:00"
      }
    },
    {
      "type": "Feature",
      "geometry": {
        "type": "Point",
        "coordinates": [
          11.540856,
          48.1199384
        ]
      },
      "properties": {
        "id": 5882775397,
        "osm_type": "node",
        "name": "Harras Call Shop"
      }
    },
    {
      "type": "Feature",
      "geometry": {
        "type": "Point",
        "coordinates": [
          11.5466284,
          48.1233993
        ]
      },
      "properties": {
        "id": 1135836202,
        "osm_type": "node",
        "opening_hours": "Mo-Fr 07:00-18:00; Sa 09:00-12:00"
      }
    },
    {
      "type": "Feature",
      "geometry": {
        "type": "Point",
        "coordinates": [
          11.5441099,
          48.1214144
        ]
      },
      "properties": {
        "id": 2801567981,
        "osm_type": "node",
        "name": "Hollerbusch",
        "opening_hours": "Mo-Fr 08:00-14:00, 16:00-20:00; Sa 09:00-18:00"
      }
    },
    {
      "type": "Feature",
      "geometry": {
        "type": "Point",
        "coordinates": [
          11.5500952,
          48.1249623
        ]
      },
      "properties": {
        "id": 633177919,
        "osm_type": "node",
        "name": "Lotto/Toto",
        "opening_hours": "Mo-Th 07:30-23:00, Fr 07:30-24:00, Sa 11:00-24:00, Su 11:00-22:00"
      }
    },
    {
      "type": "Feature",
      "geometry": {
        "type": "Point",
        "coordinates": [
          11.5490645,
          48.121965
        ]
      },
      "properties": {
        "id": 4949468827,
        "osm_type": "node",
        "name": "eni café & shop",
        "opening_hours": "24/7"
      }
    },
    {
      "type": "Feature",
      "geometry": {
        "type": "Point",
        "coordinates": [
          11.5482459,
          48.1216746
        ]
      },
      "properties": {
        "id": 9877387496,
        "osm_type": "node",
        "opening_hours": "10:00-22:00"
      }
    },
    {
      "type": "Feature",
      "geometry": {
        "type": "Point",
        "coordinates": [
          11.5577126,
          48.1212754
        ]
      },
      "properties": {
        "id": 11099467416,
        "osm_type": "node",
        "name": "Feinkost La Bottega",
        "opening_hours": "Mo-Fr 07:00-18:00; Sa,Su off"
      }
    },
    {
      "type": "Feature",
      "geometry": {
        "type": "Point",
        "coordinates": [
          11.5565986,
          48.1284844
        ]
      },
      "properties": {
        "id": 7053160506,
        "osm_type": "node",
        "name": "Madlen"
      }
    },
    {
      "type": "Feature",
      "geometry": {
        "type": "Point",
        "coordinates": [
          11.5588574,
          48.1290141
        ]
      },
      "properties": {
        "id": 10634710905,
        "osm_type": "node",
        "name": "HIS JAPAN PREMIUM FOOD & TRAVEL",
        "opening_hours": "Tu-Sa 11:00-19:00; Mo,Su,PH off"
      }
    },
    {
      "type": "Feature",
      "geometry": {
        "type": "Point",
        "coordinates": [
          11.5589768,
          48.1290124
        ]
      },
      "properties": {
        "id": 12709810298,
        "osm_type": "node",
        "name": "Frischemarkt Koch",
        "opening_hours": "Mo-Sa 08:00-20:00"
      }
    },
    {
      "type": "Feature",
      "geometry": {
        "type": "Point",
        "coordinates": [
          11.5585698,
          48.1278393
        ]
      },
      "properties": {
        "id": 13299346289,
        "osm_type": "node",
        "name": "Späti am Goetheplatz"
      }
    },
    {
      "type": "Feature",
      "geometry": {
        "type": "Point",
        "coordinates": [
          11.5369737,
          48.133675
        ]
      },
      "properties": {
        "id": 3714049356,
        "osm_type": "node",
        "name": "24er",
        "opening_hours": "Mo-Su,PH 00:00-00:00"
      }
    },
    {
      "type": "Feature",
      "geometry": {
        "type": "Point",
        "coordinates": [
          11.5347585,
          48.1377263
        ]
      },
      "properties": {
        "id": 10835642309,
        "osm_type": "node",
        "name": "Madlen",
        "opening_hours": "Mo-Th 07:00-24:00, Fr 07:00-02:00, Sa 08:00-02:00, Su 09:00-24:00"
      }
    },
    {
      "type": "Feature",
      "geometry": {
        "type": "Point",
        "coordinates": [
          11.5401551,
          48.1345081
        ]
      },
      "properties": {
        "id": 13601665731,
        "osm_type": "node",
        "name": "Café Kiosk am Bavariapark"
      }
    },
    {
      "type": "Feature",
      "geometry": {
        "type": "Point",
        "coordinates": [
          11.5458279,
          48.1382683
        ]
      },
      "properties": {
        "id": 3605994599,
        "osm_type": "node",
        "name": "Kirac",
        "opening_hours": "Mo-Sa 09:00-23:00; Su 12:00-23:00"
      }
    },
    {
      "type": "Feature",
      "geometry": {
        "type": "Point",
        "coordinates": [
          11.5414782,
          48.1394727
        ]
      },
      "properties": {
        "id": 3634571383,
        "osm_type": "node",
        "name": "Landsberger Kiosk",
        "opening_hours": "Mo-Th 06:00-24:00; Fr 6:00 - 25:00; Sa 08:00-25:00; Su 09:00-24:00; PH off"
      }
    },
    {
      "type": "Feature",
      "geometry": {
        "type": "Point",
        "coordinates": [
          11.546997,
          48.1368419
        ]
      },
      "properties": {
        "id": 13564403280,
        "osm_type": "node",
        "name": "k kiosk"
      }
    },
    {
      "type": "Feature",
      "geometry": {
        "type": "Point",
        "coordinates": [
          11.5384069,
          48.1396677
        ]
      },
      "properties": {
        "id": 12813997047,
        "osm_type": "node",
        "name": "Hadi's Kiosk"
      }
    },
    {
      "type": "Feature",
      "geometry": {
        "type": "Point",
        "coordinates": [
          11.5528843,
          48.1376618
        ]
      },
      "properties": {
        "id": 1146756762,
        "osm_type": "node",
        "name": "Dritte Welt Café"
      }
    },
    {
      "type": "Feature",
      "geometry": {
        "type": "Point",
        "coordinates": [
          11.5476856,
          48.1378835
        ]
      },
      "properties": {
        "id": 2882602590,
        "osm_type": "node",
        "name": "Bavaria Star"
      }
    },
    {
      "type": "Feature",
      "geometry": {
        "type": "Point",
        "coordinates": [
          11.5529767,
          48.1389571
        ]
      },
      "properties": {
        "id": 3681346754,
        "osm_type": "node",
        "name": "Deja Markt",
        "opening_hours": "Mo-Sa 08:00-20:00"
      }
    },
    {
      "type": "Feature",
      "geometry": {
        "type": "Point",
        "coordinates": [
          11.5534865,
          48.1364861
        ]
      },
      "properties": {
        "id": 7126596183,
        "osm_type": "node",
        "name": "Behold Afroshop",
        "opening_hours": "Mo,Tu,Th-Sa 09:30-18:30; We 09:30-17:30"
      }
    },
    {
      "type": "Feature",
      "geometry": {
        "type": "Point",
        "coordinates": [
          11.5500743,
          48.1373175
        ]
      },
      "properties": {
        "id": 10648563813,
        "osm_type": "node",
        "name": "Allfood",
        "opening_hours": "Mo-Sa 07:00-20:00"
      }
    },
    {
      "type": "Feature",
      "geometry": {
        "type": "Point",
        "coordinates": [
          11.5478902,
          48.1367792
        ]
      },
      "properties": {
        "id": 13564403274,
        "osm_type": "node",
        "name": "allasian"
      }
    },
    {
      "type": "Feature",
      "geometry": {
        "type": "Point",
        "coordinates": [
          11.5559599,
          48.1349844
        ]
      },
      "properties": {
        "id": 1713202484,
        "osm_type": "node",
        "name": "Mira Zadeh",
        "opening_hours": "Mo-Fr 07:00-18:00"
      }
    },
    {
      "type": "Feature",
      "geometry": {
        "type": "Point",
        "coordinates": [
          11.5546864,
          48.1364732
        ]
      },
      "properties": {
        "id": 3790674999,
        "osm_type": "node",
        "name": "Kaschmir Basar",
        "opening_hours": "Mo-Sa 09:30-20:00"
      }
    },
    {
      "type": "Feature",
      "geometry": {
        "type": "Point",
        "coordinates": [
          11.5565111,
          48.1367104
        ]
      },
      "properties": {
        "id": 3861498205,
        "osm_type": "node",
        "name": "Kaschmir Basar",
        "opening_hours": "Mo-Sa 09:30-20:00; Su,PH off"
      }
    },
    {
      "type": "Feature",
      "geometry": {
        "type": "Point",
        "coordinates": [
          11.5560743,
          48.1366086
        ]
      },
      "properties": {
        "id": 3861507465,
        "osm_type": "node",
        "name": "Ali Markt"
      }
    },
    {
      "type": "Feature",
      "geometry": {
        "type": "Point",
        "coordinates": [
          11.5587686,
          48.1367537
        ]
      },
      "properties": {
        "id": 4535177041,
        "osm_type": "node",
        "name": "Eurocallshop"
      }
    },
    {
      "type": "Feature",
      "geometry": {
        "type": "Point",
        "coordinates": [
          11.5570901,
          48.1364541
        ]
      },
      "properties": {
        "id": 4535177072,
        "osm_type": "node",
        "name": "Kabul Market"
      }
    },
    {
      "type": "Feature",
      "geometry": {
        "type": "Point",
        "coordinates": [
          11.5542074,
          48.1363181
        ]
      },
      "properties": {
        "id": 7476893460,
        "osm_type": "node",
        "name": "Handule",
        "opening_hours": "Mo-Fr 09:30-20:00; Sa 09:30-20:00"
      }
    },
    {
      "type": "Feature",
      "geometry": {
        "type": "Point",
        "coordinates": [
          11.5497225,
          48.1422636
        ]
      },
      "properties": {
        "id": 983295479,
        "osm_type": "node",
        "name": "U-Store",
        "brand": "U-Store",
        "opening_hours": "Mo-Th 05:30-21:00, Fr,Sa,Su,PH 05:30-22:00"
      }
    },
    {
      "type": "Feature",
      "geometry": {
        "type": "Point",
        "coordinates": [
          11.5602335,
          48.1420314
        ]
      },
      "properties": {
        "id": 332544443,
        "osm_type": "node",
        "name": "E-Kiosk",
        "opening_hours": "PH,Mo-Su 00:00-24:00"
      }
    },
    {
      "type": "Feature",
      "geometry": {
        "type": "Point",
        "coordinates": [
          11.5600046,
          48.1440826
        ]
      },
      "properties": {
        "id": 863189795,
        "osm_type": "node",
        "name": "Hafez Bazar",
        "opening_hours": "Mo-Sa 08:00-20:00"
      }
    },
    {
      "type": "Feature",
      "geometry": {
        "type": "Point",
        "coordinates": [
          11.5604391,
          48.1447656
        ]
      },
      "properties": {
        "id": 1113634728,
        "osm_type": "node",
        "name": "Main Basar",
        "opening_hours": "Mo-Sa 10:00-20:00"
      }
    },
    {
      "type": "Feature",
      "geometry": {
        "type": "Point",
        "coordinates": [
          11.5556166,
          48.1399171
        ]
      },
      "properties": {
        "id": 3542329239,
        "osm_type": "node",
        "name": "Yorma’s",
        "brand": "Yorma’s",
        "opening_hours": "Mo-Fr 06:00-20:00; Sa-Su,PH 07:00-20:00"
      }
    },
    {
      "type": "Feature",
      "geometry": {
        "type": "Point",
        "coordinates": [
          11.5595047,
          48.1446199
        ]
      },
      "properties": {
        "id": 4721005912,
        "osm_type": "node",
        "name": "Shirin Markt",
        "opening_hours": "Mo-Sa 08:00-20:00"
      }
    },
    {
      "type": "Feature",
      "geometry": {
        "type": "Point",
        "coordinates": [
          11.5580566,
          48.1418956
        ]
      },
      "properties": {
        "id": 8907800695,
        "osm_type": "node",
        "name": "Sabhan"
      }
    },
    {
      "type": "Feature",
      "geometry": {
        "type": "Point",
        "coordinates": [
          11.5589475,
          48.1398566
        ]
      },
      "properties": {
        "id": 11441695259,
        "osm_type": "node",
        "name": "Yorma's",
        "brand": "Yorma's",
        "opening_hours": "Mo-Su 06:00-22:00"
      }
    },
    {
      "type": "Feature",
      "geometry": {
        "type": "Point",
        "coordinates": [
          11.5667615,
          48.1236677
        ]
      },
      "properties": {
        "id": 6433211157,
        "osm_type": "node",
        "name": "Lotto Bayern",
        "opening_hours": "Mo-Fr 07:00-13:00, Sa 08:00-12:00; Su,PH off, We-Fr 15:00-18:00"
      }
    },
    {
      "type": "Feature",
      "geometry": {
        "type": "Point",
        "coordinates": [
          11.5612538,
          48.1259271
        ]
      },
      "properties": {
        "id": 6433211166,
        "osm_type": "node",
        "name": "Ogidiga's Afro Kiosk",
        "opening_hours": "Tu-Sa 11:00-20:00"
      }
    },
    {
      "type": "Feature",
      "geometry": {
        "type": "Point",
        "coordinates": [
          11.5648821,
          48.123733
        ]
      },
      "properties": {
        "id": 13092364487,
        "osm_type": "node",
        "name": "REWE To Go",
        "brand": "REWE To Go"
      }
    },
    {
      "type": "Feature",
      "geometry": {
        "type": "Point",
        "coordinates": [
          11.5700393,
          48.1254697
        ]
      },
      "properties": {
        "id": 2335120732,
        "osm_type": "node",
        "name": "Varieta",
        "opening_hours": "Mo-Fr 08:00-20:00; Sa 08:30-20:00"
      }
    },
    {
      "type": "Feature",
      "geometry": {
        "type": "Point",
        "coordinates": [
          11.5720527,
          48.1206768
        ]
      },
      "properties": {
        "id": 6399020385,
        "osm_type": "node",
        "name": "Habib Bahnam Internet Callshop Kiosk"
      }
    },
    {
      "type": "Feature",
      "geometry": {
        "type": "Point",
        "coordinates": [
          11.5687748,
          48.1268709
        ]
      },
      "properties": {
        "id": 1138814225,
        "osm_type": "node",
        "opening_hours": "Tu-Fr 08:00-14:00,15:00-18:00; Mo 12:00-18:00"
      }
    },
    {
      "type": "Feature",
      "geometry": {
        "type": "Point",
        "coordinates": [
          11.5671719,
          48.1320995
        ]
      },
      "properties": {
        "id": 5536746676,
        "osm_type": "node",
        "opening_hours": "Mo,We-Fr 08:00-18:00; Tu 08:00-12:00; Sa 08:00-14:00"
      }
    },
    {
      "type": "Feature",
      "geometry": {
        "type": "Point",
        "coordinates": [
          11.5781781,
          48.1262897
        ]
      },
      "properties": {
        "id": 437545071,
        "osm_type": "node",
        "name": "Isar Quelle",
        "opening_hours": "Mo-Su,PH 07:00-24:00"
      }
    },
    {
      "type": "Feature",
      "geometry": {
        "type": "Point",
        "coordinates": [
          11.5786202,
          48.1214658
        ]
      },
      "properties": {
        "id": 5018690547,
        "osm_type": "node",
        "opening_hours": "Mo-Fr 07:30-19:00; Sa 08:00-13:00"
      }
    },
    {
      "type": "Feature",
      "geometry": {
        "type": "Point",
        "coordinates": [
          11.5805804,
          48.1242445
        ]
      },
      "properties": {
        "id": 1358008218,
        "osm_type": "node",
        "name": "Kiosk & Cafe Keiser",
        "opening_hours": "Mo-Fr 06:30-22:00; Sa,Su 07:00-22:00"
      }
    },
    {
      "type": "Feature",
      "geometry": {
        "type": "Point",
        "coordinates": [
          11.577974,
          48.1300682
        ]
      },
      "properties": {
        "id": 3602045915,
        "osm_type": "node",
        "name": "R. Meier",
        "opening_hours": "Mo-Fr 07:30-18:00; Sa 08:30-16:00"
      }
    },
    {
      "type": "Feature",
      "geometry": {
        "type": "Point",
        "coordinates": [
          11.5798316,
          48.1320365
        ]
      },
      "properties": {
        "id": 3602045916,
        "osm_type": "node",
        "opening_hours": "Mo 10:00-14:00, 15:00-18:30; Tu-Th 08:30-14:00, 15:00-18:30; Fr 08:30-18:30; Sa 08:30-15:00"
      }
    },
    {
      "type": "Feature",
      "geometry": {
        "type": "Point",
        "coordinates": [
          11.5754896,
          48.1287827
        ]
      },
      "properties": {
        "id": 4946023500,
        "osm_type": "node",
        "name": "Isar Kiosk",
        "opening_hours": "Su-Th 09:00-00:00; Fr-Sa 09:00-01:00"
      }
    },
    {
      "type": "Feature",
      "geometry": {
        "type": "Point",
        "coordinates": [
          11.5739545,
          48.1297128
        ]
      },
      "properties": {
        "id": 6386067180,
        "osm_type": "node",
        "name": "abgefüllt & unverpackt",
        "opening_hours": "Mo-Fr 11:30-19:00; Sa 11:30-15:00"
      }
    },
    {
      "type": "Feature",
      "geometry": {
        "type": "Point",
        "coordinates": [
          11.5737671,
          48.1298438
        ]
      },
      "properties": {
        "id": 6651581992,
        "osm_type": "node",
        "name": "Tante Maria"
      }
    },
    {
      "type": "Feature",
      "geometry": {
        "type": "Point",
        "coordinates": [
          11.5750382,
          48.1312078
        ]
      },
      "properties": {
        "id": 10091880478,
        "osm_type": "node",
        "name": "Gärti",
        "opening_hours": "Mo-Th 18:00-00:00"
      }
    },
    {
      "type": "Feature",
      "geometry": {
        "type": "Point",
        "coordinates": [
          11.5760361,
          48.1308006
        ]
      },
      "properties": {
        "id": 13037712983,
        "osm_type": "node",
        "name": "Cafe Kiosk am Gärtnerplatz",
        "opening_hours": "Mo-Fr 07:00-24:00; Sa 08:00-02:00; Su 08:00-24:00"
      }
    },
    {
      "type": "Feature",
      "geometry": {
        "type": "Point",
        "coordinates": [
          11.5611219,
          48.1368141
        ]
      },
      "properties": {
        "id": 329118088,
        "osm_type": "node",
        "name": "Medyan Markt",
        "opening_hours": "Mo-Sa 08:00-22:00; Su 09:00-22:00"
      }
    },
    {
      "type": "Feature",
      "geometry": {
        "type": "Point",
        "coordinates": [
          11.5620899,
          48.1364268
        ]
      },
      "properties": {
        "id": 1722867357,
        "osm_type": "node",
        "name": "Hanin Shop"
      }
    },
    {
      "type": "Feature",
      "geometry": {
        "type": "Point",
        "coordinates": [
          11.5650133,
          48.1336626
        ]
      },
      "properties": {
        "id": 1889010109,
        "osm_type": "node",
        "name": "Pir Karim Kiosk",
        "opening_hours": "Mo-Su 06:00-22:00"
      }
    },
    {
      "type": "Feature",
      "geometry": {
        "type": "Point",
        "coordinates": [
          11.5616496,
          48.1375158
        ]
      },
      "properties": {
        "id": 6080493137,
        "osm_type": "node",
        "name": "Mira Markt"
      }
    },
    {
      "type": "Feature",
      "geometry": {
        "type": "Point",
        "coordinates": [
          11.5638144,
          48.1362357
        ]
      },
      "properties": {
        "id": 9254585750,
        "osm_type": "node",
        "name": "Al arabi"
      }
    },
    {
      "type": "Feature",
      "geometry": {
        "type": "Point",
        "coordinates": [
          11.5638557,
          48.1381747
        ]
      },
      "properties": {
        "id": 11112159816,
        "osm_type": "node",
        "name": "Hat Bazar",
        "opening_hours": "Mo-Sa 09:00-20:00"
      }
    },
    {
      "type": "Feature",
      "geometry": {
        "type": "Point",
        "coordinates": [
          11.5677267,
          48.1348744
        ]
      },
      "properties": {
        "id": 4535139489,
        "osm_type": "node",
        "name": "Surjas Hexenladen"
      }
    },
    {
      "type": "Feature",
      "geometry": {
        "type": "Point",
        "coordinates": [
          11.5607672,
          48.1455207
        ]
      },
      "properties": {
        "id": 13596563280,
        "osm_type": "node",
        "name": "Night Bites"
      }
    },
    {
      "type": "Feature",
      "geometry": {
        "type": "Point",
        "coordinates": [
          11.5777862,
          48.1361042
        ]
      },
      "properties": {
        "id": 699927129,
        "osm_type": "node"
      }
    },
    {
      "type": "Feature",
      "geometry": {
        "type": "Point",
        "coordinates": [
          11.574802,
          48.1374634
        ]
      },
      "properties": {
        "id": 701009949,
        "osm_type": "node",
        "name": "Lotterie Aubele",
        "opening_hours": "Mo-Sa 09:00-19:00"
      }
    },
    {
      "type": "Feature",
      "geometry": {
        "type": "Point",
        "coordinates": [
          11.5767401,
          48.1365988
        ]
      },
      "properties": {
        "id": 4217645689,
        "osm_type": "node",
        "name": "Cheese & More",
        "opening_hours": "Mo-Th 09:30-20:00; Fr,Sa 09:30-21:00; Su off"
      }
    },
    {
      "type": "Feature",
      "geometry": {
        "type": "Point",
        "coordinates": [
          11.5766744,
          48.1347748
        ]
      },
      "properties": {
        "id": 8883297343,
        "osm_type": "node",
        "name": "Goldenes Gickerl",
        "opening_hours": "Tu-Fr 08:00-18:00; Sa 08:00-16:00; Su,Mo,PH off"
      }
    },
    {
      "type": "Feature",
      "geometry": {
        "type": "Point",
        "coordinates": [
          11.5777962,
          48.136473
        ]
      },
      "properties": {
        "id": 10893428116,
        "osm_type": "node",
        "name": "Herzlshop"
      }
    },
    {
      "type": "Feature",
      "geometry": {
        "type": "Point",
        "coordinates": [
          11.5831425,
          48.1330912
        ]
      },
      "properties": {
        "id": 5392698751,
        "osm_type": "node",
        "name": "Wörl",
        "opening_hours": "Mo-Fr 08:30-18:00; Sa 09:00-15:00"
      }
    },
    {
      "type": "Feature",
      "geometry": {
        "type": "Point",
        "coordinates": [
          11.5825316,
          48.1339631
        ]
      },
      "properties": {
        "id": 9101747778,
        "osm_type": "node",
        "name": "Goldstück"
      }
    },
    {
      "type": "Feature",
      "geometry": {
        "type": "Point",
        "coordinates": [
          11.5846438,
          48.1413999
        ]
      },
      "properties": {
        "id": 291103864,
        "osm_type": "node",
        "name": "Lotto Annahmestelle",
        "opening_hours": "Mo-Fr 07:00-18:00; Sa 08:00-12:00"
      }
    },
    {
      "type": "Feature",
      "geometry": {
        "type": "Point",
        "coordinates": [
          11.5823511,
          48.1457126
        ]
      },
      "properties": {
        "id": 2431541947,
        "osm_type": "node",
        "name": "Feinkost La Baguette",
        "opening_hours": "Mo-Fr 08:00-16:00"
      }
    },
    {
      "type": "Feature",
      "geometry": {
        "type": "Point",
        "coordinates": [
          11.5907222,
          48.1012799
        ]
      },
      "properties": {
        "id": 12768987826,
        "osm_type": "node",
        "name": "DHL Paketshop 553",
        "opening_hours": "Mo-Sa 08:00-20:00; PH off"
      }
    },
    {
      "type": "Feature",
      "geometry": {
        "type": "Point",
        "coordinates": [
          11.5970893,
          48.102915
        ]
      },
      "properties": {
        "id": 305258389,
        "osm_type": "node",
        "name": "R.Hörl",
        "opening_hours": "Mo-Fr 06:00-19:00; Sa 08:00-19:00"
      }
    },
    {
      "type": "Feature",
      "geometry": {
        "type": "Point",
        "coordinates": [
          11.5953542,
          48.1097633
        ]
      },
      "properties": {
        "id": 3217563996,
        "osm_type": "node",
        "name": "Mecadinho"
      }
    },
    {
      "type": "Feature",
      "geometry": {
        "type": "Point",
        "coordinates": [
          11.5965593,
          48.1112299
        ]
      },
      "properties": {
        "id": 8917434349,
        "osm_type": "node"
      }
    },
    {
      "type": "Feature",
      "geometry": {
        "type": "Point",
        "coordinates": [
          11.5911026,
          48.1160665
        ]
      },
      "properties": {
        "id": 11963927189,
        "osm_type": "node",
        "name": "Mina Shop"
      }
    },
    {
      "type": "Feature",
      "geometry": {
        "type": "Point",
        "coordinates": [
          11.5934764,
          48.1151398
        ]
      },
      "properties": {
        "id": 303508299,
        "osm_type": "node",
        "name": "Werinher Kiosk",
        "opening_hours": "Mo-Th 08:30-13:00,14:00-19:00; Fr 08:00-19:00; Sa 08:00-14:00; PH off"
      }
    },
    {
      "type": "Feature",
      "geometry": {
        "type": "Point",
        "coordinates": [
          11.6034841,
          48.1099591
        ]
      },
      "properties": {
        "id": 260434521,
        "osm_type": "node",
        "name": "Supermarket Oltenia",
        "opening_hours": "Mo-Tu,Th 08:30-13:00,14:00-18:30; We,Fr 08:30-18:30; Sa 09:00-17:00"
      }
    },
    {
      "type": "Feature",
      "geometry": {
        "type": "Point",
        "coordinates": [
          11.6034615,
          48.1100301
        ]
      },
      "properties": {
        "id": 7655998776,
        "osm_type": "node",
        "name": "Magazin Romanesc Oltenia",
        "opening_hours": "Mo-Sa 10:00-19:00"
      }
    },
    {
      "type": "Feature",
      "geometry": {
        "type": "Point",
        "coordinates": [
          11.6038774,
          48.1072664
        ]
      },
      "properties": {
        "id": 9653456989,
        "osm_type": "node",
        "name": "Balanshop",
        "opening_hours": "Mo-Sa 08:30-20:00"
      }
    },
    {
      "type": "Feature",
      "geometry": {
        "type": "Point",
        "coordinates": [
          11.6098642,
          48.1179874
        ]
      },
      "properties": {
        "id": 1988313827,
        "osm_type": "node",
        "name": "Kapadokya Market",
        "opening_hours": "Mo-Fr 08:30-19:00; Sa 08:00-14:00"
      }
    },
    {
      "type": "Feature",
      "geometry": {
        "type": "Point",
        "coordinates": [
          11.6104983,
          48.1181286
        ]
      },
      "properties": {
        "id": 3626521967,
        "osm_type": "node",
        "name": "Grünwald's Schreibwaren",
        "opening_hours": "Mo-Fr 07:00-18:00; Sa 08:00-15:00"
      }
    },
    {
      "type": "Feature",
      "geometry": {
        "type": "Point",
        "coordinates": [
          11.6090683,
          48.119083
        ]
      },
      "properties": {
        "id": 7467328698,
        "osm_type": "node",
        "opening_hours": "Mo-Fr 09:00-19:00; Sa 09:00-18:00"
      }
    },
    {
      "type": "Feature",
      "geometry": {
        "type": "Point",
        "coordinates": [
          11.6170086,
          48.1149407
        ]
      },
      "properties": {
        "id": 9506026165,
        "osm_type": "node",
        "name": "Shell",
        "brand": "Shell"
      }
    },
    {
      "type": "Feature",
      "geometry": {
        "type": "Point",
        "coordinates": [
          11.6340965,
          48.1171115
        ]
      },
      "properties": {
        "id": 534627909,
        "osm_type": "node"
      }
    },
    {
      "type": "Feature",
      "geometry": {
        "type": "Point",
        "coordinates": [
          11.5990283,
          48.1253277
        ]
      },
      "properties": {
        "id": 12895140216,
        "osm_type": "node",
        "name": "Alwin Kiosk 2",
        "opening_hours": "Mo-Su 07:00-24:00"
      }
    },
    {
      "type": "Feature",
      "geometry": {
        "type": "Point",
        "coordinates": [
          11.5920124,
          48.1268411
        ]
      },
      "properties": {
        "id": 264647118,
        "osm_type": "node",
        "name": "Lotto Toto Marengo",
        "opening_hours": "Mo-Fr 08:00-18:00; Sa 08:00-14:30"
      }
    },
    {
      "type": "Feature",
      "geometry": {
        "type": "Point",
        "coordinates": [
          11.5888369,
          48.1314834
        ]
      },
      "properties": {
        "id": 5611562659,
        "osm_type": "node",
        "name": "Späti am Gasteig",
        "opening_hours": "Mo-Fr 12:00-23:00, Sa 12:00-01:00, Su 10:00-23:00"
      }
    },
    {
      "type": "Feature",
      "geometry": {
        "type": "Point",
        "coordinates": [
          11.5928826,
          48.1272576
        ]
      },
      "properties": {
        "id": 7611641239,
        "osm_type": "node",
        "name": "Orient-Markt",
        "opening_hours": "Mo-Fr 09:00-20:00; Sa 10:00-20:00"
      }
    },
    {
      "type": "Feature",
      "geometry": {
        "type": "Point",
        "coordinates": [
          11.5975288,
          48.1283836
        ]
      },
      "properties": {
        "id": 263880657,
        "osm_type": "node",
        "name": "Weltladen",
        "brand": "Weltladen",
        "opening_hours": "Mo-Sa 10:00-19:00; Su,PH off"
      }
    },
    {
      "type": "Feature",
      "geometry": {
        "type": "Point",
        "coordinates": [
          11.5992868,
          48.1279631
        ]
      },
      "properties": {
        "id": 263890469,
        "osm_type": "node",
        "name": "Fresh House",
        "opening_hours": "Mo-Sa 08:00-19:00"
      }
    },
    {
      "type": "Feature",
      "geometry": {
        "type": "Point",
        "coordinates": [
          11.5986004,
          48.1313682
        ]
      },
      "properties": {
        "id": 1198687814,
        "osm_type": "node",
        "name": "Kokolores",
        "opening_hours": "Mo-Fr 10:00-18:30; Sa 10:00-16:00"
      }
    },
    {
      "type": "Feature",
      "geometry": {
        "type": "Point",
        "coordinates": [
          11.5987174,
          48.1270969
        ]
      },
      "properties": {
        "id": 1300063477,
        "osm_type": "node",
        "name": "Julias Snack Corner"
      }
    },
    {
      "type": "Feature",
      "geometry": {
        "type": "Point",
        "coordinates": [
          11.5964564,
          48.1282011
        ]
      },
      "properties": {
        "id": 1302518798,
        "osm_type": "node",
        "name": "Go-Go Pizza",
        "opening_hours": "Mo-Fr 08:00-20:00; Sa 09:00-18:00; Su off"
      }
    },
    {
      "type": "Feature",
      "geometry": {
        "type": "Point",
        "coordinates": [
          11.5955258,
          48.1274345
        ]
      },
      "properties": {
        "id": 7933992153,
        "osm_type": "node",
        "name": "Jundi International Kiosk"
      }
    },
    {
      "type": "Feature",
      "geometry": {
        "type": "Point",
        "coordinates": [
          11.6059665,
          48.1245646
        ]
      },
      "properties": {
        "id": 9238820841,
        "osm_type": "node",
        "name": "Info-Kiosk Wunschbrunnen"
      }
    },
    {
      "type": "Feature",
      "geometry": {
        "type": "Point",
        "coordinates": [
          11.6038755,
          48.1303078
        ]
      },
      "properties": {
        "id": 334250933,
        "osm_type": "node",
        "name": "ÖkoEsel",
        "opening_hours": "Mo,Tu,Th,Fr 10:00-19:00; Sa 10:00-14:00; We,Su,PH off"
      }
    },
    {
      "type": "Feature",
      "geometry": {
        "type": "Point",
        "coordinates": [
          11.6048805,
          48.130154
        ]
      },
      "properties": {
        "id": 1318392356,
        "osm_type": "node",
        "name": "Jutta Engl",
        "opening_hours": "Mo,We-Fr 06:45-18:00; Tu 06:45-12:00; Sa 07:30-13:00"
      }
    },
    {
      "type": "Feature",
      "geometry": {
        "type": "Point",
        "coordinates": [
          11.6016889,
          48.1299353
        ]
      },
      "properties": {
        "id": 1358891455,
        "osm_type": "node",
        "name": "Haidhauser Kiosk",
        "opening_hours": "Mo-Sa 08:00-24:00; Su 10:00-24:00"
      }
    },
    {
      "type": "Feature",
      "geometry": {
        "type": "Point",
        "coordinates": [
          11.605053,
          48.1282467
        ]
      },
      "properties": {
        "id": 11040485036,
        "osm_type": "node",
        "name": "Simply Guad",
        "opening_hours": "Mo-Su 05:00-23:00"
      }
    },
    {
      "type": "Feature",
      "geometry": {
        "type": "Point",
        "coordinates": [
          11.6015247,
          48.1268512
        ]
      },
      "properties": {
        "id": 11255356883,
        "osm_type": "node",
        "name": "Call Shop",
        "opening_hours": "Mo-Su,PH 10:00-22:00"
      }
    },
    {
      "type": "Feature",
      "geometry": {
        "type": "Point",
        "coordinates": [
          11.5882108,
          48.1382682
        ]
      },
      "properties": {
        "id": 298716828,
        "osm_type": "node",
        "name": "Babas Kiosk"
      }
    },
    {
      "type": "Feature",
      "geometry": {
        "type": "Point",
        "coordinates": [
          11.5979225,
          48.1350571
        ]
      },
      "properties": {
        "id": 512192397,
        "osm_type": "node",
        "name": "Kiosk",
        "opening_hours": "Mo-Fr 09:30-12:30,15:00-18:00"
      }
    },
    {
      "type": "Feature",
      "geometry": {
        "type": "Point",
        "coordinates": [
          11.5977559,
          48.1359726
        ]
      },
      "properties": {
        "id": 1813637023,
        "osm_type": "node",
        "name": "Max- Weber Platzhirsch",
        "opening_hours": "Mo-Fr 07:00-18:00; Sa 07:00-13:00"
      }
    },
    {
      "type": "Feature",
      "geometry": {
        "type": "Point",
        "coordinates": [
          11.5885705,
          48.1415293
        ]
      },
      "properties": {
        "id": 292168585,
        "osm_type": "node"
      }
    },
    {
      "type": "Feature",
      "geometry": {
        "type": "Point",
        "coordinates": [
          11.58896,
          48.1436633
        ]
      },
      "properties": {
        "id": 10570665583,
        "osm_type": "node",
        "name": "Fräulein Grüneis",
        "opening_hours": "Mo-Fr 08:00-18:00; Sa,Su 10:00-18:00"
      }
    },
    {
      "type": "Feature",
      "geometry": {
        "type": "Point",
        "coordinates": [
          11.6092018,
          48.1365368
        ]
      },
      "properties": {
        "id": 8401815717,
        "osm_type": "node",
        "name": "Einstein Kiosk"
      }
    },
    {
      "type": "Feature",
      "geometry": {
        "type": "Point",
        "coordinates": [
          11.6094274,
          48.1365577
        ]
      },
      "properties": {
        "id": 12811445812,
        "osm_type": "node",
        "name": "GVG 24/7"
      }
    },
    {
      "type": "Feature",
      "geometry": {
        "type": "Point",
        "coordinates": [
          11.606762,
          48.139699
        ]
      },
      "properties": {
        "id": 1365799812,
        "osm_type": "node"
      }
    },
    {
      "type": "Feature",
      "geometry": {
        "type": "Point",
        "coordinates": [
          11.6170523,
          48.1219953
        ]
      },
      "properties": {
        "id": 277253661,
        "osm_type": "node"
      }
    },
    {
      "type": "Feature",
      "geometry": {
        "type": "Point",
        "coordinates": [
          11.615877,
          48.1204761
        ]
      },
      "properties": {
        "id": 3728072965,
        "osm_type": "node",
        "name": "Himmet Market",
        "opening_hours": "Mo-Sa 09:00-18:30"
      }
    },
    {
      "type": "Feature",
      "geometry": {
        "type": "Point",
        "coordinates": [
          11.6168702,
          48.1309718
        ]
      },
      "properties": {
        "id": 1360843105,
        "osm_type": "node",
        "name": "Kiosk Patu",
        "opening_hours": "Mo-Fr 07:00-19:00; Sa 07:00-17:00; Su,PH off"
      }
    },
    {
      "type": "Feature",
      "geometry": {
        "type": "Point",
        "coordinates": [
          11.6177136,
          48.1304481
        ]
      },
      "properties": {
        "id": 7020481476,
        "osm_type": "node",
        "name": "REWE To Go",
        "brand": "REWE To Go",
        "opening_hours": "24/7"
      }
    },
    {
      "type": "Feature",
      "geometry": {
        "type": "Point",
        "coordinates": [
          11.6226241,
          48.130026
        ]
      },
      "properties": {
        "id": 268616082,
        "osm_type": "node",
        "name": "TeleCenter",
        "opening_hours": "Mo-Fr 08:00-23:00; Sa 09:00-23:00; Su,PH 10:00-23:00"
      }
    },
    {
      "type": "Feature",
      "geometry": {
        "type": "Point",
        "coordinates": [
          11.6300505,
          48.1274645
        ]
      },
      "properties": {
        "id": 2971637853,
        "osm_type": "node",
        "name": "Aydin Supermarkt"
      }
    },
    {
      "type": "Feature",
      "geometry": {
        "type": "Point",
        "coordinates": [
          11.613379,
          48.1369961
        ]
      },
      "properties": {
        "id": 318708856,
        "osm_type": "node",
        "name": "Service Center Einhorn"
      }
    },
    {
      "type": "Feature",
      "geometry": {
        "type": "Point",
        "coordinates": [
          11.6150467,
          48.1379519
        ]
      },
      "properties": {
        "id": 1781889719,
        "osm_type": "node",
        "name": "iShop",
        "opening_hours": "Mo-Sa 09:30-19:00"
      }
    },
    {
      "type": "Feature",
      "geometry": {
        "type": "Point",
        "coordinates": [
          11.6152498,
          48.1371019
        ]
      },
      "properties": {
        "id": 1782353179,
        "osm_type": "node",
        "name": "Kani Kiosk"
      }
    },
    {
      "type": "Feature",
      "geometry": {
        "type": "Point",
        "coordinates": [
          11.6156806,
          48.1371553
        ]
      },
      "properties": {
        "id": 4872052777,
        "osm_type": "node",
        "name": "Hanf",
        "opening_hours": "Tu-Fr 11:00-19:00, Sa 11:00-16:00"
      }
    },
    {
      "type": "Feature",
      "geometry": {
        "type": "Point",
        "coordinates": [
          11.6151454,
          48.1370955
        ]
      },
      "properties": {
        "id": 9425101745,
        "osm_type": "node",
        "name": "Kani Kiosk"
      }
    },
    {
      "type": "Feature",
      "geometry": {
        "type": "Point",
        "coordinates": [
          11.6150677,
          48.1373469
        ]
      },
      "properties": {
        "id": 9950550772,
        "osm_type": "node",
        "name": "Sahan Supermarkt",
        "opening_hours": "Mo-Sa 08:00-20:00"
      }
    },
    {
      "type": "Feature",
      "geometry": {
        "type": "Point",
        "coordinates": [
          11.6207194,
          48.1412271
        ]
      },
      "properties": {
        "id": 307463744,
        "osm_type": "node",
        "name": "Kugehl Toto Lotto"
      }
    },
    {
      "type": "Feature",
      "geometry": {
        "type": "Point",
        "coordinates": [
          11.623068,
          48.1458087
        ]
      },
      "properties": {
        "id": 1742702519,
        "osm_type": "node",
        "name": "Bei Montis",
        "opening_hours": "Mo-Su 12:30-22:00; Mo off \"nur bei schlechtem Wetter\""
      }
    },
    {
      "type": "Feature",
      "geometry": {
        "type": "Point",
        "coordinates": [
          11.6518641,
          48.0631667
        ]
      },
      "properties": {
        "id": 3221715747,
        "osm_type": "node",
        "name": "Bavaria Petrol",
        "opening_hours": "Mo-Fr 06:00-22:00; Sa 07:00-22:00; PH,Su 08:00-22:00"
      }
    },
    {
      "type": "Feature",
      "geometry": {
        "type": "Point",
        "coordinates": [
          11.6651841,
          48.0586664
        ]
      },
      "properties": {
        "id": 13108570361,
        "osm_type": "node",
        "name": "Bilin Asia Markt",
        "opening_hours": "Mo-Sa 09:00-19:00"
      }
    },
    {
      "type": "Feature",
      "geometry": {
        "type": "Point",
        "coordinates": [
          11.6795191,
          48.0630803
        ]
      },
      "properties": {
        "id": 2802973801,
        "osm_type": "node",
        "name": "E-Kiosk",
        "opening_hours": "24/7"
      }
    },
    {
      "type": "Feature",
      "geometry": {
        "type": "Point",
        "coordinates": [
          11.678579,
          48.0628964
        ]
      },
      "properties": {
        "id": 4680244777,
        "osm_type": "node",
        "name": "Otto-Lotto-Tabak & Presse",
        "opening_hours": "Tu-Fr 08:00-18:00; Sa 07:30-12:30; Mo 09:00-18:00; Su,PH off"
      }
    },
    {
      "type": "Feature",
      "geometry": {
        "type": "Point",
        "coordinates": [
          11.6790413,
          48.0629561
        ]
      },
      "properties": {
        "id": 6299162142,
        "osm_type": "node",
        "name": "ServiceStore DB",
        "brand": "ServiceStore DB",
        "opening_hours": "Mo-Fr 06:00-19:30; Sa 07:00-19:30; Su,PH 07:00-19:30"
      }
    },
    {
      "type": "Feature",
      "geometry": {
        "type": "Point",
        "coordinates": [
          11.6791541,
          48.0634387
        ]
      },
      "properties": {
        "id": 12754264056,
        "osm_type": "node",
        "name": "Kiosk Ottobrunn"
      }
    },
    {
      "type": "Feature",
      "geometry": {
        "type": "Point",
        "coordinates": [
          11.6594941,
          48.0675011
        ]
      },
      "properties": {
        "id": 8933892888,
        "osm_type": "node",
        "name": "Der Lottotreff"
      }
    },
    {
      "type": "Feature",
      "geometry": {
        "type": "Point",
        "coordinates": [
          11.6442026,
          48.089638
        ]
      },
      "properties": {
        "id": 322556510,
        "osm_type": "node",
        "name": "Kiosk Neuperlach Süd",
        "opening_hours": "Mo-Fr 05:00-20:00; Sa 05:00-16:00; Su,PH closed"
      }
    },
    {
      "type": "Feature",
      "geometry": {
        "type": "Point",
        "coordinates": [
          11.6426542,
          48.0953974
        ]
      },
      "properties": {
        "id": 6411383637,
        "osm_type": "node",
        "name": "Maria Russische Spezialitäten",
        "opening_hours": "Tu-Fr 10:00-19:00; Sa 09:00-16:00; Su,Mo,PH off"
      }
    },
    {
      "type": "Feature",
      "geometry": {
        "type": "Point",
        "coordinates": [
          11.6439446,
          48.0998463
        ]
      },
      "properties": {
        "id": 8710868519,
        "osm_type": "node",
        "name": "BAL",
        "opening_hours": "Mo-Sa 08:00-20:00"
      }
    },
    {
      "type": "Feature",
      "geometry": {
        "type": "Point",
        "coordinates": [
          11.6456969,
          48.1063814
        ]
      },
      "properties": {
        "id": 9862381191,
        "osm_type": "node",
        "opening_hours": "Mo-Sa 08:00-19:00"
      }
    },
    {
      "type": "Feature",
      "geometry": {
        "type": "Point",
        "coordinates": [
          11.6461818,
          48.1013394
        ]
      },
      "properties": {
        "id": 12669892590,
        "osm_type": "node"
      }
    },
    {
      "type": "Feature",
      "geometry": {
        "type": "Point",
        "coordinates": [
          11.6533122,
          48.099031
        ]
      },
      "properties": {
        "id": 1576479378,
        "osm_type": "node",
        "name": "Tim's Kiosk",
        "opening_hours": "Mo-Sa 09:30-19:30"
      }
    },
    {
      "type": "Feature",
      "geometry": {
        "type": "Point",
        "coordinates": [
          11.6542413,
          48.098604
        ]
      },
      "properties": {
        "id": 6115497695,
        "osm_type": "node",
        "name": "Umut",
        "opening_hours": "Mo-Sa 08:00-20:00"
      }
    },
    {
      "type": "Feature",
      "geometry": {
        "type": "Point",
        "coordinates": [
          11.6532375,
          48.0990801
        ]
      },
      "properties": {
        "id": 10581635938,
        "osm_type": "node",
        "name": "Kiosk",
        "opening_hours": "Mo-Su,PH 11:30-22:30"
      }
    },
    {
      "type": "Feature",
      "geometry": {
        "type": "Point",
        "coordinates": [
          11.6501641,
          48.1087933
        ]
      },
      "properties": {
        "id": 2381642157,
        "osm_type": "node",
        "name": "Quidde Snackhouse",
        "opening_hours": "Mo-Sa 10:00-19:00"
      }
    },
    {
      "type": "Feature",
      "geometry": {
        "type": "Point",
        "coordinates": [
          11.6756339,
          48.111911
        ]
      },
      "properties": {
        "id": 270507115,
        "osm_type": "node",
        "name": "Lotto Toto",
        "opening_hours": "Tu-Fr 07:30-18:00; Sa 07:30-12:00; Mo 16:00-18:00"
      }
    },
    {
      "type": "Feature",
      "geometry": {
        "type": "Point",
        "coordinates": [
          11.6405524,
          48.1250111
        ]
      },
      "properties": {
        "id": 13458319058,
        "osm_type": "node",
        "name": "Tante Emmas Kiosk"
      }
    },
    {
      "type": "Feature",
      "geometry": {
        "type": "Point",
        "coordinates": [
          11.6484381,
          48.125258
        ]
      },
      "properties": {
        "id": 9519144833,
        "osm_type": "node",
        "name": "Shell Shop",
        "brand": "Shell Shop",
        "opening_hours": "PH,Mo-Su 06:00-22:00"
      }
    },
    {
      "type": "Feature",
      "geometry": {
        "type": "Point",
        "coordinates": [
          11.6575145,
          48.1235574
        ]
      },
      "properties": {
        "id": 279841004,
        "osm_type": "node",
        "name": "Sahan Supermarkt",
        "opening_hours": "Mo-Sa 08:00-20:00"
      }
    },
    {
      "type": "Feature",
      "geometry": {
        "type": "Point",
        "coordinates": [
          11.663883,
          48.121357
        ]
      },
      "properties": {
        "id": 5015642687,
        "osm_type": "node",
        "name": "Lebensmittel und Getränkemarkt in Allguth",
        "opening_hours": "Mo-Su 06:00-22:00"
      }
    },
    {
      "type": "Feature",
      "geometry": {
        "type": "Point",
        "coordinates": [
          11.6638479,
          48.1221197
        ]
      },
      "properties": {
        "id": 5015642688,
        "osm_type": "node",
        "name": "Lebensmittel und Getränkemarkt in Allguth",
        "opening_hours": "Mo-Su 06:00-22:00"
      }
    },
    {
      "type": "Feature",
      "geometry": {
        "type": "Point",
        "coordinates": [
          11.663404,
          48.1257381
        ]
      },
      "properties": {
        "id": 9986585059,
        "osm_type": "node",
        "opening_hours": "Mo-Fr 07:30-19:00; Sa 08:00-18:00"
      }
    },
    {
      "type": "Feature",
      "geometry": {
        "type": "Point",
        "coordinates": [
          11.6538989,
          48.1280665
        ]
      },
      "properties": {
        "id": 5757354368,
        "osm_type": "node",
        "name": "Spar Express",
        "brand": "Spar",
        "opening_hours": "Mo 08:00-22:00, Tu-Th 06:00-22:00, Fr 08:00-22:00, Sa 06:00-22:00, Su 08:00-22:00"
      }
    },
    {
      "type": "Feature",
      "geometry": {
        "type": "Point",
        "coordinates": [
          11.6629104,
          48.1338122
        ]
      },
      "properties": {
        "id": 1404489924,
        "osm_type": "node",
        "name": "Löhr&Partner Werbeagentur"
      }
    },
    {
      "type": "Feature",
      "geometry": {
        "type": "Point",
        "coordinates": [
          11.6629763,
          48.1340082
        ]
      },
      "properties": {
        "id": 1404600975,
        "osm_type": "node",
        "name": "Lotto Totto Annahme"
      }
    },
    {
      "type": "Feature",
      "geometry": {
        "type": "Point",
        "coordinates": [
          11.6736982,
          48.1261446
        ]
      },
      "properties": {
        "id": 9664200755,
        "osm_type": "node",
        "name": "Liesl's Biererlebnis",
        "opening_hours": "We-Fr 15:00-19:00; Sa 10:00-14:00; Su-Tu,PH off"
      }
    },
    {
      "type": "Feature",
      "geometry": {
        "type": "Point",
        "coordinates": [
          11.6723439,
          48.1340028
        ]
      },
      "properties": {
        "id": 8730617675,
        "osm_type": "node",
        "name": "Kleingarten Verein"
      }
    },
    {
      "type": "Feature",
      "geometry": {
        "type": "Point",
        "coordinates": [
          11.714205,
          48.1105793
        ]
      },
      "properties": {
        "id": 8090315770,
        "osm_type": "node",
        "name": "Esso",
        "brand": "Esso",
        "opening_hours": "Mo-Fr 06:00-22:00; Sa,Su,PH 07:00-22:00"
      }
    },
    {
      "type": "Feature",
      "geometry": {
        "type": "Point",
        "coordinates": [
          11.7113132,
          48.1113897
        ]
      },
      "properties": {
        "id": 12658009901,
        "osm_type": "node",
        "name": "Kiosk & DHL Shop",
        "opening_hours": "Mo-Fr 09:00-12:00, 13:00-20:00; Sa 09:00-16:00"
      }
    },
    {
      "type": "Feature",
      "geometry": {
        "type": "Point",
        "coordinates": [
          11.7197204,
          48.1086563
        ]
      },
      "properties": {
        "id": 1328528879,
        "osm_type": "node",
        "name": "Kösem Supermarkt",
        "opening_hours": "Mo-Sa 07:00-20:00"
      }
    },
    {
      "type": "Feature",
      "geometry": {
        "type": "Point",
        "coordinates": [
          11.7237859,
          48.1088343
        ]
      },
      "properties": {
        "id": 12285646619,
        "osm_type": "node",
        "name": "Global Corner"
      }
    },
    {
      "type": "Feature",
      "geometry": {
        "type": "Point",
        "coordinates": [
          11.7262338,
          48.1084376
        ]
      },
      "properties": {
        "id": 2037999464,
        "osm_type": "node",
        "name": "Der Kiosk mit Imbiss",
        "opening_hours": "Tu-Su 10:00-21:00; Mo 12:00-21:00"
      }
    },
    {
      "type": "Feature",
      "geometry": {
        "type": "Point",
        "coordinates": [
          11.7304634,
          48.1075324
        ]
      },
      "properties": {
        "id": 3186923501,
        "osm_type": "node",
        "name": "Tabak Barthel",
        "opening_hours": "Mo-Fr 07:30-19:30; Sa 08:00-19:00"
      }
    },
    {
      "type": "Feature",
      "geometry": {
        "type": "Point",
        "coordinates": [
          11.7307232,
          48.1110633
        ]
      },
      "properties": {
        "id": 12950313612,
        "osm_type": "node",
        "name": "avec",
        "opening_hours": "Mo-Fr 05:30-20:00; Sa 06:00-20:00; Su,PH 07:00-20:00"
      }
    },
    {
      "type": "Feature",
      "geometry": {
        "type": "Point",
        "coordinates": [
          11.7425959,
          48.1161795
        ]
      },
      "properties": {
        "id": 13525778555,
        "osm_type": "node",
        "name": "Aldi",
        "opening_hours": "Mo-Sa 8:00-20:00"
      }
    },
    {
      "type": "Feature",
      "geometry": {
        "type": "Point",
        "coordinates": [
          11.6972901,
          48.1296286
        ]
      },
      "properties": {
        "id": 1299995565,
        "osm_type": "node",
        "name": "Tim's Kiosk",
        "opening_hours": "Mo-Sa 09:00-22:00; Su 10:00-22:00"
      }
    },
    {
      "type": "Feature",
      "geometry": {
        "type": "Point",
        "coordinates": [
          11.7029442,
          48.1296637
        ]
      },
      "properties": {
        "id": 1742775660,
        "osm_type": "node",
        "name": "Tante Emma Cafe",
        "opening_hours": "Tu-Fr 08:00-13:30,15:30-18:00; Sa 08:00-17:00; Su,Mo,PH off"
      }
    },
    {
      "type": "Feature",
      "geometry": {
        "type": "Point",
        "coordinates": [
          11.7096727,
          48.1287841
        ]
      },
      "properties": {
        "id": 440879460,
        "osm_type": "node",
        "name": "See Kiosk",
        "opening_hours": "\"nur bei gutem Wetter und Badebetrieb\""
      }
    },
    {
      "type": "Feature",
      "geometry": {
        "type": "Point",
        "coordinates": [
          11.5348613,
          48.1488257
        ]
      },
      "properties": {
        "id": 10780535916,
        "osm_type": "node",
        "name": "Lotto Goebels",
        "brand": "Hermes",
        "opening_hours": "Mo-Sa 06:00-18:00"
      }
    },
    {
      "type": "Feature",
      "geometry": {
        "type": "Point",
        "coordinates": [
          11.5422192,
          48.1522126
        ]
      },
      "properties": {
        "id": 315953208,
        "osm_type": "node",
        "name": "Pela",
        "opening_hours": "Mo-Fr 10:00-19:00; Sa,Su,PH off"
      }
    },
    {
      "type": "Feature",
      "geometry": {
        "type": "Point",
        "coordinates": [
          11.5361897,
          48.1540256
        ]
      },
      "properties": {
        "id": 722990690,
        "osm_type": "node",
        "name": "Getränke & Tabakwaren Bro",
        "brand": "Deutsche Post",
        "opening_hours": "Mo-Fr 08:00-20:00; Sa 09:30-20:00"
      }
    },
    {
      "type": "Feature",
      "geometry": {
        "type": "Point",
        "coordinates": [
          11.5365604,
          48.1580672
        ]
      },
      "properties": {
        "id": 3783525354,
        "osm_type": "node",
        "name": "Sebahat´s Feinkost",
        "opening_hours": "Mo-Fr 07:00-17:00"
      }
    },
    {
      "type": "Feature",
      "geometry": {
        "type": "Point",
        "coordinates": [
          11.5346909,
          48.1531867
        ]
      },
      "properties": {
        "id": 9703010560,
        "osm_type": "node",
        "name": "Leonrod Kiosk",
        "opening_hours": "Mo-Sa 08:00-20:00"
      }
    },
    {
      "type": "Feature",
      "geometry": {
        "type": "Point",
        "coordinates": [
          11.5379226,
          48.1545385
        ]
      },
      "properties": {
        "id": 10223806051,
        "osm_type": "node",
        "name": "Yasser Supermarkt"
      }
    },
    {
      "type": "Feature",
      "geometry": {
        "type": "Point",
        "coordinates": [
          11.5390187,
          48.1525922
        ]
      },
      "properties": {
        "id": 11770440174,
        "osm_type": "node",
        "name": "Fanny Tienda Latina",
        "opening_hours": "Tu-Sa 10:00-13:00, 13:30-18:00"
      }
    },
    {
      "type": "Feature",
      "geometry": {
        "type": "Point",
        "coordinates": [
          11.5539035,
          48.1504704
        ]
      },
      "properties": {
        "id": 6533832810,
        "osm_type": "node"
      }
    },
    {
      "type": "Feature",
      "geometry": {
        "type": "Point",
        "coordinates": [
          11.5567101,
          48.1516555
        ]
      },
      "properties": {
        "id": 4213892307,
        "osm_type": "node",
        "name": "Total Späti",
        "opening_hours": "Mo-Su 08:00-24:00"
      }
    },
    {
      "type": "Feature",
      "geometry": {
        "type": "Point",
        "coordinates": [
          11.5580431,
          48.1498761
        ]
      },
      "properties": {
        "id": 4948386421,
        "osm_type": "node",
        "name": "Treemans Store",
        "opening_hours": "Mo-Fr 07:00-18:00; Sa 08:00-17:00"
      }
    },
    {
      "type": "Feature",
      "geometry": {
        "type": "Point",
        "coordinates": [
          11.5585901,
          48.147655
        ]
      },
      "properties": {
        "id": 10760235696,
        "osm_type": "node",
        "opening_hours": "Mo-Fr 06:00-18:00"
      }
    },
    {
      "type": "Feature",
      "geometry": {
        "type": "Point",
        "coordinates": [
          11.553404,
          48.1542358
        ]
      },
      "properties": {
        "id": 442006818,
        "osm_type": "node",
        "name": "Ihr Frischmarkt an der Uni"
      }
    },
    {
      "type": "Feature",
      "geometry": {
        "type": "Point",
        "coordinates": [
          11.5585568,
          48.1570084
        ]
      },
      "properties": {
        "id": 2773665321,
        "osm_type": "node"
      }
    },
    {
      "type": "Feature",
      "geometry": {
        "type": "Point",
        "coordinates": [
          11.5404164,
          48.1636642
        ]
      },
      "properties": {
        "id": 9418688671,
        "osm_type": "node",
        "name": "Seven Days"
      }
    },
    {
      "type": "Feature",
      "geometry": {
        "type": "Point",
        "coordinates": [
          11.5371674,
          48.1634992
        ]
      },
      "properties": {
        "id": 12943709573,
        "osm_type": "node",
        "name": "REWE To Go",
        "brand": "REWE To Go",
        "opening_hours": "24/7"
      }
    },
    {
      "type": "Feature",
      "geometry": {
        "type": "Point",
        "coordinates": [
          11.5438499,
          48.1630778
        ]
      },
      "properties": {
        "id": 1106569897,
        "osm_type": "node",
        "name": "Nadyas Papeterie",
        "opening_hours": "Mo-Fr 07:30-10:00,11:00-14:00,15:00-17:00; Sa 09:00-12:00"
      }
    },
    {
      "type": "Feature",
      "geometry": {
        "type": "Point",
        "coordinates": [
          11.5436422,
          48.1630022
        ]
      },
      "properties": {
        "id": 6480125485,
        "osm_type": "node",
        "name": "Ökoesel",
        "opening_hours": "Mo, We, Fr 10:00-19:00; Sa 10:00-15:00"
      }
    },
    {
      "type": "Feature",
      "geometry": {
        "type": "Point",
        "coordinates": [
          11.5612501,
          48.149609
        ]
      },
      "properties": {
        "id": 244038474,
        "osm_type": "node",
        "name": "Welt Kiosk",
        "opening_hours": "Mo-Sa 08:00-23:00"
      }
    },
    {
      "type": "Feature",
      "geometry": {
        "type": "Point",
        "coordinates": [
          11.5646683,
          48.1515623
        ]
      },
      "properties": {
        "id": 1124807599,
        "osm_type": "node",
        "name": "Bollywood Store",
        "opening_hours": "Mo-Sa 09:30-20:00; Su,PH off"
      }
    },
    {
      "type": "Feature",
      "geometry": {
        "type": "Point",
        "coordinates": [
          11.5641326,
          48.1513306
        ]
      },
      "properties": {
        "id": 2285924176,
        "osm_type": "node",
        "name": "Schreib- und Tabakwaren",
        "opening_hours": "Mo-Fr 06:30-19:00; Sa 07:00-18:00"
      }
    },
    {
      "type": "Feature",
      "geometry": {
        "type": "Point",
        "coordinates": [
          11.5733624,
          48.1514363
        ]
      },
      "properties": {
        "id": 1573738316,
        "osm_type": "node",
        "name": "Cafékiosk",
        "opening_hours": "Mo-Th 06:00-24:00, Fr,Sa 07:00-02:00, Su,PH 09:00-24:00"
      }
    },
    {
      "type": "Feature",
      "geometry": {
        "type": "Point",
        "coordinates": [
          11.5703482,
          48.1515406
        ]
      },
      "properties": {
        "id": 1813639570,
        "osm_type": "node",
        "name": "Kirschblüte Geschenke"
      }
    },
    {
      "type": "Feature",
      "geometry": {
        "type": "Point",
        "coordinates": [
          11.5617342,
          48.1562203
        ]
      },
      "properties": {
        "id": 366112845,
        "osm_type": "node",
        "name": "Späti 69",
        "opening_hours": "Mo-Th 06:00-24:00; Fr 06:00-02:00, Sa 08:00-02:00, Su 08:00-24:00"
      }
    },
    {
      "type": "Feature",
      "geometry": {
        "type": "Point",
        "coordinates": [
          11.5625314,
          48.1573996
        ]
      },
      "properties": {
        "id": 1481084485,
        "osm_type": "node",
        "name": "Amuri"
      }
    },
    {
      "type": "Feature",
      "geometry": {
        "type": "Point",
        "coordinates": [
          11.565504,
          48.152794
        ]
      },
      "properties": {
        "id": 1573738307,
        "osm_type": "node",
        "name": "Asiamarkt",
        "opening_hours": "Mo-Fr 10:00-19:00; Sa 10:00-14:30"
      }
    },
    {
      "type": "Feature",
      "geometry": {
        "type": "Point",
        "coordinates": [
          11.5608982,
          48.1539906
        ]
      },
      "properties": {
        "id": 3080746151,
        "osm_type": "node",
        "name": "Welt Kiosk"
      }
    },
    {
      "type": "Feature",
      "geometry": {
        "type": "Point",
        "coordinates": [
          11.5655012,
          48.1527895
        ]
      },
      "properties": {
        "id": 8827369693,
        "osm_type": "node",
        "name": "Asia Markt Maxvorstadt",
        "opening_hours": "Mo-Fr 10:00-19:00; Sa 10:00-14:30"
      }
    },
    {
      "type": "Feature",
      "geometry": {
        "type": "Point",
        "coordinates": [
          11.5717656,
          48.1572981
        ]
      },
      "properties": {
        "id": 1361600345,
        "osm_type": "node",
        "name": "Rinke",
        "opening_hours": "Mo-Tu 07:00-14:00; We-Fr 07:00-18:30; Sa 08:00-14:00"
      }
    },
    {
      "type": "Feature",
      "geometry": {
        "type": "Point",
        "coordinates": [
          11.5677785,
          48.1566796
        ]
      },
      "properties": {
        "id": 1788272621,
        "osm_type": "node",
        "name": "Adnan's Feinkost",
        "opening_hours": "Mo-Sa 07:00-20:00, PH off"
      }
    },
    {
      "type": "Feature",
      "geometry": {
        "type": "Point",
        "coordinates": [
          11.5751529,
          48.1506055
        ]
      },
      "properties": {
        "id": 1005405891,
        "osm_type": "node",
        "name": "Sina",
        "opening_hours": "Mo-Su 07:00-02:00"
      }
    },
    {
      "type": "Feature",
      "geometry": {
        "type": "Point",
        "coordinates": [
          11.5747771,
          48.1520979
        ]
      },
      "properties": {
        "id": 2335153733,
        "osm_type": "node",
        "name": "mex Art"
      }
    },
    {
      "type": "Feature",
      "geometry": {
        "type": "Point",
        "coordinates": [
          11.5787982,
          48.1495746
        ]
      },
      "properties": {
        "id": 2589265328,
        "osm_type": "node",
        "name": "TelNet Kiosk und Handy Reperatur"
      }
    },
    {
      "type": "Feature",
      "geometry": {
        "type": "Point",
        "coordinates": [
          11.5778794,
          48.1498236
        ]
      },
      "properties": {
        "id": 5768821507,
        "osm_type": "node",
        "name": "Bites and Delights",
        "opening_hours": "24/7"
      }
    },
    {
      "type": "Feature",
      "geometry": {
        "type": "Point",
        "coordinates": [
          11.5777693,
          48.1495068
        ]
      },
      "properties": {
        "id": 6420639584,
        "osm_type": "node",
        "name": "Amalien Kiosk",
        "opening_hours": "Mo-Th 08:00-01:00 ; Fr 08:00-02:00 ; Sa 09:00-02:00 ; Fr 10:00-01:00"
      }
    },
    {
      "type": "Feature",
      "geometry": {
        "type": "Point",
        "coordinates": [
          11.5743816,
          48.1506098
        ]
      },
      "properties": {
        "id": 11952092556,
        "osm_type": "node",
        "name": "Cafe Kiosk",
        "opening_hours": "Mo-Su,PH 09:00-24:00"
      }
    },
    {
      "type": "Feature",
      "geometry": {
        "type": "Point",
        "coordinates": [
          11.584139,
          48.150034
        ]
      },
      "properties": {
        "id": 4466391974,
        "osm_type": "node",
        "name": "zeiTLos Kiosk",
        "opening_hours": "Mo-Fr 07:15-18:00"
      }
    },
    {
      "type": "Feature",
      "geometry": {
        "type": "Point",
        "coordinates": [
          11.5810564,
          48.1515986
        ]
      },
      "properties": {
        "id": 4532822625,
        "osm_type": "node",
        "name": "Billy’s",
        "opening_hours": "Mo-Fr 08:00-18:30; Sa,Su,Ph Off"
      }
    },
    {
      "type": "Feature",
      "geometry": {
        "type": "Point",
        "coordinates": [
          11.5755216,
          48.1538067
        ]
      },
      "properties": {
        "id": 9225247609,
        "osm_type": "node",
        "name": "Nordend Café Kiosk",
        "opening_hours": "Tu-Fr 07:30-18:00; Mo 07:30-14:00"
      }
    },
    {
      "type": "Feature",
      "geometry": {
        "type": "Point",
        "coordinates": [
          11.5836093,
          48.1558489
        ]
      },
      "properties": {
        "id": 6258685366,
        "osm_type": "node",
        "name": "Frisch Backstube"
      }
    },
    {
      "type": "Feature",
      "geometry": {
        "type": "Point",
        "coordinates": [
          11.5848958,
          48.1588282
        ]
      },
      "properties": {
        "id": 6651372678,
        "osm_type": "node",
        "name": "Leopolder Kiosk",
        "opening_hours": "Mo-Fr 08:00-00:00, Sa-Su 09:00-00:00"
      }
    },
    {
      "type": "Feature",
      "geometry": {
        "type": "Point",
        "coordinates": [
          11.5843696,
          48.1572207
        ]
      },
      "properties": {
        "id": 11307152920,
        "osm_type": "node",
        "name": "Kiosk",
        "opening_hours": "Mo-Th 07:00-17:00; Fr 07:00-14:00"
      }
    },
    {
      "type": "Feature",
      "geometry": {
        "type": "Point",
        "coordinates": [
          11.5648434,
          48.164866
        ]
      },
      "properties": {
        "id": 5630597750,
        "osm_type": "node",
        "name": "Guru Kiosk & Lebensmittel",
        "opening_hours": "Mo-Sa 09:00-22:00; Su 10:00-20:00"
      }
    },
    {
      "type": "Feature",
      "geometry": {
        "type": "Point",
        "coordinates": [
          11.5630221,
          48.1611302
        ]
      },
      "properties": {
        "id": 11200893545,
        "osm_type": "node",
        "name": "Alhaidar",
        "opening_hours": "Su-Th 10:00-22:00; Fr,Sa 10:00-23:00"
      }
    },
    {
      "type": "Feature",
      "geometry": {
        "type": "Point",
        "coordinates": [
          11.5629937,
          48.1611275
        ]
      },
      "properties": {
        "id": 12676323907,
        "osm_type": "node",
        "name": "Nordbad Kiosk",
        "opening_hours": "Su-Th 10:00-22:00; Fr,Sa 10:00-23:00"
      }
    },
    {
      "type": "Feature",
      "geometry": {
        "type": "Point",
        "coordinates": [
          11.5734916,
          48.1604087
        ]
      },
      "properties": {
        "id": 1788320564,
        "osm_type": "node",
        "name": "Mirabella Fruchthaus",
        "opening_hours": "Mo-Fr 08:00-20:00, Sa 08:00-19:00"
      }
    },
    {
      "type": "Feature",
      "geometry": {
        "type": "Point",
        "coordinates": [
          11.5719614,
          48.1626941
        ]
      },
      "properties": {
        "id": 11114951133,
        "osm_type": "node",
        "name": "Kiosk Herzog93",
        "opening_hours": "Mo-Th 08:00-23:00; Fr-Sa 08:00-24:00; Su 09:00-23:00"
      }
    },
    {
      "type": "Feature",
      "geometry": {
        "type": "Point",
        "coordinates": [
          11.5640419,
          48.1699539
        ]
      },
      "properties": {
        "id": 366129863,
        "osm_type": "node",
        "name": "Kiosk Leo",
        "opening_hours": "Mo-Fr 07:00-19:00; Sa 08:00-18:00"
      }
    },
    {
      "type": "Feature",
      "geometry": {
        "type": "Point",
        "coordinates": [
          11.5646138,
          48.1675822
        ]
      },
      "properties": {
        "id": 563705546,
        "osm_type": "node",
        "name": "Ackermann Kiosk"
      }
    },
    {
      "type": "Feature",
      "geometry": {
        "type": "Point",
        "coordinates": [
          11.5750962,
          48.1601414
        ]
      },
      "properties": {
        "id": 1814654853,
        "osm_type": "node",
        "opening_hours": "Mo-Fr 06:30-19:00; Sa 07:00-16:00; PH off"
      }
    },
    {
      "type": "Feature",
      "geometry": {
        "type": "Point",
        "coordinates": [
          11.5778423,
          48.1602264
        ]
      },
      "properties": {
        "id": 2485185122,
        "osm_type": "node",
        "name": "Happy Kiosk",
        "opening_hours": "Mo-Sa 10:00-20:00; Su,PH off"
      }
    },
    {
      "type": "Feature",
      "geometry": {
        "type": "Point",
        "coordinates": [
          11.5737711,
          48.1603976
        ]
      },
      "properties": {
        "id": 3248845754,
        "osm_type": "node",
        "name": "Schwabinger Kiosk",
        "opening_hours": "07:00-24:00"
      }
    },
    {
      "type": "Feature",
      "geometry": {
        "type": "Point",
        "coordinates": [
          11.5739703,
          48.1605605
        ]
      },
      "properties": {
        "id": 3687385066,
        "osm_type": "node",
        "name": "Mina Shop",
        "opening_hours": "07:00-02:00"
      }
    },
    {
      "type": "Feature",
      "geometry": {
        "type": "Point",
        "coordinates": [
          11.5754183,
          48.159959
        ]
      },
      "properties": {
        "id": 8503092017,
        "osm_type": "node",
        "name": "e-Kiosk",
        "opening_hours": "24/7"
      }
    },
    {
      "type": "Feature",
      "geometry": {
        "type": "Point",
        "coordinates": [
          11.5751903,
          48.1608184
        ]
      },
      "properties": {
        "id": 10313571863,
        "osm_type": "node",
        "name": "Star Tabak",
        "opening_hours": "Tu-Fr 09:00-18:00; Sa 10:00-13:00; Su,PH off; Mo 10:00-18:00"
      }
    },
    {
      "type": "Feature",
      "geometry": {
        "type": "Point",
        "coordinates": [
          11.574621,
          48.1616285
        ]
      },
      "properties": {
        "id": 11584754762,
        "osm_type": "node",
        "name": "Kiosk 2",
        "opening_hours": "Mo-Th 09:00-23:30"
      }
    },
    {
      "type": "Feature",
      "geometry": {
        "type": "Point",
        "coordinates": [
          11.5822691,
          48.1623332
        ]
      },
      "properties": {
        "id": 1798477924,
        "osm_type": "node",
        "name": "Moda"
      }
    },
    {
      "type": "Feature",
      "geometry": {
        "type": "Point",
        "coordinates": [
          11.581137,
          48.1598041
        ]
      },
      "properties": {
        "id": 6984584548,
        "osm_type": "node",
        "name": "Ben and Bred",
        "opening_hours": "24/7"
      }
    },
    {
      "type": "Feature",
      "geometry": {
        "type": "Point",
        "coordinates": [
          11.5867181,
          48.1647745
        ]
      },
      "properties": {
        "id": 13507358049,
        "osm_type": "node",
        "name": "Kiosk To Go"
      }
    },
    {
      "type": "Feature",
      "geometry": {
        "type": "Point",
        "coordinates": [
          11.5781612,
          48.1706692
        ]
      },
      "properties": {
        "id": 8486572955,
        "osm_type": "node",
        "name": "Mini-Markt",
        "opening_hours": "Mo-Fr 07:00-15:00"
      }
    },
    {
      "type": "Feature",
      "geometry": {
        "type": "Point",
        "coordinates": [
          11.5866625,
          48.1679544
        ]
      },
      "properties": {
        "id": 12524992724,
        "osm_type": "node",
        "name": "Potsdamer Kiosk",
        "opening_hours": "Mo-Fr 09:00-23:00; Sa-Su 12:00-23:00"
      }
    },
    {
      "type": "Feature",
      "geometry": {
        "type": "Point",
        "coordinates": [
          11.556478,
          48.1786309
        ]
      },
      "properties": {
        "id": 2748315192,
        "osm_type": "node",
        "name": "U-Bahn-Kiosk III",
        "opening_hours": "Mo-Fr 05:00-20:00; Sa,Su,PH 08:00-20:00"
      }
    },
    {
      "type": "Feature",
      "geometry": {
        "type": "Point",
        "coordinates": [
          11.5527503,
          48.1815339
        ]
      },
      "properties": {
        "id": 372848715,
        "osm_type": "node",
        "name": "BioInjel",
        "opening_hours": "Mo-Fr 09:00-19:30; Sa 09:00-17:00"
      }
    },
    {
      "type": "Feature",
      "geometry": {
        "type": "Point",
        "coordinates": [
          11.552829,
          48.1816393
        ]
      },
      "properties": {
        "id": 8381669021,
        "osm_type": "node",
        "name": "Panda Asia Markt",
        "opening_hours": "Mo-Sa 10:00-20:00"
      }
    },
    {
      "type": "Feature",
      "geometry": {
        "type": "Point",
        "coordinates": [
          11.5554153,
          48.1801618
        ]
      },
      "properties": {
        "id": 9337416704,
        "osm_type": "node"
      }
    },
    {
      "type": "Feature",
      "geometry": {
        "type": "Point",
        "coordinates": [
          11.5613194,
          48.1734841
        ]
      },
      "properties": {
        "id": 9812959412,
        "osm_type": "node",
        "name": "Backwaren-Stehcafe",
        "opening_hours": "Mo-Sa 07:00-20:00; Su,PH 12:00-22:00"
      }
    },
    {
      "type": "Feature",
      "geometry": {
        "type": "Point",
        "coordinates": [
          11.5655017,
          48.174504
        ]
      },
      "properties": {
        "id": 10253493447,
        "osm_type": "node",
        "opening_hours": "Mo-We 07:30-18:00; Th 07:30-13:00; Fr 07:30-18:30"
      }
    },
    {
      "type": "Feature",
      "geometry": {
        "type": "Point",
        "coordinates": [
          11.5732436,
          48.1818367
        ]
      },
      "properties": {
        "id": 450517355,
        "osm_type": "node",
        "name": "Milbertshofener Kiosk",
        "opening_hours": "Mo-Fr 07:00-23:00; PH,Sa,Su 08:00-23:00"
      }
    },
    {
      "type": "Feature",
      "geometry": {
        "type": "Point",
        "coordinates": [
          11.5727719,
          48.1829886
        ]
      },
      "properties": {
        "id": 4141809857,
        "osm_type": "node",
        "name": "Asiarie",
        "opening_hours": "Mo-Fr 09:30-18:00; Sa 09:30-16:00; Su,PH off"
      }
    },
    {
      "type": "Feature",
      "geometry": {
        "type": "Point",
        "coordinates": [
          11.570572,
          48.1808542
        ]
      },
      "properties": {
        "id": 4151453779,
        "osm_type": "node",
        "name": "Kapoor"
      }
    },
    {
      "type": "Feature",
      "geometry": {
        "type": "Point",
        "coordinates": [
          11.5729231,
          48.1815919
        ]
      },
      "properties": {
        "id": 5204277034,
        "osm_type": "node",
        "name": "Danial"
      }
    },
    {
      "type": "Feature",
      "geometry": {
        "type": "Point",
        "coordinates": [
          11.5728332,
          48.1828491
        ]
      },
      "properties": {
        "id": 10797256263,
        "osm_type": "node",
        "name": "Damla 12",
        "opening_hours": "Mo-Fr 09:00-12:30,14:30-17:00; Sa 09:00-12:00"
      }
    },
    {
      "type": "Feature",
      "geometry": {
        "type": "Point",
        "coordinates": [
          11.5673275,
          48.1806193
        ]
      },
      "properties": {
        "id": 10797256269,
        "osm_type": "node",
        "name": "Siemax Schreibwaren",
        "opening_hours": "Tu-Fr 07:00-18:00; Sa 08:00-18:30"
      }
    },
    {
      "type": "Feature",
      "geometry": {
        "type": "Point",
        "coordinates": [
          11.5793995,
          48.1769754
        ]
      },
      "properties": {
        "id": 1148216538,
        "osm_type": "node",
        "opening_hours": "Mo-Fr 07:30-18:00; Sa 08:00-13:00"
      }
    },
    {
      "type": "Feature",
      "geometry": {
        "type": "Point",
        "coordinates": [
          11.5744496,
          48.1758335
        ]
      },
      "properties": {
        "id": 2528048494,
        "osm_type": "node",
        "name": "Rdwan Salim",
        "opening_hours": "Mo-Sa 07:00-22:00; Su,PH 10:00-22:00"
      }
    },
    {
      "type": "Feature",
      "geometry": {
        "type": "Point",
        "coordinates": [
          11.578969,
          48.183592
        ]
      },
      "properties": {
        "id": 9843739980,
        "osm_type": "node",
        "name": "Späti40",
        "opening_hours": "Mo,Tu,We,Th 10:00-13:00,15:00-23:00; Fr,Sa 10:00-13:00,15:00-02:00; Su 11:00-23:00"
      }
    },
    {
      "type": "Feature",
      "geometry": {
        "type": "Point",
        "coordinates": [
          11.5612168,
          48.1864905
        ]
      },
      "properties": {
        "id": 13413612150,
        "osm_type": "node",
        "name": "Shell",
        "brand": "Shell",
        "opening_hours": "24/7"
      }
    },
    {
      "type": "Feature",
      "geometry": {
        "type": "Point",
        "coordinates": [
          11.5646407,
          48.1923558
        ]
      },
      "properties": {
        "id": 9513823361,
        "osm_type": "node",
        "name": "Total",
        "brand": "Total",
        "opening_hours": "24/7"
      }
    },
    {
      "type": "Feature",
      "geometry": {
        "type": "Point",
        "coordinates": [
          11.5680885,
          48.1946968
        ]
      },
      "properties": {
        "id": 4420986117,
        "osm_type": "node",
        "name": "SB-Laden (BMW)",
        "opening_hours": "Mo-Fr 07:00-14:00"
      }
    },
    {
      "type": "Feature",
      "geometry": {
        "type": "Point",
        "coordinates": [
          11.5762713,
          48.189579
        ]
      },
      "properties": {
        "id": 10224204023,
        "osm_type": "node",
        "name": "Peps' Kiosk"
      }
    },
    {
      "type": "Feature",
      "geometry": {
        "type": "Point",
        "coordinates": [
          11.5826914,
          48.1960577
        ]
      },
      "properties": {
        "id": 276986473,
        "osm_type": "node",
        "name": "BROS GETRÄNKE & TABAK",
        "opening_hours": "\"Öffnungszeiten sehr variabel, Richtwerte: Mo-Sa 9-20 Uhr\";PH off"
      }
    },
    {
      "type": "Feature",
      "geometry": {
        "type": "Point",
        "coordinates": [
          11.594533,
          48.1467509
        ]
      },
      "properties": {
        "id": 291898763,
        "osm_type": "node",
        "name": "Cesar-Markt",
        "opening_hours": "Mo-Fr 08:00-20:00; Sa 08:00-17:00"
      }
    },
    {
      "type": "Feature",
      "geometry": {
        "type": "Point",
        "coordinates": [
          11.5959392,
          48.1561387
        ]
      },
      "properties": {
        "id": 331355032,
        "osm_type": "node",
        "name": "Kiosk am See-Einlauf",
        "opening_hours": "Mo-Su 10:30-20:30"
      }
    },
    {
      "type": "Feature",
      "geometry": {
        "type": "Point",
        "coordinates": [
          11.6023929,
          48.1499248
        ]
      },
      "properties": {
        "id": 1813641334,
        "osm_type": "node",
        "name": "Papeterie Bogenhausen",
        "opening_hours": "Mo-Fr 08:00-18:00; Sa 09:00-13:00"
      }
    },
    {
      "type": "Feature",
      "geometry": {
        "type": "Point",
        "coordinates": [
          11.6092705,
          48.1502476
        ]
      },
      "properties": {
        "id": 11630153019,
        "osm_type": "node",
        "name": "Bros Getränke & Tabak",
        "opening_hours": "Mo-Sa 08:00-20:00"
      }
    },
    {
      "type": "Feature",
      "geometry": {
        "type": "Point",
        "coordinates": [
          11.6083687,
          48.1506842
        ]
      },
      "properties": {
        "id": 12723737144,
        "osm_type": "node"
      }
    },
    {
      "type": "Feature",
      "geometry": {
        "type": "Point",
        "coordinates": [
          11.5916592,
          48.1602691
        ]
      },
      "properties": {
        "id": 403756662,
        "osm_type": "node",
        "name": "Fräulein Müller Kiosk",
        "opening_hours": "Tu-Su 09:00-18:00"
      }
    },
    {
      "type": "Feature",
      "geometry": {
        "type": "Point",
        "coordinates": [
          11.5889737,
          48.1614944
        ]
      },
      "properties": {
        "id": 1411407625,
        "osm_type": "node",
        "name": "089 Kiosk"
      }
    },
    {
      "type": "Feature",
      "geometry": {
        "type": "Point",
        "coordinates": [
          11.5873607,
          48.1628737
        ]
      },
      "properties": {
        "id": 1813638198,
        "osm_type": "node",
        "name": "Lotto Bayern"
      }
    },
    {
      "type": "Feature",
      "geometry": {
        "type": "Point",
        "coordinates": [
          11.5883402,
          48.1606309
        ]
      },
      "properties": {
        "id": 2607185413,
        "osm_type": "node",
        "name": "Münchner Callshop"
      }
    },
    {
      "type": "Feature",
      "geometry": {
        "type": "Point",
        "coordinates": [
          11.589886,
          48.1626824
        ]
      },
      "properties": {
        "id": 6846661085,
        "osm_type": "node",
        "name": "Feinkost Barrique",
        "opening_hours": "Mo-Sa 11:00-16:00"
      }
    },
    {
      "type": "Feature",
      "geometry": {
        "type": "Point",
        "coordinates": [
          11.5939465,
          48.1692171
        ]
      },
      "properties": {
        "id": 4251078609,
        "osm_type": "node",
        "name": "K.O. Back-Kollektiv",
        "opening_hours": "Tu-Fr 07:30-18:30; Sa 07:30-13:00"
      }
    },
    {
      "type": "Feature",
      "geometry": {
        "type": "Point",
        "coordinates": [
          11.6023773,
          48.168735
        ]
      },
      "properties": {
        "id": 4264529396,
        "osm_type": "node",
        "name": "Edeka Nah & Gut",
        "opening_hours": "Mo-Fr 07:00-18:30; Sa 07:00-13:00"
      }
    },
    {
      "type": "Feature",
      "geometry": {
        "type": "Point",
        "coordinates": [
          11.6173775,
          48.1482875
        ]
      },
      "properties": {
        "id": 534348478,
        "osm_type": "node"
      }
    },
    {
      "type": "Feature",
      "geometry": {
        "type": "Point",
        "coordinates": [
          11.6204814,
          48.1526583
        ]
      },
      "properties": {
        "id": 338749157,
        "osm_type": "node",
        "name": "Säfte"
      }
    },
    {
      "type": "Feature",
      "geometry": {
        "type": "Point",
        "coordinates": [
          11.6302124,
          48.1556972
        ]
      },
      "properties": {
        "id": 1543285566,
        "osm_type": "node",
        "name": "Esso",
        "brand": "Esso",
        "opening_hours": "PH,Mo-Su 06:00-22:00"
      }
    },
    {
      "type": "Feature",
      "geometry": {
        "type": "Point",
        "coordinates": [
          11.6245366,
          48.1630005
        ]
      },
      "properties": {
        "id": 307463713,
        "osm_type": "node",
        "name": "REWE express",
        "brand": "REWE express"
      }
    },
    {
      "type": "Feature",
      "geometry": {
        "type": "Point",
        "coordinates": [
          11.6248335,
          48.1680881
        ]
      },
      "properties": {
        "id": 1602478399,
        "osm_type": "node",
        "name": "Tankshop"
      }
    },
    {
      "type": "Feature",
      "geometry": {
        "type": "Point",
        "coordinates": [
          11.6296665,
          48.1640251
        ]
      },
      "properties": {
        "id": 11308374133,
        "osm_type": "node",
        "name": "Tabac&Co",
        "opening_hours": "Mo-Fr 08:00-18:30, Sa 09:00-18:00"
      }
    },
    {
      "type": "Feature",
      "geometry": {
        "type": "Point",
        "coordinates": [
          11.5910788,
          48.1780385
        ]
      },
      "properties": {
        "id": 13158324716,
        "osm_type": "node",
        "name": "Edeka",
        "opening_hours": "Mo-Sa 07:00-20:00"
      }
    },
    {
      "type": "Feature",
      "geometry": {
        "type": "Point",
        "coordinates": [
          11.5961579,
          48.1723184
        ]
      },
      "properties": {
        "id": 533938579,
        "osm_type": "node",
        "name": "Food To Go",
        "opening_hours": "off"
      }
    },
    {
      "type": "Feature",
      "geometry": {
        "type": "Point",
        "coordinates": [
          11.6079058,
          48.1836875
        ]
      },
      "properties": {
        "id": 264669849,
        "osm_type": "node",
        "name": "Late 4 U",
        "opening_hours": "Mo-Fr 04:00-24:00, Sa,Su 08:00-24:00"
      }
    },
    {
      "type": "Feature",
      "geometry": {
        "type": "Point",
        "coordinates": [
          11.5874873,
          48.1916034
        ]
      },
      "properties": {
        "id": 1427851026,
        "osm_type": "node",
        "name": "Lotto Tabak Zeitungen",
        "opening_hours": "Mo-Sa 07:00-20:00"
      }
    },
    {
      "type": "Feature",
      "geometry": {
        "type": "Point",
        "coordinates": [
          11.5933794,
          48.1876342
        ]
      },
      "properties": {
        "id": 7434844906,
        "osm_type": "node",
        "name": "Kiosk am Domagkpark",
        "opening_hours": "Mo-Fr 10:00-13:00,14:00-18:00; Sa 10:00-15:00"
      }
    },
    {
      "type": "Feature",
      "geometry": {
        "type": "Point",
        "coordinates": [
          11.5971969,
          48.1942966
        ]
      },
      "properties": {
        "id": 7597836611,
        "osm_type": "node",
        "name": "Lotto Tabak Zeitungen",
        "opening_hours": "Mo-Sa 07:00-20:00"
      }
    },
    {
      "type": "Feature",
      "geometry": {
        "type": "Point",
        "coordinates": [
          11.6359831,
          48.1732906
        ]
      },
      "properties": {
        "id": 328869712,
        "osm_type": "node",
        "name": "Zeitschriften am Pharaohaus",
        "opening_hours": "Mo-Fr 09:00-18:00; Sa 09:00-16:00"
      }
    },
    {
      "type": "Feature",
      "geometry": {
        "type": "Point",
        "coordinates": [
          11.6366456,
          48.1776252
        ]
      },
      "properties": {
        "id": 3798861473,
        "osm_type": "node",
        "name": "Lotto / Toto",
        "opening_hours": "Mo-Sa 07:00-20:00"
      }
    },
    {
      "type": "Feature",
      "geometry": {
        "type": "Point",
        "coordinates": [
          11.6180018,
          48.1911212
        ]
      },
      "properties": {
        "id": 8138622234,
        "osm_type": "node",
        "name": "Esso",
        "brand": "Esso",
        "opening_hours": "24/7"
      }
    },
    {
      "type": "Feature",
      "geometry": {
        "type": "Point",
        "coordinates": [
          11.6203736,
          48.1910211
        ]
      },
      "properties": {
        "id": 6409162547,
        "osm_type": "node",
        "name": "Esso",
        "brand": "Esso",
        "opening_hours": "Mo-Su 06:00-22:00"
      }
    },
    {
      "type": "Feature",
      "geometry": {
        "type": "Point",
        "coordinates": [
          11.5550759,
          48.2090642
        ]
      },
      "properties": {
        "id": 3143822332,
        "osm_type": "node",
        "name": "DHL Paket Shop und sonstige Lebensmittel"
      }
    },
    {
      "type": "Feature",
      "geometry": {
        "type": "Point",
        "coordinates": [
          11.5412232,
          48.2138341
        ]
      },
      "properties": {
        "id": 3563964869,
        "osm_type": "node"
      }
    },
    {
      "type": "Feature",
      "geometry": {
        "type": "Point",
        "coordinates": [
          11.5628807,
          48.2044798
        ]
      },
      "properties": {
        "id": 1489534144,
        "osm_type": "node",
        "name": "Bro's Kiosk",
        "opening_hours": "Mo-Sa 09:00-20:00"
      }
    },
    {
      "type": "Feature",
      "geometry": {
        "type": "Point",
        "coordinates": [
          11.5634975,
          48.2035553
        ]
      },
      "properties": {
        "id": 2903645355,
        "osm_type": "node",
        "name": "Video Kreys",
        "opening_hours": "Mo-Sa 09:00-20:00"
      }
    },
    {
      "type": "Feature",
      "geometry": {
        "type": "Point",
        "coordinates": [
          11.5735255,
          48.2025027
        ]
      },
      "properties": {
        "id": 1364004288,
        "osm_type": "node"
      }
    },
    {
      "type": "Feature",
      "geometry": {
        "type": "Point",
        "coordinates": [
          11.6094336,
          48.2047959
        ]
      },
      "properties": {
        "id": 1400983903,
        "osm_type": "node",
        "name": "Lebensmittel Janesch",
        "opening_hours": "Mo-Fr 07:00-12:30,15:00-18:30; Sa 07:00-13:00"
      }
    },
    {
      "type": "Feature",
      "geometry": {
        "type": "Point",
        "coordinates": [
          11.6067291,
          48.2505059
        ]
      },
      "properties": {
        "id": 6322600950,
        "osm_type": "node",
        "name": "Petit Bistro",
        "opening_hours": "24/7"
      }
    },
    {
      "type": "Feature",
      "geometry": {
        "type": "Point",
        "coordinates": [
          11.6312653,
          48.247783
        ]
      },
      "properties": {
        "id": 950721832,
        "osm_type": "node",
        "opening_hours": "Mo-Fr 06:00-17:30"
      }
    },
    {
      "type": "Feature",
      "geometry": {
        "type": "Point",
        "coordinates": [
          11.6499768,
          48.1485418
        ]
      },
      "properties": {
        "id": 2504953885,
        "osm_type": "node",
        "name": "Tantra (dauerhaft geschlossen)"
      }
    },
    {
      "type": "Feature",
      "geometry": {
        "type": "Point",
        "coordinates": [
          11.6410208,
          48.1581651
        ]
      },
      "properties": {
        "id": 307463704,
        "osm_type": "node",
        "name": "Presse Kapl",
        "opening_hours": "Mo-Th 09:00-18:00; Fr 09:00-18:00; Sa 08:00-13:00"
      }
    },
    {
      "type": "Feature",
      "geometry": {
        "type": "Point",
        "coordinates": [
          11.6573137,
          48.1498583
        ]
      },
      "properties": {
        "id": 295095067,
        "osm_type": "node",
        "name": "Daglfinger Eck",
        "opening_hours": "Tu-Th 10:00-14:00,17:00-22:00; Fr-Su 07:00-14:00,17:00-22:00; Mo off"
      }
    },
    {
      "type": "Feature",
      "geometry": {
        "type": "Point",
        "coordinates": [
          11.6566846,
          48.166191
        ]
      },
      "properties": {
        "id": 341381734,
        "osm_type": "node",
        "name": "Schreibi"
      }
    },
    {
      "type": "Feature",
      "geometry": {
        "type": "Point",
        "coordinates": [
          11.6447451,
          48.1914946
        ]
      },
      "properties": {
        "id": 490152193,
        "osm_type": "node",
        "name": "Sheikh Tobacco",
        "opening_hours": "Mo-Fr 08:00-18:30; Sa 08:00-13:00"
      }
    },
    {
      "type": "Feature",
      "geometry": {
        "type": "Point",
        "coordinates": [
          11.6467379,
          48.1902541
        ]
      },
      "properties": {
        "id": 1213502583,
        "osm_type": "node",
        "name": "Kiosk mit Post-Servicestelle",
        "opening_hours": "Mo-Th 09:00-13:00, Fr 09:00-12:00, Mo,Tu,Th 15:30-17:00, Sa 10:30-12:00"
      }
    },
    {
      "type": "Feature",
      "geometry": {
        "type": "Point",
        "coordinates": [
          11.6467808,
          48.1903346
        ]
      },
      "properties": {
        "id": 2504843955,
        "osm_type": "node",
        "name": "S-Lounge",
        "opening_hours": "Mo-Fr 06:00-19:00"
      }
    },
    {
      "type": "Feature",
      "geometry": {
        "type": "Point",
        "coordinates": [
          11.7175291,
          48.1712711
        ]
      },
      "properties": {
        "id": 6006607857,
        "osm_type": "node",
        "name": "LoFeudo"
      }
    },
    {
      "type": "Feature",
      "geometry": {
        "type": "Point",
        "coordinates": [
          11.7364744,
          48.1472065
        ]
      },
      "properties": {
        "id": 108056203,
        "osm_type": "node",
        "name": "Esso",
        "brand": "Esso",
        "opening_hours": "Mo-Fr 05:00-22:00; Sa 06:00-22:00; Su,PH 08:00-22:00"
      }
    },
    {
      "type": "Feature",
      "geometry": {
        "type": "Point",
        "coordinates": [
          11.7313539,
          48.1513978
        ]
      },
      "properties": {
        "id": 1651233841,
        "osm_type": "node",
        "name": "Kiosk Feldkirchen",
        "opening_hours": "Mo-Fr 05:30-18:00; Sa 07:00-12:30"
      }
    },
    {
      "type": "Feature",
      "geometry": {
        "type": "Point",
        "coordinates": [
          11.731437,
          48.1656231
        ]
      },
      "properties": {
        "id": 973841373,
        "osm_type": "node",
        "name": "Eni Shop",
        "brand": "Eni Shop"
      }
    },
    {
      "type": "Feature",
      "geometry": {
        "type": "Point",
        "coordinates": [
          11.6729155,
          48.2230483
        ]
      },
      "properties": {
        "id": 2380608793,
        "osm_type": "node",
        "name": "Ismaninger Tafel"
      }
    },
    {
      "type": "Feature",
      "geometry": {
        "type": "Point",
        "coordinates": [
          11.6501392,
          48.2479107
        ]
      },
      "properties": {
        "id": 1340789800,
        "osm_type": "node",
        "name": "Einkaufen auf dem Bauernhof",
        "opening_hours": "Mo,Fr 08:00-18:00, Sa 08:00-16:00"
      }
    },
    {
      "type": "Feature",
      "geometry": {
        "type": "Point",
        "coordinates": [
          11.6530368,
          48.2502757
        ]
      },
      "properties": {
        "id": 628870574,
        "osm_type": "node",
        "name": "Der Kleine Garchinger Lottoladen",
        "opening_hours": "Mo-Fr 06:00-18:00; Sa 07:00-13:00"
      }
    },
    {
      "type": "Feature",
      "geometry": {
        "type": "Point",
        "coordinates": [
          11.6752145,
          48.2248107
        ]
      },
      "properties": {
        "id": 1144840858,
        "osm_type": "node",
        "name": "Tabak Knott"
      }
    },
    {
      "type": "Feature",
      "geometry": {
        "type": "Point",
        "coordinates": [
          11.6790504,
          48.2251713
        ]
      },
      "properties": {
        "id": 1719808238,
        "osm_type": "node",
        "name": "Some Kiosk",
        "opening_hours": "Mo-Fr 05:30-20:00; Sa 06:00-20:00; Su 07:00-20:00"
      }
    },
    {
      "type": "Feature",
      "geometry": {
        "type": "Point",
        "coordinates": [
          11.7605395,
          47.6954194
        ]
      },
      "properties": {
        "id": 6528053762,
        "osm_type": "node",
        "name": "Margret’s Kramer Ladl",
        "opening_hours": "Mo-Fr 07:00-18:00; Sa 07:00-13:00"
      }
    },
    {
      "type": "Feature",
      "geometry": {
        "type": "Point",
        "coordinates": [
          11.770644,
          47.6930541
        ]
      },
      "properties": {
        "id": 5462442421,
        "osm_type": "node",
        "name": "Fromagerie Tegernsee",
        "opening_hours": "Mo 14:00-18:00, Di-Fr 10:00-18:00, Sa 09:00-14:00"
      }
    },
    {
      "type": "Feature",
      "geometry": {
        "type": "Point",
        "coordinates": [
          11.757251,
          47.7089144
        ]
      },
      "properties": {
        "id": 13148100649,
        "osm_type": "node",
        "name": "Tim's Kiosk",
        "opening_hours": "10:00-22:00"
      }
    },
    {
      "type": "Feature",
      "geometry": {
        "type": "Point",
        "coordinates": [
          11.7572741,
          47.7140238
        ]
      },
      "properties": {
        "id": 5313302499,
        "osm_type": "node",
        "name": "Bahnhofskiosk Tegernsee",
        "opening_hours": "Mo-Fr 06:00-18:00; PH,Sa,Su 08:00-18:00"
      }
    },
    {
      "type": "Feature",
      "geometry": {
        "type": "Point",
        "coordinates": [
          11.877321,
          47.7041944
        ]
      },
      "properties": {
        "id": 388430145,
        "osm_type": "node",
        "name": "Lotto",
        "brand": "Lotto",
        "opening_hours": "Mo-Fr 08:00-12:00,14:00-18:00; Sa 08:00-12:00"
      }
    },
    {
      "type": "Feature",
      "geometry": {
        "type": "Point",
        "coordinates": [
          11.8821067,
          47.7031316
        ]
      },
      "properties": {
        "id": 8869467064,
        "osm_type": "node",
        "opening_hours": "Mo-Fr 07:30-16:00; Sa, Su, PH 08:00-19:00"
      }
    },
    {
      "type": "Feature",
      "geometry": {
        "type": "Point",
        "coordinates": [
          11.9280861,
          47.7069224
        ]
      },
      "properties": {
        "id": 4998167723,
        "osm_type": "node"
      }
    },
    {
      "type": "Feature",
      "geometry": {
        "type": "Point",
        "coordinates": [
          11.8279818,
          47.7602484
        ]
      },
      "properties": {
        "id": 8908426158,
        "osm_type": "node",
        "name": "Ciao Agip",
        "opening_hours": "Mo-Fr 05:00-23:00; Sa,Su,PH 06:00-23:00"
      }
    },
    {
      "type": "Feature",
      "geometry": {
        "type": "Point",
        "coordinates": [
          11.8321974,
          47.7890784
        ]
      },
      "properties": {
        "id": 2685596247,
        "osm_type": "node",
        "name": "Reformhaus"
      }
    },
    {
      "type": "Feature",
      "geometry": {
        "type": "Point",
        "coordinates": [
          11.8322315,
          47.7896052
        ]
      },
      "properties": {
        "id": 2685614269,
        "osm_type": "node",
        "name": "Atilgan"
      }
    },
    {
      "type": "Feature",
      "geometry": {
        "type": "Point",
        "coordinates": [
          11.8335375,
          47.7884501
        ]
      },
      "properties": {
        "id": 12587431173,
        "osm_type": "node",
        "name": "Lavli Coop."
      }
    },
    {
      "type": "Feature",
      "geometry": {
        "type": "Point",
        "coordinates": [
          11.8375693,
          47.7893125
        ]
      },
      "properties": {
        "id": 8729239711,
        "osm_type": "node",
        "name": "Shell Select",
        "brand": "Shell Select"
      }
    },
    {
      "type": "Feature",
      "geometry": {
        "type": "Point",
        "coordinates": [
          12.0126039,
          47.7021928
        ]
      },
      "properties": {
        "id": 4376225537,
        "osm_type": "node"
      }
    },
    {
      "type": "Feature",
      "geometry": {
        "type": "Point",
        "coordinates": [
          12.0800376,
          47.7188418
        ]
      },
      "properties": {
        "id": 11111348328,
        "osm_type": "node"
      }
    },
    {
      "type": "Feature",
      "geometry": {
        "type": "Point",
        "coordinates": [
          12.0013211,
          47.7783699
        ]
      },
      "properties": {
        "id": 331002334,
        "osm_type": "node",
        "brand": "Shell"
      }
    },
    {
      "type": "Feature",
      "geometry": {
        "type": "Point",
        "coordinates": [
          12.0048811,
          47.7745302
        ]
      },
      "properties": {
        "id": 2284104335,
        "osm_type": "node",
        "name": "Alchemilla",
        "opening_hours": "We-Fr 10:00-18:00; Sa 10:00-16:00"
      }
    },
    {
      "type": "Feature",
      "geometry": {
        "type": "Point",
        "coordinates": [
          11.9730854,
          47.7980949
        ]
      },
      "properties": {
        "id": 1469989672,
        "osm_type": "node",
        "name": "SB-Tank",
        "brand": "Independent",
        "opening_hours": "24/7"
      }
    },
    {
      "type": "Feature",
      "geometry": {
        "type": "Point",
        "coordinates": [
          12.0056981,
          47.7899496
        ]
      },
      "properties": {
        "id": 1856821580,
        "osm_type": "node"
      }
    },
    {
      "type": "Feature",
      "geometry": {
        "type": "Point",
        "coordinates": [
          12.1049977,
          47.7372386
        ]
      },
      "properties": {
        "id": 4250589696,
        "osm_type": "node",
        "name": "Weltladen Brannenburg",
        "opening_hours": "Mo-Fr 09:00-12:00, 14:30-18:00; We,Sa 09:00-12:00; PH off"
      }
    },
    {
      "type": "Feature",
      "geometry": {
        "type": "Point",
        "coordinates": [
          12.1079127,
          47.8294544
        ]
      },
      "properties": {
        "id": 1347304116,
        "osm_type": "node",
        "name": "Mini-Shop",
        "opening_hours": "Mo-Fr 07:30-12:30,14:00-18:00; Sa 07:30-13:00"
      }
    },
    {
      "type": "Feature",
      "geometry": {
        "type": "Point",
        "coordinates": [
          12.1319291,
          47.8199424
        ]
      },
      "properties": {
        "id": 2378104619,
        "osm_type": "node",
        "name": "Selt' am See",
        "opening_hours": "PH,Mo-Su 11:00-22:00"
      }
    },
    {
      "type": "Feature",
      "geometry": {
        "type": "Point",
        "coordinates": [
          12.2007483,
          47.6100551
        ]
      },
      "properties": {
        "id": 34032566,
        "osm_type": "node",
        "name": "Agip",
        "brand": "Agip",
        "opening_hours": "24/7"
      }
    },
    {
      "type": "Feature",
      "geometry": {
        "type": "Point",
        "coordinates": [
          12.2013094,
          47.6135515
        ]
      },
      "properties": {
        "id": 1180706329,
        "osm_type": "node",
        "name": "Esso Inntal West",
        "brand": "Esso",
        "opening_hours": "24/7"
      }
    },
    {
      "type": "Feature",
      "geometry": {
        "type": "Point",
        "coordinates": [
          12.1713874,
          47.6618029
        ]
      },
      "properties": {
        "id": 1262045385,
        "osm_type": "node",
        "name": "Edeka Gabi's Frischemarkt"
      }
    },
    {
      "type": "Feature",
      "geometry": {
        "type": "Point",
        "coordinates": [
          12.2355547,
          47.7697311
        ]
      },
      "properties": {
        "id": 11246230461,
        "osm_type": "node"
      }
    },
    {
      "type": "Feature",
      "geometry": {
        "type": "Point",
        "coordinates": [
          12.2243502,
          47.7797113
        ]
      },
      "properties": {
        "id": 4620686827,
        "osm_type": "node",
        "name": "Meli's Kiosk",
        "opening_hours": "Tu-Su 11:00-sunset; Mo off"
      }
    },
    {
      "type": "Feature",
      "geometry": {
        "type": "Point",
        "coordinates": [
          12.3138591,
          47.8271688
        ]
      },
      "properties": {
        "id": 5433732040,
        "osm_type": "node",
        "name": "Ramsl Landhandel"
      }
    },
    {
      "type": "Feature",
      "geometry": {
        "type": "Point",
        "coordinates": [
          12.4703737,
          47.6747727
        ]
      },
      "properties": {
        "id": 2619557401,
        "osm_type": "node",
        "name": "Honig Ladl"
      }
    },
    {
      "type": "Feature",
      "geometry": {
        "type": "Point",
        "coordinates": [
          12.4804204,
          47.7099315
        ]
      },
      "properties": {
        "id": 8910946654,
        "osm_type": "node",
        "name": "Nahkauf Meinecke",
        "opening_hours": "Mo-Sa 07:30-19:30"
      }
    },
    {
      "type": "Feature",
      "geometry": {
        "type": "Point",
        "coordinates": [
          12.4792939,
          47.7176417
        ]
      },
      "properties": {
        "id": 12982438639,
        "osm_type": "node",
        "name": "Anmeldung CP"
      }
    },
    {
      "type": "Feature",
      "geometry": {
        "type": "Point",
        "coordinates": [
          12.4150727,
          47.7346131
        ]
      },
      "properties": {
        "id": 1855212526,
        "osm_type": "node",
        "name": "Kiosk",
        "opening_hours": "08:30-11:00;15:00-18:00"
      }
    },
    {
      "type": "Feature",
      "geometry": {
        "type": "Point",
        "coordinates": [
          12.4537046,
          47.7785453
        ]
      },
      "properties": {
        "id": 6375278475,
        "osm_type": "node",
        "name": "Naturkost",
        "opening_hours": "Mo, Tu, Th, Fr 09:00-13:00; Sa 07:30-12:00"
      }
    },
    {
      "type": "Feature",
      "geometry": {
        "type": "Point",
        "coordinates": [
          12.4145883,
          47.794239
        ]
      },
      "properties": {
        "id": 8177702217,
        "osm_type": "node",
        "name": "Lebensmittel Summerer"
      }
    },
    {
      "type": "Feature",
      "geometry": {
        "type": "Point",
        "coordinates": [
          12.4871351,
          47.8218941
        ]
      },
      "properties": {
        "id": 13131315753,
        "osm_type": "node",
        "name": "Carmen's"
      }
    },
    {
      "type": "Feature",
      "geometry": {
        "type": "Point",
        "coordinates": [
          11.8286072,
          47.9040246
        ]
      },
      "properties": {
        "id": 6401372986,
        "osm_type": "node",
        "name": "Westerham Express",
        "opening_hours": "Mo-Fr 06:00-18:00; Sa 08:00-18:00"
      }
    },
    {
      "type": "Feature",
      "geometry": {
        "type": "Point",
        "coordinates": [
          11.8860132,
          47.8742213
        ]
      },
      "properties": {
        "id": 1763327563,
        "osm_type": "node",
        "name": "Steingraber Biobäcker"
      }
    },
    {
      "type": "Feature",
      "geometry": {
        "type": "Point",
        "coordinates": [
          11.918345,
          47.8342102
        ]
      },
      "properties": {
        "id": 664085862,
        "osm_type": "node",
        "name": "Lebensmittel - Bäckerei -Gschwendtner"
      }
    },
    {
      "type": "Feature",
      "geometry": {
        "type": "Point",
        "coordinates": [
          11.9440656,
          47.8624029
        ]
      },
      "properties": {
        "id": 2736603759,
        "osm_type": "node",
        "name": "Bäckerei Anders",
        "opening_hours": "Mo-Sa 06:00-12:00, Mo,We,Th,Fr 14:00-18:00; Su,PH off"
      }
    },
    {
      "type": "Feature",
      "geometry": {
        "type": "Point",
        "coordinates": [
          11.8989928,
          47.925987
        ]
      },
      "properties": {
        "id": 11031830071,
        "osm_type": "node",
        "name": "nah und gut",
        "opening_hours": "Mo 06:30-12:00; Tu-We 06:30-12:00,14:00-18:00; Th 06:30-12:00; Fr 6:30-12:00,14:00-18:00; Sa 08:00-12:00"
      }
    },
    {
      "type": "Feature",
      "geometry": {
        "type": "Point",
        "coordinates": [
          11.7934186,
          48.006133
        ]
      },
      "properties": {
        "id": 8980189765,
        "osm_type": "node",
        "name": "Renates Dorfladen",
        "opening_hours": "Mo-Sa 07:00-12:00, Fr 15:00-17:00"
      }
    },
    {
      "type": "Feature",
      "geometry": {
        "type": "Point",
        "coordinates": [
          11.8681636,
          47.987509
        ]
      },
      "properties": {
        "id": 6699409588,
        "osm_type": "node",
        "name": "Glonner Tisch",
        "opening_hours": "Th 10:00-11:30"
      }
    },
    {
      "type": "Feature",
      "geometry": {
        "type": "Point",
        "coordinates": [
          11.9131655,
          47.9516103
        ]
      },
      "properties": {
        "id": 6056082221,
        "osm_type": "node",
        "name": "Bäckerei Theresia Gasteiger"
      }
    },
    {
      "type": "Feature",
      "geometry": {
        "type": "Point",
        "coordinates": [
          11.9150836,
          47.9545186
        ]
      },
      "properties": {
        "id": 302389577,
        "osm_type": "node",
        "name": "Tankstelle Eierstock",
        "brand": "Independent",
        "opening_hours": "24/7"
      }
    },
    {
      "type": "Feature",
      "geometry": {
        "type": "Point",
        "coordinates": [
          11.8816842,
          48.0030319
        ]
      },
      "properties": {
        "id": 13256062348,
        "osm_type": "node",
        "name": "Sonnenhausen Kiosk"
      }
    },
    {
      "type": "Feature",
      "geometry": {
        "type": "Point",
        "coordinates": [
          11.8597759,
          48.0241944
        ]
      },
      "properties": {
        "id": 12291864182,
        "osm_type": "node",
        "name": "Kiosk Steinsee",
        "opening_hours": "Mo-Su,PH 09:00-20:00 \"nur bei schönem Wetter\""
      }
    },
    {
      "type": "Feature",
      "geometry": {
        "type": "Point",
        "coordinates": [
          12.0031708,
          47.8661012
        ]
      },
      "properties": {
        "id": 304829030,
        "osm_type": "node",
        "name": "BK",
        "brand": "BK",
        "opening_hours": "Mo-Sa 05:30-22:00; PH,Su 06:00-22:00"
      }
    },
    {
      "type": "Feature",
      "geometry": {
        "type": "Point",
        "coordinates": [
          12.0525163,
          47.8473926
        ]
      },
      "properties": {
        "id": 5088814314,
        "osm_type": "node"
      }
    },
    {
      "type": "Feature",
      "geometry": {
        "type": "Point",
        "coordinates": [
          12.007252,
          47.8632399
        ]
      },
      "properties": {
        "id": 7176707183,
        "osm_type": "node",
        "name": "Weltladen",
        "brand": "Weltladen",
        "opening_hours": "Mo,Tu,Fr 10:00-12:30,15:00-18:00; We 10:00-12:30; Th 10:00-18:00; Sa 10:00-13:00; PH off"
      }
    },
    {
      "type": "Feature",
      "geometry": {
        "type": "Point",
        "coordinates": [
          12.0087728,
          47.8628017
        ]
      },
      "properties": {
        "id": 7257076674,
        "osm_type": "node",
        "name": "Aiblinger Bauernmarkt",
        "opening_hours": "Fr 09:00-17:00; PH off"
      }
    },
    {
      "type": "Feature",
      "geometry": {
        "type": "Point",
        "coordinates": [
          12.0168985,
          47.8656926
        ]
      },
      "properties": {
        "id": 11974996749,
        "osm_type": "node",
        "opening_hours": "Mo-Fr 09:00-17:00, Sa,Su,PH 13:00-17:00"
      }
    },
    {
      "type": "Feature",
      "geometry": {
        "type": "Point",
        "coordinates": [
          12.0310037,
          47.8595597
        ]
      },
      "properties": {
        "id": 603501980,
        "osm_type": "node",
        "name": "Schwimmbadkiosk Schwimmbad Harthausen",
        "opening_hours": "May-Sep: Mo-Su 09:00-sunset"
      }
    },
    {
      "type": "Feature",
      "geometry": {
        "type": "Point",
        "coordinates": [
          12.0590961,
          47.8507488
        ]
      },
      "properties": {
        "id": 715702334,
        "osm_type": "node",
        "name": "Via del Gusto",
        "opening_hours": "Th 10:00-18:00; Fr 10:00-18:00; Sa 09:30-15:00"
      }
    },
    {
      "type": "Feature",
      "geometry": {
        "type": "Point",
        "coordinates": [
          12.0594987,
          47.8507448
        ]
      },
      "properties": {
        "id": 4565395038,
        "osm_type": "node",
        "name": "Emigrant GmbH",
        "opening_hours": "Mo-Fr 09:00-19:00; Sa 09:00-16:00"
      }
    },
    {
      "type": "Feature",
      "geometry": {
        "type": "Point",
        "coordinates": [
          12.0635631,
          47.8507653
        ]
      },
      "properties": {
        "id": 7722002480,
        "osm_type": "node",
        "name": "Waldinger"
      }
    },
    {
      "type": "Feature",
      "geometry": {
        "type": "Point",
        "coordinates": [
          12.0676318,
          47.8496984
        ]
      },
      "properties": {
        "id": 8638540038,
        "osm_type": "node",
        "name": "Aral",
        "brand": "Aral",
        "opening_hours": "Mo-Sa 06:00-22:00; Su 07:00-22:00"
      }
    },
    {
      "type": "Feature",
      "geometry": {
        "type": "Point",
        "coordinates": [
          12.1205869,
          47.8531997
        ]
      },
      "properties": {
        "id": 2958427841,
        "osm_type": "node",
        "name": "Sham Markt"
      }
    },
    {
      "type": "Feature",
      "geometry": {
        "type": "Point",
        "coordinates": [
          12.1219732,
          47.8522179
        ]
      },
      "properties": {
        "id": 2968665740,
        "osm_type": "node",
        "name": "Kiosk am Salinplatz",
        "opening_hours": "Mo-Fr 08:00-18:30; Sa 08:00-16:00"
      }
    },
    {
      "type": "Feature",
      "geometry": {
        "type": "Point",
        "coordinates": [
          12.1233627,
          47.8536239
        ]
      },
      "properties": {
        "id": 3012175934,
        "osm_type": "node",
        "name": "Salinkiosk",
        "opening_hours": "Mo-Fr 07:00-18:00; Sa 08:00-17:00"
      }
    },
    {
      "type": "Feature",
      "geometry": {
        "type": "Point",
        "coordinates": [
          12.1193912,
          47.8526478
        ]
      },
      "properties": {
        "id": 4838384585,
        "osm_type": "node",
        "name": "Dynamic Afro Shop"
      }
    },
    {
      "type": "Feature",
      "geometry": {
        "type": "Point",
        "coordinates": [
          12.1285833,
          47.8565027
        ]
      },
      "properties": {
        "id": 1204233345,
        "osm_type": "node",
        "name": "Zigarrenhaus am Mittertor",
        "opening_hours": "Mo-Sa 09:00-18:00"
      }
    },
    {
      "type": "Feature",
      "geometry": {
        "type": "Point",
        "coordinates": [
          12.1293136,
          47.8564866
        ]
      },
      "properties": {
        "id": 2318921906,
        "osm_type": "node",
        "name": "Reformhaus Wieser",
        "opening_hours": "Mo-Fr 08:30-18:30; Sa 08:30-14:00"
      }
    },
    {
      "type": "Feature",
      "geometry": {
        "type": "Point",
        "coordinates": [
          12.1293983,
          47.8565246
        ]
      },
      "properties": {
        "id": 2318921910,
        "osm_type": "node",
        "name": "Agrar"
      }
    },
    {
      "type": "Feature",
      "geometry": {
        "type": "Point",
        "coordinates": [
          12.1284717,
          47.8575019
        ]
      },
      "properties": {
        "id": 6109121131,
        "osm_type": "node",
        "name": "Hanfladen Rosenheim",
        "opening_hours": "Mo-Fr 11:00-18:00; Sa 11:00-15:00"
      }
    },
    {
      "type": "Feature",
      "geometry": {
        "type": "Point",
        "coordinates": [
          12.129854,
          47.8555403
        ]
      },
      "properties": {
        "id": 7054691020,
        "osm_type": "node",
        "name": "Weltladen Rosenheim",
        "brand": "Weltladen",
        "opening_hours": "Mo-Fr 10:00-18:00; Sa 10:00-13:00"
      }
    },
    {
      "type": "Feature",
      "geometry": {
        "type": "Point",
        "coordinates": [
          12.1329856,
          47.8545721
        ]
      },
      "properties": {
        "id": 2980044735,
        "osm_type": "node",
        "name": "Eckzellent Kiosk",
        "opening_hours": "Th 07:30-14:00, Mo-We,Fr 07:30-18:00, Sa 07:30-13:00"
      }
    },
    {
      "type": "Feature",
      "geometry": {
        "type": "Point",
        "coordinates": [
          12.1369607,
          47.8525698
        ]
      },
      "properties": {
        "id": 8101950839,
        "osm_type": "node",
        "name": "Kiosk im Freibad"
      }
    },
    {
      "type": "Feature",
      "geometry": {
        "type": "Point",
        "coordinates": [
          12.1281491,
          47.8577002
        ]
      },
      "properties": {
        "id": 11242951345,
        "osm_type": "node",
        "name": "Weinzierl",
        "opening_hours": "Mo-Fr 08:30-18:00; Sa 09:00-18:00; PH closed"
      }
    },
    {
      "type": "Feature",
      "geometry": {
        "type": "Point",
        "coordinates": [
          12.1320209,
          47.8599282
        ]
      },
      "properties": {
        "id": 7040655737,
        "osm_type": "node",
        "name": "Kiosk im Klinikum",
        "opening_hours": "Mo-Su,PH 08:00-18:00"
      }
    },
    {
      "type": "Feature",
      "geometry": {
        "type": "Point",
        "coordinates": [
          12.1126919,
          47.8772693
        ]
      },
      "properties": {
        "id": 3905546048,
        "osm_type": "node",
        "name": "HAUC`s",
        "opening_hours": "Mo-Sa 07:30-13:00, Mo-Fr 15:00-18:00; PH off"
      }
    },
    {
      "type": "Feature",
      "geometry": {
        "type": "Point",
        "coordinates": [
          12.0849834,
          47.8889567
        ]
      },
      "properties": {
        "id": 4141863829,
        "osm_type": "node",
        "name": "Carpe Diem"
      }
    },
    {
      "type": "Feature",
      "geometry": {
        "type": "Point",
        "coordinates": [
          12.1238204,
          47.8894961
        ]
      },
      "properties": {
        "id": 4895176468,
        "osm_type": "node",
        "name": "Dorfladen Pfaffenhofen"
      }
    },
    {
      "type": "Feature",
      "geometry": {
        "type": "Point",
        "coordinates": [
          12.0557081,
          47.9971476
        ]
      },
      "properties": {
        "id": 6700257460,
        "osm_type": "node",
        "name": "Kramerladen Niggl",
        "opening_hours": "Mo-Th 06:30-13:00; Fr 06:30-18:00; Sa 08:00-12:00; PH off"
      }
    },
    {
      "type": "Feature",
      "geometry": {
        "type": "Point",
        "coordinates": [
          12.1517172,
          47.9455694
        ]
      },
      "properties": {
        "id": 11699889615,
        "osm_type": "node",
        "name": "Kiosk am Waldsee",
        "opening_hours": "10:00-22:00; Oct-Mar off; \"bei schlechter Witterung\" off"
      }
    },
    {
      "type": "Feature",
      "geometry": {
        "type": "Point",
        "coordinates": [
          12.1530516,
          47.9612736
        ]
      },
      "properties": {
        "id": 4895693596,
        "osm_type": "node",
        "name": "Kiosk - Rotter Ausee"
      }
    },
    {
      "type": "Feature",
      "geometry": {
        "type": "Point",
        "coordinates": [
          12.1408137,
          48.0175688
        ]
      },
      "properties": {
        "id": 11037002076,
        "osm_type": "node",
        "opening_hours": "Verkaufsstand bei Fußballspielen geöffnet"
      }
    },
    {
      "type": "Feature",
      "geometry": {
        "type": "Point",
        "coordinates": [
          11.8222003,
          48.0830406
        ]
      },
      "properties": {
        "id": 988320129,
        "osm_type": "node",
        "name": "Esso",
        "brand": "Esso",
        "opening_hours": "Mo-Fr 06:00-22:00; Sa,Su,PH 07:00-22:00"
      }
    },
    {
      "type": "Feature",
      "geometry": {
        "type": "Point",
        "coordinates": [
          11.8293795,
          48.0906706
        ]
      },
      "properties": {
        "id": 7228439828,
        "osm_type": "node",
        "name": "Unverpackt Laden - Deine Alternative",
        "opening_hours": "Sa 10:00-13:00; Th,Fr 10:00-13:00, 16:00-18:00; Su-We, PH off; 24/7 für Mitglieder"
      }
    },
    {
      "type": "Feature",
      "geometry": {
        "type": "Point",
        "coordinates": [
          11.8294376,
          48.0895682
        ]
      },
      "properties": {
        "id": 7804773229,
        "osm_type": "node",
        "name": "365er Snacks & Drinks",
        "opening_hours": "24/7"
      }
    },
    {
      "type": "Feature",
      "geometry": {
        "type": "Point",
        "coordinates": [
          11.8330576,
          48.0892067
        ]
      },
      "properties": {
        "id": 11522952190,
        "osm_type": "node",
        "name": "ServiceStore DB",
        "brand": "ServiceStore DB",
        "opening_hours": "Mo-Fr 06:00-19:00; Sa 08:00-13:00; Su 08:00-11:00"
      }
    },
    {
      "type": "Feature",
      "geometry": {
        "type": "Point",
        "coordinates": [
          11.7717145,
          48.0962072
        ]
      },
      "properties": {
        "id": 13034394167,
        "osm_type": "node",
        "name": "REWE To Go",
        "brand": "REWE To Go",
        "opening_hours": "24/7"
      }
    },
    {
      "type": "Feature",
      "geometry": {
        "type": "Point",
        "coordinates": [
          11.7581615,
          48.1616373
        ]
      },
      "properties": {
        "id": 5714793802,
        "osm_type": "node",
        "name": "Eine Welt Laden Helmstetten",
        "opening_hours": "Mo 10:00-12:00; Th 15:00-17:00; Su 10:00-12:00"
      }
    },
    {
      "type": "Feature",
      "geometry": {
        "type": "Point",
        "coordinates": [
          11.7921719,
          48.1686627
        ]
      },
      "properties": {
        "id": 2508517531,
        "osm_type": "node",
        "name": "Esso",
        "brand": "Esso",
        "opening_hours": "24/7"
      }
    },
    {
      "type": "Feature",
      "geometry": {
        "type": "Point",
        "coordinates": [
          11.7555916,
          48.1762336
        ]
      },
      "properties": {
        "id": 4708756538,
        "osm_type": "node",
        "name": "Eine Welt Laden",
        "opening_hours": "Tu 10:00-12:00; Th 15:00-18:00; Su 10:00-12:00"
      }
    },
    {
      "type": "Feature",
      "geometry": {
        "type": "Point",
        "coordinates": [
          11.7640653,
          48.1757108
        ]
      },
      "properties": {
        "id": 349334198,
        "osm_type": "node",
        "name": "Esso",
        "brand": "Esso",
        "opening_hours": "24/7"
      }
    },
    {
      "type": "Feature",
      "geometry": {
        "type": "Point",
        "coordinates": [
          11.8084472,
          48.1709054
        ]
      },
      "properties": {
        "id": 3365479015,
        "osm_type": "node",
        "name": "Bahnhofskiosk",
        "opening_hours": "Mo,We-Fr 06:00-18:00; Tu 06:00-12:00; Sa 07:00-12:00"
      }
    },
    {
      "type": "Feature",
      "geometry": {
        "type": "Point",
        "coordinates": [
          11.8092379,
          48.1727632
        ]
      },
      "properties": {
        "id": 10994964096,
        "osm_type": "node",
        "name": "Bunte Bohne",
        "opening_hours": "Mo-Th 10:00-18:00; Fr 09:00-18:00; Sa 10:00-17:00"
      }
    },
    {
      "type": "Feature",
      "geometry": {
        "type": "Point",
        "coordinates": [
          11.8480914,
          48.1901938
        ]
      },
      "properties": {
        "id": 8437884623,
        "osm_type": "node",
        "name": "Total",
        "brand": "Total",
        "opening_hours": "Mo-Fr 06:00-22:00; Sa 07:00-22:00; Su,PH 08:00-22:00"
      }
    },
    {
      "type": "Feature",
      "geometry": {
        "type": "Point",
        "coordinates": [
          11.7766748,
          48.2463202
        ]
      },
      "properties": {
        "id": 9879026314,
        "osm_type": "node",
        "name": "Imkerei Kleine Biene"
      }
    },
    {
      "type": "Feature",
      "geometry": {
        "type": "Point",
        "coordinates": [
          11.8026909,
          48.2220708
        ]
      },
      "properties": {
        "id": 248108844,
        "osm_type": "node",
        "name": "Esso",
        "brand": "Esso",
        "opening_hours": "Mo-Fr 06:00-20:00; Sa 06:00-19:00; Su,PH 07:00-19:00"
      }
    },
    {
      "type": "Feature",
      "geometry": {
        "type": "Point",
        "coordinates": [
          11.7971431,
          48.2314542
        ]
      },
      "properties": {
        "id": 3688820184,
        "osm_type": "node",
        "name": "Kiosk am Finsinger Weiher",
        "opening_hours": "Mo-Su 11:30-19:00; Fr,Sa 11:30-20:00"
      }
    },
    {
      "type": "Feature",
      "geometry": {
        "type": "Point",
        "coordinates": [
          11.8511061,
          48.1512108
        ]
      },
      "properties": {
        "id": 571133492,
        "osm_type": "node",
        "name": "OMV",
        "brand": "OMV",
        "opening_hours": "Mo-Su,PH 06:00-22:00"
      }
    },
    {
      "type": "Feature",
      "geometry": {
        "type": "Point",
        "coordinates": [
          11.8540509,
          48.1596319
        ]
      },
      "properties": {
        "id": 1540401983,
        "osm_type": "node",
        "name": "Esso",
        "brand": "Esso",
        "opening_hours": "24/7"
      }
    },
    {
      "type": "Feature",
      "geometry": {
        "type": "Point",
        "coordinates": [
          11.8690691,
          48.1851809
        ]
      },
      "properties": {
        "id": 279114372,
        "osm_type": "node",
        "name": "Avia",
        "brand": "Avia",
        "opening_hours": "Mo-Fr 05:00-22:00; Sa,Su,PH 06:00-22:00"
      }
    },
    {
      "type": "Feature",
      "geometry": {
        "type": "Point",
        "coordinates": [
          11.8720586,
          48.1934988
        ]
      },
      "properties": {
        "id": 125534232,
        "osm_type": "node",
        "name": "Aral",
        "brand": "Aral",
        "opening_hours": "Mo-Su,PH 06:00-22:00"
      }
    },
    {
      "type": "Feature",
      "geometry": {
        "type": "Point",
        "coordinates": [
          11.9060162,
          48.162259
        ]
      },
      "properties": {
        "id": 7639433428,
        "osm_type": "node",
        "name": "Getränkemarkt Anderl"
      }
    },
    {
      "type": "Feature",
      "geometry": {
        "type": "Point",
        "coordinates": [
          11.9461041,
          48.1876956
        ]
      },
      "properties": {
        "id": 1952624293,
        "osm_type": "node",
        "name": "Eicher Landhandel"
      }
    },
    {
      "type": "Feature",
      "geometry": {
        "type": "Point",
        "coordinates": [
          11.8920875,
          48.2377542
        ]
      },
      "properties": {
        "id": 279642575,
        "osm_type": "node"
      }
    },
    {
      "type": "Feature",
      "geometry": {
        "type": "Point",
        "coordinates": [
          11.9024192,
          48.2448305
        ]
      },
      "properties": {
        "id": 5714793803,
        "osm_type": "node",
        "name": "Einewelt Laden",
        "opening_hours": "Fr 16:00-17:00; Su 10:30-12:00"
      }
    },
    {
      "type": "Feature",
      "geometry": {
        "type": "Point",
        "coordinates": [
          11.9603093,
          48.0442802
        ]
      },
      "properties": {
        "id": 9401863959,
        "osm_type": "node"
      }
    },
    {
      "type": "Feature",
      "geometry": {
        "type": "Point",
        "coordinates": [
          11.9628279,
          48.0471566
        ]
      },
      "properties": {
        "id": 7889720326,
        "osm_type": "node",
        "name": "Albrechts Stadtcafe",
        "opening_hours": "Mo-Fr 04:30-19:30; Sa 06:00-17:30; PH off"
      }
    },
    {
      "type": "Feature",
      "geometry": {
        "type": "Point",
        "coordinates": [
          11.9635609,
          48.0471755
        ]
      },
      "properties": {
        "id": 11318221247,
        "osm_type": "node",
        "name": "Grafinger Bahnhofskiosk",
        "opening_hours": "Mo-Fr 06:00-19:00; Sa 07:00-18:00"
      }
    },
    {
      "type": "Feature",
      "geometry": {
        "type": "Point",
        "coordinates": [
          11.9673181,
          48.0455476
        ]
      },
      "properties": {
        "id": 3631742709,
        "osm_type": "node",
        "name": "fair Weltladen",
        "opening_hours": "Mo-Th 10:00-13:00,15:00-18:00; Fr 10:00-18:00; Sa 10:00-13:00; PH off"
      }
    },
    {
      "type": "Feature",
      "geometry": {
        "type": "Point",
        "coordinates": [
          11.9584006,
          48.0802191
        ]
      },
      "properties": {
        "id": 5774585650,
        "osm_type": "node",
        "name": "EineWeltKiosk",
        "opening_hours": "Su 11:30+"
      }
    },
    {
      "type": "Feature",
      "geometry": {
        "type": "Point",
        "coordinates": [
          11.9704699,
          48.0754832
        ]
      },
      "properties": {
        "id": 11523366345,
        "osm_type": "node"
      }
    },
    {
      "type": "Feature",
      "geometry": {
        "type": "Point",
        "coordinates": [
          12.0311508,
          48.0868456
        ]
      },
      "properties": {
        "id": 6095864110,
        "osm_type": "node",
        "name": "Schreiber",
        "opening_hours": "Mo 14:00-18:00; Tu-Th 10:00-12:00,14:00-18:00; Fr 08:00-12:00,14:00-18:00; Sa 08:00-12:00; PH off"
      }
    },
    {
      "type": "Feature",
      "geometry": {
        "type": "Point",
        "coordinates": [
          12.0598863,
          48.0834848
        ]
      },
      "properties": {
        "id": 8669656120,
        "osm_type": "node",
        "name": "Avia",
        "brand": "Avia",
        "opening_hours": "Mo-Sa 06:00-20:30; Su,PH 07:00-20:30"
      }
    },
    {
      "type": "Feature",
      "geometry": {
        "type": "Point",
        "coordinates": [
          12.0027566,
          48.2169273
        ]
      },
      "properties": {
        "id": 2343261257,
        "osm_type": "node",
        "name": "nah&gut"
      }
    },
    {
      "type": "Feature",
      "geometry": {
        "type": "Point",
        "coordinates": [
          12.0920766,
          48.1536823
        ]
      },
      "properties": {
        "id": 263850599,
        "osm_type": "node",
        "name": "Avia Express",
        "brand": "Avia",
        "opening_hours": "24/7"
      }
    },
    {
      "type": "Feature",
      "geometry": {
        "type": "Point",
        "coordinates": [
          12.2071973,
          47.8388399
        ]
      },
      "properties": {
        "id": 7172085949,
        "osm_type": "node",
        "name": "Weltladen",
        "brand": "Weltladen"
      }
    },
    {
      "type": "Feature",
      "geometry": {
        "type": "Point",
        "coordinates": [
          12.2540884,
          47.8354389
        ]
      },
      "properties": {
        "id": 366650573,
        "osm_type": "node",
        "name": "Gmeiner"
      }
    },
    {
      "type": "Feature",
      "geometry": {
        "type": "Point",
        "coordinates": [
          12.3111093,
          47.8324354
        ]
      },
      "properties": {
        "id": 4459444357,
        "osm_type": "node",
        "name": "nah & gut"
      }
    },
    {
      "type": "Feature",
      "geometry": {
        "type": "Point",
        "coordinates": [
          12.3464039,
          47.853284
        ]
      },
      "properties": {
        "id": 1996989895,
        "osm_type": "node",
        "name": "Fair-Weltladen",
        "opening_hours": "Mo,Sa 10:00-13:00; Tu-Fr 10:00-18:00"
      }
    },
    {
      "type": "Feature",
      "geometry": {
        "type": "Point",
        "coordinates": [
          12.344348,
          47.85383
        ]
      },
      "properties": {
        "id": 2246548371,
        "osm_type": "node",
        "name": "Weltladen",
        "brand": "Weltladen",
        "opening_hours": "Mo-Fr 10:00-18:00; Sa 10:00-14:00"
      }
    },
    {
      "type": "Feature",
      "geometry": {
        "type": "Point",
        "coordinates": [
          12.3449608,
          47.8557488
        ]
      },
      "properties": {
        "id": 3152164760,
        "osm_type": "node",
        "name": "Heidi's Obstkorb & Mario's Wineworld",
        "opening_hours": "Mo-Fr 08:30-18:00; Sa 08:00-14:00"
      }
    },
    {
      "type": "Feature",
      "geometry": {
        "type": "Point",
        "coordinates": [
          12.347128,
          47.8527655
        ]
      },
      "properties": {
        "id": 1996958542,
        "osm_type": "node",
        "name": "Werners Naturalien",
        "opening_hours": "Mo-Fr 08:00-18:00; Sa 08:00-13:00"
      }
    },
    {
      "type": "Feature",
      "geometry": {
        "type": "Point",
        "coordinates": [
          12.3633168,
          47.8609934
        ]
      },
      "properties": {
        "id": 3125668504,
        "osm_type": "node"
      }
    },
    {
      "type": "Feature",
      "geometry": {
        "type": "Point",
        "coordinates": [
          12.3657828,
          47.8605554
        ]
      },
      "properties": {
        "id": 4006247783,
        "osm_type": "node",
        "name": "Fessler Kiosk Betriebe GbR"
      }
    },
    {
      "type": "Feature",
      "geometry": {
        "type": "Point",
        "coordinates": [
          12.36249,
          47.8603033
        ]
      },
      "properties": {
        "id": 5067269321,
        "osm_type": "node",
        "name": "Der Laden am See"
      }
    },
    {
      "type": "Feature",
      "geometry": {
        "type": "Point",
        "coordinates": [
          12.2998333,
          47.906494
        ]
      },
      "properties": {
        "id": 2973669661,
        "osm_type": "node",
        "name": "Weichenrieder",
        "opening_hours": "Mo-Sa 07:00-18:30; Su,pH off"
      }
    },
    {
      "type": "Feature",
      "geometry": {
        "type": "Point",
        "coordinates": [
          12.2914454,
          47.9165362
        ]
      },
      "properties": {
        "id": 9983385402,
        "osm_type": "node",
        "name": "Werksverkauf Soto",
        "opening_hours": "Mo-Fr 08:00-18:00"
      }
    },
    {
      "type": "Feature",
      "geometry": {
        "type": "Point",
        "coordinates": [
          12.2468647,
          47.9839124
        ]
      },
      "properties": {
        "id": 8411372223,
        "osm_type": "node",
        "name": "Dorfkramer",
        "opening_hours": "We closed, Mo-Tu,Fr 07:00-12:00,15:00-18:00, Th,Sa 07:00-12:00, Su 07:00-10:00"
      }
    },
    {
      "type": "Feature",
      "geometry": {
        "type": "Point",
        "coordinates": [
          12.4186475,
          47.8844253
        ]
      },
      "properties": {
        "id": 883387214,
        "osm_type": "node",
        "name": "Cafe Jana"
      }
    },
    {
      "type": "Feature",
      "geometry": {
        "type": "Point",
        "coordinates": [
          12.4191616,
          47.8839256
        ]
      },
      "properties": {
        "id": 293261730,
        "osm_type": "node",
        "name": "Kiosk am Dampfersteg"
      }
    },
    {
      "type": "Feature",
      "geometry": {
        "type": "Point",
        "coordinates": [
          12.4370835,
          47.9151245
        ]
      },
      "properties": {
        "id": 1752263846,
        "osm_type": "node",
        "name": "Bäckerei Summerer"
      }
    },
    {
      "type": "Feature",
      "geometry": {
        "type": "Point",
        "coordinates": [
          12.5289375,
          47.8765582
        ]
      },
      "properties": {
        "id": 1858180556,
        "osm_type": "node",
        "name": "Café - Bar \"S. Marco\""
      }
    },
    {
      "type": "Feature",
      "geometry": {
        "type": "Point",
        "coordinates": [
          12.4064721,
          48.0005942
        ]
      },
      "properties": {
        "id": 3907865457,
        "osm_type": "node",
        "name": "Hagebutte Naturkost",
        "opening_hours": "Mo-Th 08:30-12:30,14:00-18:00; Fr 08:30-18:00; Sa 08:30-12:30"
      }
    },
    {
      "type": "Feature",
      "geometry": {
        "type": "Point",
        "coordinates": [
          12.5246859,
          47.9999476
        ]
      },
      "properties": {
        "id": 4959046535,
        "osm_type": "node"
      }
    },
    {
      "type": "Feature",
      "geometry": {
        "type": "Point",
        "coordinates": [
          12.533557,
          47.9986814
        ]
      },
      "properties": {
        "id": 9282773753,
        "osm_type": "node"
      }
    },
    {
      "type": "Feature",
      "geometry": {
        "type": "Point",
        "coordinates": [
          12.5561095,
          48.026954
        ]
      },
      "properties": {
        "id": 3373984535,
        "osm_type": "node",
        "name": "Knott"
      }
    },
    {
      "type": "Feature",
      "geometry": {
        "type": "Point",
        "coordinates": [
          12.2096349,
          48.0612092
        ]
      },
      "properties": {
        "id": 257400048,
        "osm_type": "node",
        "brand": "Aral",
        "opening_hours": "Mo-Fr 06:00-22:00; Sa 07:00-23:00; Su,PH 07:30-22:00"
      }
    },
    {
      "type": "Feature",
      "geometry": {
        "type": "Point",
        "coordinates": [
          12.2288773,
          48.057442
        ]
      },
      "properties": {
        "id": 3427738659,
        "osm_type": "node",
        "name": "BK",
        "brand": "Benzin Kontor",
        "opening_hours": "Mo-Sa 06:00-23:00; Su 08:00-23:00"
      }
    },
    {
      "type": "Feature",
      "geometry": {
        "type": "Point",
        "coordinates": [
          12.2327978,
          48.0605532
        ]
      },
      "properties": {
        "id": 366523239,
        "osm_type": "node",
        "name": "Wasserburger Markthallen",
        "opening_hours": "Mo-Fr 07:00-18:00; Sa 07:00-15:00"
      }
    },
    {
      "type": "Feature",
      "geometry": {
        "type": "Point",
        "coordinates": [
          12.231824,
          48.062614
        ]
      },
      "properties": {
        "id": 2194069898,
        "osm_type": "node",
        "name": "Wasserburger Kramerladl"
      }
    },
    {
      "type": "Feature",
      "geometry": {
        "type": "Point",
        "coordinates": [
          12.2306357,
          48.0616371
        ]
      },
      "properties": {
        "id": 9286201088,
        "osm_type": "node",
        "name": "Konaté",
        "opening_hours": "Tu-Sa 10:00-19:00"
      }
    },
    {
      "type": "Feature",
      "geometry": {
        "type": "Point",
        "coordinates": [
          12.229159,
          48.0615673
        ]
      },
      "properties": {
        "id": 12356623574,
        "osm_type": "node",
        "name": "Weltladen Wasserburg",
        "opening_hours": "Mo-Fr 09:30-18:00; Sa 09:30-13:00"
      }
    },
    {
      "type": "Feature",
      "geometry": {
        "type": "Point",
        "coordinates": [
          12.1688608,
          48.1412883
        ]
      },
      "properties": {
        "id": 804941883,
        "osm_type": "node",
        "name": "Draxmühle",
        "opening_hours": "Mo-Fr 08:00-18:00; Sa 08:00-13:00"
      }
    },
    {
      "type": "Feature",
      "geometry": {
        "type": "Point",
        "coordinates": [
          12.2274341,
          48.0947987
        ]
      },
      "properties": {
        "id": 2792537514,
        "osm_type": "node",
        "name": "Edeka Nah und Gut Gütter"
      }
    },
    {
      "type": "Feature",
      "geometry": {
        "type": "Point",
        "coordinates": [
          12.1635534,
          48.1649421
        ]
      },
      "properties": {
        "id": 8511780617,
        "osm_type": "node",
        "name": "Total",
        "brand": "Total",
        "opening_hours": "Mo-Fr 06:00-22:00; Sa,Su,PH 07:00-22:00"
      }
    },
    {
      "type": "Feature",
      "geometry": {
        "type": "Point",
        "coordinates": [
          12.2749681,
          48.1556029
        ]
      },
      "properties": {
        "id": 367381134,
        "osm_type": "node",
        "name": "Avia",
        "brand": "Avia",
        "opening_hours": "24/7"
      }
    },
    {
      "type": "Feature",
      "geometry": {
        "type": "Point",
        "coordinates": [
          12.3305611,
          48.1516628
        ]
      },
      "properties": {
        "id": 2157470426,
        "osm_type": "node",
        "name": "Dorfladen",
        "opening_hours": "Mo-Fr 07:00-12:30,15:00-18:30; We,Sa 07:00-12:30; PH off"
      }
    },
    {
      "type": "Feature",
      "geometry": {
        "type": "Point",
        "coordinates": [
          12.4075978,
          48.1059555
        ]
      },
      "properties": {
        "id": 6765133520,
        "osm_type": "node",
        "name": "Edeka"
      }
    },
    {
      "type": "Feature",
      "geometry": {
        "type": "Point",
        "coordinates": [
          12.4752775,
          48.0937476
        ]
      },
      "properties": {
        "id": 5079803234,
        "osm_type": "node",
        "name": "Nah & Gut Binder",
        "opening_hours": "Mo,Tu,Th,Fr 6:30-12:00, 13:30-18:00; We, Sa 6:30-12:00"
      }
    },
    {
      "type": "Feature",
      "geometry": {
        "type": "Point",
        "coordinates": [
          12.5739184,
          48.1260493
        ]
      },
      "properties": {
        "id": 2592032023,
        "osm_type": "node",
        "name": "Rewe To Go",
        "brand": "Rewe To Go"
      }
    },
    {
      "type": "Feature",
      "geometry": {
        "type": "Point",
        "coordinates": [
          12.4282621,
          48.1817871
        ]
      },
      "properties": {
        "id": 6390249012,
        "osm_type": "node",
        "name": "bio-laden kraiburg cafe"
      }
    },
    {
      "type": "Feature",
      "geometry": {
        "type": "Point",
        "coordinates": [
          12.3957,
          48.2087693
        ]
      },
      "properties": {
        "id": 1777370413,
        "osm_type": "node"
      }
    },
    {
      "type": "Feature",
      "geometry": {
        "type": "Point",
        "coordinates": [
          12.3990161,
          48.2082313
        ]
      },
      "properties": {
        "id": 13517116965,
        "osm_type": "node",
        "name": "Damaskus"
      }
    },
    {
      "type": "Feature",
      "geometry": {
        "type": "Point",
        "coordinates": [
          12.4853839,
          48.1980876
        ]
      },
      "properties": {
        "id": 12045073590,
        "osm_type": "node",
        "name": "nah & gut",
        "opening_hours": "Mo,We 7:00-12:30,14:00-18:00;Tu,Th 7:00-12:30; Fr 7:00-18:00; Sa 7:00-12:30"
      }
    },
    {
      "type": "Feature",
      "geometry": {
        "type": "Point",
        "coordinates": [
          12.8965224,
          47.6175345
        ]
      },
      "properties": {
        "id": 1790620682,
        "osm_type": "node"
      }
    },
    {
      "type": "Feature",
      "geometry": {
        "type": "Point",
        "coordinates": [
          12.97228,
          47.5439929
        ]
      },
      "properties": {
        "id": 475596186,
        "osm_type": "node"
      }
    },
    {
      "type": "Feature",
      "geometry": {
        "type": "Point",
        "coordinates": [
          12.9592413,
          47.6109682
        ]
      },
      "properties": {
        "id": 12960561277,
        "osm_type": "node",
        "name": "Brotzeitstübl",
        "opening_hours": "Mo-Fr 07:00-16:00"
      }
    },
    {
      "type": "Feature",
      "geometry": {
        "type": "Point",
        "coordinates": [
          12.6306519,
          47.7546373
        ]
      },
      "properties": {
        "id": 13448074245,
        "osm_type": "node"
      }
    },
    {
      "type": "Feature",
      "geometry": {
        "type": "Point",
        "coordinates": [
          12.6483521,
          47.7622919
        ]
      },
      "properties": {
        "id": 7632433054,
        "osm_type": "node",
        "name": "Beim Nitzlader"
      }
    },
    {
      "type": "Feature",
      "geometry": {
        "type": "Point",
        "coordinates": [
          12.5944324,
          47.8248054
        ]
      },
      "properties": {
        "id": 1488359977,
        "osm_type": "node",
        "name": "nah & gut Pfeilstetter",
        "brand": "EDEKA",
        "opening_hours": "Mo-Fr 07:00-13:00,15:00-18:00; Sa 07:00-13:00; PH off"
      }
    },
    {
      "type": "Feature",
      "geometry": {
        "type": "Point",
        "coordinates": [
          12.8697467,
          47.6274454
        ]
      },
      "properties": {
        "id": 1854455829,
        "osm_type": "node",
        "name": "Kiosk"
      }
    },
    {
      "type": "Feature",
      "geometry": {
        "type": "Point",
        "coordinates": [
          12.8757749,
          47.7192277
        ]
      },
      "properties": {
        "id": 3955140266,
        "osm_type": "node",
        "name": "Der kleine Laden",
        "opening_hours": "Tu-Th 09:30-11:30,15:00-18:00; Fr 15:00-18:00"
      }
    },
    {
      "type": "Feature",
      "geometry": {
        "type": "Point",
        "coordinates": [
          12.8764874,
          47.7222064
        ]
      },
      "properties": {
        "id": 2182805556,
        "osm_type": "node"
      }
    },
    {
      "type": "Feature",
      "geometry": {
        "type": "Point",
        "coordinates": [
          12.8778905,
          47.723529
        ]
      },
      "properties": {
        "id": 3958235108,
        "osm_type": "node",
        "name": "Dürninger",
        "opening_hours": "Mo-Fr 09:30-13:00,14:00-18:00; Sa 09:30-13:00"
      }
    },
    {
      "type": "Feature",
      "geometry": {
        "type": "Point",
        "coordinates": [
          12.8959401,
          47.7190199
        ]
      },
      "properties": {
        "id": 1342612133,
        "osm_type": "node",
        "name": "Lotto Toto Knoll"
      }
    },
    {
      "type": "Feature",
      "geometry": {
        "type": "Point",
        "coordinates": [
          12.9430391,
          47.6695446
        ]
      },
      "properties": {
        "id": 13142819078,
        "osm_type": "node",
        "name": "Schnurrer",
        "opening_hours": "Mo-Fr 06:00-19:30; Sa,Su,PH 06:00-19:00"
      }
    },
    {
      "type": "Feature",
      "geometry": {
        "type": "Point",
        "coordinates": [
          12.8967161,
          47.7462758
        ]
      },
      "properties": {
        "id": 6691859592,
        "osm_type": "node",
        "name": "Rezeption Campingplatz Staufeneck",
        "opening_hours": "Apr-Oct 08:00-10:00, 18:00-20:00"
      }
    },
    {
      "type": "Feature",
      "geometry": {
        "type": "Point",
        "coordinates": [
          12.8435912,
          47.8170891
        ]
      },
      "properties": {
        "id": 6419518785,
        "osm_type": "node",
        "name": "Kiosk Höglwörth"
      }
    },
    {
      "type": "Feature",
      "geometry": {
        "type": "Point",
        "coordinates": [
          12.9573653,
          47.8055107
        ]
      },
      "properties": {
        "id": 13320341429,
        "osm_type": "node",
        "name": "REWE To Go",
        "brand": "REWE To Go",
        "opening_hours": "Mo-Su 05:00-21:00"
      }
    },
    {
      "type": "Feature",
      "geometry": {
        "type": "Point",
        "coordinates": [
          13.042533,
          47.6113437
        ]
      },
      "properties": {
        "id": 7608279343,
        "osm_type": "node"
      }
    },
    {
      "type": "Feature",
      "geometry": {
        "type": "Point",
        "coordinates": [
          13.0176052,
          47.6376126
        ]
      },
      "properties": {
        "id": 4921359422,
        "osm_type": "node",
        "name": "Salzladen",
        "opening_hours": "Mo-Su 10:00-18:00"
      }
    },
    {
      "type": "Feature",
      "geometry": {
        "type": "Point",
        "coordinates": [
          13.0401062,
          47.6473846
        ]
      },
      "properties": {
        "id": 1853827801,
        "osm_type": "node",
        "name": "Allweglehen",
        "opening_hours": "PH,Mo-Su 08:00-11:00,15:00-17:00"
      }
    },
    {
      "type": "Feature",
      "geometry": {
        "type": "Point",
        "coordinates": [
          13.0396,
          47.6530923
        ]
      },
      "properties": {
        "id": 12821191013,
        "osm_type": "node",
        "name": "Walch"
      }
    },
    {
      "type": "Feature",
      "geometry": {
        "type": "Point",
        "coordinates": [
          13.0933733,
          47.6275109
        ]
      },
      "properties": {
        "id": 13002772958,
        "osm_type": "node",
        "name": "Roßfeld-Kiosk"
      }
    },
    {
      "type": "Feature",
      "geometry": {
        "type": "Point",
        "coordinates": [
          13.0654934,
          47.6523881
        ]
      },
      "properties": {
        "id": 10949016025,
        "osm_type": "node",
        "name": "Ulutas",
        "opening_hours": "Mo-Fr 06:30-13:00; Sa 06:30-12:00"
      }
    },
    {
      "type": "Feature",
      "geometry": {
        "type": "Point",
        "coordinates": [
          12.6419603,
          47.8596054
        ]
      },
      "properties": {
        "id": 9864491833,
        "osm_type": "node",
        "name": "Strandcafé"
      }
    },
    {
      "type": "Feature",
      "geometry": {
        "type": "Point",
        "coordinates": [
          12.6391328,
          47.8690041
        ]
      },
      "properties": {
        "id": 9832982916,
        "osm_type": "node",
        "name": "Kabawa"
      }
    },
    {
      "type": "Feature",
      "geometry": {
        "type": "Point",
        "coordinates": [
          12.6467763,
          47.8694093
        ]
      },
      "properties": {
        "id": 9362367403,
        "osm_type": "node",
        "name": "Josef Obst & Gemüse"
      }
    },
    {
      "type": "Feature",
      "geometry": {
        "type": "Point",
        "coordinates": [
          12.6464754,
          47.8692369
        ]
      },
      "properties": {
        "id": 9687843491,
        "osm_type": "node",
        "name": "Kiosk am Maxplatz",
        "opening_hours": "Mo-Fr 07:00-17:00; Sa 07:00-14:00"
      }
    },
    {
      "type": "Feature",
      "geometry": {
        "type": "Point",
        "coordinates": [
          12.6464153,
          47.8692182
        ]
      },
      "properties": {
        "id": 9687909457,
        "osm_type": "node",
        "name": "Max.Bar"
      }
    },
    {
      "type": "Feature",
      "geometry": {
        "type": "Point",
        "coordinates": [
          12.6411654,
          47.8780941
        ]
      },
      "properties": {
        "id": 5890738146,
        "osm_type": "node",
        "name": "Stadionkiosk"
      }
    },
    {
      "type": "Feature",
      "geometry": {
        "type": "Point",
        "coordinates": [
          12.5951166,
          47.9343082
        ]
      },
      "properties": {
        "id": 2091014105,
        "osm_type": "node",
        "name": "Wallner",
        "brand": "Independent",
        "opening_hours": "Mo-Fr 07:00-20:00; Sa 08:00-20:00; Su 08:30-20:00"
      }
    },
    {
      "type": "Feature",
      "geometry": {
        "type": "Point",
        "coordinates": [
          12.7127082,
          47.8737499
        ]
      },
      "properties": {
        "id": 1339456590,
        "osm_type": "node",
        "name": "nah & gut",
        "opening_hours": "Mo-Fr 06:30-12:00; Sa 06:30-12:00"
      }
    },
    {
      "type": "Feature",
      "geometry": {
        "type": "Point",
        "coordinates": [
          12.6105727,
          47.9554843
        ]
      },
      "properties": {
        "id": 8844619422,
        "osm_type": "node",
        "name": "Stützpunkt"
      }
    },
    {
      "type": "Feature",
      "geometry": {
        "type": "Point",
        "coordinates": [
          12.5865559,
          47.966397
        ]
      },
      "properties": {
        "id": 1867133027,
        "osm_type": "node",
        "name": "8 to 8 Kiosk",
        "opening_hours": "Mo-Sa 08:00-20:00"
      }
    },
    {
      "type": "Feature",
      "geometry": {
        "type": "Point",
        "coordinates": [
          12.5952921,
          47.9661994
        ]
      },
      "properties": {
        "id": 2908319839,
        "osm_type": "node",
        "name": "Eine Welt für alle e.V. - Turmladl",
        "opening_hours": "Mo-Fr 09:00-13:00; Fr 15:00-18:00; Sa 10:00-12:00"
      }
    },
    {
      "type": "Feature",
      "geometry": {
        "type": "Point",
        "coordinates": [
          12.6367197,
          48.0012025
        ]
      },
      "properties": {
        "id": 2146036467,
        "osm_type": "node",
        "name": "Dorfladen"
      }
    },
    {
      "type": "Feature",
      "geometry": {
        "type": "Point",
        "coordinates": [
          12.7253073,
          47.9619786
        ]
      },
      "properties": {
        "id": 10289305282,
        "osm_type": "node",
        "name": "Dorfladen Taching",
        "opening_hours": "Mo, Mi, Fr 06:30 - 13:00 und 16:00 - 18:00; Do 06:30 - 13:00; Sa 07:00 - 11:00"
      }
    },
    {
      "type": "Feature",
      "geometry": {
        "type": "Point",
        "coordinates": [
          12.7325401,
          47.9619352
        ]
      },
      "properties": {
        "id": 13050781776,
        "osm_type": "node",
        "name": "KIOSK"
      }
    },
    {
      "type": "Feature",
      "geometry": {
        "type": "Point",
        "coordinates": [
          12.7541863,
          47.9561637
        ]
      },
      "properties": {
        "id": 6582384452,
        "osm_type": "node",
        "name": "Dorfladen"
      }
    },
    {
      "type": "Feature",
      "geometry": {
        "type": "Point",
        "coordinates": [
          12.7783598,
          47.9530537
        ]
      },
      "properties": {
        "id": 498200226,
        "osm_type": "node"
      }
    },
    {
      "type": "Feature",
      "geometry": {
        "type": "Point",
        "coordinates": [
          12.8276371,
          47.8424355
        ]
      },
      "properties": {
        "id": 13074969332,
        "osm_type": "node"
      }
    },
    {
      "type": "Feature",
      "geometry": {
        "type": "Point",
        "coordinates": [
          12.8231168,
          47.8498927
        ]
      },
      "properties": {
        "id": 13101599316,
        "osm_type": "node",
        "name": "Weltladen"
      }
    },
    {
      "type": "Feature",
      "geometry": {
        "type": "Point",
        "coordinates": [
          12.8329398,
          47.8499159
        ]
      },
      "properties": {
        "id": 1313499520,
        "osm_type": "node",
        "name": "Lagerhäuser Rupertiwinkel"
      }
    },
    {
      "type": "Feature",
      "geometry": {
        "type": "Point",
        "coordinates": [
          12.9746239,
          47.8342115
        ]
      },
      "properties": {
        "id": 12650376856,
        "osm_type": "node",
        "name": "Tante Emma 24/7",
        "opening_hours": "24/7"
      }
    },
    {
      "type": "Feature",
      "geometry": {
        "type": "Point",
        "coordinates": [
          12.9676627,
          47.8444187
        ]
      },
      "properties": {
        "id": 1567991273,
        "osm_type": "node",
        "name": "Reformhaus"
      }
    },
    {
      "type": "Feature",
      "geometry": {
        "type": "Point",
        "coordinates": [
          12.9643395,
          47.8492105
        ]
      },
      "properties": {
        "id": 1568024847,
        "osm_type": "node",
        "name": "Getränkemarkt"
      }
    },
    {
      "type": "Feature",
      "geometry": {
        "type": "Point",
        "coordinates": [
          12.9813174,
          47.8377368
        ]
      },
      "properties": {
        "id": 5186929786,
        "osm_type": "node",
        "name": "Box Der KleinPreisKönig"
      }
    },
    {
      "type": "Feature",
      "geometry": {
        "type": "Point",
        "coordinates": [
          12.9775789,
          47.8364934
        ]
      },
      "properties": {
        "id": 8915809777,
        "osm_type": "node",
        "name": "Bahn Shop - Imbiss - Zeitschriften"
      }
    },
    {
      "type": "Feature",
      "geometry": {
        "type": "Point",
        "coordinates": [
          12.9815858,
          47.8387224
        ]
      },
      "properties": {
        "id": 1080469787,
        "osm_type": "node",
        "name": "Lotto / Tabak Schaid"
      }
    },
    {
      "type": "Feature",
      "geometry": {
        "type": "Point",
        "coordinates": [
          12.9803867,
          47.8481593
        ]
      },
      "properties": {
        "id": 2131135040,
        "osm_type": "node",
        "name": "Kiosk"
      }
    },
    {
      "type": "Feature",
      "geometry": {
        "type": "Point",
        "coordinates": [
          12.8056319,
          47.941019
        ]
      },
      "properties": {
        "id": 11989790492,
        "osm_type": "node",
        "name": "Dorfladen"
      }
    },
    {
      "type": "Feature",
      "geometry": {
        "type": "Point",
        "coordinates": [
          12.8031924,
          47.9825693
        ]
      },
      "properties": {
        "id": 5619816521,
        "osm_type": "node",
        "name": "Reschberger Madeline"
      }
    },
    {
      "type": "Feature",
      "geometry": {
        "type": "Point",
        "coordinates": [
          12.9365883,
          47.9411152
        ]
      },
      "properties": {
        "id": 2634088530,
        "osm_type": "node",
        "name": "Weltladen Laufen",
        "opening_hours": "Mo-Fr 09:00-12:00,14:30-18:00, Sa 09:00-12:30"
      }
    },
    {
      "type": "Feature",
      "geometry": {
        "type": "Point",
        "coordinates": [
          12.5959106,
          48.0819221
        ]
      },
      "properties": {
        "id": 12136330472,
        "osm_type": "node",
        "name": "Dorfladen"
      }
    },
    {
      "type": "Feature",
      "geometry": {
        "type": "Point",
        "coordinates": [
          12.6439481,
          48.0863562
        ]
      },
      "properties": {
        "id": 1255192829,
        "osm_type": "node",
        "name": "Ingrids Dorfladen",
        "opening_hours": "Mo-Fr 06:30-12:30, 14:00-18:00; Sa 06:30-12:30; Su,PH off"
      }
    },
    {
      "type": "Feature",
      "geometry": {
        "type": "Point",
        "coordinates": [
          12.5940327,
          48.1269048
        ]
      },
      "properties": {
        "id": 1259364008,
        "osm_type": "node",
        "name": "Tante Emma 2.0",
        "opening_hours": "Tu,Th 06:00-13:00; We,Fr 06:00-13:00,14:00-17:00; Sa 07:00-12:00; PH off"
      }
    },
    {
      "type": "Feature",
      "geometry": {
        "type": "Point",
        "coordinates": [
          12.677905,
          48.1266328
        ]
      },
      "properties": {
        "id": 11177221979,
        "osm_type": "node",
        "name": "Huml"
      }
    },
    {
      "type": "Feature",
      "geometry": {
        "type": "Point",
        "coordinates": [
          12.7712057,
          48.0551019
        ]
      },
      "properties": {
        "id": 1641486073,
        "osm_type": "node",
        "name": "Zellbeck",
        "brand": "Independent"
      }
    },
    {
      "type": "Feature",
      "geometry": {
        "type": "Point",
        "coordinates": [
          12.7710672,
          48.0564353
        ]
      },
      "properties": {
        "id": 1641486074,
        "osm_type": "node",
        "brand": "Independent",
        "opening_hours": "Mo-Fr 07:00-22:00; Sa, Su 08:00-22:00"
      }
    },
    {
      "type": "Feature",
      "geometry": {
        "type": "Point",
        "coordinates": [
          12.7245577,
          48.0990056
        ]
      },
      "properties": {
        "id": 1348952172,
        "osm_type": "node",
        "name": "nah&gut"
      }
    },
    {
      "type": "Feature",
      "geometry": {
        "type": "Point",
        "coordinates": [
          12.6175562,
          48.1484964
        ]
      },
      "properties": {
        "id": 1251682554,
        "osm_type": "node",
        "name": "Buchner"
      }
    },
    {
      "type": "Feature",
      "geometry": {
        "type": "Point",
        "coordinates": [
          12.6177683,
          48.1652216
        ]
      },
      "properties": {
        "id": 6064128695,
        "osm_type": "node",
        "name": "Dorfladen"
      }
    },
    {
      "type": "Feature",
      "geometry": {
        "type": "Point",
        "coordinates": [
          12.6766651,
          48.2248174
        ]
      },
      "properties": {
        "id": 1284123868,
        "osm_type": "node",
        "name": "Treatsweets",
        "opening_hours": "24/7"
      }
    },
    {
      "type": "Feature",
      "geometry": {
        "type": "Point",
        "coordinates": [
          12.6764628,
          48.228739
        ]
      },
      "properties": {
        "id": 7052605771,
        "osm_type": "node",
        "name": "Bruckmayer Mühlenladen",
        "opening_hours": "Mo-Fr 08:30-18:00; Sa 08:30-13:00"
      }
    },
    {
      "type": "Feature",
      "geometry": {
        "type": "Point",
        "coordinates": [
          12.6876598,
          48.240232
        ]
      },
      "properties": {
        "id": 5180633163,
        "osm_type": "node",
        "name": "Stirner's Schmankerlbox",
        "opening_hours": "24/7"
      }
    },
    {
      "type": "Feature",
      "geometry": {
        "type": "Point",
        "coordinates": [
          12.7285437,
          48.1602089
        ]
      },
      "properties": {
        "id": 958652425,
        "osm_type": "node",
        "name": "Straßer"
      }
    },
    {
      "type": "Feature",
      "geometry": {
        "type": "Point",
        "coordinates": [
          12.730783,
          48.1662563
        ]
      },
      "properties": {
        "id": 3306532151,
        "osm_type": "node",
        "name": "Weltladen Burgkirchen"
      }
    },
    {
      "type": "Feature",
      "geometry": {
        "type": "Point",
        "coordinates": [
          12.7183142,
          48.1735351
        ]
      },
      "properties": {
        "id": 437887948,
        "osm_type": "node",
        "name": "Günther"
      }
    },
    {
      "type": "Feature",
      "geometry": {
        "type": "Point",
        "coordinates": [
          12.7702546,
          48.1941287
        ]
      },
      "properties": {
        "id": 11726379238,
        "osm_type": "node",
        "name": "Toni Schütz"
      }
    },
    {
      "type": "Feature",
      "geometry": {
        "type": "Point",
        "coordinates": [
          12.7053842,
          48.2414977
        ]
      },
      "properties": {
        "id": 5145406904,
        "osm_type": "node",
        "name": "Asia Market Chopstick"
      }
    },
    {
      "type": "Feature",
      "geometry": {
        "type": "Point",
        "coordinates": [
          12.7104627,
          48.2400059
        ]
      },
      "properties": {
        "id": 3614179074,
        "osm_type": "node",
        "name": "Aral",
        "brand": "Aral",
        "opening_hours": "24/7"
      }
    },
    {
      "type": "Feature",
      "geometry": {
        "type": "Point",
        "coordinates": [
          12.8306432,
          48.15571
        ]
      },
      "properties": {
        "id": 765084650,
        "osm_type": "node",
        "name": "frische markt am Bichl",
        "opening_hours": "Mo 09:00-19:00; Tu 11:30-19:00; We-Fr 09:00-19:00; Sa 09:00-18:00; Su 11:30-16:30"
      }
    },
    {
      "type": "Feature",
      "geometry": {
        "type": "Point",
        "coordinates": [
          12.83041,
          48.1557307
        ]
      },
      "properties": {
        "id": 3111056475,
        "osm_type": "node",
        "name": "Tabak Whisky & more",
        "opening_hours": "Mo 07:00-18:45; Tu 07:00-14:00; We-Fr 07:00-18:45; Sa 07:00-17:00; Su 12:00-17:45; PH 10:00-16:00"
      }
    },
    {
      "type": "Feature",
      "geometry": {
        "type": "Point",
        "coordinates": [
          12.8324655,
          48.1571277
        ]
      },
      "properties": {
        "id": 3105982633,
        "osm_type": "node",
        "name": "Meine-Welt-Laden Burghausen",
        "opening_hours": "Tu-Fr 10:00-18:00; Sa 10:00-16:00; Su,Mo,PH off"
      }
    },
    {
      "type": "Feature",
      "geometry": {
        "type": "Point",
        "coordinates": [
          12.8274708,
          48.1662529
        ]
      },
      "properties": {
        "id": 34825641,
        "osm_type": "node",
        "brand": "Agip",
        "opening_hours": "Mo-Sa 05:30-23:00; Su,PH 05:30-23:00"
      }
    },
    {
      "type": "Feature",
      "geometry": {
        "type": "Point",
        "coordinates": [
          12.8330269,
          48.1716359
        ]
      },
      "properties": {
        "id": 1193800226,
        "osm_type": "node",
        "name": "Tenglinger Dorfladen",
        "opening_hours": "Mo-Fr 08:00-13:00"
      }
    },
    {
      "type": "Feature",
      "geometry": {
        "type": "Point",
        "coordinates": [
          12.8353539,
          48.1693826
        ]
      },
      "properties": {
        "id": 4478243397,
        "osm_type": "node",
        "name": "Tabak Lazarus",
        "opening_hours": "Mo,Tu,Th,Fr 08:30-12:00,14:30-18:00; We 14:30-18:00; Sa 09:00-12:00"
      }
    },
    {
      "type": "Feature",
      "geometry": {
        "type": "Point",
        "coordinates": [
          10.0953392,
          48.2529482
        ]
      },
      "properties": {
        "id": 724116917,
        "osm_type": "node"
      }
    },
    {
      "type": "Feature",
      "geometry": {
        "type": "Point",
        "coordinates": [
          10.0788053,
          48.27806
        ]
      },
      "properties": {
        "id": 3464902631,
        "osm_type": "node",
        "name": "Bey Supermarkt"
      }
    },
    {
      "type": "Feature",
      "geometry": {
        "type": "Point",
        "coordinates": [
          10.0802514,
          48.2778091
        ]
      },
      "properties": {
        "id": 3451765584,
        "osm_type": "node",
        "name": "Frischemarkt Rahn",
        "opening_hours": "Mo,Tu,Th 08:00-12:30,14:30-18:00; We 08:00-12:30; Fr 08:00-12:30,14:30-18:30; Sa 07:30-12:30"
      }
    },
    {
      "type": "Feature",
      "geometry": {
        "type": "Point",
        "coordinates": [
          10.1212285,
          48.2526464
        ]
      },
      "properties": {
        "id": 11978505072,
        "osm_type": "node",
        "name": "mein Kauftreff Um's Eck"
      }
    },
    {
      "type": "Feature",
      "geometry": {
        "type": "Point",
        "coordinates": [
          10.0701862,
          48.316766
        ]
      },
      "properties": {
        "id": 936023479,
        "osm_type": "node",
        "name": "Karasoy"
      }
    },
    {
      "type": "Feature",
      "geometry": {
        "type": "Point",
        "coordinates": [
          10.1014526,
          48.31227
        ]
      },
      "properties": {
        "id": 7227818842,
        "osm_type": "node",
        "name": "Dorfladen Witzighausen"
      }
    },
    {
      "type": "Feature",
      "geometry": {
        "type": "Point",
        "coordinates": [
          10.1580132,
          48.3053938
        ]
      },
      "properties": {
        "id": 5129167466,
        "osm_type": "node",
        "name": "Weltladen Weißenhorn",
        "opening_hours": "Mo 09:00-12:30; Tu-Fr 09:00-12:30,14:00-18:00; Sa 09:00-12:30"
      }
    },
    {
      "type": "Feature",
      "geometry": {
        "type": "Point",
        "coordinates": [
          10.1598009,
          48.3302156
        ]
      },
      "properties": {
        "id": 11302360846,
        "osm_type": "node",
        "name": "Geschenkeschublade"
      }
    },
    {
      "type": "Feature",
      "geometry": {
        "type": "Point",
        "coordinates": [
          10.2113155,
          48.3254683
        ]
      },
      "properties": {
        "id": 7840102630,
        "osm_type": "node"
      }
    },
    {
      "type": "Feature",
      "geometry": {
        "type": "Point",
        "coordinates": [
          10.2114448,
          48.3374411
        ]
      },
      "properties": {
        "id": 9975083739,
        "osm_type": "node",
        "name": "Waldseilgarten Wallenhausen",
        "opening_hours": "\"https://waldseilgarten-wallenhausen.de/oeffnungszeiten/\""
      }
    },
    {
      "type": "Feature",
      "geometry": {
        "type": "Point",
        "coordinates": [
          10.1432777,
          48.4139614
        ]
      },
      "properties": {
        "id": 9243040790,
        "osm_type": "node",
        "name": "Frischemarkt Akyol"
      }
    },
    {
      "type": "Feature",
      "geometry": {
        "type": "Point",
        "coordinates": [
          10.1332737,
          48.4184573
        ]
      },
      "properties": {
        "id": 2153682284,
        "osm_type": "node",
        "name": "Esso",
        "brand": "Esso",
        "opening_hours": "Mo-Fr 06:30-20:00, Sa 07:00-20:00, Su 09:00-19:00"
      }
    },
    {
      "type": "Feature",
      "geometry": {
        "type": "Point",
        "coordinates": [
          10.22011,
          48.4446496
        ]
      },
      "properties": {
        "id": 2023749435,
        "osm_type": "node",
        "name": "Salzlädele"
      }
    },
    {
      "type": "Feature",
      "geometry": {
        "type": "Point",
        "coordinates": [
          10.3255545,
          48.2566535
        ]
      },
      "properties": {
        "id": 7690924716,
        "osm_type": "node",
        "name": "Dorfladen Deisenhauen",
        "opening_hours": "Mo 06:30-12:30; Tu 06:30-12:30,16:00-18:00; We 06:30-12:30; Th 06:30-12:30; Fr 06:30-12:30,15:00-18:00; Sa 06:30-12:00"
      }
    },
    {
      "type": "Feature",
      "geometry": {
        "type": "Point",
        "coordinates": [
          10.4636986,
          48.3015145
        ]
      },
      "properties": {
        "id": 412739351,
        "osm_type": "node",
        "name": "Erdbeerplantage"
      }
    },
    {
      "type": "Feature",
      "geometry": {
        "type": "Point",
        "coordinates": [
          10.3587501,
          48.3958919
        ]
      },
      "properties": {
        "id": 4210368877,
        "osm_type": "node",
        "name": "Kircher"
      }
    },
    {
      "type": "Feature",
      "geometry": {
        "type": "Point",
        "coordinates": [
          10.3001123,
          48.4116896
        ]
      },
      "properties": {
        "id": 9040462877,
        "osm_type": "node",
        "name": "Geiger's Dorfladen",
        "opening_hours": "Mo-Fr 05:00-13:00; Sa 05:30-08:00-15:00; PH off"
      }
    },
    {
      "type": "Feature",
      "geometry": {
        "type": "Point",
        "coordinates": [
          10.2790709,
          48.4602852
        ]
      },
      "properties": {
        "id": 1255221868,
        "osm_type": "node",
        "name": "Morlock",
        "opening_hours": "Mo-Fr 05:00-18:00; PH,Sa,Su 07:00-11:00"
      }
    },
    {
      "type": "Feature",
      "geometry": {
        "type": "Point",
        "coordinates": [
          10.2792055,
          48.4578167
        ]
      },
      "properties": {
        "id": 10778820138,
        "osm_type": "node",
        "name": "Mini Mix",
        "brand": "Mini Mix",
        "opening_hours": "Mo-Fr 09:00-19:00; Sa 09:00-16:00"
      }
    },
    {
      "type": "Feature",
      "geometry": {
        "type": "Point",
        "coordinates": [
          10.2773317,
          48.4548208
        ]
      },
      "properties": {
        "id": 11085155287,
        "osm_type": "node",
        "name": "Fair Weltladen",
        "opening_hours": "Mo-Fr 10:00-18:00, Sa 10:00-13:00"
      }
    },
    {
      "type": "Feature",
      "geometry": {
        "type": "Point",
        "coordinates": [
          10.4309141,
          48.4493389
        ]
      },
      "properties": {
        "id": 806600189,
        "osm_type": "node",
        "name": "Dorfladen"
      }
    },
    {
      "type": "Feature",
      "geometry": {
        "type": "Point",
        "coordinates": [
          10.4345119,
          48.4084034
        ]
      },
      "properties": {
        "id": 2068135653,
        "osm_type": "node",
        "name": "WMF Werksverkauf",
        "opening_hours": "Mo-Fr 09:00-19:00; Sa 09:00-18:00"
      }
    },
    {
      "type": "Feature",
      "geometry": {
        "type": "Point",
        "coordinates": [
          10.4475503,
          48.4361623
        ]
      },
      "properties": {
        "id": 806600214,
        "osm_type": "node",
        "name": "Dorfladen Haldenwang"
      }
    },
    {
      "type": "Feature",
      "geometry": {
        "type": "Point",
        "coordinates": [
          10.1936613,
          48.46079
        ]
      },
      "properties": {
        "id": 1255143841,
        "osm_type": "node",
        "name": "Dorfladen",
        "opening_hours": "\"Ab Mittwoch, 18.05.2022, geschlossen\""
      }
    },
    {
      "type": "Feature",
      "geometry": {
        "type": "Point",
        "coordinates": [
          10.2031751,
          48.4656126
        ]
      },
      "properties": {
        "id": 4189301724,
        "osm_type": "node",
        "opening_hours": "Mo-Su,PH 08:00-09:30,17:00-18:30"
      }
    },
    {
      "type": "Feature",
      "geometry": {
        "type": "Point",
        "coordinates": [
          10.3144261,
          48.5476415
        ]
      },
      "properties": {
        "id": 12000738319,
        "osm_type": "node",
        "name": "LokBest Einkaufs Box",
        "opening_hours": "24/7"
      }
    },
    {
      "type": "Feature",
      "geometry": {
        "type": "Point",
        "coordinates": [
          10.4309177,
          48.5717551
        ]
      },
      "properties": {
        "id": 5008053736,
        "osm_type": "node",
        "name": "Gello Kiosk",
        "opening_hours": "Mo-Sa 08:00-20:00"
      }
    },
    {
      "type": "Feature",
      "geometry": {
        "type": "Point",
        "coordinates": [
          10.4153677,
          48.6200778
        ]
      },
      "properties": {
        "id": 1590068180,
        "osm_type": "node"
      }
    },
    {
      "type": "Feature",
      "geometry": {
        "type": "Point",
        "coordinates": [
          10.4608153,
          48.6361148
        ]
      },
      "properties": {
        "id": 2277281363,
        "osm_type": "node",
        "name": "Bäckerei Werner"
      }
    },
    {
      "type": "Feature",
      "geometry": {
        "type": "Point",
        "coordinates": [
          10.5922341,
          48.3998772
        ]
      },
      "properties": {
        "id": 2399075604,
        "osm_type": "node",
        "name": "Vogler Mühle"
      }
    },
    {
      "type": "Feature",
      "geometry": {
        "type": "Point",
        "coordinates": [
          10.6005651,
          48.3992401
        ]
      },
      "properties": {
        "id": 13576927664,
        "osm_type": "node",
        "name": "Hofladen"
      }
    },
    {
      "type": "Feature",
      "geometry": {
        "type": "Point",
        "coordinates": [
          10.5993699,
          48.4074008
        ]
      },
      "properties": {
        "id": 9287213725,
        "osm_type": "node",
        "name": "energyBOXX",
        "opening_hours": "Mo-Sa 05:30-22:00; PH,Su 07:00-22:00"
      }
    },
    {
      "type": "Feature",
      "geometry": {
        "type": "Point",
        "coordinates": [
          10.5991542,
          48.4074263
        ]
      },
      "properties": {
        "id": 11005548996,
        "osm_type": "node"
      }
    },
    {
      "type": "Feature",
      "geometry": {
        "type": "Point",
        "coordinates": [
          10.7279005,
          48.3286159
        ]
      },
      "properties": {
        "id": 297261129,
        "osm_type": "node",
        "name": "Mühlenladen Welzhofer",
        "opening_hours": "Di-Fr 08:00-12:00;13:00-17:00, Sa 08:00-12:00;"
      }
    },
    {
      "type": "Feature",
      "geometry": {
        "type": "Point",
        "coordinates": [
          10.8317443,
          48.267745
        ]
      },
      "properties": {
        "id": 3912549857,
        "osm_type": "node",
        "name": "Weltladen",
        "brand": "Weltladen",
        "opening_hours": "Tu-Fr 09:30-18:00; Sa 09:30-12:30"
      }
    },
    {
      "type": "Feature",
      "geometry": {
        "type": "Point",
        "coordinates": [
          10.8403087,
          48.2765232
        ]
      },
      "properties": {
        "id": 8284072734,
        "osm_type": "node",
        "name": "Kiosk am Wendelinmarkt"
      }
    },
    {
      "type": "Feature",
      "geometry": {
        "type": "Point",
        "coordinates": [
          10.8863648,
          48.2653961
        ]
      },
      "properties": {
        "id": 12518326748,
        "osm_type": "node",
        "name": "Weltladen",
        "brand": "Weltladen",
        "opening_hours": "Tu-We 10:00-13:00; Th-Fr 10:00-18:00; Sa 10:00-13:00"
      }
    },
    {
      "type": "Feature",
      "geometry": {
        "type": "Point",
        "coordinates": [
          10.890799,
          48.2869543
        ]
      },
      "properties": {
        "id": 1156088634,
        "osm_type": "node",
        "name": "Lotto-Tabak-Zeitschriften"
      }
    },
    {
      "type": "Feature",
      "geometry": {
        "type": "Point",
        "coordinates": [
          10.8394246,
          48.3499439
        ]
      },
      "properties": {
        "id": 665302309,
        "osm_type": "node",
        "name": "Ulrich Eisele - Das kleine Kaufhaus"
      }
    },
    {
      "type": "Feature",
      "geometry": {
        "type": "Point",
        "coordinates": [
          10.8594527,
          48.3138421
        ]
      },
      "properties": {
        "id": 9371028807,
        "osm_type": "node",
        "name": "Oktavian No 1",
        "opening_hours": "Tu-Fr 08:00-13:00,14:00-18:00; Mo,Sa 08:00-14:00"
      }
    },
    {
      "type": "Feature",
      "geometry": {
        "type": "Point",
        "coordinates": [
          10.8901589,
          48.3099348
        ]
      },
      "properties": {
        "id": 9124417336,
        "osm_type": "node",
        "name": "REWE To Go",
        "brand": "REWE To Go",
        "opening_hours": "24/7"
      }
    },
    {
      "type": "Feature",
      "geometry": {
        "type": "Point",
        "coordinates": [
          10.901621,
          48.3084984
        ]
      },
      "properties": {
        "id": 3401595075,
        "osm_type": "node",
        "name": "GoKiosk",
        "opening_hours": "Mo-Th 07:00-12:30,14:30-18:00; Fr 07:00-18:00; Sa 07:00-12:30"
      }
    },
    {
      "type": "Feature",
      "geometry": {
        "type": "Point",
        "coordinates": [
          10.9015439,
          48.3120399
        ]
      },
      "properties": {
        "id": 1129482570,
        "osm_type": "node",
        "name": "Lotto-Totto",
        "opening_hours": "Tu-Th,Sa 08:00-12:00, Mo 09:00-12:00, Mo-Th 14:00-18:00, Fr 08:00-18:00"
      }
    },
    {
      "type": "Feature",
      "geometry": {
        "type": "Point",
        "coordinates": [
          10.858967,
          48.3378182
        ]
      },
      "properties": {
        "id": 8739752812,
        "osm_type": "node",
        "name": "Xaver Mayr",
        "opening_hours": "Mo-Fr 09:00-12:30,14:30-18:00; We off; Sa 09:00-12:00; PH off"
      }
    },
    {
      "type": "Feature",
      "geometry": {
        "type": "Point",
        "coordinates": [
          10.8678402,
          48.3400901
        ]
      },
      "properties": {
        "id": 11118254355,
        "osm_type": "node",
        "name": "Picksraus",
        "opening_hours": "Mo-Fr 09:00-19:00; Sa 09:00-16:00"
      }
    },
    {
      "type": "Feature",
      "geometry": {
        "type": "Point",
        "coordinates": [
          10.8677712,
          48.3511867
        ]
      },
      "properties": {
        "id": 11919517193,
        "osm_type": "node",
        "name": "Kulperhütte Biergarten SB",
        "opening_hours": "Mo-Su 11:00-18:00+; 24:00-11:00 off"
      }
    },
    {
      "type": "Feature",
      "geometry": {
        "type": "Point",
        "coordinates": [
          10.8754342,
          48.3504516
        ]
      },
      "properties": {
        "id": 2660984172,
        "osm_type": "node",
        "name": "Jürgen Sommer - Schreibwaren",
        "brand": "Hermes",
        "opening_hours": "Mo-Fr 06:00-13:00,15:00-18:00, Sa 07:00-13:00"
      }
    },
    {
      "type": "Feature",
      "geometry": {
        "type": "Point",
        "coordinates": [
          10.9013617,
          48.330235
        ]
      },
      "properties": {
        "id": 5419775660,
        "osm_type": "node",
        "name": "SnackInsel",
        "opening_hours": "Mo-Fr 08:30-13:10,14:00-18:00"
      }
    },
    {
      "type": "Feature",
      "geometry": {
        "type": "Point",
        "coordinates": [
          10.8847534,
          48.3451871
        ]
      },
      "properties": {
        "id": 1185115644,
        "osm_type": "node",
        "name": "hei-ma Asia Supermarkt",
        "opening_hours": "Mo-Sa 09:00-19:00; PH off"
      }
    },
    {
      "type": "Feature",
      "geometry": {
        "type": "Point",
        "coordinates": [
          10.8974156,
          48.3497564
        ]
      },
      "properties": {
        "id": 835185239,
        "osm_type": "node",
        "name": "Lé Fresh",
        "opening_hours": "Mo-Fr 09:00-18:00; Sa 09:00-16:00"
      }
    },
    {
      "type": "Feature",
      "geometry": {
        "type": "Point",
        "coordinates": [
          10.6983695,
          48.3656339
        ]
      },
      "properties": {
        "id": 297579682,
        "osm_type": "node",
        "name": "Getränkemarkt Schluckspecht"
      }
    },
    {
      "type": "Feature",
      "geometry": {
        "type": "Point",
        "coordinates": [
          10.7770976,
          48.3560841
        ]
      },
      "properties": {
        "id": 2592605904,
        "osm_type": "node",
        "name": "Bei Salva",
        "opening_hours": "Tu-Fr 12:30-22:00, Sa-Su 15:00-22:00, Mo geschlossen"
      }
    },
    {
      "type": "Feature",
      "geometry": {
        "type": "Point",
        "coordinates": [
          10.7183536,
          48.4258606
        ]
      },
      "properties": {
        "id": 2465533931,
        "osm_type": "node",
        "opening_hours": "Mo-Th 08:30-12:30,14:30-18:00; Fr 08:30-18:00; Sa 09:00-12:00"
      }
    },
    {
      "type": "Feature",
      "geometry": {
        "type": "Point",
        "coordinates": [
          10.7096887,
          48.4383125
        ]
      },
      "properties": {
        "id": 287601361,
        "osm_type": "node",
        "name": "Reiser"
      }
    },
    {
      "type": "Feature",
      "geometry": {
        "type": "Point",
        "coordinates": [
          10.8730823,
          48.361878
        ]
      },
      "properties": {
        "id": 13416044904,
        "osm_type": "node",
        "name": "El Clasico Shop",
        "opening_hours": "Mo-Sa 08:00-20:00"
      }
    },
    {
      "type": "Feature",
      "geometry": {
        "type": "Point",
        "coordinates": [
          10.8675733,
          48.3628339
        ]
      },
      "properties": {
        "id": 494273906,
        "osm_type": "node",
        "name": "Presse-Papier-Pfersee"
      }
    },
    {
      "type": "Feature",
      "geometry": {
        "type": "Point",
        "coordinates": [
          10.8746175,
          48.3815895
        ]
      },
      "properties": {
        "id": 5894863262,
        "osm_type": "node",
        "name": "Alsalam",
        "opening_hours": "Mo-Sa 08:00-20:00"
      }
    },
    {
      "type": "Feature",
      "geometry": {
        "type": "Point",
        "coordinates": [
          10.881898,
          48.3662037
        ]
      },
      "properties": {
        "id": 6584482545,
        "osm_type": "node",
        "name": "Norzais Kiosk",
        "opening_hours": "Mo-Fr 08:00-20:30; Sa 10:00-20:30; Su 13:00-19:00"
      }
    },
    {
      "type": "Feature",
      "geometry": {
        "type": "Point",
        "coordinates": [
          10.8894484,
          48.3658794
        ]
      },
      "properties": {
        "id": 485057705,
        "osm_type": "node",
        "name": "Punjab Asia Shop"
      }
    },
    {
      "type": "Feature",
      "geometry": {
        "type": "Point",
        "coordinates": [
          10.8918633,
          48.366201
        ]
      },
      "properties": {
        "id": 485057732,
        "osm_type": "node",
        "name": "Wintergerster"
      }
    },
    {
      "type": "Feature",
      "geometry": {
        "type": "Point",
        "coordinates": [
          10.8883912,
          48.3657261
        ]
      },
      "properties": {
        "id": 824667060,
        "osm_type": "node",
        "name": "Punjab Asiashop - Asiatische Lebensmittel"
      }
    },
    {
      "type": "Feature",
      "geometry": {
        "type": "Point",
        "coordinates": [
          10.9028174,
          48.3614955
        ]
      },
      "properties": {
        "id": 8607516315,
        "osm_type": "node",
        "name": "Noodaeng's Asiatische Spezialitäten",
        "opening_hours": "Mo-Fr 10:00-18:00; Sa 09:00-14:00"
      }
    },
    {
      "type": "Feature",
      "geometry": {
        "type": "Point",
        "coordinates": [
          10.8958638,
          48.3679741
        ]
      },
      "properties": {
        "id": 703480773,
        "osm_type": "node",
        "name": "Feinkost Kahn"
      }
    },
    {
      "type": "Feature",
      "geometry": {
        "type": "Point",
        "coordinates": [
          10.8948674,
          48.3670209
        ]
      },
      "properties": {
        "id": 3516043774,
        "osm_type": "node",
        "name": "City Kiosk"
      }
    },
    {
      "type": "Feature",
      "geometry": {
        "type": "Point",
        "coordinates": [
          10.8986067,
          48.3679532
        ]
      },
      "properties": {
        "id": 5196560466,
        "osm_type": "node",
        "name": "Rabatt-coupon"
      }
    },
    {
      "type": "Feature",
      "geometry": {
        "type": "Point",
        "coordinates": [
          10.8954376,
          48.3652688
        ]
      },
      "properties": {
        "id": 6205872583,
        "osm_type": "node",
        "name": "Späti & Kiosk am Königsplatz"
      }
    },
    {
      "type": "Feature",
      "geometry": {
        "type": "Point",
        "coordinates": [
          10.8955917,
          48.3667875
        ]
      },
      "properties": {
        "id": 8312154275,
        "osm_type": "node"
      }
    },
    {
      "type": "Feature",
      "geometry": {
        "type": "Point",
        "coordinates": [
          10.8958398,
          48.3683478
        ]
      },
      "properties": {
        "id": 11623628809,
        "osm_type": "node",
        "name": "Sailer"
      }
    },
    {
      "type": "Feature",
      "geometry": {
        "type": "Point",
        "coordinates": [
          10.8997944,
          48.3674313
        ]
      },
      "properties": {
        "id": 622354283,
        "osm_type": "node",
        "name": "Weltladen Augsburg",
        "opening_hours": "Mo-We 10:00-18:00; Th,Fr 10:00-19:00; Sa 10:00-16:00"
      }
    },
    {
      "type": "Feature",
      "geometry": {
        "type": "Point",
        "coordinates": [
          10.9018476,
          48.3639669
        ]
      },
      "properties": {
        "id": 705633372,
        "osm_type": "node",
        "name": "Feinkost",
        "opening_hours": "Mo-Sa 08:00-20:00"
      }
    },
    {
      "type": "Feature",
      "geometry": {
        "type": "Point",
        "coordinates": [
          10.8991764,
          48.3679437
        ]
      },
      "properties": {
        "id": 845778009,
        "osm_type": "node",
        "name": "Palmyra Multi Center",
        "opening_hours": "Mo-Fr 10:00-19:30; Sa 10:00-18:30"
      }
    },
    {
      "type": "Feature",
      "geometry": {
        "type": "Point",
        "coordinates": [
          10.9003955,
          48.3675417
        ]
      },
      "properties": {
        "id": 5462447722,
        "osm_type": "node",
        "name": "Mein Affineur - Tölzer Kasladen",
        "opening_hours": "Mo off; Tu-Fr 10:00-18:00; Sa 10:00-16:00; Su off"
      }
    },
    {
      "type": "Feature",
      "geometry": {
        "type": "Point",
        "coordinates": [
          10.899822,
          48.3681655
        ]
      },
      "properties": {
        "id": 6447343354,
        "osm_type": "node",
        "name": "Al-Shahba",
        "opening_hours": "Mo-Sa 10:00-18:00"
      }
    },
    {
      "type": "Feature",
      "geometry": {
        "type": "Point",
        "coordinates": [
          10.8992754,
          48.3675306
        ]
      },
      "properties": {
        "id": 12022545935,
        "osm_type": "node",
        "name": "Dan Die's",
        "opening_hours": "Mo-Sa 06:00-20:00"
      }
    },
    {
      "type": "Feature",
      "geometry": {
        "type": "Point",
        "coordinates": [
          10.8998608,
          48.3633164
        ]
      },
      "properties": {
        "id": 12919137402,
        "osm_type": "node",
        "name": "Max Kiosk"
      }
    },
    {
      "type": "Feature",
      "geometry": {
        "type": "Point",
        "coordinates": [
          10.8882395,
          48.3693238
        ]
      },
      "properties": {
        "id": 773502351,
        "osm_type": "node",
        "name": "Frölichlädle"
      }
    },
    {
      "type": "Feature",
      "geometry": {
        "type": "Point",
        "coordinates": [
          10.8909492,
          48.3728514
        ]
      },
      "properties": {
        "id": 864441602,
        "osm_type": "node",
        "name": "Supermarkt Pars",
        "opening_hours": "Mo-Fr 09:00-19:00; Sa 09:00-18:00; Su,PH off"
      }
    },
    {
      "type": "Feature",
      "geometry": {
        "type": "Point",
        "coordinates": [
          10.8807494,
          48.3819359
        ]
      },
      "properties": {
        "id": 4747352070,
        "osm_type": "node",
        "name": "Tai Thanh Asia-Laden",
        "opening_hours": "Mo-Fr 09:00-20:00; Sa 09:00-18:00"
      }
    },
    {
      "type": "Feature",
      "geometry": {
        "type": "Point",
        "coordinates": [
          10.8883997,
          48.3779893
        ]
      },
      "properties": {
        "id": 315746386,
        "osm_type": "node",
        "name": "Kiosk am Senkelbach"
      }
    },
    {
      "type": "Feature",
      "geometry": {
        "type": "Point",
        "coordinates": [
          10.8857997,
          48.3780569
        ]
      },
      "properties": {
        "id": 4512909320,
        "osm_type": "node",
        "name": "Ariana Kabul Supermarkt",
        "opening_hours": "Mo-Sa 09:00-20:00"
      }
    },
    {
      "type": "Feature",
      "geometry": {
        "type": "Point",
        "coordinates": [
          10.8869375,
          48.37811
        ]
      },
      "properties": {
        "id": 9322340802,
        "osm_type": "node",
        "name": "Aria Bazar"
      }
    },
    {
      "type": "Feature",
      "geometry": {
        "type": "Point",
        "coordinates": [
          10.8983997,
          48.3690616
        ]
      },
      "properties": {
        "id": 1160733248,
        "osm_type": "node",
        "name": "Perlach Tankstelle",
        "opening_hours": "Mo-Su 09:00-23:00, PH 09:00-23:00"
      }
    },
    {
      "type": "Feature",
      "geometry": {
        "type": "Point",
        "coordinates": [
          10.9039676,
          48.3711297
        ]
      },
      "properties": {
        "id": 3375734996,
        "osm_type": "node",
        "name": "Die Gastfreundschaft des Ostens",
        "opening_hours": "Mo-Sa 09:00-20:00"
      }
    },
    {
      "type": "Feature",
      "geometry": {
        "type": "Point",
        "coordinates": [
          10.9035485,
          48.3704497
        ]
      },
      "properties": {
        "id": 13244693729,
        "osm_type": "node",
        "name": "Mary J's Afro Markt"
      }
    },
    {
      "type": "Feature",
      "geometry": {
        "type": "Point",
        "coordinates": [
          10.8949271,
          48.3767343
        ]
      },
      "properties": {
        "id": 3979606792,
        "osm_type": "node",
        "name": "Tante Emma",
        "opening_hours": "Mo-Fr 08:00-18:00; Sa 08:00-14:00"
      }
    },
    {
      "type": "Feature",
      "geometry": {
        "type": "Point",
        "coordinates": [
          10.8944736,
          48.3767443
        ]
      },
      "properties": {
        "id": 8067017827,
        "osm_type": "node",
        "name": "Western Union",
        "brand": "Western Union"
      }
    },
    {
      "type": "Feature",
      "geometry": {
        "type": "Point",
        "coordinates": [
          10.8589837,
          48.3962781
        ]
      },
      "properties": {
        "id": 5712914431,
        "osm_type": "node",
        "name": "Konrad's Lädle",
        "opening_hours": "Mo-Fr 09:30-12:00,15:30-18:00; Sa 09:30-12:00"
      }
    },
    {
      "type": "Feature",
      "geometry": {
        "type": "Point",
        "coordinates": [
          10.8576253,
          48.3956408
        ]
      },
      "properties": {
        "id": 6633071011,
        "osm_type": "node",
        "name": "Lotto-Toto Cordhilgenkamp"
      }
    },
    {
      "type": "Feature",
      "geometry": {
        "type": "Point",
        "coordinates": [
          10.8800071,
          48.3829857
        ]
      },
      "properties": {
        "id": 2523089668,
        "osm_type": "node"
      }
    },
    {
      "type": "Feature",
      "geometry": {
        "type": "Point",
        "coordinates": [
          10.8809468,
          48.3858603
        ]
      },
      "properties": {
        "id": 9398067680,
        "osm_type": "node",
        "name": "S&A Arabische Lebensmittel"
      }
    },
    {
      "type": "Feature",
      "geometry": {
        "type": "Point",
        "coordinates": [
          10.881211,
          48.3872301
        ]
      },
      "properties": {
        "id": 9398067686,
        "osm_type": "node",
        "name": "Hajiya Afroshop"
      }
    },
    {
      "type": "Feature",
      "geometry": {
        "type": "Point",
        "coordinates": [
          10.8602432,
          48.432739
        ]
      },
      "properties": {
        "id": 11287031843,
        "osm_type": "node"
      }
    },
    {
      "type": "Feature",
      "geometry": {
        "type": "Point",
        "coordinates": [
          10.875738,
          48.4442916
        ]
      },
      "properties": {
        "id": 9411389048,
        "osm_type": "node",
        "name": "Shop/Bistro",
        "opening_hours": "Mo-Su,PH 05:00-23:00"
      }
    },
    {
      "type": "Feature",
      "geometry": {
        "type": "Point",
        "coordinates": [
          10.635597,
          48.5307986
        ]
      },
      "properties": {
        "id": 1793111265,
        "osm_type": "node",
        "name": "Biohof Ilg"
      }
    },
    {
      "type": "Feature",
      "geometry": {
        "type": "Point",
        "coordinates": [
          10.6589397,
          48.5620098
        ]
      },
      "properties": {
        "id": 4459408174,
        "osm_type": "node"
      }
    },
    {
      "type": "Feature",
      "geometry": {
        "type": "Point",
        "coordinates": [
          10.6825397,
          48.5612799
        ]
      },
      "properties": {
        "id": 482729240,
        "osm_type": "node",
        "name": "Weltladen",
        "brand": "Weltladen",
        "opening_hours": "Tu,Th,Fr 09:00-18:00; We 09:00-15:00; Sa 09:00-12:00"
      }
    },
    {
      "type": "Feature",
      "geometry": {
        "type": "Point",
        "coordinates": [
          10.4976754,
          48.5691852
        ]
      },
      "properties": {
        "id": 7787744688,
        "osm_type": "node",
        "name": "Sonnen-Oase"
      }
    },
    {
      "type": "Feature",
      "geometry": {
        "type": "Point",
        "coordinates": [
          10.4950227,
          48.5775521
        ]
      },
      "properties": {
        "id": 5586883721,
        "osm_type": "node",
        "name": "Weltladen Dillingen",
        "opening_hours": "Mo-Fr 10:00-18:00; Sa 10:00-12:00"
      }
    },
    {
      "type": "Feature",
      "geometry": {
        "type": "Point",
        "coordinates": [
          10.8118935,
          48.5180589
        ]
      },
      "properties": {
        "id": 353257297,
        "osm_type": "node",
        "name": "Dorfladen Biberbach",
        "opening_hours": "Mo-Fr 07:00-18:00; Sa 07:00-13:00; Su off"
      }
    },
    {
      "type": "Feature",
      "geometry": {
        "type": "Point",
        "coordinates": [
          10.8827322,
          48.6208871
        ]
      },
      "properties": {
        "id": 552387690,
        "osm_type": "node"
      }
    },
    {
      "type": "Feature",
      "geometry": {
        "type": "Point",
        "coordinates": [
          10.3236749,
          48.6740307
        ]
      },
      "properties": {
        "id": 4167154988,
        "osm_type": "node",
        "name": "Dorf-Laden"
      }
    },
    {
      "type": "Feature",
      "geometry": {
        "type": "Point",
        "coordinates": [
          10.319114,
          49.0690335
        ]
      },
      "properties": {
        "id": 1301669643,
        "osm_type": "node",
        "name": "Müller"
      }
    },
    {
      "type": "Feature",
      "geometry": {
        "type": "Point",
        "coordinates": [
          10.4889845,
          48.7271344
        ]
      },
      "properties": {
        "id": 2478732556,
        "osm_type": "node",
        "name": "Dorfladen Amerdingen"
      }
    },
    {
      "type": "Feature",
      "geometry": {
        "type": "Point",
        "coordinates": [
          10.6889339,
          48.6767275
        ]
      },
      "properties": {
        "id": 382373778,
        "osm_type": "node",
        "name": "Schnepf"
      }
    },
    {
      "type": "Feature",
      "geometry": {
        "type": "Point",
        "coordinates": [
          10.4893578,
          48.8411192
        ]
      },
      "properties": {
        "id": 11142497897,
        "osm_type": "node"
      }
    },
    {
      "type": "Feature",
      "geometry": {
        "type": "Point",
        "coordinates": [
          10.4909417,
          48.8518461
        ]
      },
      "properties": {
        "id": 1303626838,
        "osm_type": "node",
        "name": "Lotto-Toto"
      }
    },
    {
      "type": "Feature",
      "geometry": {
        "type": "Point",
        "coordinates": [
          10.4871669,
          48.8501453
        ]
      },
      "properties": {
        "id": 1673787472,
        "osm_type": "node",
        "name": "Stadt-Hofladen"
      }
    },
    {
      "type": "Feature",
      "geometry": {
        "type": "Point",
        "coordinates": [
          10.490648,
          48.850155
        ]
      },
      "properties": {
        "id": 3446556221,
        "osm_type": "node",
        "name": "Weltladen",
        "brand": "Weltladen",
        "opening_hours": "Mo 14:00-18:00; Tu-Fr 10:00-18:00; Sa 09:00-12:30"
      }
    },
    {
      "type": "Feature",
      "geometry": {
        "type": "Point",
        "coordinates": [
          10.4987342,
          48.8534576
        ]
      },
      "properties": {
        "id": 1614238760,
        "osm_type": "node",
        "name": "Lotto/Zeitschriften/Tabak Däubler"
      }
    },
    {
      "type": "Feature",
      "geometry": {
        "type": "Point",
        "coordinates": [
          10.4976576,
          48.8505467
        ]
      },
      "properties": {
        "id": 2717278219,
        "osm_type": "node"
      }
    },
    {
      "type": "Feature",
      "geometry": {
        "type": "Point",
        "coordinates": [
          10.6895237,
          48.7870295
        ]
      },
      "properties": {
        "id": 1378803842,
        "osm_type": "node",
        "name": "Dila's Store"
      }
    },
    {
      "type": "Feature",
      "geometry": {
        "type": "Point",
        "coordinates": [
          10.7590108,
          48.7028597
        ]
      },
      "properties": {
        "id": 1431590789,
        "osm_type": "node"
      }
    },
    {
      "type": "Feature",
      "geometry": {
        "type": "Point",
        "coordinates": [
          10.771723,
          48.7145007
        ]
      },
      "properties": {
        "id": 10552721063,
        "osm_type": "node",
        "name": "ServiceStore DB",
        "brand": "ServiceStore DB",
        "opening_hours": "Mo-Fr 04:00-21:00; Sa 06:00-21:00; Su,PH 07:00-21:00"
      }
    },
    {
      "type": "Feature",
      "geometry": {
        "type": "Point",
        "coordinates": [
          10.7778971,
          48.7202636
        ]
      },
      "properties": {
        "id": 9959352742,
        "osm_type": "node",
        "name": "Weltladen",
        "opening_hours": "Mo-Th 09:30-12:30,15:00-18:00; Tu-Sa 09:30-12:30; PH off"
      }
    },
    {
      "type": "Feature",
      "geometry": {
        "type": "Point",
        "coordinates": [
          10.7872656,
          48.7230316
        ]
      },
      "properties": {
        "id": 2055152305,
        "osm_type": "node",
        "name": "Cafeteria"
      }
    },
    {
      "type": "Feature",
      "geometry": {
        "type": "Point",
        "coordinates": [
          10.8218326,
          48.6736455
        ]
      },
      "properties": {
        "id": 6396011250,
        "osm_type": "node",
        "name": "Zott Genusswelt & Outlet",
        "opening_hours": "Mo-Sa 07:00-20:00; PH off"
      }
    },
    {
      "type": "Feature",
      "geometry": {
        "type": "Point",
        "coordinates": [
          10.7052346,
          48.8228198
        ]
      },
      "properties": {
        "id": 3608893702,
        "osm_type": "node",
        "name": "Dorfladen Treffpunkt Cafe",
        "opening_hours": "Mo-Sa 06:30-12:00; Tu,Th,Fr 15:00-18:00"
      }
    },
    {
      "type": "Feature",
      "geometry": {
        "type": "Point",
        "coordinates": [
          10.7060776,
          48.8716199
        ]
      },
      "properties": {
        "id": 1274030645,
        "osm_type": "node",
        "name": "Möbelhaus KARMANN"
      }
    },
    {
      "type": "Feature",
      "geometry": {
        "type": "Point",
        "coordinates": [
          10.8528032,
          48.8362124
        ]
      },
      "properties": {
        "id": 12003450931,
        "osm_type": "node"
      }
    },
    {
      "type": "Feature",
      "geometry": {
        "type": "Point",
        "coordinates": [
          10.6037117,
          48.951899
        ]
      },
      "properties": {
        "id": 12668789903,
        "osm_type": "node",
        "name": "S’Lädle am Eck"
      }
    },
    {
      "type": "Feature",
      "geometry": {
        "type": "Point",
        "coordinates": [
          10.6116279,
          48.9603321
        ]
      },
      "properties": {
        "id": 2242395179,
        "osm_type": "node",
        "name": "Der Kiosk"
      }
    },
    {
      "type": "Feature",
      "geometry": {
        "type": "Point",
        "coordinates": [
          10.5958824,
          49.0398776
        ]
      },
      "properties": {
        "id": 9215012903,
        "osm_type": "node",
        "opening_hours": "Fr-Su 13:00-18:00"
      }
    },
    {
      "type": "Feature",
      "geometry": {
        "type": "Point",
        "coordinates": [
          10.6196135,
          49.083897
        ]
      },
      "properties": {
        "id": 293315025,
        "osm_type": "node",
        "name": "Markgrafen-Center"
      }
    },
    {
      "type": "Feature",
      "geometry": {
        "type": "Point",
        "coordinates": [
          10.7805818,
          48.9028255
        ]
      },
      "properties": {
        "id": 1890560098,
        "osm_type": "node",
        "name": "Dorfladen Wolferstadt GbR"
      }
    },
    {
      "type": "Feature",
      "geometry": {
        "type": "Point",
        "coordinates": [
          10.8981814,
          48.9608265
        ]
      },
      "properties": {
        "id": 730646917,
        "osm_type": "node",
        "name": "Lebensmittel Erdinger"
      }
    },
    {
      "type": "Feature",
      "geometry": {
        "type": "Point",
        "coordinates": [
          10.7138148,
          49.0598711
        ]
      },
      "properties": {
        "id": 833418975,
        "osm_type": "node",
        "name": "Lebensmittel Membarth"
      }
    },
    {
      "type": "Feature",
      "geometry": {
        "type": "Point",
        "coordinates": [
          10.8466325,
          49.0078052
        ]
      },
      "properties": {
        "id": 12177875612,
        "osm_type": "node",
        "name": "alles drin 24 - Regionalladen",
        "opening_hours": "24/7"
      }
    },
    {
      "type": "Feature",
      "geometry": {
        "type": "Point",
        "coordinates": [
          10.9495173,
          48.2925442
        ]
      },
      "properties": {
        "id": 9842292742,
        "osm_type": "node"
      }
    },
    {
      "type": "Feature",
      "geometry": {
        "type": "Point",
        "coordinates": [
          10.9776392,
          48.2742472
        ]
      },
      "properties": {
        "id": 9124113966,
        "osm_type": "node",
        "name": "REWE To Go",
        "brand": "REWE To Go",
        "opening_hours": "24/7"
      }
    },
    {
      "type": "Feature",
      "geometry": {
        "type": "Point",
        "coordinates": [
          10.9883666,
          48.2631202
        ]
      },
      "properties": {
        "id": 3623854685,
        "osm_type": "node",
        "name": "ServiceStore DB",
        "brand": "ServiceStore DB",
        "opening_hours": "Mo-Fr 04:45-19:30; Sa 06:30-19:00; PH,Su off"
      }
    },
    {
      "type": "Feature",
      "geometry": {
        "type": "Point",
        "coordinates": [
          10.9884632,
          48.259975
        ]
      },
      "properties": {
        "id": 9127904689,
        "osm_type": "node"
      }
    },
    {
      "type": "Feature",
      "geometry": {
        "type": "Point",
        "coordinates": [
          10.9868051,
          48.2680789
        ]
      },
      "properties": {
        "id": 8830876505,
        "osm_type": "node",
        "name": "Herzstück Mering",
        "opening_hours": "Mo-Sa 07:00-12:00"
      }
    },
    {
      "type": "Feature",
      "geometry": {
        "type": "Point",
        "coordinates": [
          10.9865141,
          48.2684446
        ]
      },
      "properties": {
        "id": 9237827799,
        "osm_type": "node",
        "name": "Weltladen Mering",
        "brand": "Weltladen",
        "opening_hours": "Mo-Fr 10:00-18:00; Sa 10:00-13:00"
      }
    },
    {
      "type": "Feature",
      "geometry": {
        "type": "Point",
        "coordinates": [
          10.9093827,
          48.3170726
        ]
      },
      "properties": {
        "id": 8551755776,
        "osm_type": "node",
        "name": "Lotto / Fee",
        "opening_hours": "Mo-Fr 08:00-18:00, Sa 08:00-13:00"
      }
    },
    {
      "type": "Feature",
      "geometry": {
        "type": "Point",
        "coordinates": [
          10.910618,
          48.3399068
        ]
      },
      "properties": {
        "id": 841769838,
        "osm_type": "node",
        "name": "Waldgaststätte Viktoria",
        "opening_hours": "Tu-Fr 14:00-22:00; Mo off; Su 11:00-20:00"
      }
    },
    {
      "type": "Feature",
      "geometry": {
        "type": "Point",
        "coordinates": [
          10.9469725,
          48.3395691
        ]
      },
      "properties": {
        "id": 10042275446,
        "osm_type": "node",
        "name": "USA World",
        "opening_hours": "Sa 11:00-16:00"
      }
    },
    {
      "type": "Feature",
      "geometry": {
        "type": "Point",
        "coordinates": [
          10.9443073,
          48.348213
        ]
      },
      "properties": {
        "id": 2979951604,
        "osm_type": "node",
        "name": "Späti Kiosk",
        "opening_hours": "Mo-Th 07:00-13:00,14:30-18:00; Fr 07:00-18:00; Sa 07:00-12:00"
      }
    },
    {
      "type": "Feature",
      "geometry": {
        "type": "Point",
        "coordinates": [
          10.9430331,
          48.3550627
        ]
      },
      "properties": {
        "id": 1185741689,
        "osm_type": "node",
        "name": "Naddl‘s Lädle",
        "opening_hours": "Mo-Sa 07:30-23:00; Su,PH 09:00-23:00"
      }
    },
    {
      "type": "Feature",
      "geometry": {
        "type": "Point",
        "coordinates": [
          10.9444621,
          48.3552807
        ]
      },
      "properties": {
        "id": 11559695168,
        "osm_type": "node",
        "name": "Kaktus Kiosk"
      }
    },
    {
      "type": "Feature",
      "geometry": {
        "type": "Point",
        "coordinates": [
          10.9613606,
          48.3043861
        ]
      },
      "properties": {
        "id": 3201404041,
        "osm_type": "node",
        "name": "Tabak Pfeffer"
      }
    },
    {
      "type": "Feature",
      "geometry": {
        "type": "Point",
        "coordinates": [
          10.9784933,
          48.3549707
        ]
      },
      "properties": {
        "id": 3703367782,
        "osm_type": "node",
        "name": "Weltladen",
        "opening_hours": "Mo-Fr 09:00-12:00,15:00-18:00; We,Sa 09:00-12:00"
      }
    },
    {
      "type": "Feature",
      "geometry": {
        "type": "Point",
        "coordinates": [
          10.9805911,
          48.3552442
        ]
      },
      "properties": {
        "id": 9181274101,
        "osm_type": "node",
        "name": "Ich BINs - regional und unverpackt",
        "opening_hours": "Mo-Tu,Th 09:00-13:00,14:00-18:00; We,Sa 09:00-13:00; Fr 09:00-18:00; Su,PH off"
      }
    },
    {
      "type": "Feature",
      "geometry": {
        "type": "Point",
        "coordinates": [
          10.9798919,
          48.3540002
        ]
      },
      "properties": {
        "id": 10027952096,
        "osm_type": "node",
        "name": "Caffebote"
      }
    },
    {
      "type": "Feature",
      "geometry": {
        "type": "Point",
        "coordinates": [
          11.062049,
          48.341753
        ]
      },
      "properties": {
        "id": 4159783720,
        "osm_type": "node",
        "name": "Naturfein",
        "opening_hours": "Mo off; Tu-Fr 09:30-18:00; Sa 09:00-13:00; Su,PH off"
      }
    },
    {
      "type": "Feature",
      "geometry": {
        "type": "Point",
        "coordinates": [
          10.9087689,
          48.3650976
        ]
      },
      "properties": {
        "id": 3584242123,
        "osm_type": "node",
        "name": "Wörl",
        "opening_hours": "Mo-Th 10:00-20:00; Fr,Sa 09:30-20:00"
      }
    },
    {
      "type": "Feature",
      "geometry": {
        "type": "Point",
        "coordinates": [
          10.9214665,
          48.3676601
        ]
      },
      "properties": {
        "id": 3979635594,
        "osm_type": "node",
        "name": "Tante Emma",
        "opening_hours": "Mo-Fr 08:00-18:00; Sa 08:00-14:00"
      }
    },
    {
      "type": "Feature",
      "geometry": {
        "type": "Point",
        "coordinates": [
          10.9192863,
          48.3646839
        ]
      },
      "properties": {
        "id": 11010282486,
        "osm_type": "node",
        "name": "American Heritage",
        "opening_hours": "Mo-Fr 12:00-18:00; Sa 11:00-14:00"
      }
    },
    {
      "type": "Feature",
      "geometry": {
        "type": "Point",
        "coordinates": [
          10.9087875,
          48.3705698
        ]
      },
      "properties": {
        "id": 6830246756,
        "osm_type": "node",
        "name": "Kiosk Corner",
        "opening_hours": "Mo-Fr 06:00-18:00; Sa 09:00-16:00; Su,PH off"
      }
    },
    {
      "type": "Feature",
      "geometry": {
        "type": "Point",
        "coordinates": [
          10.9085248,
          48.3705523
        ]
      },
      "properties": {
        "id": 12058863003,
        "osm_type": "node",
        "name": "Späti"
      }
    },
    {
      "type": "Feature",
      "geometry": {
        "type": "Point",
        "coordinates": [
          10.9054762,
          48.3698712
        ]
      },
      "properties": {
        "id": 12070377190,
        "osm_type": "node",
        "name": "Jakobertor Kiosk"
      }
    },
    {
      "type": "Feature",
      "geometry": {
        "type": "Point",
        "coordinates": [
          10.9062286,
          48.3698828
        ]
      },
      "properties": {
        "id": 12108753812,
        "osm_type": "node"
      }
    },
    {
      "type": "Feature",
      "geometry": {
        "type": "Point",
        "coordinates": [
          10.9153732,
          48.3807667
        ]
      },
      "properties": {
        "id": 663094148,
        "osm_type": "node",
        "name": "Newroz Supermarket",
        "opening_hours": "Mo-Sa 09:00-20:00"
      }
    },
    {
      "type": "Feature",
      "geometry": {
        "type": "Point",
        "coordinates": [
          10.9149975,
          48.3791952
        ]
      },
      "properties": {
        "id": 7242870830,
        "osm_type": "node",
        "name": "TAI HY Asia Markt",
        "opening_hours": "Sa 10:00-14:00; Su off; Mo-Fr 08:00-14:00"
      }
    },
    {
      "type": "Feature",
      "geometry": {
        "type": "Point",
        "coordinates": [
          10.9161655,
          48.3817798
        ]
      },
      "properties": {
        "id": 12514821147,
        "osm_type": "node",
        "name": "Lotto Presse Heigemeir Sandra",
        "opening_hours": "Mo-Fr 07:00-18:00; Sa 08:00-12:00"
      }
    },
    {
      "type": "Feature",
      "geometry": {
        "type": "Point",
        "coordinates": [
          10.9297449,
          48.3718027
        ]
      },
      "properties": {
        "id": 1249660703,
        "osm_type": "node"
      }
    },
    {
      "type": "Feature",
      "geometry": {
        "type": "Point",
        "coordinates": [
          10.9377022,
          48.3781164
        ]
      },
      "properties": {
        "id": 282964910,
        "osm_type": "node",
        "name": "Aral",
        "brand": "Aral",
        "opening_hours": "Mo-Su 06:00-24:00"
      }
    },
    {
      "type": "Feature",
      "geometry": {
        "type": "Point",
        "coordinates": [
          10.9106282,
          48.3842931
        ]
      },
      "properties": {
        "id": 921155573,
        "osm_type": "node",
        "name": "Hermes Paketshop"
      }
    },
    {
      "type": "Feature",
      "geometry": {
        "type": "Point",
        "coordinates": [
          10.910625,
          48.3843143
        ]
      },
      "properties": {
        "id": 9589770135,
        "osm_type": "node",
        "name": "rumänische Spezialitäten"
      }
    },
    {
      "type": "Feature",
      "geometry": {
        "type": "Point",
        "coordinates": [
          10.9158656,
          48.3912497
        ]
      },
      "properties": {
        "id": 5817259653,
        "osm_type": "node",
        "name": "Spar Express",
        "brand": "Spar"
      }
    },
    {
      "type": "Feature",
      "geometry": {
        "type": "Point",
        "coordinates": [
          10.9376338,
          48.3875835
        ]
      },
      "properties": {
        "id": 9388665851,
        "osm_type": "node",
        "name": "Wollmann Ladenbox24",
        "opening_hours": "24/7"
      }
    },
    {
      "type": "Feature",
      "geometry": {
        "type": "Point",
        "coordinates": [
          10.9332727,
          48.3928458
        ]
      },
      "properties": {
        "id": 9124431899,
        "osm_type": "node",
        "name": "REWE To Go",
        "brand": "REWE To Go",
        "opening_hours": "24/7"
      }
    },
    {
      "type": "Feature",
      "geometry": {
        "type": "Point",
        "coordinates": [
          10.9353634,
          48.3889464
        ]
      },
      "properties": {
        "id": 12176146456,
        "osm_type": "node",
        "name": "Esso",
        "brand": "Esso"
      }
    },
    {
      "type": "Feature",
      "geometry": {
        "type": "Point",
        "coordinates": [
          10.9330256,
          48.4398861
        ]
      },
      "properties": {
        "id": 12405090752,
        "osm_type": "node",
        "brand": "E-Kiosk 24",
        "opening_hours": "24/7"
      }
    },
    {
      "type": "Feature",
      "geometry": {
        "type": "Point",
        "coordinates": [
          10.9813725,
          48.4602277
        ]
      },
      "properties": {
        "id": 1332536475,
        "osm_type": "node",
        "name": "Metzgerei Mayr",
        "opening_hours": "Mo-Fr 07:30-12:30,14:30-18:00; We 14:30-18:00 off; Dec 24,Dec 31, Sa 07:30-12:00; PH off"
      }
    },
    {
      "type": "Feature",
      "geometry": {
        "type": "Point",
        "coordinates": [
          11.0635662,
          48.3899918
        ]
      },
      "properties": {
        "id": 9124396570,
        "osm_type": "node",
        "name": "REWE To Go",
        "brand": "REWE To Go",
        "opening_hours": "24/7"
      }
    },
    {
      "type": "Feature",
      "geometry": {
        "type": "Point",
        "coordinates": [
          11.0705321,
          48.3931137
        ]
      },
      "properties": {
        "id": 8544938639,
        "osm_type": "node",
        "name": "Bauernmarkt Dasing",
        "opening_hours": "Mo-Su,PH 08:00-18:00"
      }
    },
    {
      "type": "Feature",
      "geometry": {
        "type": "Point",
        "coordinates": [
          11.0558506,
          48.4434621
        ]
      },
      "properties": {
        "id": 11300077078,
        "osm_type": "node",
        "name": "Lebensmittel Kast"
      }
    },
    {
      "type": "Feature",
      "geometry": {
        "type": "Point",
        "coordinates": [
          11.0677294,
          48.4212686
        ]
      },
      "properties": {
        "id": 748233856,
        "osm_type": "node",
        "name": "Ostermayr",
        "opening_hours": "Mo-Fr 06:00-12:00, Th,Fr 14:30-18:00; Sa 06:00-12:00; Su, PH off"
      }
    },
    {
      "type": "Feature",
      "geometry": {
        "type": "Point",
        "coordinates": [
          11.2039083,
          48.307042
        ]
      },
      "properties": {
        "id": 9331886765,
        "osm_type": "node",
        "name": "REWE To Go",
        "brand": "REWE To Go",
        "opening_hours": "24/7"
      }
    },
    {
      "type": "Feature",
      "geometry": {
        "type": "Point",
        "coordinates": [
          11.1320956,
          48.4599539
        ]
      },
      "properties": {
        "id": 8636345344,
        "osm_type": "node",
        "name": "Reformhaus Rehle",
        "brand": "neuform-Reformhaus",
        "opening_hours": "Mo-Fr 08:00-18:00; Sa 08:00-12:30; Su,PH off"
      }
    },
    {
      "type": "Feature",
      "geometry": {
        "type": "Point",
        "coordinates": [
          11.1293697,
          48.4585671
        ]
      },
      "properties": {
        "id": 8636345351,
        "osm_type": "node",
        "name": "Weltladen",
        "brand": "Weltladen",
        "opening_hours": "Mo-Fr 09:00-12:30, 14:30-18:00; Sa 09:00-12:30; PH off"
      }
    },
    {
      "type": "Feature",
      "geometry": {
        "type": "Point",
        "coordinates": [
          11.0686557,
          48.552469
        ]
      },
      "properties": {
        "id": 779983754,
        "osm_type": "node",
        "name": "Anglerheim"
      }
    },
    {
      "type": "Feature",
      "geometry": {
        "type": "Point",
        "coordinates": [
          11.0864181,
          48.5829761
        ]
      },
      "properties": {
        "id": 805780921,
        "osm_type": "node",
        "name": "Tabakwaren Öttel"
      }
    },
    {
      "type": "Feature",
      "geometry": {
        "type": "Point",
        "coordinates": [
          11.1331314,
          48.4611189
        ]
      },
      "properties": {
        "id": 1691049820,
        "osm_type": "node",
        "name": "Federlin Naturkost"
      }
    },
    {
      "type": "Feature",
      "geometry": {
        "type": "Point",
        "coordinates": [
          11.2659315,
          48.4908658
        ]
      },
      "properties": {
        "id": 1163259727,
        "osm_type": "node",
        "name": "Edeka"
      }
    },
    {
      "type": "Feature",
      "geometry": {
        "type": "Point",
        "coordinates": [
          11.264502,
          48.5623169
        ]
      },
      "properties": {
        "id": 12496983077,
        "osm_type": "node",
        "name": "Tante Emma Schrobenhausen",
        "opening_hours": "Tu-Fr 09:00-18:00; Sa 09:00-13:00; Su,Mo,PH off"
      }
    },
    {
      "type": "Feature",
      "geometry": {
        "type": "Point",
        "coordinates": [
          11.2656654,
          48.5615439
        ]
      },
      "properties": {
        "id": 12496983064,
        "osm_type": "node",
        "name": "EineWeltLaden",
        "opening_hours": "Mo,Tu,We,Fr 10:00-12:00,14:00-18:00; Th 09:00-12:00,14:00-18:00; Sa 10:00-12:30"
      }
    },
    {
      "type": "Feature",
      "geometry": {
        "type": "Point",
        "coordinates": [
          11.4250996,
          48.2551403
        ]
      },
      "properties": {
        "id": 457716661,
        "osm_type": "node",
        "name": "Schwimmbadkiosk"
      }
    },
    {
      "type": "Feature",
      "geometry": {
        "type": "Point",
        "coordinates": [
          11.4332113,
          48.2601754
        ]
      },
      "properties": {
        "id": 394814670,
        "osm_type": "node",
        "name": "Feinkost Glück"
      }
    },
    {
      "type": "Feature",
      "geometry": {
        "type": "Point",
        "coordinates": [
          11.4335309,
          48.2593439
        ]
      },
      "properties": {
        "id": 7573207968,
        "osm_type": "node",
        "name": "FAIR Weltladen Dachau",
        "opening_hours": "Mo-Tu,Th-Fr 10:00-18:00; We,Sa 10:00-13:00"
      }
    },
    {
      "type": "Feature",
      "geometry": {
        "type": "Point",
        "coordinates": [
          11.4348572,
          48.263986
        ]
      },
      "properties": {
        "id": 9631168948,
        "osm_type": "node",
        "name": "SIMPErL",
        "opening_hours": "Tu-Fr 09:00-18:00; Sa 08:00-13:00"
      }
    },
    {
      "type": "Feature",
      "geometry": {
        "type": "Point",
        "coordinates": [
          11.4331525,
          48.2625347
        ]
      },
      "properties": {
        "id": 13306684584,
        "osm_type": "node",
        "name": "Tabak Zeitschriften"
      }
    },
    {
      "type": "Feature",
      "geometry": {
        "type": "Point",
        "coordinates": [
          11.4352511,
          48.263557
        ]
      },
      "properties": {
        "id": 13306740307,
        "osm_type": "node",
        "name": "SAFRAN Markt"
      }
    },
    {
      "type": "Feature",
      "geometry": {
        "type": "Point",
        "coordinates": [
          11.4426122,
          48.2536666
        ]
      },
      "properties": {
        "id": 13304813138,
        "osm_type": "node",
        "name": "Lotto Bayern",
        "opening_hours": "Mo-Fr 08:00-18:00; Sa 08:00-13:00"
      }
    },
    {
      "type": "Feature",
      "geometry": {
        "type": "Point",
        "coordinates": [
          11.4358609,
          48.26408
        ]
      },
      "properties": {
        "id": 394947645,
        "osm_type": "node",
        "name": "Rank's Viktualienladen"
      }
    },
    {
      "type": "Feature",
      "geometry": {
        "type": "Point",
        "coordinates": [
          11.4926425,
          48.3133438
        ]
      },
      "properties": {
        "id": 1429335199,
        "osm_type": "node",
        "name": "Bioladen Haupt",
        "opening_hours": "Tu-Fr 09:00-18:00"
      }
    },
    {
      "type": "Feature",
      "geometry": {
        "type": "Point",
        "coordinates": [
          11.4542107,
          48.3637959
        ]
      },
      "properties": {
        "id": 1786807510,
        "osm_type": "node",
        "name": "Edeka Huber"
      }
    },
    {
      "type": "Feature",
      "geometry": {
        "type": "Point",
        "coordinates": [
          11.4594137,
          48.3656301
        ]
      },
      "properties": {
        "id": 1786809220,
        "osm_type": "node",
        "name": "Bäckerei-Konditorei Wörmann",
        "opening_hours": "Mo-Fr 08:00-18:00; Sa 08:00-12:00"
      }
    },
    {
      "type": "Feature",
      "geometry": {
        "type": "Point",
        "coordinates": [
          11.4711437,
          48.4114176
        ]
      },
      "properties": {
        "id": 5123876322,
        "osm_type": "node",
        "name": "Fairkaufladen",
        "opening_hours": "Mo,Tu 09:00-12:00,15:00-18:00; We 09:00-12:00; Th,Fr 09:00-12:00,15:00-18:00; Sa 09:00-12:00"
      }
    },
    {
      "type": "Feature",
      "geometry": {
        "type": "Point",
        "coordinates": [
          11.4585346,
          48.4355919
        ]
      },
      "properties": {
        "id": 1239324946,
        "osm_type": "node",
        "name": "Lebensmittel Selmaier"
      }
    },
    {
      "type": "Feature",
      "geometry": {
        "type": "Point",
        "coordinates": [
          11.5241178,
          48.4242927
        ]
      },
      "properties": {
        "id": 3612591383,
        "osm_type": "node",
        "name": "Getränke Hammerl",
        "opening_hours": "Mo,We-Fr 08:00-18:00; Tu,Sa 08:00-12:00"
      }
    },
    {
      "type": "Feature",
      "geometry": {
        "type": "Point",
        "coordinates": [
          11.5518336,
          48.2556931
        ]
      },
      "properties": {
        "id": 4705397782,
        "osm_type": "node",
        "name": "Mina Shop"
      }
    },
    {
      "type": "Feature",
      "geometry": {
        "type": "Point",
        "coordinates": [
          11.5576197,
          48.2591686
        ]
      },
      "properties": {
        "id": 2144459274,
        "osm_type": "node",
        "name": "Lotto Tabak Zeitschriften LTZ"
      }
    },
    {
      "type": "Feature",
      "geometry": {
        "type": "Point",
        "coordinates": [
          11.5581884,
          48.2588948
        ]
      },
      "properties": {
        "id": 13100654571,
        "osm_type": "node",
        "name": "ServiceStore DB",
        "brand": "ServiceStore DB"
      }
    },
    {
      "type": "Feature",
      "geometry": {
        "type": "Point",
        "coordinates": [
          11.542748,
          48.2743422
        ]
      },
      "properties": {
        "id": 13293459948,
        "osm_type": "node",
        "name": "Fan Point GmbH"
      }
    },
    {
      "type": "Feature",
      "geometry": {
        "type": "Point",
        "coordinates": [
          11.561448,
          48.2512867
        ]
      },
      "properties": {
        "id": 5238637381,
        "osm_type": "node",
        "name": "Schreibwaren am Schloß"
      }
    },
    {
      "type": "Feature",
      "geometry": {
        "type": "Point",
        "coordinates": [
          11.5703808,
          48.2735597
        ]
      },
      "properties": {
        "id": 12956670553,
        "osm_type": "node",
        "name": "Yayla Market",
        "opening_hours": "Mo-Fr 08:30-18:30; Sa 08:00-13:00; Su,PH off"
      }
    },
    {
      "type": "Feature",
      "geometry": {
        "type": "Point",
        "coordinates": [
          11.5671124,
          48.2870142
        ]
      },
      "properties": {
        "id": 13034925942,
        "osm_type": "node",
        "name": "Gourmet-Express Service GmbH"
      }
    },
    {
      "type": "Feature",
      "geometry": {
        "type": "Point",
        "coordinates": [
          11.5801506,
          48.283172
        ]
      },
      "properties": {
        "id": 13388553728,
        "osm_type": "node",
        "name": "Phoenix Kiosk",
        "opening_hours": "Mo-Sa 09:00-20:00"
      }
    },
    {
      "type": "Feature",
      "geometry": {
        "type": "Point",
        "coordinates": [
          11.6287208,
          48.2524045
        ]
      },
      "properties": {
        "id": 1328250738,
        "osm_type": "node",
        "name": "all orient"
      }
    },
    {
      "type": "Feature",
      "geometry": {
        "type": "Point",
        "coordinates": [
          11.6285805,
          48.2522646
        ]
      },
      "properties": {
        "id": 2145470735,
        "osm_type": "node",
        "name": "Explore Scientific GmbH"
      }
    },
    {
      "type": "Feature",
      "geometry": {
        "type": "Point",
        "coordinates": [
          11.6159519,
          48.3023928
        ]
      },
      "properties": {
        "id": 702248094,
        "osm_type": "node",
        "name": "E-Kiosk",
        "opening_hours": "24/7"
      }
    },
    {
      "type": "Feature",
      "geometry": {
        "type": "Point",
        "coordinates": [
          11.6252613,
          48.2982323
        ]
      },
      "properties": {
        "id": 251783753,
        "osm_type": "node",
        "name": "Aral",
        "brand": "Aral",
        "opening_hours": "24/7"
      }
    },
    {
      "type": "Feature",
      "geometry": {
        "type": "Point",
        "coordinates": [
          11.6244935,
          48.2983211
        ]
      },
      "properties": {
        "id": 274898022,
        "osm_type": "node",
        "name": "Bacher's Feinkost"
      }
    },
    {
      "type": "Feature",
      "geometry": {
        "type": "Point",
        "coordinates": [
          11.6199349,
          48.298954
        ]
      },
      "properties": {
        "id": 699046285,
        "osm_type": "node",
        "name": "Papeterie Diegel",
        "opening_hours": "Mo-Fr 07:30-18:00; Sa 07:30-12:30"
      }
    },
    {
      "type": "Feature",
      "geometry": {
        "type": "Point",
        "coordinates": [
          11.6249875,
          48.2982618
        ]
      },
      "properties": {
        "id": 12106866607,
        "osm_type": "node",
        "name": "Aral",
        "brand": "Aral",
        "opening_hours": "24/7"
      }
    },
    {
      "type": "Feature",
      "geometry": {
        "type": "Point",
        "coordinates": [
          11.6208899,
          48.2978185
        ]
      },
      "properties": {
        "id": 13147762016,
        "osm_type": "node",
        "name": "386 - Der Kiosk"
      }
    },
    {
      "type": "Feature",
      "geometry": {
        "type": "Point",
        "coordinates": [
          11.6195558,
          48.2997577
        ]
      },
      "properties": {
        "id": 13147762018,
        "osm_type": "node",
        "name": "AfroGspot"
      }
    },
    {
      "type": "Feature",
      "geometry": {
        "type": "Point",
        "coordinates": [
          11.6264522,
          48.2987453
        ]
      },
      "properties": {
        "id": 256206971,
        "osm_type": "node",
        "name": "Schreibwaren Görgens",
        "opening_hours": "Tu-Fr 07:30-18:00; Sa 08:00-17:00"
      }
    },
    {
      "type": "Feature",
      "geometry": {
        "type": "Point",
        "coordinates": [
          11.6004967,
          48.3232557
        ]
      },
      "properties": {
        "id": 389995445,
        "osm_type": "node",
        "name": "Bäck's Dorfladen",
        "opening_hours": "Mo-Sa 06:00-12:30"
      }
    },
    {
      "type": "Feature",
      "geometry": {
        "type": "Point",
        "coordinates": [
          11.6739613,
          48.2783579
        ]
      },
      "properties": {
        "id": 7791206241,
        "osm_type": "node",
        "name": "Snack&Shop",
        "opening_hours": "Mo-Fr 06:00-21:00; PH,Sa,Su 07:00-20:00"
      }
    },
    {
      "type": "Feature",
      "geometry": {
        "type": "Point",
        "coordinates": [
          11.6585038,
          48.3110747
        ]
      },
      "properties": {
        "id": 12836962262,
        "osm_type": "node",
        "name": "Poyraz"
      }
    },
    {
      "type": "Feature",
      "geometry": {
        "type": "Point",
        "coordinates": [
          11.6629771,
          48.314792
        ]
      },
      "properties": {
        "id": 11814220876,
        "osm_type": "node",
        "name": "Omilos",
        "opening_hours": "Mo-Fr 09:00-18:00; Sa 09:00-16:00"
      }
    },
    {
      "type": "Feature",
      "geometry": {
        "type": "Point",
        "coordinates": [
          11.6590187,
          48.3112115
        ]
      },
      "properties": {
        "id": 12836953631,
        "osm_type": "node",
        "name": "La Românu",
        "opening_hours": "Mo-Sa 08:00-20:00"
      }
    },
    {
      "type": "Feature",
      "geometry": {
        "type": "Point",
        "coordinates": [
          11.6612727,
          48.3192727
        ]
      },
      "properties": {
        "id": 11814125134,
        "osm_type": "node",
        "name": "E-Kiosk 24h",
        "opening_hours": "24/7"
      }
    },
    {
      "type": "Feature",
      "geometry": {
        "type": "Point",
        "coordinates": [
          11.6607025,
          48.3206728
        ]
      },
      "properties": {
        "id": 12237344477,
        "osm_type": "node"
      }
    },
    {
      "type": "Feature",
      "geometry": {
        "type": "Point",
        "coordinates": [
          11.5851366,
          48.4282323
        ]
      },
      "properties": {
        "id": 5164602974,
        "osm_type": "node",
        "name": "REWE-to-Go"
      }
    },
    {
      "type": "Feature",
      "geometry": {
        "type": "Point",
        "coordinates": [
          11.7301643,
          48.3998081
        ]
      },
      "properties": {
        "id": 270496532,
        "osm_type": "node",
        "name": "Avia",
        "brand": "Avia"
      }
    },
    {
      "type": "Feature",
      "geometry": {
        "type": "Point",
        "coordinates": [
          11.7302072,
          48.3999158
        ]
      },
      "properties": {
        "id": 9534116719,
        "osm_type": "node"
      }
    },
    {
      "type": "Feature",
      "geometry": {
        "type": "Point",
        "coordinates": [
          11.7369272,
          48.39812
        ]
      },
      "properties": {
        "id": 10206806543,
        "osm_type": "node",
        "name": "Mirchis Indische Lebensmittel",
        "opening_hours": "Mo-Sa 08:00-20:00"
      }
    },
    {
      "type": "Feature",
      "geometry": {
        "type": "Point",
        "coordinates": [
          11.7399637,
          48.3986713
        ]
      },
      "properties": {
        "id": 2118011679,
        "osm_type": "node",
        "name": "Taj Mahal",
        "opening_hours": "Mo-Sa 09:00-18:30; Su,PH off"
      }
    },
    {
      "type": "Feature",
      "geometry": {
        "type": "Point",
        "coordinates": [
          11.7418898,
          48.4011955
        ]
      },
      "properties": {
        "id": 4538167132,
        "osm_type": "node",
        "name": "Weltladen",
        "brand": "Weltladen",
        "opening_hours": "Mo-Fr 10:00-18:00, Sa 09:30-13:00"
      }
    },
    {
      "type": "Feature",
      "geometry": {
        "type": "Point",
        "coordinates": [
          11.7428912,
          48.4011644
        ]
      },
      "properties": {
        "id": 4590410591,
        "osm_type": "node",
        "name": "Lebenskunst",
        "opening_hours": "Mo-Fr 09:00-18:00; Sa 09:00-13:00"
      }
    },
    {
      "type": "Feature",
      "geometry": {
        "type": "Point",
        "coordinates": [
          11.7426435,
          48.4004234
        ]
      },
      "properties": {
        "id": 4706496894,
        "osm_type": "node",
        "name": "Lotus",
        "opening_hours": "Mo-Fr 09:00-13:00,13:30-19:00; Sa 09:00-15:00; Su,PH off"
      }
    },
    {
      "type": "Feature",
      "geometry": {
        "type": "Point",
        "coordinates": [
          11.7405126,
          48.4021315
        ]
      },
      "properties": {
        "id": 5338517478,
        "osm_type": "node",
        "name": "LudwigsMarkt Naturkost",
        "opening_hours": "Mo-Fr 08:00-12:30,13:30-18:00; Sa 08:00-12:30"
      }
    },
    {
      "type": "Feature",
      "geometry": {
        "type": "Point",
        "coordinates": [
          11.6525485,
          48.4584174
        ]
      },
      "properties": {
        "id": 2589061721,
        "osm_type": "node",
        "name": "Esso",
        "brand": "Esso",
        "opening_hours": "Mo-Fr 06:00-19:30; Sa 06:30-19:30; Su 07:30-19:30; PH 07:30-19:30"
      }
    },
    {
      "type": "Feature",
      "geometry": {
        "type": "Point",
        "coordinates": [
          11.5050186,
          48.5145559
        ]
      },
      "properties": {
        "id": 688422763,
        "osm_type": "node",
        "name": "Mühlenladen"
      }
    },
    {
      "type": "Feature",
      "geometry": {
        "type": "Point",
        "coordinates": [
          11.5065464,
          48.5289754
        ]
      },
      "properties": {
        "id": 617662101,
        "osm_type": "node",
        "name": "Eine Welt Laden Pirapora",
        "opening_hours": "Mo,We,Th 10:00-12:00,14:00-18:00; Tu,Fr 10:00-18:00; Sa 10:00-13:00"
      }
    },
    {
      "type": "Feature",
      "geometry": {
        "type": "Point",
        "coordinates": [
          11.5053868,
          48.5268168
        ]
      },
      "properties": {
        "id": 4423232275,
        "osm_type": "node",
        "name": "Pfaffenhofener Tafel",
        "opening_hours": "We 09:30-12:00"
      }
    },
    {
      "type": "Feature",
      "geometry": {
        "type": "Point",
        "coordinates": [
          11.5061767,
          48.5305882
        ]
      },
      "properties": {
        "id": 12715632744,
        "osm_type": "node",
        "name": "Khan"
      }
    },
    {
      "type": "Feature",
      "geometry": {
        "type": "Point",
        "coordinates": [
          11.5095125,
          48.5281795
        ]
      },
      "properties": {
        "id": 12475880917,
        "osm_type": "node",
        "name": "Spätkau"
      }
    },
    {
      "type": "Feature",
      "geometry": {
        "type": "Point",
        "coordinates": [
          11.5103741,
          48.5280559
        ]
      },
      "properties": {
        "id": 12641160287,
        "osm_type": "node",
        "name": "Quick Stop"
      }
    },
    {
      "type": "Feature",
      "geometry": {
        "type": "Point",
        "coordinates": [
          11.5192374,
          48.5317096
        ]
      },
      "properties": {
        "id": 13306245149,
        "osm_type": "node",
        "name": "Marktschwärmer"
      }
    },
    {
      "type": "Feature",
      "geometry": {
        "type": "Point",
        "coordinates": [
          11.5117384,
          48.5377211
        ]
      },
      "properties": {
        "id": 3490969143,
        "osm_type": "node"
      }
    },
    {
      "type": "Feature",
      "geometry": {
        "type": "Point",
        "coordinates": [
          11.5128745,
          48.5327803
        ]
      },
      "properties": {
        "id": 8071486199,
        "osm_type": "node",
        "name": "Bürgerpark-Kiosk"
      }
    },
    {
      "type": "Feature",
      "geometry": {
        "type": "Point",
        "coordinates": [
          11.514138,
          48.5352336
        ]
      },
      "properties": {
        "id": 8611475140,
        "osm_type": "node",
        "name": "Da Hapna",
        "opening_hours": "Mo-Sa 09:00-19:00"
      }
    },
    {
      "type": "Feature",
      "geometry": {
        "type": "Point",
        "coordinates": [
          11.345824,
          48.5794964
        ]
      },
      "properties": {
        "id": 5250630125,
        "osm_type": "node",
        "name": "Gebauer",
        "brand": "Independent"
      }
    },
    {
      "type": "Feature",
      "geometry": {
        "type": "Point",
        "coordinates": [
          11.5686123,
          48.4743239
        ]
      },
      "properties": {
        "id": 2688617757,
        "osm_type": "node",
        "name": "Unser Dorfladen"
      }
    },
    {
      "type": "Feature",
      "geometry": {
        "type": "Point",
        "coordinates": [
          11.5436426,
          48.5223868
        ]
      },
      "properties": {
        "id": 12776453505,
        "osm_type": "node",
        "name": "Aral",
        "brand": "Aral"
      }
    },
    {
      "type": "Feature",
      "geometry": {
        "type": "Point",
        "coordinates": [
          11.7094801,
          48.4793015
        ]
      },
      "properties": {
        "id": 1453719032,
        "osm_type": "node",
        "name": "Mico Bäckerei - Metzgerei - Lebensmittel",
        "opening_hours": "Mo-Fr 06:30-18:00; Sa 06:30-12:00; Su off"
      }
    },
    {
      "type": "Feature",
      "geometry": {
        "type": "Point",
        "coordinates": [
          11.6303317,
          48.5972244
        ]
      },
      "properties": {
        "id": 3725045334,
        "osm_type": "node",
        "brand": "HEM",
        "opening_hours": "Mo - Fr 05:00 - 22:00, Sa-Su 06:00-22:00, PH 06:00-22:00"
      }
    },
    {
      "type": "Feature",
      "geometry": {
        "type": "Point",
        "coordinates": [
          11.6280372,
          48.5968823
        ]
      },
      "properties": {
        "id": 10572855048,
        "osm_type": "node"
      }
    },
    {
      "type": "Feature",
      "geometry": {
        "type": "Point",
        "coordinates": [
          11.6269314,
          48.6013077
        ]
      },
      "properties": {
        "id": 13281546947,
        "osm_type": "node",
        "name": "Marktladen",
        "opening_hours": "Mo,Tu,Th,Fr 08:30-12:00, 14:30-18:00; Sa 08:30-12:00; We,Su,PH off"
      }
    },
    {
      "type": "Feature",
      "geometry": {
        "type": "Point",
        "coordinates": [
          11.1093176,
          48.7197014
        ]
      },
      "properties": {
        "id": 10608792207,
        "osm_type": "node"
      }
    },
    {
      "type": "Feature",
      "geometry": {
        "type": "Point",
        "coordinates": [
          10.9671484,
          48.8182861
        ]
      },
      "properties": {
        "id": 13438607274,
        "osm_type": "node"
      }
    },
    {
      "type": "Feature",
      "geometry": {
        "type": "Point",
        "coordinates": [
          10.9466435,
          48.8476195
        ]
      },
      "properties": {
        "id": 7830460509,
        "osm_type": "node",
        "name": "Dorfladen"
      }
    },
    {
      "type": "Feature",
      "geometry": {
        "type": "Point",
        "coordinates": [
          11.0315044,
          48.8738811
        ]
      },
      "properties": {
        "id": 1761401516,
        "osm_type": "node",
        "name": "Hammermühle"
      }
    },
    {
      "type": "Feature",
      "geometry": {
        "type": "Point",
        "coordinates": [
          11.1779919,
          48.7274472
        ]
      },
      "properties": {
        "id": 11160866582,
        "osm_type": "node",
        "name": "All-that-you-need"
      }
    },
    {
      "type": "Feature",
      "geometry": {
        "type": "Point",
        "coordinates": [
          11.1791423,
          48.7338248
        ]
      },
      "properties": {
        "id": 5611621221,
        "osm_type": "node",
        "name": "Favour Afro Shop"
      }
    },
    {
      "type": "Feature",
      "geometry": {
        "type": "Point",
        "coordinates": [
          11.1833538,
          48.7363279
        ]
      },
      "properties": {
        "id": 5882271803,
        "osm_type": "node",
        "name": "Weltladen",
        "brand": "Weltladen"
      }
    },
    {
      "type": "Feature",
      "geometry": {
        "type": "Point",
        "coordinates": [
          11.1819604,
          48.7361687
        ]
      },
      "properties": {
        "id": 6223609026,
        "osm_type": "node",
        "name": "Kiosk C69",
        "opening_hours": "PH,Mo-Su 00:00-24:00"
      }
    },
    {
      "type": "Feature",
      "geometry": {
        "type": "Point",
        "coordinates": [
          11.2071611,
          48.7243321
        ]
      },
      "properties": {
        "id": 13148332406,
        "osm_type": "node",
        "name": "REWE To Go",
        "brand": "REWE To Go"
      }
    },
    {
      "type": "Feature",
      "geometry": {
        "type": "Point",
        "coordinates": [
          11.2931747,
          48.8044731
        ]
      },
      "properties": {
        "id": 13446233259,
        "osm_type": "node",
        "name": "Weltladen"
      }
    },
    {
      "type": "Feature",
      "geometry": {
        "type": "Point",
        "coordinates": [
          10.9181142,
          48.8931639
        ]
      },
      "properties": {
        "id": 6581635005,
        "osm_type": "node"
      }
    },
    {
      "type": "Feature",
      "geometry": {
        "type": "Point",
        "coordinates": [
          10.925512,
          48.8937827
        ]
      },
      "properties": {
        "id": 2409013589,
        "osm_type": "node",
        "name": "Maulbeere Naturkos t& Naturwaren",
        "opening_hours": "Tu-Fr 09:00-13:00, 15:00-18:00; Sa 08:00-12:00"
      }
    },
    {
      "type": "Feature",
      "geometry": {
        "type": "Point",
        "coordinates": [
          10.9932068,
          48.8919924
        ]
      },
      "properties": {
        "id": 2905767694,
        "osm_type": "node",
        "name": "Lebensmittel S. Thoma"
      }
    },
    {
      "type": "Feature",
      "geometry": {
        "type": "Point",
        "coordinates": [
          10.9248255,
          48.9630315
        ]
      },
      "properties": {
        "id": 730646971,
        "osm_type": "node",
        "name": "Direktvermarkter Lehnleinsmühle"
      }
    },
    {
      "type": "Feature",
      "geometry": {
        "type": "Point",
        "coordinates": [
          10.9226589,
          48.9646733
        ]
      },
      "properties": {
        "id": 730646974,
        "osm_type": "node",
        "name": "Direktvermarkter Weinbergshof"
      }
    },
    {
      "type": "Feature",
      "geometry": {
        "type": "Point",
        "coordinates": [
          10.9735517,
          48.9331088
        ]
      },
      "properties": {
        "id": 4947337852,
        "osm_type": "node",
        "opening_hours": "Tu-Fr 08:00-12:00, 13:30-17:30; Sa 08:00-12:00; Su,Mo,PH off"
      }
    },
    {
      "type": "Feature",
      "geometry": {
        "type": "Point",
        "coordinates": [
          10.9706075,
          49.0320802
        ]
      },
      "properties": {
        "id": 2914824417,
        "osm_type": "node",
        "name": "Weltladen",
        "opening_hours": "Mo,We,Th 09:30-12:30, 15:00-18:00; Tu,Fr 09:30-18:00; Sa 09:30-12:30"
      }
    },
    {
      "type": "Feature",
      "geometry": {
        "type": "Point",
        "coordinates": [
          10.9749994,
          49.0306368
        ]
      },
      "properties": {
        "id": 7289275850,
        "osm_type": "node",
        "name": "Unverpackt Weißenburg",
        "opening_hours": "Mo-Fr 09:00-13:30, Tu,Fr 15:00-18:00, Th 15:00-19:00, Sa 09:00-13:00"
      }
    },
    {
      "type": "Feature",
      "geometry": {
        "type": "Point",
        "coordinates": [
          10.9745975,
          49.0309051
        ]
      },
      "properties": {
        "id": 4956529648,
        "osm_type": "node",
        "name": "Bio-Laden Weißenburg",
        "opening_hours": "Sa 08:00-15:00;Mo-Fr 08:00-19:00"
      }
    },
    {
      "type": "Feature",
      "geometry": {
        "type": "Point",
        "coordinates": [
          11.1338523,
          48.8930081
        ]
      },
      "properties": {
        "id": 944569406,
        "osm_type": "node",
        "name": "Margraf",
        "brand": "nah & gut",
        "opening_hours": "Su off"
      }
    },
    {
      "type": "Feature",
      "geometry": {
        "type": "Point",
        "coordinates": [
          11.1826257,
          48.8926295
        ]
      },
      "properties": {
        "id": 9132885721,
        "osm_type": "node",
        "name": "M&M Automaten",
        "opening_hours": "24/7"
      }
    },
    {
      "type": "Feature",
      "geometry": {
        "type": "Point",
        "coordinates": [
          11.1835466,
          48.8937511
        ]
      },
      "properties": {
        "id": 320143617,
        "osm_type": "node",
        "name": "Welt-Brücke",
        "opening_hours": "Mo,Tu,Th,Fr 09:30-12:30,14:00-18:00; We 09:30-18:00; Sa 09:30-13:00"
      }
    },
    {
      "type": "Feature",
      "geometry": {
        "type": "Point",
        "coordinates": [
          11.1976487,
          48.8875731
        ]
      },
      "properties": {
        "id": 1490012627,
        "osm_type": "node",
        "name": "Feinkost Kelz",
        "opening_hours": "Mo,Tu,Th,Fr 07:30-18:00; We 07:30-14:00; Sa 07:30-13:00"
      }
    },
    {
      "type": "Feature",
      "geometry": {
        "type": "Point",
        "coordinates": [
          11.2091272,
          48.9954719
        ]
      },
      "properties": {
        "id": 4976278327,
        "osm_type": "node",
        "name": "Kolonialwaren",
        "opening_hours": "Mo-Fr 07:30-13:00,14:00-18:00; Sa 07:30-13:00"
      }
    },
    {
      "type": "Feature",
      "geometry": {
        "type": "Point",
        "coordinates": [
          11.2172945,
          49.0885235
        ]
      },
      "properties": {
        "id": 12841643468,
        "osm_type": "node",
        "name": "Fotoatelier Hedwig"
      }
    },
    {
      "type": "Feature",
      "geometry": {
        "type": "Point",
        "coordinates": [
          11.224959,
          49.0683705
        ]
      },
      "properties": {
        "id": 10287769244,
        "osm_type": "node",
        "name": "Heimichl Shop"
      }
    },
    {
      "type": "Feature",
      "geometry": {
        "type": "Point",
        "coordinates": [
          11.4180782,
          48.6758343
        ]
      },
      "properties": {
        "id": 1770257804,
        "osm_type": "node",
        "name": "Metzgerei Stadel"
      }
    },
    {
      "type": "Feature",
      "geometry": {
        "type": "Point",
        "coordinates": [
          11.3866784,
          48.774419
        ]
      },
      "properties": {
        "id": 9444905619,
        "osm_type": "node",
        "name": "baby&family Welt der Spielwaren UG & Co. KG"
      }
    },
    {
      "type": "Feature",
      "geometry": {
        "type": "Point",
        "coordinates": [
          11.4221961,
          48.7683153
        ]
      },
      "properties": {
        "id": 334332757,
        "osm_type": "node",
        "name": "Kiosk61"
      }
    },
    {
      "type": "Feature",
      "geometry": {
        "type": "Point",
        "coordinates": [
          11.4264943,
          48.7653785
        ]
      },
      "properties": {
        "id": 5480562939,
        "osm_type": "node",
        "name": "Weltladen",
        "brand": "Weltladen",
        "opening_hours": "Mo-Fr 09:00-18:00; Sa 10:00-14:00"
      }
    },
    {
      "type": "Feature",
      "geometry": {
        "type": "Point",
        "coordinates": [
          11.4246272,
          48.763332
        ]
      },
      "properties": {
        "id": 6087878467,
        "osm_type": "node"
      }
    },
    {
      "type": "Feature",
      "geometry": {
        "type": "Point",
        "coordinates": [
          11.4240944,
          48.7640773
        ]
      },
      "properties": {
        "id": 11951798451,
        "osm_type": "node",
        "name": "iRepairStore",
        "opening_hours": "Mo-Fr 10:00-18:00; Sa 10:00-16:00; PH off"
      }
    },
    {
      "type": "Feature",
      "geometry": {
        "type": "Point",
        "coordinates": [
          11.440501,
          48.7225733
        ]
      },
      "properties": {
        "id": 296374436,
        "osm_type": "node",
        "name": "Agip",
        "brand": "Agip"
      }
    },
    {
      "type": "Feature",
      "geometry": {
        "type": "Point",
        "coordinates": [
          11.4906813,
          48.7171866
        ]
      },
      "properties": {
        "id": 2429380560,
        "osm_type": "node",
        "name": "Rohm Tabakladen"
      }
    },
    {
      "type": "Feature",
      "geometry": {
        "type": "Point",
        "coordinates": [
          11.4415544,
          48.7670032
        ]
      },
      "properties": {
        "id": 2265521518,
        "osm_type": "node",
        "name": "Osteuropäische Lebensmittel Bulgaria"
      }
    },
    {
      "type": "Feature",
      "geometry": {
        "type": "Point",
        "coordinates": [
          11.4641542,
          48.7539341
        ]
      },
      "properties": {
        "id": 11096589675,
        "osm_type": "node"
      }
    },
    {
      "type": "Feature",
      "geometry": {
        "type": "Point",
        "coordinates": [
          11.4651603,
          48.7692907
        ]
      },
      "properties": {
        "id": 9285595830,
        "osm_type": "node",
        "name": "LOTUS Markt - Indian Grocery Store",
        "opening_hours": "Mo-Fr 10:00-13:00,15:00-20:00; Sa 10:00-20:00; Su,PH closed"
      }
    },
    {
      "type": "Feature",
      "geometry": {
        "type": "Point",
        "coordinates": [
          11.5196342,
          48.7651333
        ]
      },
      "properties": {
        "id": 294281830,
        "osm_type": "node",
        "name": "EDEKA Kuttner"
      }
    },
    {
      "type": "Feature",
      "geometry": {
        "type": "Point",
        "coordinates": [
          11.3762052,
          48.7771282
        ]
      },
      "properties": {
        "id": 3714325592,
        "osm_type": "node",
        "name": "ASIA Markt Thien Tam"
      }
    },
    {
      "type": "Feature",
      "geometry": {
        "type": "Point",
        "coordinates": [
          11.3698742,
          48.8020361
        ]
      },
      "properties": {
        "id": 244040625,
        "osm_type": "node",
        "name": "Tankstelle Knapp",
        "brand": "Esso",
        "opening_hours": "Mo-Sa 07:00-21:00; Su 08:00-20:00; PH 08:00-20:00"
      }
    },
    {
      "type": "Feature",
      "geometry": {
        "type": "Point",
        "coordinates": [
          11.4057384,
          48.7764872
        ]
      },
      "properties": {
        "id": 5789810311,
        "osm_type": "node",
        "name": "Mini Max",
        "opening_hours": "Mo-Fr 9:00-19:00; Sa 9:00-18:00"
      }
    },
    {
      "type": "Feature",
      "geometry": {
        "type": "Point",
        "coordinates": [
          11.4155175,
          48.7754948
        ]
      },
      "properties": {
        "id": 683260376,
        "osm_type": "node",
        "name": "Arif Oglu",
        "opening_hours": "Mo-Sa 07:00-19:30"
      }
    },
    {
      "type": "Feature",
      "geometry": {
        "type": "Point",
        "coordinates": [
          11.5014382,
          48.811409
        ]
      },
      "properties": {
        "id": 1821190647,
        "osm_type": "node",
        "name": "Pogo-Galerie"
      }
    },
    {
      "type": "Feature",
      "geometry": {
        "type": "Point",
        "coordinates": [
          11.5549819,
          48.7024627
        ]
      },
      "properties": {
        "id": 6598504358,
        "osm_type": "node",
        "name": "Kiosk Haus Feilenmoos"
      }
    },
    {
      "type": "Feature",
      "geometry": {
        "type": "Point",
        "coordinates": [
          11.6041908,
          48.7357221
        ]
      },
      "properties": {
        "id": 3670073248,
        "osm_type": "node",
        "name": "Autohof Rockolding"
      }
    },
    {
      "type": "Feature",
      "geometry": {
        "type": "Point",
        "coordinates": [
          11.6899296,
          48.8083685
        ]
      },
      "properties": {
        "id": 2455891567,
        "osm_type": "node"
      }
    },
    {
      "type": "Feature",
      "geometry": {
        "type": "Point",
        "coordinates": [
          11.412306,
          48.8873759
        ]
      },
      "properties": {
        "id": 1683953944,
        "osm_type": "node",
        "name": "Dorfladen ums Eck",
        "opening_hours": "Sa 07:30-12:30; Mo-Th 07:00-12:30,15:30-18:00; Fr 07:00-13:00,15:30-18:00"
      }
    },
    {
      "type": "Feature",
      "geometry": {
        "type": "Point",
        "coordinates": [
          11.3885349,
          48.9483782
        ]
      },
      "properties": {
        "id": 13013556954,
        "osm_type": "node",
        "name": "Azur Camping Rezeption"
      }
    },
    {
      "type": "Feature",
      "geometry": {
        "type": "Point",
        "coordinates": [
          11.465315,
          48.9565428
        ]
      },
      "properties": {
        "id": 5611374147,
        "osm_type": "node"
      }
    },
    {
      "type": "Feature",
      "geometry": {
        "type": "Point",
        "coordinates": [
          11.45222,
          49.0035594
        ]
      },
      "properties": {
        "id": 1783920114,
        "osm_type": "node"
      }
    },
    {
      "type": "Feature",
      "geometry": {
        "type": "Point",
        "coordinates": [
          11.5450893,
          49.0357477
        ]
      },
      "properties": {
        "id": 8010529972,
        "osm_type": "node"
      }
    },
    {
      "type": "Feature",
      "geometry": {
        "type": "Point",
        "coordinates": [
          11.5667866,
          49.0402281
        ]
      },
      "properties": {
        "id": 11883592552,
        "osm_type": "node"
      }
    },
    {
      "type": "Feature",
      "geometry": {
        "type": "Point",
        "coordinates": [
          11.6004418,
          49.0555726
        ]
      },
      "properties": {
        "id": 4078166101,
        "osm_type": "node",
        "name": "Fischzucht Bäuml"
      }
    },
    {
      "type": "Feature",
      "geometry": {
        "type": "Point",
        "coordinates": [
          10.2413145,
          49.1711727
        ]
      },
      "properties": {
        "id": 11030780835,
        "osm_type": "node"
      }
    },
    {
      "type": "Feature",
      "geometry": {
        "type": "Point",
        "coordinates": [
          10.264797,
          49.2755163
        ]
      },
      "properties": {
        "id": 9835317060,
        "osm_type": "node"
      }
    },
    {
      "type": "Feature",
      "geometry": {
        "type": "Point",
        "coordinates": [
          10.3546391,
          49.2412067
        ]
      },
      "properties": {
        "id": 6726556747,
        "osm_type": "node"
      }
    },
    {
      "type": "Feature",
      "geometry": {
        "type": "Point",
        "coordinates": [
          10.3401293,
          49.2692971
        ]
      },
      "properties": {
        "id": 4649968106,
        "osm_type": "node"
      }
    },
    {
      "type": "Feature",
      "geometry": {
        "type": "Point",
        "coordinates": [
          10.4093634,
          49.2990112
        ]
      },
      "properties": {
        "id": 1486264631,
        "osm_type": "node",
        "name": "Lotto Gundel"
      }
    },
    {
      "type": "Feature",
      "geometry": {
        "type": "Point",
        "coordinates": [
          10.1903629,
          49.3752468
        ]
      },
      "properties": {
        "id": 12156282350,
        "osm_type": "node",
        "name": "REWE To Go",
        "brand": "REWE To Go"
      }
    },
    {
      "type": "Feature",
      "geometry": {
        "type": "Point",
        "coordinates": [
          10.1872669,
          49.3786263
        ]
      },
      "properties": {
        "id": 13067638833,
        "osm_type": "node",
        "name": "REWE express",
        "brand": "REWE express"
      }
    },
    {
      "type": "Feature",
      "geometry": {
        "type": "Point",
        "coordinates": [
          10.114454,
          49.4958367
        ]
      },
      "properties": {
        "id": 11918237453,
        "osm_type": "node",
        "name": "Erdäpfelhäusle",
        "opening_hours": "24/7"
      }
    },
    {
      "type": "Feature",
      "geometry": {
        "type": "Point",
        "coordinates": [
          10.2744316,
          49.4526787
        ]
      },
      "properties": {
        "id": 11449769133,
        "osm_type": "node",
        "opening_hours": "Mo-Fr 06:00-21:00; Sa,Su 07:30-21:00"
      }
    },
    {
      "type": "Feature",
      "geometry": {
        "type": "Point",
        "coordinates": [
          10.1780897,
          49.496871
        ]
      },
      "properties": {
        "id": 305609462,
        "osm_type": "node",
        "name": "Allianz"
      }
    },
    {
      "type": "Feature",
      "geometry": {
        "type": "Point",
        "coordinates": [
          10.2104558,
          49.4850823
        ]
      },
      "properties": {
        "id": 4762022622,
        "osm_type": "node",
        "name": "Total",
        "brand": "Total",
        "opening_hours": "24/7"
      }
    },
    {
      "type": "Feature",
      "geometry": {
        "type": "Point",
        "coordinates": [
          10.213923,
          49.4851855
        ]
      },
      "properties": {
        "id": 4762022922,
        "osm_type": "node",
        "name": "Aral",
        "brand": "Aral",
        "opening_hours": "24/7"
      }
    },
    {
      "type": "Feature",
      "geometry": {
        "type": "Point",
        "coordinates": [
          10.4039407,
          49.3000614
        ]
      },
      "properties": {
        "id": 7673635791,
        "osm_type": "node"
      }
    },
    {
      "type": "Feature",
      "geometry": {
        "type": "Point",
        "coordinates": [
          10.4096064,
          49.3002828
        ]
      },
      "properties": {
        "id": 1490956746,
        "osm_type": "node",
        "name": "Eine Welt Laden"
      }
    },
    {
      "type": "Feature",
      "geometry": {
        "type": "Point",
        "coordinates": [
          10.3207628,
          49.4464291
        ]
      },
      "properties": {
        "id": 12923774951,
        "osm_type": "node",
        "name": "Freibadkiosk"
      }
    },
    {
      "type": "Feature",
      "geometry": {
        "type": "Point",
        "coordinates": [
          10.3251562,
          49.4486925
        ]
      },
      "properties": {
        "id": 11420710874,
        "osm_type": "node",
        "name": "BIO Lädla Rumpelstühlchen",
        "opening_hours": "Mo-Sa 09:00-19:00; Su closed; PH closed"
      }
    },
    {
      "type": "Feature",
      "geometry": {
        "type": "Point",
        "coordinates": [
          10.3647879,
          49.4416945
        ]
      },
      "properties": {
        "id": 2038979689,
        "osm_type": "node",
        "name": "Ums Eck"
      }
    },
    {
      "type": "Feature",
      "geometry": {
        "type": "Point",
        "coordinates": [
          10.3645404,
          49.4417732
        ]
      },
      "properties": {
        "id": 13272965310,
        "osm_type": "node",
        "name": "Ums Eck"
      }
    },
    {
      "type": "Feature",
      "geometry": {
        "type": "Point",
        "coordinates": [
          10.4706717,
          49.4338503
        ]
      },
      "properties": {
        "id": 7460321785,
        "osm_type": "node",
        "name": "Baumannshof Öko-Lieferservice"
      }
    },
    {
      "type": "Feature",
      "geometry": {
        "type": "Point",
        "coordinates": [
          10.4662456,
          49.4513314
        ]
      },
      "properties": {
        "id": 5603830275,
        "osm_type": "node",
        "name": "Edeka"
      }
    },
    {
      "type": "Feature",
      "geometry": {
        "type": "Point",
        "coordinates": [
          10.412849,
          49.4946319
        ]
      },
      "properties": {
        "id": 12923781758,
        "osm_type": "node",
        "name": "Freibadkiosk"
      }
    },
    {
      "type": "Feature",
      "geometry": {
        "type": "Point",
        "coordinates": [
          10.416331,
          49.5013019
        ]
      },
      "properties": {
        "id": 11837203186,
        "osm_type": "node",
        "name": "Koch im Centrum",
        "opening_hours": "Mo-Fr 09:00-12:00,13:30-18:00; Sa 09:00-13:00; PH off"
      }
    },
    {
      "type": "Feature",
      "geometry": {
        "type": "Point",
        "coordinates": [
          10.4171205,
          49.5033183
        ]
      },
      "properties": {
        "id": 11117240272,
        "osm_type": "node",
        "name": "Moonstore24",
        "opening_hours": "24/7"
      }
    },
    {
      "type": "Feature",
      "geometry": {
        "type": "Point",
        "coordinates": [
          10.5415049,
          49.139351
        ]
      },
      "properties": {
        "id": 1231184726,
        "osm_type": "node",
        "name": "Biergarten am Krummweiher",
        "opening_hours": "Mo-Su 10:00-22:00"
      }
    },
    {
      "type": "Feature",
      "geometry": {
        "type": "Point",
        "coordinates": [
          10.5524551,
          49.1598247
        ]
      },
      "properties": {
        "id": 11883459455,
        "osm_type": "node",
        "name": "SLAWA Markt",
        "opening_hours": "Mo-Fr 09:00-19:00; Sa 09:00-16:00; PH off"
      }
    },
    {
      "type": "Feature",
      "geometry": {
        "type": "Point",
        "coordinates": [
          10.6128907,
          49.1042647
        ]
      },
      "properties": {
        "id": 1448926602,
        "osm_type": "node"
      }
    },
    {
      "type": "Feature",
      "geometry": {
        "type": "Point",
        "coordinates": [
          10.6176544,
          49.1434468
        ]
      },
      "properties": {
        "id": 1530038011,
        "osm_type": "node",
        "name": "Dorfladen Um's Eck"
      }
    },
    {
      "type": "Feature",
      "geometry": {
        "type": "Point",
        "coordinates": [
          10.6577373,
          49.1691231
        ]
      },
      "properties": {
        "id": 880464493,
        "osm_type": "node",
        "name": "zum Nepomuk"
      }
    },
    {
      "type": "Feature",
      "geometry": {
        "type": "Point",
        "coordinates": [
          10.5081759,
          49.2337974
        ]
      },
      "properties": {
        "id": 3392434493,
        "osm_type": "node",
        "name": "Vilim Gewürze"
      }
    },
    {
      "type": "Feature",
      "geometry": {
        "type": "Point",
        "coordinates": [
          10.5018752,
          49.2587614
        ]
      },
      "properties": {
        "id": 11093777032,
        "osm_type": "node",
        "name": "REWE To Go",
        "brand": "REWE To Go"
      }
    },
    {
      "type": "Feature",
      "geometry": {
        "type": "Point",
        "coordinates": [
          10.5706597,
          49.2886444
        ]
      },
      "properties": {
        "id": 4705275663,
        "osm_type": "node",
        "name": "Kiosk"
      }
    },
    {
      "type": "Feature",
      "geometry": {
        "type": "Point",
        "coordinates": [
          10.5982504,
          49.2963364
        ]
      },
      "properties": {
        "id": 2896689908,
        "osm_type": "node",
        "name": "Schreibwaren Hübel"
      }
    },
    {
      "type": "Feature",
      "geometry": {
        "type": "Point",
        "coordinates": [
          10.7208753,
          49.1229192
        ]
      },
      "properties": {
        "id": 4208985293,
        "osm_type": "node",
        "name": "ZanZiBar"
      }
    },
    {
      "type": "Feature",
      "geometry": {
        "type": "Point",
        "coordinates": [
          10.7027372,
          49.1322327
        ]
      },
      "properties": {
        "id": 3055219260,
        "osm_type": "node",
        "name": "Walder Dorfladen",
        "opening_hours": "We 14:00-18:00"
      }
    },
    {
      "type": "Feature",
      "geometry": {
        "type": "Point",
        "coordinates": [
          10.7544874,
          49.1144272
        ]
      },
      "properties": {
        "id": 9125966223,
        "osm_type": "node",
        "name": "S-Kultur",
        "opening_hours": "Mo-Fr 09:30-18:30; Sa 09:30-14:00"
      }
    },
    {
      "type": "Feature",
      "geometry": {
        "type": "Point",
        "coordinates": [
          10.863992,
          49.1272473
        ]
      },
      "properties": {
        "id": 7661759489,
        "osm_type": "node",
        "name": "Lekkerli-Lädle",
        "opening_hours": "Mo-Su 08:00-21:00"
      }
    },
    {
      "type": "Feature",
      "geometry": {
        "type": "Point",
        "coordinates": [
          10.8773137,
          49.1374442
        ]
      },
      "properties": {
        "id": 6139875744,
        "osm_type": "node",
        "name": "Anmeldung Zeltwiese Absberg"
      }
    },
    {
      "type": "Feature",
      "geometry": {
        "type": "Point",
        "coordinates": [
          10.8773281,
          49.1383611
        ]
      },
      "properties": {
        "id": 7617798574,
        "osm_type": "node",
        "name": "Kiosk Wakeboard Brombachsee"
      }
    },
    {
      "type": "Feature",
      "geometry": {
        "type": "Point",
        "coordinates": [
          10.7876001,
          49.2873025
        ]
      },
      "properties": {
        "id": 3591744164,
        "osm_type": "node",
        "name": "Weltladen Mission EineWelt"
      }
    },
    {
      "type": "Feature",
      "geometry": {
        "type": "Point",
        "coordinates": [
          10.8840024,
          49.2889866
        ]
      },
      "properties": {
        "id": 4419976791,
        "osm_type": "node"
      }
    },
    {
      "type": "Feature",
      "geometry": {
        "type": "Point",
        "coordinates": [
          10.560201,
          49.3102129
        ]
      },
      "properties": {
        "id": 3477020737,
        "osm_type": "node",
        "name": "JET",
        "brand": "JET",
        "opening_hours": "Mo-Fr 06:00-24:00; Sa 07:00-24:00; Su 08:00-24:00"
      }
    },
    {
      "type": "Feature",
      "geometry": {
        "type": "Point",
        "coordinates": [
          10.5708524,
          49.3020992
        ]
      },
      "properties": {
        "id": 4485650585,
        "osm_type": "node",
        "name": "Mondo Galarie",
        "opening_hours": "We 14:00-17:00; Sa 13:00-16:00"
      }
    },
    {
      "type": "Feature",
      "geometry": {
        "type": "Point",
        "coordinates": [
          10.5702222,
          49.2995177
        ]
      },
      "properties": {
        "id": 10867455041,
        "osm_type": "node",
        "name": "Tranviva Express GmbH",
        "opening_hours": "Mo-Sa 09:00-18:00"
      }
    },
    {
      "type": "Feature",
      "geometry": {
        "type": "Point",
        "coordinates": [
          10.5733406,
          49.3015197
        ]
      },
      "properties": {
        "id": 1630230254,
        "osm_type": "node",
        "name": "Reformhaus Schinnerer"
      }
    },
    {
      "type": "Feature",
      "geometry": {
        "type": "Point",
        "coordinates": [
          10.5731822,
          49.3016665
        ]
      },
      "properties": {
        "id": 2151868121,
        "osm_type": "node"
      }
    },
    {
      "type": "Feature",
      "geometry": {
        "type": "Point",
        "coordinates": [
          10.574394,
          49.3017209
        ]
      },
      "properties": {
        "id": 4227792589,
        "osm_type": "node",
        "name": "SnackFlair",
        "opening_hours": "24/7"
      }
    },
    {
      "type": "Feature",
      "geometry": {
        "type": "Point",
        "coordinates": [
          10.5743427,
          49.302481
        ]
      },
      "properties": {
        "id": 9048383222,
        "osm_type": "node",
        "name": "Der Bauernladen",
        "opening_hours": "Mo-Fr 09:00-13:30,14:30-18:00; Sa 08:00-12:30;"
      }
    },
    {
      "type": "Feature",
      "geometry": {
        "type": "Point",
        "coordinates": [
          10.5742439,
          49.3024937
        ]
      },
      "properties": {
        "id": 9233524942,
        "osm_type": "node",
        "name": "Weltladen Ansbach",
        "brand": "Weltladen",
        "opening_hours": "Sa 09:00-13:00; Tu-Fr 10:00-13:30,14:30-18:00; Mo off"
      }
    },
    {
      "type": "Feature",
      "geometry": {
        "type": "Point",
        "coordinates": [
          10.573753,
          49.3014624
        ]
      },
      "properties": {
        "id": 12873924926,
        "osm_type": "node",
        "name": "Tante Anna",
        "opening_hours": "Mo-Fr 09:00-18:00; Sa 10:00-14:00"
      }
    },
    {
      "type": "Feature",
      "geometry": {
        "type": "Point",
        "coordinates": [
          10.5899112,
          49.3004661
        ]
      },
      "properties": {
        "id": 9060866536,
        "osm_type": "node",
        "name": "Jack Links - Fabrikverkauf",
        "opening_hours": "Mo-Fr 11:30-16:30; Sa 09:00-15:00"
      }
    },
    {
      "type": "Feature",
      "geometry": {
        "type": "Point",
        "coordinates": [
          10.593376,
          49.456696
        ]
      },
      "properties": {
        "id": 1311717452,
        "osm_type": "node",
        "opening_hours": "Mo-Fr 06:30-13:00, 14:30-18:00; Sa 06:30-14:00"
      }
    },
    {
      "type": "Feature",
      "geometry": {
        "type": "Point",
        "coordinates": [
          10.5927022,
          49.4565876
        ]
      },
      "properties": {
        "id": 1311786518,
        "osm_type": "node"
      }
    },
    {
      "type": "Feature",
      "geometry": {
        "type": "Point",
        "coordinates": [
          10.6553601,
          49.4922709
        ]
      },
      "properties": {
        "id": 388360210,
        "osm_type": "node",
        "name": "Lotto"
      }
    },
    {
      "type": "Feature",
      "geometry": {
        "type": "Point",
        "coordinates": [
          10.7280511,
          49.4028822
        ]
      },
      "properties": {
        "id": 1770555844,
        "osm_type": "node",
        "name": "Christas Brotstube"
      }
    },
    {
      "type": "Feature",
      "geometry": {
        "type": "Point",
        "coordinates": [
          10.7252941,
          49.4832614
        ]
      },
      "properties": {
        "id": 1618989054,
        "osm_type": "node",
        "name": "TotalEnergies",
        "brand": "TotalEnergies",
        "opening_hours": "Mo-Fr 06:00-22:00; Sa 07:00-22:00; PH,Su 08:00-22:00"
      }
    },
    {
      "type": "Feature",
      "geometry": {
        "type": "Point",
        "coordinates": [
          10.2270544,
          49.5469112
        ]
      },
      "properties": {
        "id": 298388614,
        "osm_type": "node",
        "name": "ARAL",
        "brand": "Aral",
        "opening_hours": "Mo-Sa 07:00-21:00; Su 09:00-21:00"
      }
    },
    {
      "type": "Feature",
      "geometry": {
        "type": "Point",
        "coordinates": [
          10.1905381,
          49.5704698
        ]
      },
      "properties": {
        "id": 775626114,
        "osm_type": "node",
        "name": "Metzgerei Wagner"
      }
    },
    {
      "type": "Feature",
      "geometry": {
        "type": "Point",
        "coordinates": [
          10.1754816,
          49.5860467
        ]
      },
      "properties": {
        "id": 3631090902,
        "osm_type": "node",
        "name": "Autohof Gollhofen"
      }
    },
    {
      "type": "Feature",
      "geometry": {
        "type": "Point",
        "coordinates": [
          10.1777744,
          49.5851188
        ]
      },
      "properties": {
        "id": 309303589,
        "osm_type": "node",
        "name": "Fun Play"
      }
    },
    {
      "type": "Feature",
      "geometry": {
        "type": "Point",
        "coordinates": [
          10.2405562,
          49.5820111
        ]
      },
      "properties": {
        "id": 318539492,
        "osm_type": "node",
        "name": "Baumschule Zellesmühle"
      }
    },
    {
      "type": "Feature",
      "geometry": {
        "type": "Point",
        "coordinates": [
          10.0667092,
          49.6636627
        ]
      },
      "properties": {
        "id": 493816944,
        "osm_type": "node",
        "name": "Zauberschlössle - Der Magie Laden"
      }
    },
    {
      "type": "Feature",
      "geometry": {
        "type": "Point",
        "coordinates": [
          10.0837563,
          49.6621885
        ]
      },
      "properties": {
        "id": 304146660,
        "osm_type": "node",
        "name": "Blacky's Dragon Tattoo"
      }
    },
    {
      "type": "Feature",
      "geometry": {
        "type": "Point",
        "coordinates": [
          10.146011,
          49.6639957
        ]
      },
      "properties": {
        "id": 4279884580,
        "osm_type": "node",
        "name": "Bahnsteig 1"
      }
    },
    {
      "type": "Feature",
      "geometry": {
        "type": "Point",
        "coordinates": [
          10.1449991,
          49.6670264
        ]
      },
      "properties": {
        "id": 11143187429,
        "osm_type": "node",
        "name": "Flohmarktladen"
      }
    },
    {
      "type": "Feature",
      "geometry": {
        "type": "Point",
        "coordinates": [
          10.2263859,
          49.6238825
        ]
      },
      "properties": {
        "id": 309377179,
        "osm_type": "node",
        "name": "Getränke Hörlin"
      }
    },
    {
      "type": "Feature",
      "geometry": {
        "type": "Point",
        "coordinates": [
          10.2622763,
          49.646797
        ]
      },
      "properties": {
        "id": 9201228507,
        "osm_type": "node",
        "name": "Keils Regiomat",
        "opening_hours": "PH,Mo-Su 00:00-24:00"
      }
    },
    {
      "type": "Feature",
      "geometry": {
        "type": "Point",
        "coordinates": [
          10.2597315,
          49.7006044
        ]
      },
      "properties": {
        "id": 360484986,
        "osm_type": "node",
        "name": "Studio alte Post Gesundheit u.Fitness"
      }
    },
    {
      "type": "Feature",
      "geometry": {
        "type": "Point",
        "coordinates": [
          10.2618411,
          49.7051
        ]
      },
      "properties": {
        "id": 452738609,
        "osm_type": "node"
      }
    },
    {
      "type": "Feature",
      "geometry": {
        "type": "Point",
        "coordinates": [
          10.4167451,
          49.5132257
        ]
      },
      "properties": {
        "id": 3103729129,
        "osm_type": "node"
      }
    },
    {
      "type": "Feature",
      "geometry": {
        "type": "Point",
        "coordinates": [
          10.4206239,
          49.5136462
        ]
      },
      "properties": {
        "id": 11964183696,
        "osm_type": "node",
        "name": "Speisekammer",
        "opening_hours": "24/7"
      }
    },
    {
      "type": "Feature",
      "geometry": {
        "type": "Point",
        "coordinates": [
          10.3864547,
          49.5779409
        ]
      },
      "properties": {
        "id": 4492352438,
        "osm_type": "node",
        "name": "Krautostheimer Dorfladen"
      }
    },
    {
      "type": "Feature",
      "geometry": {
        "type": "Point",
        "coordinates": [
          10.3325631,
          49.6532221
        ]
      },
      "properties": {
        "id": 360487573,
        "osm_type": "node",
        "name": "Schwingenstein"
      }
    },
    {
      "type": "Feature",
      "geometry": {
        "type": "Point",
        "coordinates": [
          10.1477525,
          49.7308696
        ]
      },
      "properties": {
        "id": 3094902072,
        "osm_type": "node",
        "name": "ESW Bistro/Kiosk",
        "opening_hours": "Mo-Fr 07:00-15:00"
      }
    },
    {
      "type": "Feature",
      "geometry": {
        "type": "Point",
        "coordinates": [
          10.1575833,
          49.7376282
        ]
      },
      "properties": {
        "id": 392017007,
        "osm_type": "node",
        "name": "Wohlfühloase Kam Güldane"
      }
    },
    {
      "type": "Feature",
      "geometry": {
        "type": "Point",
        "coordinates": [
          10.1502855,
          49.7392542
        ]
      },
      "properties": {
        "id": 306704338,
        "osm_type": "node",
        "name": "Hazal Market"
      }
    },
    {
      "type": "Feature",
      "geometry": {
        "type": "Point",
        "coordinates": [
          10.1588771,
          49.7376334
        ]
      },
      "properties": {
        "id": 392017010,
        "osm_type": "node",
        "name": "Spielsalon"
      }
    },
    {
      "type": "Feature",
      "geometry": {
        "type": "Point",
        "coordinates": [
          10.1627353,
          49.7375375
        ]
      },
      "properties": {
        "id": 392037163,
        "osm_type": "node",
        "name": "ASIA Markt"
      }
    },
    {
      "type": "Feature",
      "geometry": {
        "type": "Point",
        "coordinates": [
          10.1636506,
          49.738064
        ]
      },
      "properties": {
        "id": 392037176,
        "osm_type": "node",
        "name": "Spielstudio Fortuna"
      }
    },
    {
      "type": "Feature",
      "geometry": {
        "type": "Point",
        "coordinates": [
          10.1627477,
          49.7385397
        ]
      },
      "properties": {
        "id": 392042130,
        "osm_type": "node",
        "name": "Eine-Welt-Laden",
        "opening_hours": "Tu-Fr 09:30-12:30,15:00-18:00; Sa 10:00-13:00; PH,Su off"
      }
    },
    {
      "type": "Feature",
      "geometry": {
        "type": "Point",
        "coordinates": [
          10.1588891,
          49.737932
        ]
      },
      "properties": {
        "id": 8529454417,
        "osm_type": "node",
        "name": "Heimerl's · Wild- und Heilpflanzen",
        "opening_hours": "Mo-Fr 09:00-13:00"
      }
    },
    {
      "type": "Feature",
      "geometry": {
        "type": "Point",
        "coordinates": [
          10.1598904,
          49.7391026
        ]
      },
      "properties": {
        "id": 392052858,
        "osm_type": "node",
        "name": "Erotic Land Intim-Shop's"
      }
    },
    {
      "type": "Feature",
      "geometry": {
        "type": "Point",
        "coordinates": [
          10.1625083,
          49.7390498
        ]
      },
      "properties": {
        "id": 473350729,
        "osm_type": "node",
        "name": "Dieter Lakota, Lotto, Post & Tabak"
      }
    },
    {
      "type": "Feature",
      "geometry": {
        "type": "Point",
        "coordinates": [
          10.1673903,
          49.7410601
        ]
      },
      "properties": {
        "id": 1272082589,
        "osm_type": "node",
        "name": "Graviertechnik Peter Deeg",
        "opening_hours": "Mo-Fr 08:00-12:30, 14:00-17:30"
      }
    },
    {
      "type": "Feature",
      "geometry": {
        "type": "Point",
        "coordinates": [
          10.1385583,
          49.7597601
        ]
      },
      "properties": {
        "id": 6832440900,
        "osm_type": "node",
        "name": "Dorfladen",
        "opening_hours": "Mo,Tu,Th,Fr 06:00-13:30,14:30-18:00; Sa 06:30-12:00; We 06:00-13:30"
      }
    },
    {
      "type": "Feature",
      "geometry": {
        "type": "Point",
        "coordinates": [
          10.1669986,
          49.7660673
        ]
      },
      "properties": {
        "id": 1367662410,
        "osm_type": "node",
        "name": "Enck-EDV videospiele"
      }
    },
    {
      "type": "Feature",
      "geometry": {
        "type": "Point",
        "coordinates": [
          10.1045564,
          49.8233436
        ]
      },
      "properties": {
        "id": 342220825,
        "osm_type": "node",
        "name": "Es Lädele",
        "opening_hours": "Tu,Th,Fr 09:00-12:00,14:00-17:00; Sa 09:00-13:00"
      }
    },
    {
      "type": "Feature",
      "geometry": {
        "type": "Point",
        "coordinates": [
          10.1833242,
          49.7314312
        ]
      },
      "properties": {
        "id": 461966118,
        "osm_type": "node",
        "name": "La Femme Mode & Geschenkartikel"
      }
    },
    {
      "type": "Feature",
      "geometry": {
        "type": "Point",
        "coordinates": [
          10.1904481,
          49.7302662
        ]
      },
      "properties": {
        "id": 461971571,
        "osm_type": "node",
        "name": "Gehwol Fußpflege"
      }
    },
    {
      "type": "Feature",
      "geometry": {
        "type": "Point",
        "coordinates": [
          10.1904424,
          49.7302376
        ]
      },
      "properties": {
        "id": 461971573,
        "osm_type": "node",
        "name": "Lagerverkauf Arbeitsbekleidung Pioneer"
      }
    },
    {
      "type": "Feature",
      "geometry": {
        "type": "Point",
        "coordinates": [
          10.1906486,
          49.7298377
        ]
      },
      "properties": {
        "id": 461975206,
        "osm_type": "node",
        "name": "Melanie's Nagelstudio"
      }
    },
    {
      "type": "Feature",
      "geometry": {
        "type": "Point",
        "coordinates": [
          10.1867609,
          49.7281961
        ]
      },
      "properties": {
        "id": 461995911,
        "osm_type": "node",
        "name": "Stumpf's Schreibwaren & Lotto"
      }
    },
    {
      "type": "Feature",
      "geometry": {
        "type": "Point",
        "coordinates": [
          10.1864007,
          49.7335138
        ]
      },
      "properties": {
        "id": 461971095,
        "osm_type": "node",
        "name": "Modellbau Stöhr"
      }
    },
    {
      "type": "Feature",
      "geometry": {
        "type": "Point",
        "coordinates": [
          10.1742178,
          49.7519459
        ]
      },
      "properties": {
        "id": 306674399,
        "osm_type": "node",
        "name": "Victory Life Center"
      }
    },
    {
      "type": "Feature",
      "geometry": {
        "type": "Point",
        "coordinates": [
          10.2408265,
          49.7546507
        ]
      },
      "properties": {
        "id": 306701791,
        "osm_type": "node",
        "name": "Weinverkauf"
      }
    },
    {
      "type": "Feature",
      "geometry": {
        "type": "Point",
        "coordinates": [
          10.2393564,
          49.7545236
        ]
      },
      "properties": {
        "id": 12624965060,
        "osm_type": "node",
        "name": "Heimathungrig"
      }
    },
    {
      "type": "Feature",
      "geometry": {
        "type": "Point",
        "coordinates": [
          10.239249,
          49.7553279
        ]
      },
      "properties": {
        "id": 13432403731,
        "osm_type": "node",
        "name": "Blumen Schmiede"
      }
    },
    {
      "type": "Feature",
      "geometry": {
        "type": "Point",
        "coordinates": [
          10.2156354,
          49.7897192
        ]
      },
      "properties": {
        "id": 8547886646,
        "osm_type": "node",
        "name": "REWE To Go",
        "brand": "REWE To Go"
      }
    },
    {
      "type": "Feature",
      "geometry": {
        "type": "Point",
        "coordinates": [
          10.2559087,
          49.7826776
        ]
      },
      "properties": {
        "id": 306681347,
        "osm_type": "node",
        "name": "Apfel-Eier etc. Laden"
      }
    },
    {
      "type": "Feature",
      "geometry": {
        "type": "Point",
        "coordinates": [
          10.2568079,
          49.7835316
        ]
      },
      "properties": {
        "id": 306681342,
        "osm_type": "node",
        "name": "Udo's Spitzenspargel"
      }
    },
    {
      "type": "Feature",
      "geometry": {
        "type": "Point",
        "coordinates": [
          10.2041901,
          49.8281528
        ]
      },
      "properties": {
        "id": 380739392,
        "osm_type": "node",
        "name": "Then"
      }
    },
    {
      "type": "Feature",
      "geometry": {
        "type": "Point",
        "coordinates": [
          10.228125,
          49.8656482
        ]
      },
      "properties": {
        "id": 11272983665,
        "osm_type": "node",
        "name": "Weltladen Volkach - Fairer Handel",
        "opening_hours": "Mo-Sa 09:30-13:00, Mo-Fr 14:30-18:00"
      }
    },
    {
      "type": "Feature",
      "geometry": {
        "type": "Point",
        "coordinates": [
          10.1804599,
          49.8908969
        ]
      },
      "properties": {
        "id": 420023007,
        "osm_type": "node",
        "name": "Antik & Trödel Klaus Krämer"
      }
    },
    {
      "type": "Feature",
      "geometry": {
        "type": "Point",
        "coordinates": [
          10.4062944,
          49.8367032
        ]
      },
      "properties": {
        "id": 336683288,
        "osm_type": "node",
        "name": "Lebensmittel Anton Hillenbrand"
      }
    },
    {
      "type": "Feature",
      "geometry": {
        "type": "Point",
        "coordinates": [
          10.4599462,
          49.8522131
        ]
      },
      "properties": {
        "id": 8467869059,
        "osm_type": "node",
        "name": "Kiosk am Baumwipfelpfad"
      }
    },
    {
      "type": "Feature",
      "geometry": {
        "type": "Point",
        "coordinates": [
          10.6053419,
          49.57856
        ]
      },
      "properties": {
        "id": 7188604785,
        "osm_type": "node",
        "name": "Weltladen",
        "brand": "Weltladen"
      }
    },
    {
      "type": "Feature",
      "geometry": {
        "type": "Point",
        "coordinates": [
          10.6272048,
          49.5817273
        ]
      },
      "properties": {
        "id": 403131668,
        "osm_type": "node",
        "name": "Peter Gabor Pferdesport"
      }
    },
    {
      "type": "Feature",
      "geometry": {
        "type": "Point",
        "coordinates": [
          10.6380159,
          49.5813691
        ]
      },
      "properties": {
        "id": 3089187236,
        "osm_type": "node"
      }
    },
    {
      "type": "Feature",
      "geometry": {
        "type": "Point",
        "coordinates": [
          10.5538879,
          49.7003227
        ]
      },
      "properties": {
        "id": 3083264034,
        "osm_type": "node"
      }
    },
    {
      "type": "Feature",
      "geometry": {
        "type": "Point",
        "coordinates": [
          10.6673665,
          49.6530486
        ]
      },
      "properties": {
        "id": 2028813037,
        "osm_type": "node",
        "name": "Hofmann"
      }
    },
    {
      "type": "Feature",
      "geometry": {
        "type": "Point",
        "coordinates": [
          10.8831617,
          49.5676181
        ]
      },
      "properties": {
        "id": 11410840338,
        "osm_type": "node",
        "opening_hours": "Mo 07:00-18:00; Tu-We 07:00-16:00; Th 07:00-18:00; Fr 07:00-14:00; Sa-Su off; PH off"
      }
    },
    {
      "type": "Feature",
      "geometry": {
        "type": "Point",
        "coordinates": [
          10.8821634,
          49.5707492
        ]
      },
      "properties": {
        "id": 10753721588,
        "osm_type": "node",
        "name": "Namaste Herzo - Asiatische Lebensmittel",
        "opening_hours": "Mo 12:00-20:00; Tu off; We-Fr 12:00-20:00; Sa 10:00-20:00"
      }
    },
    {
      "type": "Feature",
      "geometry": {
        "type": "Point",
        "coordinates": [
          10.7661568,
          49.6989981
        ]
      },
      "properties": {
        "id": 1643324073,
        "osm_type": "node",
        "name": "Bio Bauernhof Brehm"
      }
    },
    {
      "type": "Feature",
      "geometry": {
        "type": "Point",
        "coordinates": [
          10.8157081,
          49.7163513
        ]
      },
      "properties": {
        "id": 290259862,
        "osm_type": "node",
        "name": "Schuler"
      }
    },
    {
      "type": "Feature",
      "geometry": {
        "type": "Point",
        "coordinates": [
          10.5622766,
          49.7718085
        ]
      },
      "properties": {
        "id": 12526639047,
        "osm_type": "node",
        "name": "Aschbacher Dorfladen"
      }
    },
    {
      "type": "Feature",
      "geometry": {
        "type": "Point",
        "coordinates": [
          10.5529166,
          49.8885382
        ]
      },
      "properties": {
        "id": 1433451475,
        "osm_type": "node",
        "name": "Steigerwaldkaufhaus"
      }
    },
    {
      "type": "Feature",
      "geometry": {
        "type": "Point",
        "coordinates": [
          10.7212854,
          49.7510044
        ]
      },
      "properties": {
        "id": 269366849,
        "osm_type": "node",
        "name": "Murk",
        "brand": "Independent",
        "opening_hours": "Mo-Sa 09:00-18:00"
      }
    },
    {
      "type": "Feature",
      "geometry": {
        "type": "Point",
        "coordinates": [
          10.774152,
          49.7517717
        ]
      },
      "properties": {
        "id": 11607924797,
        "osm_type": "node",
        "name": "Avia",
        "brand": "Avia",
        "opening_hours": "Mo-Fr 06:30-21:00; Sa 07:00-21:00,Su 08:00-20:30"
      }
    },
    {
      "type": "Feature",
      "geometry": {
        "type": "Point",
        "coordinates": [
          10.8907907,
          49.8676056
        ]
      },
      "properties": {
        "id": 12205945853,
        "osm_type": "node",
        "name": "Kiosk am Bruderwald",
        "opening_hours": "Mo-Fr 10:30-15:30"
      }
    },
    {
      "type": "Feature",
      "geometry": {
        "type": "Point",
        "coordinates": [
          10.8754279,
          49.8933299
        ]
      },
      "properties": {
        "id": 441290666,
        "osm_type": "node",
        "name": "Tante Emma",
        "opening_hours": "Mo-Th 07:00-12:00; Fr 07:00-17:00; Sa 07:00-11"
      }
    },
    {
      "type": "Feature",
      "geometry": {
        "type": "Point",
        "coordinates": [
          10.8823083,
          49.8876322
        ]
      },
      "properties": {
        "id": 5020125454,
        "osm_type": "node",
        "name": "Handy Ecke Bamberg",
        "opening_hours": "Mo-We 08:30-17:30; Th-Fr 8:30-14:00; Sa,PH off"
      }
    },
    {
      "type": "Feature",
      "geometry": {
        "type": "Point",
        "coordinates": [
          10.8847448,
          49.8908234
        ]
      },
      "properties": {
        "id": 6612792020,
        "osm_type": "node",
        "name": "Fruchtkörbla"
      }
    },
    {
      "type": "Feature",
      "geometry": {
        "type": "Point",
        "coordinates": [
          10.8906418,
          49.8920599
        ]
      },
      "properties": {
        "id": 803365338,
        "osm_type": "node",
        "name": "Teehaus Scharnke",
        "opening_hours": "Mo-Fr 09:00-18:00; Sa 09:00-16:00"
      }
    },
    {
      "type": "Feature",
      "geometry": {
        "type": "Point",
        "coordinates": [
          10.8882172,
          49.8945985
        ]
      },
      "properties": {
        "id": 7775231447,
        "osm_type": "node",
        "name": "Ali Baba"
      }
    },
    {
      "type": "Feature",
      "geometry": {
        "type": "Point",
        "coordinates": [
          10.8897471,
          49.8924896
        ]
      },
      "properties": {
        "id": 10165750919,
        "osm_type": "node",
        "name": "Ape Inn",
        "brand": "Ape Inn",
        "opening_hours": "24/7"
      }
    },
    {
      "type": "Feature",
      "geometry": {
        "type": "Point",
        "coordinates": [
          10.8881669,
          49.8947924
        ]
      },
      "properties": {
        "id": 10761892580,
        "osm_type": "node",
        "name": "Onkel Max",
        "opening_hours": "Mo-Sa 07:00-20:00"
      }
    },
    {
      "type": "Feature",
      "geometry": {
        "type": "Point",
        "coordinates": [
          10.8814464,
          49.8981254
        ]
      },
      "properties": {
        "id": 13040041333,
        "osm_type": "node",
        "name": "La Costache"
      }
    },
    {
      "type": "Feature",
      "geometry": {
        "type": "Point",
        "coordinates": [
          10.894462,
          49.8909208
        ]
      },
      "properties": {
        "id": 4563358514,
        "osm_type": "node",
        "name": "Schatzinsel",
        "opening_hours": "Mo-Fr 09:00-13:00, Sa 09:00-13:00, We 14:30-18:00; Su,PH off"
      }
    },
    {
      "type": "Feature",
      "geometry": {
        "type": "Point",
        "coordinates": [
          10.892516,
          49.8921641
        ]
      },
      "properties": {
        "id": 11075304959,
        "osm_type": "node",
        "opening_hours": "Mo-Fr 07:30-18:00; Sa 07:30-13:30"
      }
    },
    {
      "type": "Feature",
      "geometry": {
        "type": "Point",
        "coordinates": [
          10.895287,
          49.8985115
        ]
      },
      "properties": {
        "id": 4319177189,
        "osm_type": "node",
        "name": "Snap-n-Snack",
        "opening_hours": "24/7"
      }
    },
    {
      "type": "Feature",
      "geometry": {
        "type": "Point",
        "coordinates": [
          10.8963944,
          49.8992243
        ]
      },
      "properties": {
        "id": 7878326560,
        "osm_type": "node",
        "name": "Wong's Asia Markt",
        "opening_hours": "Mo-Sa 11:00-18:30"
      }
    },
    {
      "type": "Feature",
      "geometry": {
        "type": "Point",
        "coordinates": [
          10.887708,
          49.9028112
        ]
      },
      "properties": {
        "id": 8068841405,
        "osm_type": "node",
        "name": "Shero",
        "opening_hours": "Mo-Sa 08:00-20:00"
      }
    },
    {
      "type": "Feature",
      "geometry": {
        "type": "Point",
        "coordinates": [
          10.8968504,
          49.9055924
        ]
      },
      "properties": {
        "id": 9542981841,
        "osm_type": "node",
        "name": "REWE To Go",
        "brand": "REWE To Go"
      }
    },
    {
      "type": "Feature",
      "geometry": {
        "type": "Point",
        "coordinates": [
          10.9020627,
          49.9031179
        ]
      },
      "properties": {
        "id": 803314500,
        "osm_type": "node",
        "name": "Lotto Hümmer",
        "opening_hours": "Mo 09:00-14:00; Tu-Fr 09:00-18:00; Sa 09:00-13:00; PH off"
      }
    },
    {
      "type": "Feature",
      "geometry": {
        "type": "Point",
        "coordinates": [
          10.9014562,
          49.9081765
        ]
      },
      "properties": {
        "id": 8651659834,
        "osm_type": "node",
        "name": "Jet Tankstelle Nicole Peruch",
        "brand": "JET",
        "opening_hours": "Mo-Fr 05:00-23:00; Sa 06:00-23:00; Su 07:00-23:00"
      }
    },
    {
      "type": "Feature",
      "geometry": {
        "type": "Point",
        "coordinates": [
          10.899732,
          49.9025764
        ]
      },
      "properties": {
        "id": 12058484328,
        "osm_type": "node",
        "name": "TC Bamberg",
        "brand": "Independent",
        "opening_hours": "Mo-Fr 06:00-22:00; Sa 07:00-22:00; Su 08:00-22:00"
      }
    },
    {
      "type": "Feature",
      "geometry": {
        "type": "Point",
        "coordinates": [
          10.9207981,
          49.180467
        ]
      },
      "properties": {
        "id": 1380285520,
        "osm_type": "node",
        "name": "Antiquariat"
      }
    },
    {
      "type": "Feature",
      "geometry": {
        "type": "Point",
        "coordinates": [
          10.9211394,
          49.180281
        ]
      },
      "properties": {
        "id": 1380290031,
        "osm_type": "node",
        "name": "Antiquariat Bussinger"
      }
    },
    {
      "type": "Feature",
      "geometry": {
        "type": "Point",
        "coordinates": [
          11.0163805,
          49.1840626
        ]
      },
      "properties": {
        "id": 7498864972,
        "osm_type": "node"
      }
    },
    {
      "type": "Feature",
      "geometry": {
        "type": "Point",
        "coordinates": [
          10.9762563,
          49.2947381
        ]
      },
      "properties": {
        "id": 12169969811,
        "osm_type": "node"
      }
    },
    {
      "type": "Feature",
      "geometry": {
        "type": "Point",
        "coordinates": [
          11.0193861,
          49.1958675
        ]
      },
      "properties": {
        "id": 313784688,
        "osm_type": "node"
      }
    },
    {
      "type": "Feature",
      "geometry": {
        "type": "Point",
        "coordinates": [
          11.0983946,
          49.2357763
        ]
      },
      "properties": {
        "id": 11905262441,
        "osm_type": "node"
      }
    },
    {
      "type": "Feature",
      "geometry": {
        "type": "Point",
        "coordinates": [
          11.0900921,
          49.2436519
        ]
      },
      "properties": {
        "id": 9776417631,
        "osm_type": "node",
        "name": "Lebensmittelmarkt"
      }
    },
    {
      "type": "Feature",
      "geometry": {
        "type": "Point",
        "coordinates": [
          11.0736115,
          49.2677652
        ]
      },
      "properties": {
        "id": 314740903,
        "osm_type": "node",
        "name": "Claudi´s Kiosk - Lotto am Bahnhof",
        "opening_hours": "Mo-Fr 07:30-18:00; Sa 07:30-14:00"
      }
    },
    {
      "type": "Feature",
      "geometry": {
        "type": "Point",
        "coordinates": [
          11.0933463,
          49.2489806
        ]
      },
      "properties": {
        "id": 5697021653,
        "osm_type": "node",
        "name": "Geco"
      }
    },
    {
      "type": "Feature",
      "geometry": {
        "type": "Point",
        "coordinates": [
          11.0968371,
          49.2741612
        ]
      },
      "properties": {
        "id": 362581320,
        "osm_type": "node",
        "name": "Nerreter's Hofladen"
      }
    },
    {
      "type": "Feature",
      "geometry": {
        "type": "Point",
        "coordinates": [
          11.1862282,
          49.1402692
        ]
      },
      "properties": {
        "id": 3505543552,
        "osm_type": "node"
      }
    },
    {
      "type": "Feature",
      "geometry": {
        "type": "Point",
        "coordinates": [
          11.1915857,
          49.1879102
        ]
      },
      "properties": {
        "id": 1546909441,
        "osm_type": "node",
        "name": "Senfkorn Weltladen",
        "opening_hours": "Th-Sa 09:00-12:00; Fr 15:00-17:00"
      }
    },
    {
      "type": "Feature",
      "geometry": {
        "type": "Point",
        "coordinates": [
          11.1887367,
          49.1849977
        ]
      },
      "properties": {
        "id": 9503106961,
        "osm_type": "node",
        "name": "blumig unverpackt",
        "opening_hours": "Mo-Fr 8:30-18:00; Sa 08:30-13:00"
      }
    },
    {
      "type": "Feature",
      "geometry": {
        "type": "Point",
        "coordinates": [
          11.1965889,
          49.1918854
        ]
      },
      "properties": {
        "id": 2356893939,
        "osm_type": "node",
        "name": "Stadtbad Hilpoltstein"
      }
    },
    {
      "type": "Feature",
      "geometry": {
        "type": "Point",
        "coordinates": [
          11.2126194,
          49.1928038
        ]
      },
      "properties": {
        "id": 12074107595,
        "osm_type": "node",
        "opening_hours": "Tu-Su, Ph 10:00-17:00"
      }
    },
    {
      "type": "Feature",
      "geometry": {
        "type": "Point",
        "coordinates": [
          10.9674259,
          49.3061202
        ]
      },
      "properties": {
        "id": 5127157669,
        "osm_type": "node",
        "name": "Kammersteiner Land Süd"
      }
    },
    {
      "type": "Feature",
      "geometry": {
        "type": "Point",
        "coordinates": [
          10.9701081,
          49.3081872
        ]
      },
      "properties": {
        "id": 5146335842,
        "osm_type": "node",
        "name": "Kammersteiner Land Nord"
      }
    },
    {
      "type": "Feature",
      "geometry": {
        "type": "Point",
        "coordinates": [
          11.0023684,
          49.3113102
        ]
      },
      "properties": {
        "id": 3608470128,
        "osm_type": "node",
        "name": "Autohof Schwabach - West"
      }
    },
    {
      "type": "Feature",
      "geometry": {
        "type": "Point",
        "coordinates": [
          10.9927189,
          49.4039786
        ]
      },
      "properties": {
        "id": 736622697,
        "osm_type": "node",
        "name": "Eine-Welt-Laden",
        "opening_hours": "Tu 10:00-12:00,15:00-19:00; Th 16:30-18:00; Su 11:00-11:30+"
      }
    },
    {
      "type": "Feature",
      "geometry": {
        "type": "Point",
        "coordinates": [
          11.0516217,
          49.3231736
        ]
      },
      "properties": {
        "id": 2134777329,
        "osm_type": "node",
        "name": "Kiosk",
        "opening_hours": "Mo-Sa 09:00-20:00"
      }
    },
    {
      "type": "Feature",
      "geometry": {
        "type": "Point",
        "coordinates": [
          11.017203,
          49.3273474
        ]
      },
      "properties": {
        "id": 4039882699,
        "osm_type": "node",
        "name": "Eine Welt Laden",
        "opening_hours": "Tu 16:00-18:00, Th 16:00-18:00, Fr 10:00-12:30,16:00-18:00, Sa 10:00-12:30"
      }
    },
    {
      "type": "Feature",
      "geometry": {
        "type": "Point",
        "coordinates": [
          11.017364,
          49.3289696
        ]
      },
      "properties": {
        "id": 4039922689,
        "osm_type": "node",
        "name": "Die Ähre Bistro und Bioladen",
        "opening_hours": "Mo-Fr 09:00-18:00, Sa 09:00-14:00"
      }
    },
    {
      "type": "Feature",
      "geometry": {
        "type": "Point",
        "coordinates": [
          11.0233442,
          49.3289065
        ]
      },
      "properties": {
        "id": 2092309093,
        "osm_type": "node",
        "name": "Reformhaus Grebehahn",
        "opening_hours": "Mo-Fr 09:00-18:00, Sa 09:00-14:00"
      }
    },
    {
      "type": "Feature",
      "geometry": {
        "type": "Point",
        "coordinates": [
          11.049907,
          49.3632792
        ]
      },
      "properties": {
        "id": 725211787,
        "osm_type": "node",
        "name": "Lotto Kiosk Katzwang",
        "opening_hours": "Tu,Th-Fr 09:00-18:00; We 09:00-17:00; Sa 09:00-13:00"
      }
    },
    {
      "type": "Feature",
      "geometry": {
        "type": "Point",
        "coordinates": [
          11.0296051,
          49.3795869
        ]
      },
      "properties": {
        "id": 9323348977,
        "osm_type": "node",
        "name": "Kiosk + DHL Filiale",
        "opening_hours": "Mo-Fr 09:00-18:00; Sa 09:00-13:00"
      }
    },
    {
      "type": "Feature",
      "geometry": {
        "type": "Point",
        "coordinates": [
          11.0669442,
          49.3757739
        ]
      },
      "properties": {
        "id": 10195136745,
        "osm_type": "node",
        "name": "Ediths Snack Automaten Kiosk",
        "opening_hours": "Mo-Su 03:30-01:30"
      }
    },
    {
      "type": "Feature",
      "geometry": {
        "type": "Point",
        "coordinates": [
          11.0787326,
          49.3731317
        ]
      },
      "properties": {
        "id": 410858960,
        "osm_type": "node"
      }
    },
    {
      "type": "Feature",
      "geometry": {
        "type": "Point",
        "coordinates": [
          11.0990582,
          49.356049
        ]
      },
      "properties": {
        "id": 315824205,
        "osm_type": "node",
        "name": "Eren's Kiosk",
        "opening_hours": "Mo-Fr 08:30-18:00; Sa 08:30-12:00"
      }
    },
    {
      "type": "Feature",
      "geometry": {
        "type": "Point",
        "coordinates": [
          11.0700626,
          49.4026868
        ]
      },
      "properties": {
        "id": 1573735863,
        "osm_type": "node",
        "name": "Uschis Treff"
      }
    },
    {
      "type": "Feature",
      "geometry": {
        "type": "Point",
        "coordinates": [
          11.1084025,
          49.4033244
        ]
      },
      "properties": {
        "id": 627837852,
        "osm_type": "node"
      }
    },
    {
      "type": "Feature",
      "geometry": {
        "type": "Point",
        "coordinates": [
          10.9492269,
          49.4251085
        ]
      },
      "properties": {
        "id": 7433952985,
        "osm_type": "node",
        "name": "Bauernhof Kleinlein",
        "opening_hours": "Mo-Su 06:00-21:00"
      }
    },
    {
      "type": "Feature",
      "geometry": {
        "type": "Point",
        "coordinates": [
          10.9891004,
          49.4565164
        ]
      },
      "properties": {
        "id": 7537769497,
        "osm_type": "node",
        "name": "Lotto Zeitschiften",
        "opening_hours": "Mo-Fr 07:30-18:00; Sa 07:30-13:00"
      }
    },
    {
      "type": "Feature",
      "geometry": {
        "type": "Point",
        "coordinates": [
          10.9294751,
          49.4593221
        ]
      },
      "properties": {
        "id": 6823705150,
        "osm_type": "node",
        "name": "Gutzerla",
        "opening_hours": "Mo,Tu 07:30-14:00; We-Fr 07:30-18:00; Sa 07:00-12:00"
      }
    },
    {
      "type": "Feature",
      "geometry": {
        "type": "Point",
        "coordinates": [
          10.9242475,
          49.4866382
        ]
      },
      "properties": {
        "id": 3915833979,
        "osm_type": "node",
        "name": "Wein-Mühle Verkauf",
        "opening_hours": "Mo-Fr 07:00-18:00; Sa 07:00-13:00"
      }
    },
    {
      "type": "Feature",
      "geometry": {
        "type": "Point",
        "coordinates": [
          10.9562177,
          49.4853721
        ]
      },
      "properties": {
        "id": 574985318,
        "osm_type": "node",
        "name": "Scholz Zeitschriften Lotto VAG",
        "opening_hours": "Mo-Th 06:00-13:00,15:00-18:00; Fr 06:00-18:00; Sa 07:00-13:00; PH off"
      }
    },
    {
      "type": "Feature",
      "geometry": {
        "type": "Point",
        "coordinates": [
          10.9860699,
          49.4647242
        ]
      },
      "properties": {
        "id": 1741804239,
        "osm_type": "node",
        "name": "Kiosk12",
        "opening_hours": "Mo-Sa 08:00-20:00; PH off"
      }
    },
    {
      "type": "Feature",
      "geometry": {
        "type": "Point",
        "coordinates": [
          10.9874964,
          49.4664672
        ]
      },
      "properties": {
        "id": 1741878365,
        "osm_type": "node"
      }
    },
    {
      "type": "Feature",
      "geometry": {
        "type": "Point",
        "coordinates": [
          10.9895627,
          49.4685061
        ]
      },
      "properties": {
        "id": 11250884357,
        "osm_type": "node",
        "name": "Ludwig's",
        "opening_hours": "Mo-Sa 10:00-20:00"
      }
    },
    {
      "type": "Feature",
      "geometry": {
        "type": "Point",
        "coordinates": [
          10.9976749,
          49.4658443
        ]
      },
      "properties": {
        "id": 864565912,
        "osm_type": "node",
        "name": "Tabakwaren / Zeitschriften"
      }
    },
    {
      "type": "Feature",
      "geometry": {
        "type": "Point",
        "coordinates": [
          11.0016859,
          49.4686008
        ]
      },
      "properties": {
        "id": 1895834196,
        "osm_type": "node",
        "name": "Kiosk 762"
      }
    },
    {
      "type": "Feature",
      "geometry": {
        "type": "Point",
        "coordinates": [
          10.9887244,
          49.4736814
        ]
      },
      "properties": {
        "id": 3386067485,
        "osm_type": "node",
        "name": "Lotto-Toto Wintergerst + Höhn",
        "opening_hours": "Mo-Fr 08:30-18:00; Sa 08:30-15:30"
      }
    },
    {
      "type": "Feature",
      "geometry": {
        "type": "Point",
        "coordinates": [
          10.9845563,
          49.472798
        ]
      },
      "properties": {
        "id": 3386121172,
        "osm_type": "node",
        "name": "Lebensmittel Maisch",
        "opening_hours": "Mo-Th 07:30-12:30,15:00-18:00; Fr 07:30-18:00; Sa 07:30-12:30"
      }
    },
    {
      "type": "Feature",
      "geometry": {
        "type": "Point",
        "coordinates": [
          10.9843276,
          49.472633
        ]
      },
      "properties": {
        "id": 4399258789,
        "osm_type": "node",
        "name": "Feinkosteria Schuster und Reck",
        "opening_hours": "Tu-Fr 10:00-18:00; Sa 10:00-14:00"
      }
    },
    {
      "type": "Feature",
      "geometry": {
        "type": "Point",
        "coordinates": [
          10.99036,
          49.4746857
        ]
      },
      "properties": {
        "id": 11078419193,
        "osm_type": "node",
        "name": "City Kiosk Fürth",
        "opening_hours": "\"temporär geschlossen Schild am Eingang\""
      }
    },
    {
      "type": "Feature",
      "geometry": {
        "type": "Point",
        "coordinates": [
          10.9851107,
          49.4763152
        ]
      },
      "properties": {
        "id": 11251729669,
        "osm_type": "node",
        "name": "Europa Lebensmittel Markt",
        "opening_hours": "Mo-Sa 07:00-20:00"
      }
    },
    {
      "type": "Feature",
      "geometry": {
        "type": "Point",
        "coordinates": [
          10.9919368,
          49.4719936
        ]
      },
      "properties": {
        "id": 5696989307,
        "osm_type": "node",
        "name": "Brezen Kolb",
        "opening_hours": "Mo-Fr 06:30-14:00"
      }
    },
    {
      "type": "Feature",
      "geometry": {
        "type": "Point",
        "coordinates": [
          10.9888469,
          49.4789549
        ]
      },
      "properties": {
        "id": 1119909681,
        "osm_type": "node",
        "name": "Das Welthaus",
        "opening_hours": "Mo-Fr 10:00-18:00; Sa 10:00-16:00"
      }
    },
    {
      "type": "Feature",
      "geometry": {
        "type": "Point",
        "coordinates": [
          10.9873615,
          49.4784743
        ]
      },
      "properties": {
        "id": 1119909705,
        "osm_type": "node",
        "name": "Lotto Eck",
        "opening_hours": "Mo-Th 07:00-13:00,15:00-18:00; Fr 07:00-18:00; Sa 07:00-13:00"
      }
    },
    {
      "type": "Feature",
      "geometry": {
        "type": "Point",
        "coordinates": [
          10.9748355,
          49.4932031
        ]
      },
      "properties": {
        "id": 3386053484,
        "osm_type": "node"
      }
    },
    {
      "type": "Feature",
      "geometry": {
        "type": "Point",
        "coordinates": [
          11.0208938,
          49.4183587
        ]
      },
      "properties": {
        "id": 296959571,
        "osm_type": "node",
        "name": "Schloss Stübchen",
        "opening_hours": "Mo-Sa 10:00-01:00, Su 11:00-01:00"
      }
    },
    {
      "type": "Feature",
      "geometry": {
        "type": "Point",
        "coordinates": [
          11.0505464,
          49.4093554
        ]
      },
      "properties": {
        "id": 870708016,
        "osm_type": "node",
        "name": "Tankstelle Schacha",
        "brand": "ConocoPhillips"
      }
    },
    {
      "type": "Feature",
      "geometry": {
        "type": "Point",
        "coordinates": [
          11.0349921,
          49.4335848
        ]
      },
      "properties": {
        "id": 3191253639,
        "osm_type": "node",
        "name": "Lotto Toto Ross"
      }
    },
    {
      "type": "Feature",
      "geometry": {
        "type": "Point",
        "coordinates": [
          11.030324,
          49.4373286
        ]
      },
      "properties": {
        "id": 288782881,
        "osm_type": "node",
        "name": "Agip",
        "brand": "Agip",
        "opening_hours": "Mo-Fr 05:00-22:00; Sa 07:00-22:00; Su 08:00-22:00"
      }
    },
    {
      "type": "Feature",
      "geometry": {
        "type": "Point",
        "coordinates": [
          11.035756,
          49.4396051
        ]
      },
      "properties": {
        "id": 1714419694,
        "osm_type": "node",
        "name": "Lotto Sowa",
        "opening_hours": "Mo-Th 07:00-18:00; Fr 06:45-18:00; Sa 07:30-12:30"
      }
    },
    {
      "type": "Feature",
      "geometry": {
        "type": "Point",
        "coordinates": [
          11.0364833,
          49.4393667
        ]
      },
      "properties": {
        "id": 312492782,
        "osm_type": "node",
        "name": "Waleed",
        "opening_hours": "Mo-Sa 10:00-20:00"
      }
    },
    {
      "type": "Feature",
      "geometry": {
        "type": "Point",
        "coordinates": [
          11.0369543,
          49.4391372
        ]
      },
      "properties": {
        "id": 2779295396,
        "osm_type": "node",
        "name": "Brezen Kolb",
        "opening_hours": "Mo-Fr 06:00-13:30"
      }
    },
    {
      "type": "Feature",
      "geometry": {
        "type": "Point",
        "coordinates": [
          11.0487867,
          49.4386449
        ]
      },
      "properties": {
        "id": 4920247351,
        "osm_type": "node",
        "name": "Lotto & Café Sritharan",
        "opening_hours": "Mo-Th 08:00-13:00,14:00-18:00; Fr 08:00-18:00; Sa 08:00-13:00"
      }
    },
    {
      "type": "Feature",
      "geometry": {
        "type": "Point",
        "coordinates": [
          11.062425,
          49.4331383
        ]
      },
      "properties": {
        "id": 9991515758,
        "osm_type": "node",
        "name": "Preventis",
        "opening_hours": "Mo-Fr 09:00-19:00; Sa 09:00-17:00; Su,PH off"
      }
    },
    {
      "type": "Feature",
      "geometry": {
        "type": "Point",
        "coordinates": [
          11.0494529,
          49.4411156
        ]
      },
      "properties": {
        "id": 1421112261,
        "osm_type": "node",
        "name": "Çotanak Market"
      }
    },
    {
      "type": "Feature",
      "geometry": {
        "type": "Point",
        "coordinates": [
          11.0503679,
          49.4399437
        ]
      },
      "properties": {
        "id": 12967347870,
        "osm_type": "node",
        "name": "Europa Lebensmittel Markt"
      }
    },
    {
      "type": "Feature",
      "geometry": {
        "type": "Point",
        "coordinates": [
          11.0398704,
          49.4563267
        ]
      },
      "properties": {
        "id": 8092252392,
        "osm_type": "node",
        "name": "AHK Asia Supermarkt"
      }
    },
    {
      "type": "Feature",
      "geometry": {
        "type": "Point",
        "coordinates": [
          11.0445683,
          49.4529821
        ]
      },
      "properties": {
        "id": 9765135106,
        "osm_type": "node",
        "name": "Kiosk Babylon",
        "opening_hours": "Mo-Sa 10:00-20:00"
      }
    },
    {
      "type": "Feature",
      "geometry": {
        "type": "Point",
        "coordinates": [
          11.0456677,
          49.4524143
        ]
      },
      "properties": {
        "id": 10009382379,
        "osm_type": "node",
        "name": "Birgül Market"
      }
    },
    {
      "type": "Feature",
      "geometry": {
        "type": "Point",
        "coordinates": [
          11.0553279,
          49.444063
        ]
      },
      "properties": {
        "id": 9904468656,
        "osm_type": "node",
        "name": "Raim S."
      }
    },
    {
      "type": "Feature",
      "geometry": {
        "type": "Point",
        "coordinates": [
          11.0562175,
          49.4460351
        ]
      },
      "properties": {
        "id": 5961732419,
        "osm_type": "node",
        "name": "Rothenburger Supermarkt",
        "opening_hours": "Mo-Sa 12:00-20:00"
      }
    },
    {
      "type": "Feature",
      "geometry": {
        "type": "Point",
        "coordinates": [
          11.0545868,
          49.4504644
        ]
      },
      "properties": {
        "id": 1438432667,
        "osm_type": "node",
        "name": "Hutzler Bayerlein",
        "opening_hours": "Mo-Sa 08:00-20:00"
      }
    },
    {
      "type": "Feature",
      "geometry": {
        "type": "Point",
        "coordinates": [
          11.0550086,
          49.4513902
        ]
      },
      "properties": {
        "id": 1764333425,
        "osm_type": "node",
        "name": "Lotto",
        "opening_hours": "Mo-Fr 06:30-19:00; Sa 08:00-15:00"
      }
    },
    {
      "type": "Feature",
      "geometry": {
        "type": "Point",
        "coordinates": [
          11.0543777,
          49.451151
        ]
      },
      "properties": {
        "id": 13250234901,
        "osm_type": "node",
        "name": "Snack am Eck",
        "opening_hours": "Mo-Fr 06:00-15:00"
      }
    },
    {
      "type": "Feature",
      "geometry": {
        "type": "Point",
        "coordinates": [
          11.060181,
          49.4527107
        ]
      },
      "properties": {
        "id": 4288730252,
        "osm_type": "node",
        "name": "Lunch-Box",
        "brand": "Hermes",
        "opening_hours": "Mo-Fr 07:00-18:00; Sa 09:00-13:00"
      }
    },
    {
      "type": "Feature",
      "geometry": {
        "type": "Point",
        "coordinates": [
          11.0741808,
          49.4163147
        ]
      },
      "properties": {
        "id": 1206994704,
        "osm_type": "node",
        "name": "Onkel Tom"
      }
    },
    {
      "type": "Feature",
      "geometry": {
        "type": "Point",
        "coordinates": [
          11.0864496,
          49.4061756
        ]
      },
      "properties": {
        "id": 10219753025,
        "osm_type": "node",
        "name": "Schreibwaren Bachinger"
      }
    },
    {
      "type": "Feature",
      "geometry": {
        "type": "Point",
        "coordinates": [
          11.0792791,
          49.4155535
        ]
      },
      "properties": {
        "id": 1559135938,
        "osm_type": "node",
        "name": "Heftlasloodn"
      }
    },
    {
      "type": "Feature",
      "geometry": {
        "type": "Point",
        "coordinates": [
          11.0656816,
          49.4287867
        ]
      },
      "properties": {
        "id": 1537342249,
        "osm_type": "node",
        "name": "Sana'a Markt"
      }
    },
    {
      "type": "Feature",
      "geometry": {
        "type": "Point",
        "coordinates": [
          11.0652913,
          49.4274734
        ]
      },
      "properties": {
        "id": 1537342315,
        "osm_type": "node",
        "name": "Diana Telepost",
        "opening_hours": "Mo-Fr 10:00-21:00; Sa,Su 12:00-21:00"
      }
    },
    {
      "type": "Feature",
      "geometry": {
        "type": "Point",
        "coordinates": [
          11.0699956,
          49.4296366
        ]
      },
      "properties": {
        "id": 12094026634,
        "osm_type": "node",
        "name": "REWE to go"
      }
    },
    {
      "type": "Feature",
      "geometry": {
        "type": "Point",
        "coordinates": [
          11.0702692,
          49.4279215
        ]
      },
      "properties": {
        "id": 13179807061,
        "osm_type": "node",
        "name": "Blue River Food",
        "opening_hours": "Mo-Sa 09:00-20:00; Su,PH off"
      }
    },
    {
      "type": "Feature",
      "geometry": {
        "type": "Point",
        "coordinates": [
          11.1070617,
          49.417328
        ]
      },
      "properties": {
        "id": 4443770892,
        "osm_type": "node",
        "name": "U-Bahn - KIOSK Bauernfeind",
        "opening_hours": "Mo-Fr 04:30-18:00; Sa 05:30-13:00; Su,PH off"
      }
    },
    {
      "type": "Feature",
      "geometry": {
        "type": "Point",
        "coordinates": [
          11.0925222,
          49.430407
        ]
      },
      "properties": {
        "id": 1573800828,
        "osm_type": "node",
        "name": "P. Betz",
        "opening_hours": "Mo,We,Fr 07:00-18:00; Tu,Th 07:00-17:30; Sa 07:00-13:00"
      }
    },
    {
      "type": "Feature",
      "geometry": {
        "type": "Point",
        "coordinates": [
          11.1061602,
          49.4242027
        ]
      },
      "properties": {
        "id": 12534725984,
        "osm_type": "node",
        "name": "Esso Snack & Shop",
        "brand": "Esso"
      }
    },
    {
      "type": "Feature",
      "geometry": {
        "type": "Point",
        "coordinates": [
          11.0636983,
          49.4362163
        ]
      },
      "properties": {
        "id": 1932445641,
        "osm_type": "node",
        "name": "Dilara Market"
      }
    },
    {
      "type": "Feature",
      "geometry": {
        "type": "Point",
        "coordinates": [
          11.0644506,
          49.4365271
        ]
      },
      "properties": {
        "id": 5315372023,
        "osm_type": "node",
        "name": "Zeitschriften Jochen Brunner"
      }
    },
    {
      "type": "Feature",
      "geometry": {
        "type": "Point",
        "coordinates": [
          11.067142,
          49.4404553
        ]
      },
      "properties": {
        "id": 3314346777,
        "osm_type": "node",
        "name": "Sara Markt",
        "opening_hours": "Mo-Sa 08:00-20:00"
      }
    },
    {
      "type": "Feature",
      "geometry": {
        "type": "Point",
        "coordinates": [
          11.0671704,
          49.4386222
        ]
      },
      "properties": {
        "id": 10796798668,
        "osm_type": "node",
        "name": "Kiosk Göge",
        "opening_hours": "Mo-Fr 07:00-18:00; Sa 08:00-16:00"
      }
    },
    {
      "type": "Feature",
      "geometry": {
        "type": "Point",
        "coordinates": [
          11.0666224,
          49.4395038
        ]
      },
      "properties": {
        "id": 12097732925,
        "osm_type": "node",
        "name": "Yaazh Store"
      }
    },
    {
      "type": "Feature",
      "geometry": {
        "type": "Point",
        "coordinates": [
          11.0726471,
          49.4390646
        ]
      },
      "properties": {
        "id": 12967286200,
        "osm_type": "node",
        "name": "Europa Lebensmittel Markt"
      }
    },
    {
      "type": "Feature",
      "geometry": {
        "type": "Point",
        "coordinates": [
          11.0758176,
          49.4355468
        ]
      },
      "properties": {
        "id": 1538718177,
        "osm_type": "node"
      }
    },
    {
      "type": "Feature",
      "geometry": {
        "type": "Point",
        "coordinates": [
          11.0781067,
          49.4328429
        ]
      },
      "properties": {
        "id": 1538754465,
        "osm_type": "node",
        "name": "Presse Gugel"
      }
    },
    {
      "type": "Feature",
      "geometry": {
        "type": "Point",
        "coordinates": [
          11.0796245,
          49.4345011
        ]
      },
      "properties": {
        "id": 1540157457,
        "osm_type": "node",
        "name": "Oßmann's"
      }
    },
    {
      "type": "Feature",
      "geometry": {
        "type": "Point",
        "coordinates": [
          11.0804446,
          49.4339474
        ]
      },
      "properties": {
        "id": 1540157504,
        "osm_type": "node"
      }
    },
    {
      "type": "Feature",
      "geometry": {
        "type": "Point",
        "coordinates": [
          11.0762371,
          49.434047
        ]
      },
      "properties": {
        "id": 12967286802,
        "osm_type": "node",
        "name": "Saliu Kiosk"
      }
    },
    {
      "type": "Feature",
      "geometry": {
        "type": "Point",
        "coordinates": [
          11.0834074,
          49.4362298
        ]
      },
      "properties": {
        "id": 4353868524,
        "osm_type": "node",
        "name": "Kiosk & Imbiss"
      }
    },
    {
      "type": "Feature",
      "geometry": {
        "type": "Point",
        "coordinates": [
          11.0764435,
          49.4404692
        ]
      },
      "properties": {
        "id": 985039538,
        "osm_type": "node",
        "name": "Oma's Laden",
        "opening_hours": "Mo-Sa 08:30-20:00"
      }
    },
    {
      "type": "Feature",
      "geometry": {
        "type": "Point",
        "coordinates": [
          11.075735,
          49.4417556
        ]
      },
      "properties": {
        "id": 1539208475,
        "osm_type": "node",
        "name": "Chella",
        "opening_hours": "Mo-Fr 07:00-12:00,13:30-18:30; Sa 07:30-14:30"
      }
    },
    {
      "type": "Feature",
      "geometry": {
        "type": "Point",
        "coordinates": [
          11.0756297,
          49.4421974
        ]
      },
      "properties": {
        "id": 1539208477,
        "osm_type": "node",
        "name": "Barati",
        "opening_hours": "Mo-Sa 09:00-20:00"
      }
    },
    {
      "type": "Feature",
      "geometry": {
        "type": "Point",
        "coordinates": [
          11.0810978,
          49.4395784
        ]
      },
      "properties": {
        "id": 1539236994,
        "osm_type": "node",
        "name": "Nora Markt",
        "opening_hours": "Mo-Sa 08:00-20:00"
      }
    },
    {
      "type": "Feature",
      "geometry": {
        "type": "Point",
        "coordinates": [
          11.0817428,
          49.4414861
        ]
      },
      "properties": {
        "id": 3611150168,
        "osm_type": "node",
        "name": "Bulgarische Lebensmittel",
        "opening_hours": "Mo-Sa 08:00-20:00"
      }
    },
    {
      "type": "Feature",
      "geometry": {
        "type": "Point",
        "coordinates": [
          11.0771795,
          49.4398987
        ]
      },
      "properties": {
        "id": 3773268362,
        "osm_type": "node",
        "name": "Daika Shop",
        "opening_hours": "Mo-Fr 07:00-20:00; Sa 08:00-20:00; Su,PH off"
      }
    },
    {
      "type": "Feature",
      "geometry": {
        "type": "Point",
        "coordinates": [
          11.0794379,
          49.4386325
        ]
      },
      "properties": {
        "id": 3774336711,
        "osm_type": "node",
        "name": "Internet Cafe"
      }
    },
    {
      "type": "Feature",
      "geometry": {
        "type": "Point",
        "coordinates": [
          11.0800777,
          49.4422693
        ]
      },
      "properties": {
        "id": 5124353757,
        "osm_type": "node",
        "name": "Yasmin Kiosk",
        "opening_hours": "Mo-Sa 08:00-20:00; PH off"
      }
    },
    {
      "type": "Feature",
      "geometry": {
        "type": "Point",
        "coordinates": [
          11.0775325,
          49.4406493
        ]
      },
      "properties": {
        "id": 7037003178,
        "osm_type": "node",
        "name": "Kulshi und Kalashi",
        "opening_hours": "Mo-Sa 09:00-20:00"
      }
    },
    {
      "type": "Feature",
      "geometry": {
        "type": "Point",
        "coordinates": [
          11.0791882,
          49.4414618
        ]
      },
      "properties": {
        "id": 7212818747,
        "osm_type": "node",
        "name": "Opa's Haus"
      }
    },
    {
      "type": "Feature",
      "geometry": {
        "type": "Point",
        "coordinates": [
          11.0759039,
          49.4411181
        ]
      },
      "properties": {
        "id": 9755854448,
        "osm_type": "node",
        "name": "Sultan",
        "opening_hours": "Mo-Sa 10:00-20:00"
      }
    },
    {
      "type": "Feature",
      "geometry": {
        "type": "Point",
        "coordinates": [
          11.0820481,
          49.4395347
        ]
      },
      "properties": {
        "id": 9795392397,
        "osm_type": "node",
        "name": "Ocean Indien"
      }
    },
    {
      "type": "Feature",
      "geometry": {
        "type": "Point",
        "coordinates": [
          11.0781784,
          49.4431765
        ]
      },
      "properties": {
        "id": 11362226119,
        "osm_type": "node",
        "name": "Zem Zem",
        "opening_hours": "Mo-Sa 09:00-20:00; PH off"
      }
    },
    {
      "type": "Feature",
      "geometry": {
        "type": "Point",
        "coordinates": [
          11.0821209,
          49.4376768
        ]
      },
      "properties": {
        "id": 12345922682,
        "osm_type": "node"
      }
    },
    {
      "type": "Feature",
      "geometry": {
        "type": "Point",
        "coordinates": [
          11.082554,
          49.4391207
        ]
      },
      "properties": {
        "id": 1540157587,
        "osm_type": "node",
        "name": "Zeitschriften Guna",
        "opening_hours": "Mo-Sa 08:00-19:00"
      }
    },
    {
      "type": "Feature",
      "geometry": {
        "type": "Point",
        "coordinates": [
          11.0834181,
          49.440518
        ]
      },
      "properties": {
        "id": 1540323030,
        "osm_type": "node",
        "name": "Jasmin Markt"
      }
    },
    {
      "type": "Feature",
      "geometry": {
        "type": "Point",
        "coordinates": [
          11.0827921,
          49.4415073
        ]
      },
      "properties": {
        "id": 1540323185,
        "osm_type": "node",
        "name": "Kajanas Asia Shop",
        "opening_hours": "Mo-Fr 10:00-19:00; Sa 10:00-19:30; PH off"
      }
    },
    {
      "type": "Feature",
      "geometry": {
        "type": "Point",
        "coordinates": [
          11.083359,
          49.4407381
        ]
      },
      "properties": {
        "id": 8640118435,
        "osm_type": "node",
        "name": "Almdina Markt"
      }
    },
    {
      "type": "Feature",
      "geometry": {
        "type": "Point",
        "coordinates": [
          11.0823914,
          49.4389513
        ]
      },
      "properties": {
        "id": 8795696712,
        "osm_type": "node"
      }
    },
    {
      "type": "Feature",
      "geometry": {
        "type": "Point",
        "coordinates": [
          11.0824022,
          49.4372473
        ]
      },
      "properties": {
        "id": 12345922681,
        "osm_type": "node",
        "name": "Duša Bosne"
      }
    },
    {
      "type": "Feature",
      "geometry": {
        "type": "Point",
        "coordinates": [
          11.068316,
          49.445528
        ]
      },
      "properties": {
        "id": 1529570386,
        "osm_type": "node",
        "name": "Supol",
        "opening_hours": "Mo-Fr 07:00-24:00; Sa 08:00-24:00; PH,Su 09:15-23:00"
      }
    },
    {
      "type": "Feature",
      "geometry": {
        "type": "Point",
        "coordinates": [
          11.0649705,
          49.4490649
        ]
      },
      "properties": {
        "id": 1646854544,
        "osm_type": "node",
        "name": "Bärlinomat",
        "opening_hours": "24/7"
      }
    },
    {
      "type": "Feature",
      "geometry": {
        "type": "Point",
        "coordinates": [
          11.0645382,
          49.4467025
        ]
      },
      "properties": {
        "id": 3067888832,
        "osm_type": "node",
        "name": "Halabja Markt",
        "opening_hours": "Mo-Sa 08:00-20:00"
      }
    },
    {
      "type": "Feature",
      "geometry": {
        "type": "Point",
        "coordinates": [
          11.0725287,
          49.4530197
        ]
      },
      "properties": {
        "id": 63366229,
        "osm_type": "node",
        "name": "Lotos Naturkostladen",
        "opening_hours": "Mo-Fr 09:30-18:00; Sa 09:30-16:00"
      }
    },
    {
      "type": "Feature",
      "geometry": {
        "type": "Point",
        "coordinates": [
          11.0724872,
          49.4514776
        ]
      },
      "properties": {
        "id": 1539266242,
        "osm_type": "node",
        "name": "24 Sieben Shop",
        "opening_hours": "Mo-Su,PH 00:00-23:59"
      }
    },
    {
      "type": "Feature",
      "geometry": {
        "type": "Point",
        "coordinates": [
          11.0732122,
          49.4505998
        ]
      },
      "properties": {
        "id": 6237645475,
        "osm_type": "node"
      }
    },
    {
      "type": "Feature",
      "geometry": {
        "type": "Point",
        "coordinates": [
          11.0792074,
          49.4482327
        ]
      },
      "properties": {
        "id": 1583525353,
        "osm_type": "node",
        "name": "Automatenbuddy",
        "opening_hours": "24/7"
      }
    },
    {
      "type": "Feature",
      "geometry": {
        "type": "Point",
        "coordinates": [
          11.0777732,
          49.44881
        ]
      },
      "properties": {
        "id": 4073779649,
        "osm_type": "node",
        "name": "Mahawi Kiosk"
      }
    },
    {
      "type": "Feature",
      "geometry": {
        "type": "Point",
        "coordinates": [
          11.0765743,
          49.4501011
        ]
      },
      "properties": {
        "id": 8180808634,
        "osm_type": "node"
      }
    },
    {
      "type": "Feature",
      "geometry": {
        "type": "Point",
        "coordinates": [
          11.0762394,
          49.4491711
        ]
      },
      "properties": {
        "id": 10268318974,
        "osm_type": "node",
        "name": "City Kiosk"
      }
    },
    {
      "type": "Feature",
      "geometry": {
        "type": "Point",
        "coordinates": [
          11.0794069,
          49.4489258
        ]
      },
      "properties": {
        "id": 13310846166,
        "osm_type": "node",
        "name": "Lebkuchen Schmidt",
        "opening_hours": "Mo-Sa 10:00-19:00; Su off"
      }
    },
    {
      "type": "Feature",
      "geometry": {
        "type": "Point",
        "coordinates": [
          11.0861645,
          49.4477963
        ]
      },
      "properties": {
        "id": 4788767016,
        "osm_type": "node",
        "name": "Therma-Med",
        "opening_hours": "Mo-Fr 10:00-18:00; Sa 09:00-18:00"
      }
    },
    {
      "type": "Feature",
      "geometry": {
        "type": "Point",
        "coordinates": [
          11.0841198,
          49.4440639
        ]
      },
      "properties": {
        "id": 8911227674,
        "osm_type": "node",
        "name": "Piccolo Kiosk"
      }
    },
    {
      "type": "Feature",
      "geometry": {
        "type": "Point",
        "coordinates": [
          11.0772412,
          49.4509135
        ]
      },
      "properties": {
        "id": 782153792,
        "osm_type": "node",
        "name": "brezen Kolb"
      }
    },
    {
      "type": "Feature",
      "geometry": {
        "type": "Point",
        "coordinates": [
          11.0821301,
          49.4557127
        ]
      },
      "properties": {
        "id": 3782110758,
        "osm_type": "node",
        "name": "24Sieben",
        "opening_hours": "24/7"
      }
    },
    {
      "type": "Feature",
      "geometry": {
        "type": "Point",
        "coordinates": [
          11.0793246,
          49.450733
        ]
      },
      "properties": {
        "id": 3942389959,
        "osm_type": "node",
        "name": "Lorenzer Laden",
        "opening_hours": "Mo-We,Fr 10:00-18:30; Th 13:00-18:30; Sa 11:00-17:00"
      }
    },
    {
      "type": "Feature",
      "geometry": {
        "type": "Point",
        "coordinates": [
          11.0773078,
          49.4534352
        ]
      },
      "properties": {
        "id": 4301184806,
        "osm_type": "node",
        "name": "Reformhaus am Hauptmarkt",
        "opening_hours": "Mo-Fr 09:00-19:00; Sa 09:00-16:00"
      }
    },
    {
      "type": "Feature",
      "geometry": {
        "type": "Point",
        "coordinates": [
          11.0760655,
          49.4540985
        ]
      },
      "properties": {
        "id": 8565545211,
        "osm_type": "node",
        "name": "Day&Night",
        "opening_hours": "24/7"
      }
    },
    {
      "type": "Feature",
      "geometry": {
        "type": "Point",
        "coordinates": [
          11.0894166,
          49.4415515
        ]
      },
      "properties": {
        "id": 1540554348,
        "osm_type": "node",
        "name": "Schmidt",
        "opening_hours": "Mo-Fr 07:00-18:00; Sa 07:30-12:30"
      }
    },
    {
      "type": "Feature",
      "geometry": {
        "type": "Point",
        "coordinates": [
          11.0932512,
          49.4428222
        ]
      },
      "properties": {
        "id": 1565169586,
        "osm_type": "node",
        "name": "Renate Frauenknecht",
        "opening_hours": "Mo-Th 07:30-12:30,14:30-18:00; Fr 07:30-13:00,14:00-18:00; Sa 07:30-12:30"
      }
    },
    {
      "type": "Feature",
      "geometry": {
        "type": "Point",
        "coordinates": [
          11.0897328,
          49.4413751
        ]
      },
      "properties": {
        "id": 3527538538,
        "osm_type": "node",
        "name": "24 Sieben Shop",
        "opening_hours": "24/7"
      }
    },
    {
      "type": "Feature",
      "geometry": {
        "type": "Point",
        "coordinates": [
          11.0904218,
          49.4417446
        ]
      },
      "properties": {
        "id": 3770302285,
        "osm_type": "node",
        "name": "-"
      }
    },
    {
      "type": "Feature",
      "geometry": {
        "type": "Point",
        "coordinates": [
          11.094906,
          49.4374548
        ]
      },
      "properties": {
        "id": 12092498612,
        "osm_type": "node",
        "name": "REWE To Go",
        "brand": "REWE To Go"
      }
    },
    {
      "type": "Feature",
      "geometry": {
        "type": "Point",
        "coordinates": [
          11.0986122,
          49.4387636
        ]
      },
      "properties": {
        "id": 1565169377,
        "osm_type": "node",
        "name": "Lotto und Tabak",
        "opening_hours": "Mo-Th 06:30-13:00,15:00-18:00; Fr 06:30-18:00; Sa 06:30-14:00"
      }
    },
    {
      "type": "Feature",
      "geometry": {
        "type": "Point",
        "coordinates": [
          11.1036305,
          49.4328574
        ]
      },
      "properties": {
        "id": 7785125940,
        "osm_type": "node"
      }
    },
    {
      "type": "Feature",
      "geometry": {
        "type": "Point",
        "coordinates": [
          11.1090549,
          49.4449801
        ]
      },
      "properties": {
        "id": 4079871189,
        "osm_type": "node",
        "name": "Lotto-Toto-Schreibwaren",
        "opening_hours": "Mo-Fr 06:00-18:00; Sa 06:30-15:00"
      }
    },
    {
      "type": "Feature",
      "geometry": {
        "type": "Point",
        "coordinates": [
          11.0201932,
          49.4627897
        ]
      },
      "properties": {
        "id": 9906493582,
        "osm_type": "node",
        "name": "Kiosk & Snacks by BAYSAL"
      }
    },
    {
      "type": "Feature",
      "geometry": {
        "type": "Point",
        "coordinates": [
          11.0231352,
          49.4597521
        ]
      },
      "properties": {
        "id": 13100864082,
        "osm_type": "node",
        "name": "Fressnapf",
        "opening_hours": "Mo-Sa 09:00-20:00"
      }
    },
    {
      "type": "Feature",
      "geometry": {
        "type": "Point",
        "coordinates": [
          11.0242891,
          49.4617568
        ]
      },
      "properties": {
        "id": 11104758829,
        "osm_type": "node",
        "name": "BOLOSSIS"
      }
    },
    {
      "type": "Feature",
      "geometry": {
        "type": "Point",
        "coordinates": [
          11.0118762,
          49.479005
        ]
      },
      "properties": {
        "id": 5647928784,
        "osm_type": "node",
        "name": "Spar Express",
        "brand": "Spar"
      }
    },
    {
      "type": "Feature",
      "geometry": {
        "type": "Point",
        "coordinates": [
          11.0548362,
          49.4608819
        ]
      },
      "properties": {
        "id": 4560357628,
        "osm_type": "node",
        "name": "Exarchos",
        "opening_hours": "Mo-Sa 07:00-20:00, PH off"
      }
    },
    {
      "type": "Feature",
      "geometry": {
        "type": "Point",
        "coordinates": [
          11.0521867,
          49.4610733
        ]
      },
      "properties": {
        "id": 13511689430,
        "osm_type": "node",
        "name": "Unverpackt Nbg"
      }
    },
    {
      "type": "Feature",
      "geometry": {
        "type": "Point",
        "coordinates": [
          11.0601373,
          49.4626615
        ]
      },
      "properties": {
        "id": 291227007,
        "osm_type": "node",
        "opening_hours": "Mo-Fr 06:30-17:30; Sa,Su,PH 08:00-11:00"
      }
    },
    {
      "type": "Feature",
      "geometry": {
        "type": "Point",
        "coordinates": [
          11.0559959,
          49.4588652
        ]
      },
      "properties": {
        "id": 4124318125,
        "osm_type": "node",
        "name": "Lotto Toto Peter",
        "opening_hours": "Mo-Th 08:00-13:00,15:00-18:00; Fr 07:30-18:00; Sa 08:00-13:00"
      }
    },
    {
      "type": "Feature",
      "geometry": {
        "type": "Point",
        "coordinates": [
          11.0601077,
          49.4805306
        ]
      },
      "properties": {
        "id": 8398280065,
        "osm_type": "node",
        "name": "HEM",
        "brand": "HEM",
        "opening_hours": "Mo-Su 06:00-22:00"
      }
    },
    {
      "type": "Feature",
      "geometry": {
        "type": "Point",
        "coordinates": [
          11.0667146,
          49.4618109
        ]
      },
      "properties": {
        "id": 583307083,
        "osm_type": "node",
        "name": "Asia Kauf-Center",
        "opening_hours": "Mo-Sa 09:30-19:00"
      }
    },
    {
      "type": "Feature",
      "geometry": {
        "type": "Point",
        "coordinates": [
          11.0660172,
          49.4619174
        ]
      },
      "properties": {
        "id": 3956330076,
        "osm_type": "node",
        "name": "Kirschgarten",
        "opening_hours": "Mo-Fr 07:00-19:00; Sa 07:00-14:30; Su off"
      }
    },
    {
      "type": "Feature",
      "geometry": {
        "type": "Point",
        "coordinates": [
          11.0744819,
          49.4572361
        ]
      },
      "properties": {
        "id": 3690038250,
        "osm_type": "node",
        "name": "NordShop24",
        "opening_hours": "24/7"
      }
    },
    {
      "type": "Feature",
      "geometry": {
        "type": "Point",
        "coordinates": [
          11.0727653,
          49.4665724
        ]
      },
      "properties": {
        "id": 2232699401,
        "osm_type": "node",
        "opening_hours": "Mo-Sa 08:00-13:00, Tu-Fr 15:00-18:00"
      }
    },
    {
      "type": "Feature",
      "geometry": {
        "type": "Point",
        "coordinates": [
          11.0691912,
          49.4659799
        ]
      },
      "properties": {
        "id": 2360587186,
        "osm_type": "node",
        "name": "Lotto Cafe Glück"
      }
    },
    {
      "type": "Feature",
      "geometry": {
        "type": "Point",
        "coordinates": [
          11.0759172,
          49.4623627
        ]
      },
      "properties": {
        "id": 6475677936,
        "osm_type": "node",
        "name": "Lebensmittel A. Hahn",
        "opening_hours": "Mo-Fr 07:30-13:00,13:30-18:00; Sa 07:30-13:00"
      }
    },
    {
      "type": "Feature",
      "geometry": {
        "type": "Point",
        "coordinates": [
          11.082378,
          49.4632039
        ]
      },
      "properties": {
        "id": 5018648299,
        "osm_type": "node",
        "name": "Stempel Schilder Lotto",
        "opening_hours": "Mo-Fr 09:00-15:00; PH,Sa,Su off"
      }
    },
    {
      "type": "Feature",
      "geometry": {
        "type": "Point",
        "coordinates": [
          11.0866353,
          49.4570688
        ]
      },
      "properties": {
        "id": 5104973003,
        "osm_type": "node",
        "name": "Ostermann",
        "opening_hours": "Mo-Fr 08:00-18:00; Sa 08:00-13:00"
      }
    },
    {
      "type": "Feature",
      "geometry": {
        "type": "Point",
        "coordinates": [
          11.0776486,
          49.4642514
        ]
      },
      "properties": {
        "id": 9179831461,
        "osm_type": "node",
        "name": "Goldenleafs",
        "opening_hours": "Fr 10:00-13:00,15:00-17:00"
      }
    },
    {
      "type": "Feature",
      "geometry": {
        "type": "Point",
        "coordinates": [
          11.0860722,
          49.4639416
        ]
      },
      "properties": {
        "id": 4131105457,
        "osm_type": "node",
        "name": "Marrakech Market",
        "opening_hours": "Mo-Sa 10:00-19:00"
      }
    },
    {
      "type": "Feature",
      "geometry": {
        "type": "Point",
        "coordinates": [
          11.0950055,
          49.4606485
        ]
      },
      "properties": {
        "id": 333103026,
        "osm_type": "node",
        "name": "Kiosk Ludwigs'"
      }
    },
    {
      "type": "Feature",
      "geometry": {
        "type": "Point",
        "coordinates": [
          11.0932538,
          49.4606944
        ]
      },
      "properties": {
        "id": 4291022194,
        "osm_type": "node",
        "name": "Lida - Russische Spezialitäten",
        "opening_hours": "Mo-Fr 09:00-19:00, Sa 09:00-16:00"
      }
    },
    {
      "type": "Feature",
      "geometry": {
        "type": "Point",
        "coordinates": [
          11.0934852,
          49.4579453
        ]
      },
      "properties": {
        "id": 10137424808,
        "osm_type": "node",
        "name": "Esso",
        "brand": "Esso",
        "opening_hours": "Mo-Su 00:00-24:00"
      }
    },
    {
      "type": "Feature",
      "geometry": {
        "type": "Point",
        "coordinates": [
          11.0913802,
          49.4598851
        ]
      },
      "properties": {
        "id": 13248283576,
        "osm_type": "node",
        "name": "Akdeniz"
      }
    },
    {
      "type": "Feature",
      "geometry": {
        "type": "Point",
        "coordinates": [
          11.1005188,
          49.4631299
        ]
      },
      "properties": {
        "id": 1193411423,
        "osm_type": "node",
        "name": "Lotto-Bismarck",
        "opening_hours": "Mo-Fr 08:00-18:30; Sa 09:00-15:00"
      }
    },
    {
      "type": "Feature",
      "geometry": {
        "type": "Point",
        "coordinates": [
          11.0921335,
          49.465671
        ]
      },
      "properties": {
        "id": 278380990,
        "osm_type": "node",
        "name": "Stadtparkkiosk"
      }
    },
    {
      "type": "Feature",
      "geometry": {
        "type": "Point",
        "coordinates": [
          11.1054764,
          49.4606623
        ]
      },
      "properties": {
        "id": 2545604624,
        "osm_type": "node",
        "name": "R F",
        "opening_hours": "Mo-Fr 07:00-18:00, Sa 07:00-14:00"
      }
    },
    {
      "type": "Feature",
      "geometry": {
        "type": "Point",
        "coordinates": [
          11.0958018,
          49.4791496
        ]
      },
      "properties": {
        "id": 395227145,
        "osm_type": "node"
      }
    },
    {
      "type": "Feature",
      "geometry": {
        "type": "Point",
        "coordinates": [
          11.1033187,
          49.4747334
        ]
      },
      "properties": {
        "id": 6594492897,
        "osm_type": "node",
        "name": "REWE To Go",
        "brand": "REWE To Go",
        "opening_hours": "24/7"
      }
    },
    {
      "type": "Feature",
      "geometry": {
        "type": "Point",
        "coordinates": [
          11.0786673,
          49.4942557
        ]
      },
      "properties": {
        "id": 7100257766,
        "osm_type": "node",
        "name": "REWE To Go",
        "brand": "REWE To Go",
        "opening_hours": "00:00-00:00"
      }
    },
    {
      "type": "Feature",
      "geometry": {
        "type": "Point",
        "coordinates": [
          11.1054068,
          49.485105
        ]
      },
      "properties": {
        "id": 1408920926,
        "osm_type": "node",
        "name": "Zeitschriften Gabler",
        "opening_hours": "Mo-Fr 06:00-18:00, Sa 06:00-14:00"
      }
    },
    {
      "type": "Feature",
      "geometry": {
        "type": "Point",
        "coordinates": [
          11.1424077,
          49.355187
        ]
      },
      "properties": {
        "id": 4864536137,
        "osm_type": "node",
        "name": "Kiosk Göge"
      }
    },
    {
      "type": "Feature",
      "geometry": {
        "type": "Point",
        "coordinates": [
          11.1414338,
          49.4027739
        ]
      },
      "properties": {
        "id": 6593595334,
        "osm_type": "node"
      }
    },
    {
      "type": "Feature",
      "geometry": {
        "type": "Point",
        "coordinates": [
          11.1508717,
          49.4014345
        ]
      },
      "properties": {
        "id": 12716762836,
        "osm_type": "node",
        "name": "REWE to go"
      }
    },
    {
      "type": "Feature",
      "geometry": {
        "type": "Point",
        "coordinates": [
          11.2116409,
          49.3768964
        ]
      },
      "properties": {
        "id": 1787673832,
        "osm_type": "node",
        "name": "Weltladen Feucht",
        "opening_hours": "Mo 14:00-18:00; Tu,Th,Fr 10:00-18:00; We 10:00-14:00; Sa 09:30-13:00"
      }
    },
    {
      "type": "Feature",
      "geometry": {
        "type": "Point",
        "coordinates": [
          11.2139291,
          49.3745449
        ]
      },
      "properties": {
        "id": 288218615,
        "osm_type": "node",
        "name": "Crunch Corner 24/7",
        "opening_hours": "24/7"
      }
    },
    {
      "type": "Feature",
      "geometry": {
        "type": "Point",
        "coordinates": [
          11.2094468,
          49.378476
        ]
      },
      "properties": {
        "id": 3784690057,
        "osm_type": "node",
        "name": "K + S shop to go"
      }
    },
    {
      "type": "Feature",
      "geometry": {
        "type": "Point",
        "coordinates": [
          11.1210522,
          49.4116357
        ]
      },
      "properties": {
        "id": 4985419021,
        "osm_type": "node",
        "name": "Hermann"
      }
    },
    {
      "type": "Feature",
      "geometry": {
        "type": "Point",
        "coordinates": [
          11.124887,
          49.4132518
        ]
      },
      "properties": {
        "id": 9707902417,
        "osm_type": "node",
        "name": "Uli's Lädle",
        "opening_hours": "Mo-Fr 07:00-19:00; Sa 07:00-16:00"
      }
    },
    {
      "type": "Feature",
      "geometry": {
        "type": "Point",
        "coordinates": [
          11.1269919,
          49.4337073
        ]
      },
      "properties": {
        "id": 12051745259,
        "osm_type": "node",
        "name": "Shell Select",
        "brand": "Shell Select"
      }
    },
    {
      "type": "Feature",
      "geometry": {
        "type": "Point",
        "coordinates": [
          11.1238078,
          49.4419697
        ]
      },
      "properties": {
        "id": 1805550922,
        "osm_type": "node",
        "name": "B & S Markt Zabo"
      }
    },
    {
      "type": "Feature",
      "geometry": {
        "type": "Point",
        "coordinates": [
          11.123121,
          49.4482835
        ]
      },
      "properties": {
        "id": 1383543748,
        "osm_type": "node",
        "name": "Sahverdi",
        "opening_hours": "Mo-Th 08:00-13:00,15:00-18:00, Fr 08:00-18:00, Sa 07:30-13:00"
      }
    },
    {
      "type": "Feature",
      "geometry": {
        "type": "Point",
        "coordinates": [
          11.1221009,
          49.4564754
        ]
      },
      "properties": {
        "id": 6482692979,
        "osm_type": "node",
        "name": "Spar Express",
        "brand": "Spar",
        "opening_hours": "Mo-Su,PH 00:00-24:00"
      }
    },
    {
      "type": "Feature",
      "geometry": {
        "type": "Point",
        "coordinates": [
          11.1326262,
          49.4449107
        ]
      },
      "properties": {
        "id": 6833182330,
        "osm_type": "node",
        "name": "Frischemarkt im Wohnstift am Tiergarten",
        "opening_hours": "Mo-Fr 07:30-13:00,15:00-17:30; Sa 07:30-12:00"
      }
    },
    {
      "type": "Feature",
      "geometry": {
        "type": "Point",
        "coordinates": [
          11.1390497,
          49.4496157
        ]
      },
      "properties": {
        "id": 266883554,
        "osm_type": "node",
        "name": "Zum Haubentaucher",
        "opening_hours": "PH,Mo-Su 09:00-16:30"
      }
    },
    {
      "type": "Feature",
      "geometry": {
        "type": "Point",
        "coordinates": [
          11.1459987,
          49.4481884
        ]
      },
      "properties": {
        "id": 1403878924,
        "osm_type": "node"
      }
    },
    {
      "type": "Feature",
      "geometry": {
        "type": "Point",
        "coordinates": [
          11.1506563,
          49.4458057
        ]
      },
      "properties": {
        "id": 267011194,
        "osm_type": "node",
        "name": "Grüne Oase"
      }
    },
    {
      "type": "Feature",
      "geometry": {
        "type": "Point",
        "coordinates": [
          11.1714247,
          49.4107847
        ]
      },
      "properties": {
        "id": 13094532765,
        "osm_type": "node",
        "name": "Schreibwaren Meier"
      }
    },
    {
      "type": "Feature",
      "geometry": {
        "type": "Point",
        "coordinates": [
          11.1925829,
          49.4202544
        ]
      },
      "properties": {
        "id": 1396643967,
        "osm_type": "node",
        "name": "Schreibwaren Lotto"
      }
    },
    {
      "type": "Feature",
      "geometry": {
        "type": "Point",
        "coordinates": [
          11.1182614,
          49.4649063
        ]
      },
      "properties": {
        "id": 2373044308,
        "osm_type": "node"
      }
    },
    {
      "type": "Feature",
      "geometry": {
        "type": "Point",
        "coordinates": [
          11.1178583,
          49.4645558
        ]
      },
      "properties": {
        "id": 10572786791,
        "osm_type": "node",
        "name": "REWE To Go",
        "brand": "REWE To Go"
      }
    },
    {
      "type": "Feature",
      "geometry": {
        "type": "Point",
        "coordinates": [
          11.1244073,
          49.4675738
        ]
      },
      "properties": {
        "id": 601484211,
        "osm_type": "node",
        "name": "italia",
        "opening_hours": "Mo-Fr 09:30-18:00, Sa 09:30-15:00"
      }
    },
    {
      "type": "Feature",
      "geometry": {
        "type": "Point",
        "coordinates": [
          11.1302497,
          49.4603635
        ]
      },
      "properties": {
        "id": 4607067810,
        "osm_type": "node",
        "name": "Reformhaus Seiler",
        "opening_hours": "Mo-Fr 08:00-18:00; Sa 08:00-14:00"
      }
    },
    {
      "type": "Feature",
      "geometry": {
        "type": "Point",
        "coordinates": [
          11.1377089,
          49.4737948
        ]
      },
      "properties": {
        "id": 837549444,
        "osm_type": "node",
        "name": "Kiosk Adi"
      }
    },
    {
      "type": "Feature",
      "geometry": {
        "type": "Point",
        "coordinates": [
          11.2017461,
          49.4720516
        ]
      },
      "properties": {
        "id": 9203162009,
        "osm_type": "node",
        "name": "REWE To Go",
        "brand": "REWE To Go"
      }
    },
    {
      "type": "Feature",
      "geometry": {
        "type": "Point",
        "coordinates": [
          11.2436805,
          49.4841784
        ]
      },
      "properties": {
        "id": 2201887920,
        "osm_type": "node",
        "name": "Schreibwaren Lörint"
      }
    },
    {
      "type": "Feature",
      "geometry": {
        "type": "Point",
        "coordinates": [
          11.2447175,
          49.484776
        ]
      },
      "properties": {
        "id": 4492841444,
        "osm_type": "node",
        "name": "BTC Supermarkt"
      }
    },
    {
      "type": "Feature",
      "geometry": {
        "type": "Point",
        "coordinates": [
          11.3117688,
          49.4898848
        ]
      },
      "properties": {
        "id": 1545652359,
        "osm_type": "node",
        "name": "Dorfladen Schönberg",
        "opening_hours": "Mo-Fr 06:30-18:00; Sa 06:30-12:00"
      }
    },
    {
      "type": "Feature",
      "geometry": {
        "type": "Point",
        "coordinates": [
          11.4164127,
          49.182043
        ]
      },
      "properties": {
        "id": 2820067391,
        "osm_type": "node",
        "name": "Sulzbürger Dorfladen"
      }
    },
    {
      "type": "Feature",
      "geometry": {
        "type": "Point",
        "coordinates": [
          11.4368585,
          49.2764222
        ]
      },
      "properties": {
        "id": 923237329,
        "osm_type": "node",
        "name": "Schreibwaren Karl"
      }
    },
    {
      "type": "Feature",
      "geometry": {
        "type": "Point",
        "coordinates": [
          11.4602277,
          49.2791583
        ]
      },
      "properties": {
        "id": 603704188,
        "osm_type": "node",
        "name": "Balkan Market",
        "opening_hours": "Mo-Sa 09:00-19:00"
      }
    },
    {
      "type": "Feature",
      "geometry": {
        "type": "Point",
        "coordinates": [
          11.4606621,
          49.2785701
        ]
      },
      "properties": {
        "id": 2239837890,
        "osm_type": "node",
        "name": "Welt winkel 360°",
        "opening_hours": "Mo-Fr 10:00-18:00; Sa 09:00-13:00"
      }
    },
    {
      "type": "Feature",
      "geometry": {
        "type": "Point",
        "coordinates": [
          11.4575134,
          49.2795597
        ]
      },
      "properties": {
        "id": 13595520007,
        "osm_type": "node",
        "name": "Saidawi Supermakrt"
      }
    },
    {
      "type": "Feature",
      "geometry": {
        "type": "Point",
        "coordinates": [
          11.465493,
          49.2927785
        ]
      },
      "properties": {
        "id": 699544961,
        "osm_type": "node"
      }
    },
    {
      "type": "Feature",
      "geometry": {
        "type": "Point",
        "coordinates": [
          11.7295853,
          49.1761598
        ]
      },
      "properties": {
        "id": 3151596249,
        "osm_type": "node",
        "name": "Snack & Shop",
        "opening_hours": "24/7"
      }
    },
    {
      "type": "Feature",
      "geometry": {
        "type": "Point",
        "coordinates": [
          11.5996512,
          49.2725424
        ]
      },
      "properties": {
        "id": 4733701221,
        "osm_type": "node",
        "name": "Esso",
        "brand": "Esso"
      }
    },
    {
      "type": "Feature",
      "geometry": {
        "type": "Point",
        "coordinates": [
          11.6026148,
          49.2704102
        ]
      },
      "properties": {
        "id": 4733701821,
        "osm_type": "node",
        "opening_hours": "24/7"
      }
    },
    {
      "type": "Feature",
      "geometry": {
        "type": "Point",
        "coordinates": [
          11.6225553,
          49.2516527
        ]
      },
      "properties": {
        "id": 3921618282,
        "osm_type": "node",
        "name": "Dorfladen Deusmauer",
        "opening_hours": "Tu,We,Fr 06:30-18:00; Mo,Th 06:30-13:00; Sa 06:30-12:00"
      }
    },
    {
      "type": "Feature",
      "geometry": {
        "type": "Point",
        "coordinates": [
          11.3399825,
          49.3170513
        ]
      },
      "properties": {
        "id": 4535033645,
        "osm_type": "node",
        "name": "Lotto Eckersberger"
      }
    },
    {
      "type": "Feature",
      "geometry": {
        "type": "Point",
        "coordinates": [
          11.3538185,
          49.3038549
        ]
      },
      "properties": {
        "id": 779631886,
        "osm_type": "node",
        "name": "Villa Kunterbunt",
        "opening_hours": "Mo off; Tu-Fr 09:00-12:00,15:00-18:00; Sa 09:00-12:00, Su off"
      }
    },
    {
      "type": "Feature",
      "geometry": {
        "type": "Point",
        "coordinates": [
          11.3549235,
          49.3870373
        ]
      },
      "properties": {
        "id": 1571414117,
        "osm_type": "node",
        "name": "Körper Formen"
      }
    },
    {
      "type": "Feature",
      "geometry": {
        "type": "Point",
        "coordinates": [
          11.3549618,
          49.3850264
        ]
      },
      "properties": {
        "id": 3505914452,
        "osm_type": "node",
        "name": "Asia-Markt",
        "opening_hours": "Tu-Fr 09:00-13:30,14:30-18:00; Sa 08:30-13:00"
      }
    },
    {
      "type": "Feature",
      "geometry": {
        "type": "Point",
        "coordinates": [
          11.3564036,
          49.3855654
        ]
      },
      "properties": {
        "id": 13274640287,
        "osm_type": "node",
        "name": "toca",
        "opening_hours": "24/7"
      }
    },
    {
      "type": "Feature",
      "geometry": {
        "type": "Point",
        "coordinates": [
          11.3637892,
          49.3865644
        ]
      },
      "properties": {
        "id": 12147241766,
        "osm_type": "node",
        "name": "Freibad",
        "opening_hours": "\"Nur bei schönen Sommerwetter\""
      }
    },
    {
      "type": "Feature",
      "geometry": {
        "type": "Point",
        "coordinates": [
          11.3904708,
          49.4950292
        ]
      },
      "properties": {
        "id": 4986610533,
        "osm_type": "node",
        "name": "Hauenstein-Krügel"
      }
    },
    {
      "type": "Feature",
      "geometry": {
        "type": "Point",
        "coordinates": [
          11.4293955,
          49.5084878
        ]
      },
      "properties": {
        "id": 4958244468,
        "osm_type": "node",
        "name": "Orient Markt",
        "opening_hours": "Mo-Sa 09:00-19:00"
      }
    },
    {
      "type": "Feature",
      "geometry": {
        "type": "Point",
        "coordinates": [
          11.4305734,
          49.509026
        ]
      },
      "properties": {
        "id": 1008272819,
        "osm_type": "node",
        "name": "Weltladen COCOYOC",
        "opening_hours": "Tu,Th,Fr 10:00-18:00; We,Sa 10:00-13:00"
      }
    },
    {
      "type": "Feature",
      "geometry": {
        "type": "Point",
        "coordinates": [
          11.4383246,
          49.5027961
        ]
      },
      "properties": {
        "id": 1564901287,
        "osm_type": "node",
        "name": "Shell",
        "brand": "Shell",
        "opening_hours": "Mo-Su 00:00-24:00"
      }
    },
    {
      "type": "Feature",
      "geometry": {
        "type": "Point",
        "coordinates": [
          11.4622387,
          49.5029504
        ]
      },
      "properties": {
        "id": 332209062,
        "osm_type": "node",
        "name": "Baggersee-Kiosk"
      }
    },
    {
      "type": "Feature",
      "geometry": {
        "type": "Point",
        "coordinates": [
          11.5497023,
          49.4959503
        ]
      },
      "properties": {
        "id": 428839250,
        "osm_type": "node",
        "name": "GT Franken Automobile",
        "opening_hours": "Mo-Fr 06:00-20:00; Sa-Su 07:00-19:00"
      }
    },
    {
      "type": "Feature",
      "geometry": {
        "type": "Point",
        "coordinates": [
          10.9638029,
          49.5208956
        ]
      },
      "properties": {
        "id": 8203818278,
        "osm_type": "node"
      }
    },
    {
      "type": "Feature",
      "geometry": {
        "type": "Point",
        "coordinates": [
          10.9616812,
          49.5620275
        ]
      },
      "properties": {
        "id": 11067487343,
        "osm_type": "node",
        "name": "Lukullus",
        "opening_hours": "Mo,Tu 11:00-18:00; We-Fr 09:00-19:00; Sa 09:00-16:00"
      }
    },
    {
      "type": "Feature",
      "geometry": {
        "type": "Point",
        "coordinates": [
          10.9999478,
          49.5663826
        ]
      },
      "properties": {
        "id": 7494934685,
        "osm_type": "node",
        "name": "Lotto",
        "opening_hours": "Mo-Th 07:30-14:00; Fr 07:30-18:00; Sa 07:30-13:00"
      }
    },
    {
      "type": "Feature",
      "geometry": {
        "type": "Point",
        "coordinates": [
          10.9909392,
          49.5790832
        ]
      },
      "properties": {
        "id": 677157629,
        "osm_type": "node",
        "opening_hours": "Mo-Fr 08:30-18:30; Sa 09:00-16:00"
      }
    },
    {
      "type": "Feature",
      "geometry": {
        "type": "Point",
        "coordinates": [
          10.9699241,
          49.5930013
        ]
      },
      "properties": {
        "id": 1639325332,
        "osm_type": "node",
        "name": "Aral",
        "brand": "Aral"
      }
    },
    {
      "type": "Feature",
      "geometry": {
        "type": "Point",
        "coordinates": [
          11.0057994,
          49.5924932
        ]
      },
      "properties": {
        "id": 637022380,
        "osm_type": "node",
        "name": "Lebkuchen-Schmidt aus Nürnberg",
        "opening_hours": "Mo-Sa 10:00-18:00"
      }
    },
    {
      "type": "Feature",
      "geometry": {
        "type": "Point",
        "coordinates": [
          11.0051697,
          49.5908919
        ]
      },
      "properties": {
        "id": 1209561116,
        "osm_type": "node",
        "name": "Want-Want Asia Supermarkt",
        "opening_hours": "Mo-Sa 09:30-20:00; Su 00:00-24:00"
      }
    },
    {
      "type": "Feature",
      "geometry": {
        "type": "Point",
        "coordinates": [
          11.0032331,
          49.5996232
        ]
      },
      "properties": {
        "id": 1204918667,
        "osm_type": "node",
        "name": "Sidhu Grocery Store",
        "opening_hours": "Mo-Sa 10:30-20:00"
      }
    },
    {
      "type": "Feature",
      "geometry": {
        "type": "Point",
        "coordinates": [
          11.0024514,
          49.5964584
        ]
      },
      "properties": {
        "id": 1824104632,
        "osm_type": "node",
        "name": "Gandhi",
        "opening_hours": "Mo-Sa 09:00-20:00"
      }
    },
    {
      "type": "Feature",
      "geometry": {
        "type": "Point",
        "coordinates": [
          11.0019675,
          49.596151
        ]
      },
      "properties": {
        "id": 3072980608,
        "osm_type": "node",
        "name": "Yorma's",
        "brand": "Yorma's",
        "opening_hours": "Mo-Th 05:30-21:00; Fr 05:30-22:00; Sa,Su,PH 07:30-21:00"
      }
    },
    {
      "type": "Feature",
      "geometry": {
        "type": "Point",
        "coordinates": [
          11.0026427,
          49.5954515
        ]
      },
      "properties": {
        "id": 4438068489,
        "osm_type": "node",
        "name": "Al Rashid Markt"
      }
    },
    {
      "type": "Feature",
      "geometry": {
        "type": "Point",
        "coordinates": [
          11.0027519,
          49.598932
        ]
      },
      "properties": {
        "id": 9925713636,
        "osm_type": "node",
        "name": "Fox Späti",
        "opening_hours": "Mo-Sa 06:00-20:00; PH off"
      }
    },
    {
      "type": "Feature",
      "geometry": {
        "type": "Point",
        "coordinates": [
          11.0073313,
          49.5957693
        ]
      },
      "properties": {
        "id": 571374852,
        "osm_type": "node",
        "name": "Käse-Ecke",
        "opening_hours": "Mo-Fr 08:30-18:00; Sa 08:30-14:00"
      }
    },
    {
      "type": "Feature",
      "geometry": {
        "type": "Point",
        "coordinates": [
          11.0056718,
          49.5948317
        ]
      },
      "properties": {
        "id": 1208634360,
        "osm_type": "node",
        "name": "Long My",
        "opening_hours": "Mo-Fr 09:00-19:30; Sa 09:00-19:00"
      }
    },
    {
      "type": "Feature",
      "geometry": {
        "type": "Point",
        "coordinates": [
          11.0051903,
          49.5962276
        ]
      },
      "properties": {
        "id": 1282220805,
        "osm_type": "node",
        "name": "Der Späti Erlangen",
        "opening_hours": "24/7"
      }
    },
    {
      "type": "Feature",
      "geometry": {
        "type": "Point",
        "coordinates": [
          11.0060703,
          49.5960359
        ]
      },
      "properties": {
        "id": 5496311051,
        "osm_type": "node",
        "name": "Weltladen Erlangen",
        "opening_hours": "Mo-Fr 10:00-18:00; Sa 10:00-14:00"
      }
    },
    {
      "type": "Feature",
      "geometry": {
        "type": "Point",
        "coordinates": [
          11.0029471,
          49.6010837
        ]
      },
      "properties": {
        "id": 1213519861,
        "osm_type": "node",
        "name": "The Corner Kiosk"
      }
    },
    {
      "type": "Feature",
      "geometry": {
        "type": "Point",
        "coordinates": [
          11.0262587,
          49.5507326
        ]
      },
      "properties": {
        "id": 2407704216,
        "osm_type": "node",
        "name": "Um's Eck",
        "opening_hours": "Mo-Fr 09:30-14:00,14:30-18:30; Sa 08:30-15:00; PH Off"
      }
    },
    {
      "type": "Feature",
      "geometry": {
        "type": "Point",
        "coordinates": [
          11.0145335,
          49.5926683
        ]
      },
      "properties": {
        "id": 7954509053,
        "osm_type": "node",
        "name": "Esso",
        "brand": "Esso",
        "opening_hours": "24/7"
      }
    },
    {
      "type": "Feature",
      "geometry": {
        "type": "Point",
        "coordinates": [
          11.015396,
          49.596674
        ]
      },
      "properties": {
        "id": 693406782,
        "osm_type": "node",
        "name": "Asien-Kauf",
        "opening_hours": "Mo-Fr 10:00-18:30; Sa 10:00-17:00"
      }
    },
    {
      "type": "Feature",
      "geometry": {
        "type": "Point",
        "coordinates": [
          11.0159169,
          49.5969285
        ]
      },
      "properties": {
        "id": 693406860,
        "osm_type": "node",
        "name": "kiosXtore",
        "opening_hours": "Mo-Fr 08:00-19:30; Sa 08:00-13:00"
      }
    },
    {
      "type": "Feature",
      "geometry": {
        "type": "Point",
        "coordinates": [
          11.0168915,
          49.5967546
        ]
      },
      "properties": {
        "id": 8968693441,
        "osm_type": "node",
        "name": "Teilerei",
        "opening_hours": "Tu-Th 12:00-19:00; Fr 12:00-16:00"
      }
    },
    {
      "type": "Feature",
      "geometry": {
        "type": "Point",
        "coordinates": [
          11.0257511,
          49.5936841
        ]
      },
      "properties": {
        "id": 7589784135,
        "osm_type": "node",
        "name": "Kaufland",
        "opening_hours": "Mo-Sa 07:00-20:00"
      }
    },
    {
      "type": "Feature",
      "geometry": {
        "type": "Point",
        "coordinates": [
          11.0119838,
          49.6020268
        ]
      },
      "properties": {
        "id": 1453879652,
        "osm_type": "node"
      }
    },
    {
      "type": "Feature",
      "geometry": {
        "type": "Point",
        "coordinates": [
          11.0212942,
          49.6115811
        ]
      },
      "properties": {
        "id": 375969803,
        "osm_type": "node",
        "name": "MarktOase am Rathsberg",
        "opening_hours": "Mo, Tu, Th-Fr 08:00-13:00, 14:00-17:00; We, Sa 08:00-14:00"
      }
    },
    {
      "type": "Feature",
      "geometry": {
        "type": "Point",
        "coordinates": [
          11.0409795,
          49.5999459
        ]
      },
      "properties": {
        "id": 2133570130,
        "osm_type": "node",
        "name": "Feinkost und Gemüse Wagner",
        "opening_hours": "Mo-Fr 09:00-18:00; Sa 08:00-13:00"
      }
    },
    {
      "type": "Feature",
      "geometry": {
        "type": "Point",
        "coordinates": [
          10.9187139,
          49.6609015
        ]
      },
      "properties": {
        "id": 3873725711,
        "osm_type": "node",
        "name": "Pickelmann",
        "brand": "bft",
        "opening_hours": "24/7"
      }
    },
    {
      "type": "Feature",
      "geometry": {
        "type": "Point",
        "coordinates": [
          11.0028282,
          49.6920695
        ]
      },
      "properties": {
        "id": 1242378919,
        "osm_type": "node"
      }
    },
    {
      "type": "Feature",
      "geometry": {
        "type": "Point",
        "coordinates": [
          11.0978989,
          49.6597857
        ]
      },
      "properties": {
        "id": 691734524,
        "osm_type": "node",
        "name": "Nögel's Hofladen"
      }
    },
    {
      "type": "Feature",
      "geometry": {
        "type": "Point",
        "coordinates": [
          11.0439634,
          49.6704963
        ]
      },
      "properties": {
        "id": 3393093506,
        "osm_type": "node",
        "name": "Das Kleeblatt",
        "opening_hours": "Mo-Th 08:00-13:00,15:00-18:00; Fr 08:00-18:00; Sa 08:00-14:00; PH off"
      }
    },
    {
      "type": "Feature",
      "geometry": {
        "type": "Point",
        "coordinates": [
          11.0427849,
          49.7023352
        ]
      },
      "properties": {
        "id": 8079588055,
        "osm_type": "node",
        "name": "Spar Express",
        "brand": "Spar",
        "opening_hours": "Mo-Fr 05:00-23:00; Sa 06:00-23:00; Su 07:00-23:00"
      }
    },
    {
      "type": "Feature",
      "geometry": {
        "type": "Point",
        "coordinates": [
          11.061755,
          49.7181311
        ]
      },
      "properties": {
        "id": 4286109594,
        "osm_type": "node",
        "name": "Damas"
      }
    },
    {
      "type": "Feature",
      "geometry": {
        "type": "Point",
        "coordinates": [
          11.0596871,
          49.7176602
        ]
      },
      "properties": {
        "id": 4349018092,
        "osm_type": "node",
        "name": "Centrum"
      }
    },
    {
      "type": "Feature",
      "geometry": {
        "type": "Point",
        "coordinates": [
          11.1296415,
          49.6125104
        ]
      },
      "properties": {
        "id": 2522614328,
        "osm_type": "node",
        "name": "Weltladen Neunkirchen am Brand",
        "opening_hours": "Tu,Th,Fr 09:00-12:30,15:00-18:00; Sa 09:00-12:30"
      }
    },
    {
      "type": "Feature",
      "geometry": {
        "type": "Point",
        "coordinates": [
          11.133019,
          49.6123292
        ]
      },
      "properties": {
        "id": 2554055308,
        "osm_type": "node",
        "name": "Mein Lädla!",
        "opening_hours": "Mo-Fr 07:30-18:00; Sa 07:30-14:00"
      }
    },
    {
      "type": "Feature",
      "geometry": {
        "type": "Point",
        "coordinates": [
          11.1443676,
          49.5894312
        ]
      },
      "properties": {
        "id": 3092574963,
        "osm_type": "node",
        "name": "Minderleinsmühle Mühlenladen",
        "opening_hours": "Mo-Fr 09:00-18:00; Sa 09:00-14:00"
      }
    },
    {
      "type": "Feature",
      "geometry": {
        "type": "Point",
        "coordinates": [
          11.2818083,
          49.5111805
        ]
      },
      "properties": {
        "id": 1524550613,
        "osm_type": "node",
        "name": "Eine-Welt-Laden",
        "opening_hours": "Tu-Fr 10:00-18:00; Sa 10:00-13:00"
      }
    },
    {
      "type": "Feature",
      "geometry": {
        "type": "Point",
        "coordinates": [
          11.2803885,
          49.5107947
        ]
      },
      "properties": {
        "id": 5902454607,
        "osm_type": "node",
        "name": "Dubai Markt"
      }
    },
    {
      "type": "Feature",
      "geometry": {
        "type": "Point",
        "coordinates": [
          11.2742833,
          49.5180671
        ]
      },
      "properties": {
        "id": 1362462300,
        "osm_type": "node",
        "name": "Lotto Toto",
        "opening_hours": "Mo,We-Fr 07:00-17:30; Tu 07:00-13:30; Sa 07:00-13:00"
      }
    },
    {
      "type": "Feature",
      "geometry": {
        "type": "Point",
        "coordinates": [
          11.1433147,
          49.6824342
        ]
      },
      "properties": {
        "id": 499110943,
        "osm_type": "node",
        "name": "Nah & Gut Monika Drinndörfer",
        "opening_hours": "Mo-Fr 08:00-12:30,14:00-18:00; We,Sa 08:00-12:30; PH off"
      }
    },
    {
      "type": "Feature",
      "geometry": {
        "type": "Point",
        "coordinates": [
          11.2572926,
          49.7008041
        ]
      },
      "properties": {
        "id": 3590337106,
        "osm_type": "node",
        "name": "Inge's Lädchen",
        "opening_hours": "Mo-Th 09:00-13:00; Fr 09:00-13:00, 15:00-18:00; Sa 09:00-13:00"
      }
    },
    {
      "type": "Feature",
      "geometry": {
        "type": "Point",
        "coordinates": [
          10.9903912,
          49.8152585
        ]
      },
      "properties": {
        "id": 3368898353,
        "osm_type": "node",
        "name": "Sonnengarten, Ihr Bioladen"
      }
    },
    {
      "type": "Feature",
      "geometry": {
        "type": "Point",
        "coordinates": [
          10.9886089,
          49.817653
        ]
      },
      "properties": {
        "id": 1664985205,
        "osm_type": "node",
        "name": "Herbert Böhm"
      }
    },
    {
      "type": "Feature",
      "geometry": {
        "type": "Point",
        "coordinates": [
          11.0583804,
          49.7195679
        ]
      },
      "properties": {
        "id": 4309694589,
        "osm_type": "node",
        "name": "Dürninger",
        "opening_hours": "Mo-Fr 08:00-18:00; Sa 08:00-14:00; PH,Su off"
      }
    },
    {
      "type": "Feature",
      "geometry": {
        "type": "Point",
        "coordinates": [
          11.059502,
          49.7227236
        ]
      },
      "properties": {
        "id": 4360638389,
        "osm_type": "node",
        "name": "Fröscher Markt",
        "opening_hours": "Mo-Fr 09:00-18:00; Sa 09:00-14:00"
      }
    },
    {
      "type": "Feature",
      "geometry": {
        "type": "Point",
        "coordinates": [
          11.0592106,
          49.722703
        ]
      },
      "properties": {
        "id": 4377251196,
        "osm_type": "node",
        "name": "Amir Market",
        "opening_hours": "Mo-Sa 09:30-20:00"
      }
    },
    {
      "type": "Feature",
      "geometry": {
        "type": "Point",
        "coordinates": [
          11.0601792,
          49.7195901
        ]
      },
      "properties": {
        "id": 4452520089,
        "osm_type": "node",
        "name": "Unverpackt & more"
      }
    },
    {
      "type": "Feature",
      "geometry": {
        "type": "Point",
        "coordinates": [
          11.0575665,
          49.7289986
        ]
      },
      "properties": {
        "id": 7297620289,
        "osm_type": "node",
        "name": "Spar Express",
        "brand": "Spar",
        "opening_hours": "Mo-Su 06:00-22:00"
      }
    },
    {
      "type": "Feature",
      "geometry": {
        "type": "Point",
        "coordinates": [
          11.0565927,
          49.7333029
        ]
      },
      "properties": {
        "id": 7290655258,
        "osm_type": "node",
        "name": "REWE To Go",
        "brand": "REWE To Go",
        "opening_hours": "24/7"
      }
    },
    {
      "type": "Feature",
      "geometry": {
        "type": "Point",
        "coordinates": [
          10.9174463,
          49.9080978
        ]
      },
      "properties": {
        "id": 9631435342,
        "osm_type": "node",
        "name": "Pinoy Store"
      }
    },
    {
      "type": "Feature",
      "geometry": {
        "type": "Point",
        "coordinates": [
          11.0103261,
          49.9114829
        ]
      },
      "properties": {
        "id": 3375594765,
        "osm_type": "node",
        "name": "Lebensmittel Groh"
      }
    },
    {
      "type": "Feature",
      "geometry": {
        "type": "Point",
        "coordinates": [
          11.1894347,
          49.8220793
        ]
      },
      "properties": {
        "id": 3728131354,
        "osm_type": "node",
        "name": "Laderer Dorfladen"
      }
    },
    {
      "type": "Feature",
      "geometry": {
        "type": "Point",
        "coordinates": [
          11.295785,
          49.8115932
        ]
      },
      "properties": {
        "id": 12985369329,
        "osm_type": "node"
      }
    },
    {
      "type": "Feature",
      "geometry": {
        "type": "Point",
        "coordinates": [
          11.2274248,
          49.8845301
        ]
      },
      "properties": {
        "id": 3265810865,
        "osm_type": "node",
        "name": "Dorfladen Aufseß",
        "opening_hours": "Mo-Sa 07:00-13:00"
      }
    },
    {
      "type": "Feature",
      "geometry": {
        "type": "Point",
        "coordinates": [
          11.3733347,
          49.5132323
        ]
      },
      "properties": {
        "id": 5184531210,
        "osm_type": "node",
        "name": "Limbo's Lotto Laden"
      }
    },
    {
      "type": "Feature",
      "geometry": {
        "type": "Point",
        "coordinates": [
          11.3727722,
          49.5133522
        ]
      },
      "properties": {
        "id": 9861162743,
        "osm_type": "node"
      }
    },
    {
      "type": "Feature",
      "geometry": {
        "type": "Point",
        "coordinates": [
          11.3311031,
          49.6096071
        ]
      },
      "properties": {
        "id": 276679539,
        "osm_type": "node",
        "name": "Regler"
      }
    },
    {
      "type": "Feature",
      "geometry": {
        "type": "Point",
        "coordinates": [
          11.5214744,
          49.5511606
        ]
      },
      "properties": {
        "id": 13027141965,
        "osm_type": "node",
        "name": "Kiosk Freibad Hirschbach",
        "opening_hours": "Mo-Fr 14:00-19:00; Sa 12:00-19:00; Su 11:00-19:00"
      }
    },
    {
      "type": "Feature",
      "geometry": {
        "type": "Point",
        "coordinates": [
          11.4993596,
          49.6074528
        ]
      },
      "properties": {
        "id": 5039821157,
        "osm_type": "node",
        "name": "Bengerdsschnouggn",
        "opening_hours": "Sa-Su,PH 10:00-20:00"
      }
    },
    {
      "type": "Feature",
      "geometry": {
        "type": "Point",
        "coordinates": [
          11.5110346,
          49.6131839
        ]
      },
      "properties": {
        "id": 11223359999,
        "osm_type": "node",
        "name": "Mittendrin - Bürgerladen Velden",
        "opening_hours": "Mo 06:30-18:00; Tu 08:00-13:30; We-Fr 08:00-18:00; Sa 07:00-12:00; Su,PH off"
      }
    },
    {
      "type": "Feature",
      "geometry": {
        "type": "Point",
        "coordinates": [
          11.3492408,
          49.6949347
        ]
      },
      "properties": {
        "id": 765332690,
        "osm_type": "node",
        "name": "Dorfladen Obertrubach",
        "opening_hours": "Mo-Sa 07:00-13:00, Mo,Tu,Th,Fr 15:00-18:30; Su 08:00-12:00"
      }
    },
    {
      "type": "Feature",
      "geometry": {
        "type": "Point",
        "coordinates": [
          11.5843529,
          49.5261951
        ]
      },
      "properties": {
        "id": 9629068705,
        "osm_type": "node"
      }
    },
    {
      "type": "Feature",
      "geometry": {
        "type": "Point",
        "coordinates": [
          11.6964857,
          49.5775181
        ]
      },
      "properties": {
        "id": 1726443735,
        "osm_type": "node"
      }
    },
    {
      "type": "Feature",
      "geometry": {
        "type": "Point",
        "coordinates": [
          11.5521763,
          49.629436
        ]
      },
      "properties": {
        "id": 5715143675,
        "osm_type": "node",
        "opening_hours": "Tu 09:00-11:00; Fr 16:00-18:00"
      }
    },
    {
      "type": "Feature",
      "geometry": {
        "type": "Point",
        "coordinates": [
          11.409503,
          49.7709894
        ]
      },
      "properties": {
        "id": 7935098713,
        "osm_type": "node",
        "name": "Schmitt‘s Allerlei",
        "opening_hours": "Mo-Fr 08:30-12:30, Mo,Tu,Th,Fr 14:00-18:00, Sa 08:00-12:30"
      }
    },
    {
      "type": "Feature",
      "geometry": {
        "type": "Point",
        "coordinates": [
          11.3664266,
          49.7828574
        ]
      },
      "properties": {
        "id": 4181011793,
        "osm_type": "node"
      }
    },
    {
      "type": "Feature",
      "geometry": {
        "type": "Point",
        "coordinates": [
          11.3755715,
          49.798412
        ]
      },
      "properties": {
        "id": 11194789508,
        "osm_type": "node",
        "name": "Jurahöhe",
        "opening_hours": "Mo-Su 08:00-11:30, We-Mo 14:30-17:30"
      }
    },
    {
      "type": "Feature",
      "geometry": {
        "type": "Point",
        "coordinates": [
          11.3443605,
          49.8457726
        ]
      },
      "properties": {
        "id": 7580975449,
        "osm_type": "node",
        "name": "Naturladen",
        "opening_hours": "Mo,Th-Fr 09:00-12:30,14:00-18:00; Tu,Sa 09:00-12:30"
      }
    },
    {
      "type": "Feature",
      "geometry": {
        "type": "Point",
        "coordinates": [
          11.3783702,
          49.9137417
        ]
      },
      "properties": {
        "id": 11098134392,
        "osm_type": "node",
        "name": "Dorfladenbox",
        "opening_hours": "24/7"
      }
    },
    {
      "type": "Feature",
      "geometry": {
        "type": "Point",
        "coordinates": [
          11.5394794,
          49.7493608
        ]
      },
      "properties": {
        "id": 986895079,
        "osm_type": "node"
      }
    },
    {
      "type": "Feature",
      "geometry": {
        "type": "Point",
        "coordinates": [
          11.5392339,
          49.7492493
        ]
      },
      "properties": {
        "id": 986895110,
        "osm_type": "node",
        "opening_hours": "Mo-Sa 07:00-20:00"
      }
    },
    {
      "type": "Feature",
      "geometry": {
        "type": "Point",
        "coordinates": [
          11.6032347,
          49.7668164
        ]
      },
      "properties": {
        "id": 1390290526,
        "osm_type": "node",
        "name": "Bäckerei Drei Linden",
        "opening_hours": "Tu-Fr 06:30-13:00,14:00-19:00; Sa 06:30-15:00; Su 08:00-14:30; Mo off"
      }
    },
    {
      "type": "Feature",
      "geometry": {
        "type": "Point",
        "coordinates": [
          11.6462742,
          49.8924469
        ]
      },
      "properties": {
        "id": 6073891484,
        "osm_type": "node",
        "name": "Dorfladen Emtmannsberg",
        "opening_hours": "Mo-Fr 07:00-13:00,15:30-18:30; Sa 07:00-11:30"
      }
    },
    {
      "type": "Feature",
      "geometry": {
        "type": "Point",
        "coordinates": [
          11.8394945,
          48.2755747
        ]
      },
      "properties": {
        "id": 2026456777,
        "osm_type": "node",
        "name": "Lotto und Sportwetten"
      }
    },
    {
      "type": "Feature",
      "geometry": {
        "type": "Point",
        "coordinates": [
          11.7897286,
          48.3537245
        ]
      },
      "properties": {
        "id": 697270185,
        "osm_type": "node",
        "name": "newspoint"
      }
    },
    {
      "type": "Feature",
      "geometry": {
        "type": "Point",
        "coordinates": [
          11.7867672,
          48.3536567
        ]
      },
      "properties": {
        "id": 927112189,
        "osm_type": "node"
      }
    },
    {
      "type": "Feature",
      "geometry": {
        "type": "Point",
        "coordinates": [
          11.7904853,
          48.3535085
        ]
      },
      "properties": {
        "id": 927111993,
        "osm_type": "node",
        "name": "newspoint"
      }
    },
    {
      "type": "Feature",
      "geometry": {
        "type": "Point",
        "coordinates": [
          11.7992003,
          48.3550606
        ]
      },
      "properties": {
        "id": 10864867521,
        "osm_type": "node",
        "name": "Cee'u"
      }
    },
    {
      "type": "Feature",
      "geometry": {
        "type": "Point",
        "coordinates": [
          11.8994089,
          48.2766188
        ]
      },
      "properties": {
        "id": 2471842916,
        "osm_type": "node",
        "name": "Bavaria Petrol",
        "brand": "OMV",
        "opening_hours": "Mo-Sa 06:30-20:30"
      }
    },
    {
      "type": "Feature",
      "geometry": {
        "type": "Point",
        "coordinates": [
          11.8524354,
          48.2837301
        ]
      },
      "properties": {
        "id": 8690797912,
        "osm_type": "node",
        "name": "Imkerei Thomas Bauer"
      }
    },
    {
      "type": "Feature",
      "geometry": {
        "type": "Point",
        "coordinates": [
          11.9005338,
          48.3012584
        ]
      },
      "properties": {
        "id": 2479390699,
        "osm_type": "node",
        "name": "Esso",
        "opening_hours": "Mo-Su 06:00-22:00"
      }
    },
    {
      "type": "Feature",
      "geometry": {
        "type": "Point",
        "coordinates": [
          11.9014017,
          48.2933606
        ]
      },
      "properties": {
        "id": 2485526701,
        "osm_type": "node",
        "name": "ServiceStoreDB",
        "opening_hours": "Mo-Fr 05:00-19:00; Sa 07:00-16:00; Su 08:00-14:00"
      }
    },
    {
      "type": "Feature",
      "geometry": {
        "type": "Point",
        "coordinates": [
          11.8863517,
          48.3067072
        ]
      },
      "properties": {
        "id": 2477339614,
        "osm_type": "node",
        "name": "Agip",
        "opening_hours": "Mo-Fr 05:00-24:00; Sa-Su 07:00-24:00"
      }
    },
    {
      "type": "Feature",
      "geometry": {
        "type": "Point",
        "coordinates": [
          11.8821037,
          48.3050461
        ]
      },
      "properties": {
        "id": 2484114593,
        "osm_type": "node",
        "name": "Cigo",
        "opening_hours": "Mo-Sa 08:00-20:00"
      }
    },
    {
      "type": "Feature",
      "geometry": {
        "type": "Point",
        "coordinates": [
          11.893121,
          48.3148715
        ]
      },
      "properties": {
        "id": 2482866371,
        "osm_type": "node",
        "name": "REWE To Go",
        "brand": "REWE To Go",
        "opening_hours": "24/7"
      }
    },
    {
      "type": "Feature",
      "geometry": {
        "type": "Point",
        "coordinates": [
          11.894533,
          48.3191968
        ]
      },
      "properties": {
        "id": 11026494359,
        "osm_type": "node",
        "opening_hours": "May-Aug: Mo-Sa 08:30-19:00; May-Aug: Su 09:30-18:00"
      }
    },
    {
      "type": "Feature",
      "geometry": {
        "type": "Point",
        "coordinates": [
          11.9066775,
          48.3096008
        ]
      },
      "properties": {
        "id": 2120921180,
        "osm_type": "node",
        "name": "Yek Markt",
        "opening_hours": "Mo-Sa 08:00-20:00"
      }
    },
    {
      "type": "Feature",
      "geometry": {
        "type": "Point",
        "coordinates": [
          11.9069186,
          48.3097372
        ]
      },
      "properties": {
        "id": 2275815924,
        "osm_type": "node",
        "name": "viet nam",
        "opening_hours": "Mo-Fr 11:00-20:00; Sa 11:00-18:00"
      }
    },
    {
      "type": "Feature",
      "geometry": {
        "type": "Point",
        "coordinates": [
          11.9013497,
          48.3033427
        ]
      },
      "properties": {
        "id": 2479365185,
        "osm_type": "node",
        "name": "Shell",
        "brand": "Shell",
        "opening_hours": "Mo-Fr 06:00-23:00; Sa,Su,PH 07:00-23:00"
      }
    },
    {
      "type": "Feature",
      "geometry": {
        "type": "Point",
        "coordinates": [
          11.9075591,
          48.3054919
        ]
      },
      "properties": {
        "id": 2482236440,
        "osm_type": "node",
        "name": "Weltladen Erding",
        "opening_hours": "Mo-Sa 10:00-14:00, Mo,Tu,Th,Fr 14:00-18:00; Su,PH off"
      }
    },
    {
      "type": "Feature",
      "geometry": {
        "type": "Point",
        "coordinates": [
          11.9076539,
          48.3082295
        ]
      },
      "properties": {
        "id": 2540218354,
        "osm_type": "node",
        "name": "Presse Schmalzbauer",
        "opening_hours": "Mo-Fr 08:00-18:00; Sa 08:00-13:00"
      }
    },
    {
      "type": "Feature",
      "geometry": {
        "type": "Point",
        "coordinates": [
          11.9013862,
          48.3034953
        ]
      },
      "properties": {
        "id": 8849289268,
        "osm_type": "node",
        "name": "Beppo's Steckerlfischbraterei",
        "opening_hours": "Fr,Sa 11:00-14:00"
      }
    },
    {
      "type": "Feature",
      "geometry": {
        "type": "Point",
        "coordinates": [
          11.9078168,
          48.3066075
        ]
      },
      "properties": {
        "id": 11150249091,
        "osm_type": "node",
        "name": "Kiosk Erding",
        "opening_hours": "Mo,Th 09:00-18:00; Tu,We,Fr 07:30-18:00; Sa 07:30-16:30"
      }
    },
    {
      "type": "Feature",
      "geometry": {
        "type": "Point",
        "coordinates": [
          11.9125228,
          48.3039802
        ]
      },
      "properties": {
        "id": 7055374700,
        "osm_type": "node",
        "name": "ServiceStore DB",
        "brand": "ServiceStore DB",
        "opening_hours": "Mo-Fr 08:00-19:00; Sa 08:00-16:00; Su 08:00-13:00"
      }
    },
    {
      "type": "Feature",
      "geometry": {
        "type": "Point",
        "coordinates": [
          11.9108745,
          48.3058943
        ]
      },
      "properties": {
        "id": 8848043252,
        "osm_type": "node",
        "name": "435"
      }
    },
    {
      "type": "Feature",
      "geometry": {
        "type": "Point",
        "coordinates": [
          11.9193617,
          48.3112148
        ]
      },
      "properties": {
        "id": 2477364051,
        "osm_type": "node",
        "name": "Jet",
        "opening_hours": "Mo-Su,PH 06:00-23:00"
      }
    },
    {
      "type": "Feature",
      "geometry": {
        "type": "Point",
        "coordinates": [
          11.9191819,
          48.3110632
        ]
      },
      "properties": {
        "id": 7996709934,
        "osm_type": "node",
        "name": "Bierstüberl"
      }
    },
    {
      "type": "Feature",
      "geometry": {
        "type": "Point",
        "coordinates": [
          11.9151335,
          48.3134732
        ]
      },
      "properties": {
        "id": 10978619986,
        "osm_type": "node"
      }
    },
    {
      "type": "Feature",
      "geometry": {
        "type": "Point",
        "coordinates": [
          11.9117405,
          48.3201056
        ]
      },
      "properties": {
        "id": 2523923847,
        "osm_type": "node",
        "name": "Schupfawirt \"Beim Hias\""
      }
    },
    {
      "type": "Feature",
      "geometry": {
        "type": "Point",
        "coordinates": [
          11.9078977,
          48.3188158
        ]
      },
      "properties": {
        "id": 2524631066,
        "osm_type": "node",
        "name": "Minigolf Erding",
        "opening_hours": "Mo-Fr 14:00-21:00; Sa-Su 13:00-21:00"
      }
    },
    {
      "type": "Feature",
      "geometry": {
        "type": "Point",
        "coordinates": [
          11.9093738,
          48.3186747
        ]
      },
      "properties": {
        "id": 6775130837,
        "osm_type": "node",
        "name": "Trampolin Erding",
        "opening_hours": "Mar-Oct 13:00+ || \"bei schönen Wetter\"; SH 10:00+ || \"bei schönen Wetter\"; Nov-Feb off"
      }
    },
    {
      "type": "Feature",
      "geometry": {
        "type": "Point",
        "coordinates": [
          11.9242087,
          48.3254955
        ]
      },
      "properties": {
        "id": 2528440635,
        "osm_type": "node",
        "name": "Kramer z`Geisling",
        "opening_hours": "Mo-Th 06:30-15:00; Fr 06:30-18:00; Sa 06:30-12:00"
      }
    },
    {
      "type": "Feature",
      "geometry": {
        "type": "Point",
        "coordinates": [
          11.7644891,
          48.3564054
        ]
      },
      "properties": {
        "id": 1495882778,
        "osm_type": "node",
        "name": "Ringeltaube",
        "opening_hours": "Mo-Fr 09:00-18:30; Sa 10:00-16:00"
      }
    },
    {
      "type": "Feature",
      "geometry": {
        "type": "Point",
        "coordinates": [
          11.7643039,
          48.3843281
        ]
      },
      "properties": {
        "id": 448169235,
        "osm_type": "node",
        "name": "Esso",
        "brand": "Esso",
        "opening_hours": "Mo-Fr 05:00-22:00; Sa,Su,PH 07:00-22:00"
      }
    },
    {
      "type": "Feature",
      "geometry": {
        "type": "Point",
        "coordinates": [
          11.7444358,
          48.395492
        ]
      },
      "properties": {
        "id": 1377453605,
        "osm_type": "node",
        "name": "Yorma's",
        "brand": "Yorma's",
        "opening_hours": "Mo-Fr 05:00-21:00; Sa,Su,PH 07:00-21:00"
      }
    },
    {
      "type": "Feature",
      "geometry": {
        "type": "Point",
        "coordinates": [
          11.745235,
          48.4009729
        ]
      },
      "properties": {
        "id": 10777259279,
        "osm_type": "node",
        "name": "City Shop Freising",
        "opening_hours": "Mo-Sa 08:00-20:00"
      }
    },
    {
      "type": "Feature",
      "geometry": {
        "type": "Point",
        "coordinates": [
          11.7484458,
          48.4016513
        ]
      },
      "properties": {
        "id": 1376792030,
        "osm_type": "node",
        "name": "Kiosk 45",
        "opening_hours": "Mo-Sa 10:00-22:00; Su 10:00-20:00"
      }
    },
    {
      "type": "Feature",
      "geometry": {
        "type": "Point",
        "coordinates": [
          11.755008,
          48.4047986
        ]
      },
      "properties": {
        "id": 7864490844,
        "osm_type": "node",
        "name": "Daschingerhof – Dein regionaler Bioladen 24/7",
        "opening_hours": "24/7"
      }
    },
    {
      "type": "Feature",
      "geometry": {
        "type": "Point",
        "coordinates": [
          11.7607378,
          48.4063696
        ]
      },
      "properties": {
        "id": 5818054028,
        "osm_type": "node",
        "name": "Spar Express",
        "brand": "Spar",
        "opening_hours": "Mo-Su,PH 06:00-22:00"
      }
    },
    {
      "type": "Feature",
      "geometry": {
        "type": "Point",
        "coordinates": [
          11.8201565,
          48.3959082
        ]
      },
      "properties": {
        "id": 12281664201,
        "osm_type": "node",
        "name": "Riedl's Eierhütt"
      }
    },
    {
      "type": "Feature",
      "geometry": {
        "type": "Point",
        "coordinates": [
          11.7649708,
          48.4521112
        ]
      },
      "properties": {
        "id": 27185055,
        "osm_type": "node",
        "name": "Esso",
        "brand": "Esso",
        "opening_hours": "05:00-22:00"
      }
    },
    {
      "type": "Feature",
      "geometry": {
        "type": "Point",
        "coordinates": [
          11.7693221,
          48.4507018
        ]
      },
      "properties": {
        "id": 2860109023,
        "osm_type": "node",
        "name": "Lotto & Schreibwaren Koppe",
        "opening_hours": "Tu-Th 08:00-12:00,14:00-17:30; Fr 07:30-12:00,14:00-18:00; Sa 07:30-12:00"
      }
    },
    {
      "type": "Feature",
      "geometry": {
        "type": "Point",
        "coordinates": [
          11.8424192,
          48.4342748
        ]
      },
      "properties": {
        "id": 26583802,
        "osm_type": "node",
        "name": "Esso",
        "brand": "Esso",
        "opening_hours": "Mo-Sa 05:00-23:00; Su,PH 06:00-23:00"
      }
    },
    {
      "type": "Feature",
      "geometry": {
        "type": "Point",
        "coordinates": [
          12.0017454,
          48.3321767
        ]
      },
      "properties": {
        "id": 6211137651,
        "osm_type": "node",
        "name": "Lebensmittel Auer",
        "opening_hours": "Mo-Fr 05:30-18:30; Sa 05:30-14:00"
      }
    },
    {
      "type": "Feature",
      "geometry": {
        "type": "Point",
        "coordinates": [
          12.1505144,
          48.2724835
        ]
      },
      "properties": {
        "id": 7660226595,
        "osm_type": "node",
        "name": "Fair Weltladen Dorfen",
        "opening_hours": "Mo-Fr 09:00-18:00; Sa 09:00-12:30"
      }
    },
    {
      "type": "Feature",
      "geometry": {
        "type": "Point",
        "coordinates": [
          12.1534532,
          48.2745882
        ]
      },
      "properties": {
        "id": 12016321445,
        "osm_type": "node",
        "name": "Bauernmarkt",
        "opening_hours": "Fr 11:30-16:00"
      }
    },
    {
      "type": "Feature",
      "geometry": {
        "type": "Point",
        "coordinates": [
          12.1316655,
          48.3427844
        ]
      },
      "properties": {
        "id": 5513674277,
        "osm_type": "node",
        "name": "Tafel Laden Taufkirchen"
      }
    },
    {
      "type": "Feature",
      "geometry": {
        "type": "Point",
        "coordinates": [
          11.9879981,
          48.404085
        ]
      },
      "properties": {
        "id": 255578341,
        "osm_type": "node",
        "name": "Tankstelle Deimel",
        "brand": "Independent",
        "opening_hours": "24/7"
      }
    },
    {
      "type": "Feature",
      "geometry": {
        "type": "Point",
        "coordinates": [
          11.9878942,
          48.4041671
        ]
      },
      "properties": {
        "id": 2290179384,
        "osm_type": "node",
        "name": "BFT-Shop"
      }
    },
    {
      "type": "Feature",
      "geometry": {
        "type": "Point",
        "coordinates": [
          12.0619356,
          48.4107532
        ]
      },
      "properties": {
        "id": 1710567542,
        "osm_type": "node",
        "name": "Strohmeier"
      }
    },
    {
      "type": "Feature",
      "geometry": {
        "type": "Point",
        "coordinates": [
          11.8054377,
          48.537097
        ]
      },
      "properties": {
        "id": 1188852474,
        "osm_type": "node",
        "name": "Nandlstädter Marktladerl",
        "opening_hours": "Tu-Sa 08:30-12:00"
      }
    },
    {
      "type": "Feature",
      "geometry": {
        "type": "Point",
        "coordinates": [
          11.9387991,
          48.4653395
        ]
      },
      "properties": {
        "id": 9534120523,
        "osm_type": "node",
        "name": "Shell",
        "brand": "Shell",
        "opening_hours": "Mo-Fr 06:00-21:00; Sa,Su,PH 07:00-21:00"
      }
    },
    {
      "type": "Feature",
      "geometry": {
        "type": "Point",
        "coordinates": [
          11.9374384,
          48.4682139
        ]
      },
      "properties": {
        "id": 4307729565,
        "osm_type": "node",
        "name": "Eine-Welt-Laden Moosburg",
        "opening_hours": "Th,Fr 09:00-12:00,14:00-18:00; Sa 08:00-12:00"
      }
    },
    {
      "type": "Feature",
      "geometry": {
        "type": "Point",
        "coordinates": [
          11.8652747,
          48.5486711
        ]
      },
      "properties": {
        "id": 2182238464,
        "osm_type": "node"
      }
    },
    {
      "type": "Feature",
      "geometry": {
        "type": "Point",
        "coordinates": [
          11.7848883,
          48.6419717
        ]
      },
      "properties": {
        "id": 2011274706,
        "osm_type": "node",
        "name": "Weinmayer"
      }
    },
    {
      "type": "Feature",
      "geometry": {
        "type": "Point",
        "coordinates": [
          11.7854741,
          48.6492617
        ]
      },
      "properties": {
        "id": 896359157,
        "osm_type": "node",
        "name": "Avia",
        "brand": "Avia",
        "opening_hours": "Mo-Fr 05:00-22:00; Sa,Su,PH 07:00-22:00"
      }
    },
    {
      "type": "Feature",
      "geometry": {
        "type": "Point",
        "coordinates": [
          12.0915316,
          48.5462729
        ]
      },
      "properties": {
        "id": 1177854329,
        "osm_type": "node",
        "name": "Markt Robin"
      }
    },
    {
      "type": "Feature",
      "geometry": {
        "type": "Point",
        "coordinates": [
          12.1007725,
          48.5402228
        ]
      },
      "properties": {
        "id": 3949923346,
        "osm_type": "node",
        "name": "Braun UG"
      }
    },
    {
      "type": "Feature",
      "geometry": {
        "type": "Point",
        "coordinates": [
          12.1493154,
          48.5236256
        ]
      },
      "properties": {
        "id": 12237589405,
        "osm_type": "node",
        "name": "Bistro Shop"
      }
    },
    {
      "type": "Feature",
      "geometry": {
        "type": "Point",
        "coordinates": [
          12.1394526,
          48.5347666
        ]
      },
      "properties": {
        "id": 12628153638,
        "osm_type": "node",
        "name": "Onkel Arif",
        "opening_hours": "Mo,We-Sa 07:00-18:00; Tu 07:00-12:00; Su off"
      }
    },
    {
      "type": "Feature",
      "geometry": {
        "type": "Point",
        "coordinates": [
          12.1501787,
          48.5361323
        ]
      },
      "properties": {
        "id": 3941821023,
        "osm_type": "node",
        "name": "Nittiya's Asien-Shop & Thai-Imbis",
        "opening_hours": "Mo-Fr 09:30-19:00, Sa 09:30-16:00"
      }
    },
    {
      "type": "Feature",
      "geometry": {
        "type": "Point",
        "coordinates": [
          12.1499249,
          48.5349818
        ]
      },
      "properties": {
        "id": 3969131177,
        "osm_type": "node",
        "name": "vomFass Landshut",
        "opening_hours": "Mo-Fr 09:00-18:00; Sa 09:00-15:00"
      }
    },
    {
      "type": "Feature",
      "geometry": {
        "type": "Point",
        "coordinates": [
          12.1529839,
          48.5360972
        ]
      },
      "properties": {
        "id": 923885556,
        "osm_type": "node",
        "name": "Weltladen Landshut",
        "brand": "Weltladen",
        "opening_hours": "Mo-Fr 09:00-18:00 Sa 10:00-16:00"
      }
    },
    {
      "type": "Feature",
      "geometry": {
        "type": "Point",
        "coordinates": [
          12.1531497,
          48.5349563
        ]
      },
      "properties": {
        "id": 8971381851,
        "osm_type": "node",
        "name": "Haus der Tees, Kräuter und Gewürze",
        "opening_hours": "Th 10:00-18:00; Tu,We 10:00-16:00; Fr 10:00-16:00; Sa 10:00-14:00"
      }
    },
    {
      "type": "Feature",
      "geometry": {
        "type": "Point",
        "coordinates": [
          12.1518353,
          48.5376187
        ]
      },
      "properties": {
        "id": 9772693636,
        "osm_type": "node",
        "name": "Thai-Mint"
      }
    },
    {
      "type": "Feature",
      "geometry": {
        "type": "Point",
        "coordinates": [
          12.1537192,
          48.5357886
        ]
      },
      "properties": {
        "id": 10889847208,
        "osm_type": "node",
        "name": "Zimtschneckal & Zwidawurz",
        "opening_hours": "We-Fr 09:00-18:00; Sa 10:00-16:00"
      }
    },
    {
      "type": "Feature",
      "geometry": {
        "type": "Point",
        "coordinates": [
          12.1418567,
          48.5454927
        ]
      },
      "properties": {
        "id": 9931647139,
        "osm_type": "node",
        "name": "Lotto Bayern",
        "brand": "Lotto",
        "opening_hours": "Mo-Sa 08:00-13:00; Mo-Fr 13:00-18:00; PH closed"
      }
    },
    {
      "type": "Feature",
      "geometry": {
        "type": "Point",
        "coordinates": [
          12.141257,
          48.5409504
        ]
      },
      "properties": {
        "id": 13591089810,
        "osm_type": "node",
        "name": "REWE To Go",
        "brand": "REWE To Go"
      }
    },
    {
      "type": "Feature",
      "geometry": {
        "type": "Point",
        "coordinates": [
          12.150363,
          48.5404283
        ]
      },
      "properties": {
        "id": 922906313,
        "osm_type": "node",
        "name": "Aulechner Tabakwaren"
      }
    },
    {
      "type": "Feature",
      "geometry": {
        "type": "Point",
        "coordinates": [
          12.1484842,
          48.5429888
        ]
      },
      "properties": {
        "id": 12710077107,
        "osm_type": "node",
        "name": "24/7 Kiosk",
        "opening_hours": "24/7"
      }
    },
    {
      "type": "Feature",
      "geometry": {
        "type": "Point",
        "coordinates": [
          12.1561053,
          48.5394846
        ]
      },
      "properties": {
        "id": 3895585076,
        "osm_type": "node",
        "name": "Eurokiosk"
      }
    },
    {
      "type": "Feature",
      "geometry": {
        "type": "Point",
        "coordinates": [
          12.1506847,
          48.5395401
        ]
      },
      "properties": {
        "id": 6624447475,
        "osm_type": "node"
      }
    },
    {
      "type": "Feature",
      "geometry": {
        "type": "Point",
        "coordinates": [
          12.152828,
          48.5618269
        ]
      },
      "properties": {
        "id": 12186756337,
        "osm_type": "node"
      }
    },
    {
      "type": "Feature",
      "geometry": {
        "type": "Point",
        "coordinates": [
          12.0258338,
          48.5903323
        ]
      },
      "properties": {
        "id": 2270592437,
        "osm_type": "node",
        "name": "Dorfladen Furth",
        "opening_hours": "Mo-Fr 08:00-18:00; Sa 08:00-12:00"
      }
    },
    {
      "type": "Feature",
      "geometry": {
        "type": "Point",
        "coordinates": [
          12.2639304,
          48.2716324
        ]
      },
      "properties": {
        "id": 438477334,
        "osm_type": "node",
        "name": "Feinkost Acar"
      }
    },
    {
      "type": "Feature",
      "geometry": {
        "type": "Point",
        "coordinates": [
          12.2733517,
          48.3070468
        ]
      },
      "properties": {
        "id": 10214590437,
        "osm_type": "node",
        "name": "Koller's Genussladen",
        "opening_hours": "Mo, We 15:00-18:00; Fr 9:00-14:00; Sa 9:00-12:00"
      }
    },
    {
      "type": "Feature",
      "geometry": {
        "type": "Point",
        "coordinates": [
          12.2738826,
          48.3125432
        ]
      },
      "properties": {
        "id": 12090186669,
        "osm_type": "node"
      }
    },
    {
      "type": "Feature",
      "geometry": {
        "type": "Point",
        "coordinates": [
          12.30713,
          48.364953
        ]
      },
      "properties": {
        "id": 6744997845,
        "osm_type": "node",
        "name": "Dorfkrämerei Pauluszell"
      }
    },
    {
      "type": "Feature",
      "geometry": {
        "type": "Point",
        "coordinates": [
          12.347854,
          48.4473959
        ]
      },
      "properties": {
        "id": 3919695837,
        "osm_type": "node",
        "name": "Reisekiosk Vilsbiburg",
        "opening_hours": "Mo 05:30-11:00, 12:40-15:30; Tu-Fr 06:30-11:00, 12:40-15:30"
      }
    },
    {
      "type": "Feature",
      "geometry": {
        "type": "Point",
        "coordinates": [
          12.3576209,
          48.4474445
        ]
      },
      "properties": {
        "id": 6798253519,
        "osm_type": "node",
        "name": "Walnuss Unverpacktladen",
        "opening_hours": "Tu, We 08:30-12:00; Th 15:00-19:00; Fr 08:30-12:00, 15:00-19:00; Sa 08:00-12:30"
      }
    },
    {
      "type": "Feature",
      "geometry": {
        "type": "Point",
        "coordinates": [
          12.3523395,
          48.4491078
        ]
      },
      "properties": {
        "id": 2339784641,
        "osm_type": "node",
        "name": "Optic Seisenberger"
      }
    },
    {
      "type": "Feature",
      "geometry": {
        "type": "Point",
        "coordinates": [
          12.351446,
          48.4490061
        ]
      },
      "properties": {
        "id": 2361867370,
        "osm_type": "node",
        "name": "Vilsbiburger Zeitung"
      }
    },
    {
      "type": "Feature",
      "geometry": {
        "type": "Point",
        "coordinates": [
          12.4109069,
          48.2541395
        ]
      },
      "properties": {
        "id": 610294193,
        "osm_type": "node",
        "name": "Lokstadl"
      }
    },
    {
      "type": "Feature",
      "geometry": {
        "type": "Point",
        "coordinates": [
          12.4139477,
          48.2621956
        ]
      },
      "properties": {
        "id": 2344563050,
        "osm_type": "node",
        "name": "Salut Kiosk"
      }
    },
    {
      "type": "Feature",
      "geometry": {
        "type": "Point",
        "coordinates": [
          12.4638383,
          48.2540649
        ]
      },
      "properties": {
        "id": 2339060036,
        "osm_type": "node",
        "name": "Dorfladen Mettenheim e.G."
      }
    },
    {
      "type": "Feature",
      "geometry": {
        "type": "Point",
        "coordinates": [
          12.4479366,
          48.2951773
        ]
      },
      "properties": {
        "id": 10140210654,
        "osm_type": "node",
        "name": "Hofladen Eberharting",
        "opening_hours": "Th 09:00-13:00"
      }
    },
    {
      "type": "Feature",
      "geometry": {
        "type": "Point",
        "coordinates": [
          12.5333222,
          48.2565182
        ]
      },
      "properties": {
        "id": 4734707228,
        "osm_type": "node",
        "name": "Total",
        "brand": "Total",
        "opening_hours": "Mo-Fr 06:00-21:00; Sa 07:00-21:00; Su 08:00-21:00"
      }
    },
    {
      "type": "Feature",
      "geometry": {
        "type": "Point",
        "coordinates": [
          12.5367475,
          48.2610358
        ]
      },
      "properties": {
        "id": 293733939,
        "osm_type": "node"
      }
    },
    {
      "type": "Feature",
      "geometry": {
        "type": "Point",
        "coordinates": [
          12.4532152,
          48.3915694
        ]
      },
      "properties": {
        "id": 4909029324,
        "osm_type": "node",
        "name": "OMV",
        "brand": "OMV",
        "opening_hours": "24/7"
      }
    },
    {
      "type": "Feature",
      "geometry": {
        "type": "Point",
        "coordinates": [
          12.1637419,
          48.5632881
        ]
      },
      "properties": {
        "id": 9988710911,
        "osm_type": "node",
        "name": "Asia Shop"
      }
    },
    {
      "type": "Feature",
      "geometry": {
        "type": "Point",
        "coordinates": [
          12.1769739,
          48.6687901
        ]
      },
      "properties": {
        "id": 2558381561,
        "osm_type": "node",
        "name": "Kolbeck"
      }
    },
    {
      "type": "Feature",
      "geometry": {
        "type": "Point",
        "coordinates": [
          12.4250915,
          48.5048344
        ]
      },
      "properties": {
        "id": 7939818084,
        "osm_type": "node",
        "name": "Shell Select",
        "brand": "Shell Select",
        "opening_hours": "Mo-Fr 06:30-19:00; Sa 07:00-19:00"
      }
    },
    {
      "type": "Feature",
      "geometry": {
        "type": "Point",
        "coordinates": [
          12.4622469,
          48.4779895
        ]
      },
      "properties": {
        "id": 1579788699,
        "osm_type": "node",
        "name": "Klosterladen",
        "opening_hours": "Mo-Fr 06:30-11:00; Mo,We,Fr 16:00-18:00; Sa 6:30-12:00"
      }
    },
    {
      "type": "Feature",
      "geometry": {
        "type": "Point",
        "coordinates": [
          12.4569493,
          48.603751
        ]
      },
      "properties": {
        "id": 700211798,
        "osm_type": "node",
        "name": "Kartoffel Gnambs"
      }
    },
    {
      "type": "Feature",
      "geometry": {
        "type": "Point",
        "coordinates": [
          12.4287176,
          48.6356371
        ]
      },
      "properties": {
        "id": 2590553555,
        "osm_type": "node",
        "name": "Sieber"
      }
    },
    {
      "type": "Feature",
      "geometry": {
        "type": "Point",
        "coordinates": [
          12.4440516,
          48.6394105
        ]
      },
      "properties": {
        "id": 271147996,
        "osm_type": "node",
        "name": "Tankstelle Bayer",
        "brand": "Independent",
        "opening_hours": "24/7"
      }
    },
    {
      "type": "Feature",
      "geometry": {
        "type": "Point",
        "coordinates": [
          12.4971269,
          48.6299658
        ]
      },
      "properties": {
        "id": 6848248386,
        "osm_type": "node",
        "name": "Cramele Balica"
      }
    },
    {
      "type": "Feature",
      "geometry": {
        "type": "Point",
        "coordinates": [
          12.4981848,
          48.6287538
        ]
      },
      "properties": {
        "id": 6566516003,
        "osm_type": "node",
        "name": "Weltladen Dingolfing",
        "brand": "Weltladen"
      }
    },
    {
      "type": "Feature",
      "geometry": {
        "type": "Point",
        "coordinates": [
          12.496183,
          48.636278
        ]
      },
      "properties": {
        "id": 7058153986,
        "osm_type": "node",
        "name": "Rewe To Go",
        "brand": "Rewe To Go"
      }
    },
    {
      "type": "Feature",
      "geometry": {
        "type": "Point",
        "coordinates": [
          12.5087754,
          48.6374576
        ]
      },
      "properties": {
        "id": 1109546553,
        "osm_type": "node",
        "name": "Kiosk Freizeitpark"
      }
    },
    {
      "type": "Feature",
      "geometry": {
        "type": "Point",
        "coordinates": [
          12.4844686,
          48.6453037
        ]
      },
      "properties": {
        "id": 7364911244,
        "osm_type": "node",
        "name": "OMV",
        "brand": "OMV",
        "opening_hours": "24/7"
      }
    },
    {
      "type": "Feature",
      "geometry": {
        "type": "Point",
        "coordinates": [
          12.4968351,
          48.6448361
        ]
      },
      "properties": {
        "id": 12428313402,
        "osm_type": "node",
        "name": "Intermarkt",
        "opening_hours": "Mo-Fr 9:00-19:00 Sa 9:00-15:00"
      }
    },
    {
      "type": "Feature",
      "geometry": {
        "type": "Point",
        "coordinates": [
          11.809535,
          48.733892
        ]
      },
      "properties": {
        "id": 3196762991,
        "osm_type": "node",
        "name": "Getränkemarkt"
      }
    },
    {
      "type": "Feature",
      "geometry": {
        "type": "Point",
        "coordinates": [
          11.763549,
          48.8088544
        ]
      },
      "properties": {
        "id": 6551185341,
        "osm_type": "node",
        "name": "Mini Mix",
        "brand": "Mini Mix",
        "opening_hours": "Mo-Fr 09:00-19:00; Sa 09:00-18:00"
      }
    },
    {
      "type": "Feature",
      "geometry": {
        "type": "Point",
        "coordinates": [
          11.787621,
          48.8183688
        ]
      },
      "properties": {
        "id": 1427237743,
        "osm_type": "node",
        "name": "Edeka",
        "opening_hours": "Mo-Fr 07:30-18:00; Sa 07:30-12:30"
      }
    },
    {
      "type": "Feature",
      "geometry": {
        "type": "Point",
        "coordinates": [
          11.8195288,
          48.8397271
        ]
      },
      "properties": {
        "id": 1770436823,
        "osm_type": "node",
        "name": "Forster",
        "opening_hours": "Tu-Fr,Sa 06:00-12:00"
      }
    },
    {
      "type": "Feature",
      "geometry": {
        "type": "Point",
        "coordinates": [
          11.8490518,
          48.8151824
        ]
      },
      "properties": {
        "id": 7894369909,
        "osm_type": "node",
        "name": "Barthmann",
        "opening_hours": "Mo-Fr 06:30-22:00; Sa,Su,PH 08:00-22:00"
      }
    },
    {
      "type": "Feature",
      "geometry": {
        "type": "Point",
        "coordinates": [
          12.0267609,
          48.7016158
        ]
      },
      "properties": {
        "id": 9672872667,
        "osm_type": "node",
        "name": "Lebensmittelpunkt"
      }
    },
    {
      "type": "Feature",
      "geometry": {
        "type": "Point",
        "coordinates": [
          12.0074004,
          48.8614663
        ]
      },
      "properties": {
        "id": 11111789454,
        "osm_type": "node",
        "name": "Mehrl's Milchheisl",
        "opening_hours": "24/7"
      }
    },
    {
      "type": "Feature",
      "geometry": {
        "type": "Point",
        "coordinates": [
          11.7602661,
          48.9103999
        ]
      },
      "properties": {
        "id": 912428627,
        "osm_type": "node",
        "name": "Eierverkauf",
        "opening_hours": "Mo-Fr 08:00-14:00; Sa 08:00-12:00"
      }
    },
    {
      "type": "Feature",
      "geometry": {
        "type": "Point",
        "coordinates": [
          11.8722569,
          48.9165206
        ]
      },
      "properties": {
        "id": 3099324865,
        "osm_type": "node",
        "name": "Naturkost",
        "opening_hours": "Mo-Fr 09:00-19:00; Sa 09:00-12:00"
      }
    },
    {
      "type": "Feature",
      "geometry": {
        "type": "Point",
        "coordinates": [
          11.8723955,
          48.9192049
        ]
      },
      "properties": {
        "id": 3520703723,
        "osm_type": "node",
        "name": "CariMarkt - nahkauf",
        "opening_hours": "Mo-Fr 08:00-18:30; Sa 08:00-13:00"
      }
    },
    {
      "type": "Feature",
      "geometry": {
        "type": "Point",
        "coordinates": [
          11.8721348,
          48.9180855
        ]
      },
      "properties": {
        "id": 10052084346,
        "osm_type": "node",
        "name": "Natürlich unverpackt",
        "opening_hours": "Sa 08:00-13:00; Mo,We 08:30-13:00; Tu,Th,Fr 08:30-18:00"
      }
    },
    {
      "type": "Feature",
      "geometry": {
        "type": "Point",
        "coordinates": [
          11.8711362,
          48.9186627
        ]
      },
      "properties": {
        "id": 12264440844,
        "osm_type": "node",
        "name": "Sulaiman Markt"
      }
    },
    {
      "type": "Feature",
      "geometry": {
        "type": "Point",
        "coordinates": [
          11.8726744,
          48.919785
        ]
      },
      "properties": {
        "id": 5749915127,
        "osm_type": "node"
      }
    },
    {
      "type": "Feature",
      "geometry": {
        "type": "Point",
        "coordinates": [
          11.7595809,
          49.0380475
        ]
      },
      "properties": {
        "id": 4398670623,
        "osm_type": "node"
      }
    },
    {
      "type": "Feature",
      "geometry": {
        "type": "Point",
        "coordinates": [
          11.8192794,
          49.0892142
        ]
      },
      "properties": {
        "id": 4116858069,
        "osm_type": "node"
      }
    },
    {
      "type": "Feature",
      "geometry": {
        "type": "Point",
        "coordinates": [
          11.8849883,
          49.0652946
        ]
      },
      "properties": {
        "id": 1630760762,
        "osm_type": "node",
        "name": "EDEKA Wendl"
      }
    },
    {
      "type": "Feature",
      "geometry": {
        "type": "Point",
        "coordinates": [
          12.0647906,
          48.9729388
        ]
      },
      "properties": {
        "id": 13590782583,
        "osm_type": "node",
        "name": "REWE To Go",
        "brand": "REWE To Go"
      }
    },
    {
      "type": "Feature",
      "geometry": {
        "type": "Point",
        "coordinates": [
          12.0354141,
          48.9914721
        ]
      },
      "properties": {
        "id": 307734354,
        "osm_type": "node",
        "name": "Natur- und Feinkost Jana Mandolini"
      }
    },
    {
      "type": "Feature",
      "geometry": {
        "type": "Point",
        "coordinates": [
          12.05223,
          49.0130343
        ]
      },
      "properties": {
        "id": 1309332775,
        "osm_type": "node",
        "name": "Papeteriewelt",
        "opening_hours": "Mo-Th 08:30-13:00,13:30-18:00; Fr 08:30-18:00; Sa 08:30-14:00"
      }
    },
    {
      "type": "Feature",
      "geometry": {
        "type": "Point",
        "coordinates": [
          11.9599244,
          49.0590392
        ]
      },
      "properties": {
        "id": 3688199186,
        "osm_type": "node",
        "opening_hours": "Mo-Su 08:00-12:00, 14:00-21:00"
      }
    },
    {
      "type": "Feature",
      "geometry": {
        "type": "Point",
        "coordinates": [
          11.9570029,
          49.0727035
        ]
      },
      "properties": {
        "id": 5501859572,
        "osm_type": "node",
        "name": "Klosterstadl",
        "opening_hours": "Mo-Tu,Th-Fr 07:30-17:00; Sa 08:00-12:00; Su,PH off"
      }
    },
    {
      "type": "Feature",
      "geometry": {
        "type": "Point",
        "coordinates": [
          12.0691742,
          48.9972882
        ]
      },
      "properties": {
        "id": 2047702677,
        "osm_type": "node",
        "name": "Der Presseshop",
        "opening_hours": "Mo-Fr 08:30-12:00,14:00-18:00; Sa 08:30-12:30"
      }
    },
    {
      "type": "Feature",
      "geometry": {
        "type": "Point",
        "coordinates": [
          12.0621276,
          49.0070691
        ]
      },
      "properties": {
        "id": 1393724637,
        "osm_type": "node",
        "name": "Lotto-Presse-Tabak",
        "opening_hours": "Mo-Sa 9:00-20:00"
      }
    },
    {
      "type": "Feature",
      "geometry": {
        "type": "Point",
        "coordinates": [
          12.0907223,
          48.9877984
        ]
      },
      "properties": {
        "id": 7960923740,
        "osm_type": "node",
        "opening_hours": "Mo-Fr 08:00-15:00; PH,Sa,Su 10:00-15:00"
      }
    },
    {
      "type": "Feature",
      "geometry": {
        "type": "Point",
        "coordinates": [
          12.0848562,
          49.0051351
        ]
      },
      "properties": {
        "id": 6946218984,
        "osm_type": "node",
        "name": "Lotto St. Wolfgang",
        "opening_hours": "Mo 08:00-12:00; Tu-Fr 08:00-12:00, 15:00-18:00; Sa 08:00-12:00"
      }
    },
    {
      "type": "Feature",
      "geometry": {
        "type": "Point",
        "coordinates": [
          12.1033193,
          49.0097158
        ]
      },
      "properties": {
        "id": 6531873416,
        "osm_type": "node",
        "name": "Singh",
        "opening_hours": "Mo-Fr 09:30-20:00; Sa 09:30-20:00"
      }
    },
    {
      "type": "Feature",
      "geometry": {
        "type": "Point",
        "coordinates": [
          12.0616359,
          49.0249186
        ]
      },
      "properties": {
        "id": 320935097,
        "osm_type": "node",
        "name": "Tabak&Press",
        "opening_hours": "Mo-Th 08:00-12:30,14:00-18:00; Fr 08:00-18:00; Sa 07:30-13:00"
      }
    },
    {
      "type": "Feature",
      "geometry": {
        "type": "Point",
        "coordinates": [
          12.0978937,
          49.0157777
        ]
      },
      "properties": {
        "id": 734300785,
        "osm_type": "node",
        "name": "HUHU Asia Shop"
      }
    },
    {
      "type": "Feature",
      "geometry": {
        "type": "Point",
        "coordinates": [
          12.0963623,
          49.0165908
        ]
      },
      "properties": {
        "id": 1940086998,
        "osm_type": "node",
        "name": "Hongkong Market",
        "opening_hours": "Mo-Fr 10:00-18:00; Sa 10:00-16:00; Su,PH off"
      }
    },
    {
      "type": "Feature",
      "geometry": {
        "type": "Point",
        "coordinates": [
          12.0945471,
          49.0164187
        ]
      },
      "properties": {
        "id": 3880849860,
        "osm_type": "node",
        "name": "Weltladen una terra",
        "opening_hours": "Mo-Fr 10:00-18:00; Sa 10:00-16:00"
      }
    },
    {
      "type": "Feature",
      "geometry": {
        "type": "Point",
        "coordinates": [
          12.094618,
          49.0167687
        ]
      },
      "properties": {
        "id": 4826974726,
        "osm_type": "node",
        "name": "Füllgut - Die Mehrwegerei",
        "opening_hours": "Sa 10:00-16:00; Tu 14:00-16:00; We-Fr 11:00-18:00"
      }
    },
    {
      "type": "Feature",
      "geometry": {
        "type": "Point",
        "coordinates": [
          12.0904796,
          49.0198274
        ]
      },
      "properties": {
        "id": 7042277285,
        "osm_type": "node",
        "name": "Schlemmer Dou",
        "opening_hours": "Tu-Fr 10:00-14:00, 15:00-18:00; Sa 10:00-16:00"
      }
    },
    {
      "type": "Feature",
      "geometry": {
        "type": "Point",
        "coordinates": [
          12.0959826,
          49.0211231
        ]
      },
      "properties": {
        "id": 1437587567,
        "osm_type": "node",
        "name": "Spätsünder"
      }
    },
    {
      "type": "Feature",
      "geometry": {
        "type": "Point",
        "coordinates": [
          12.0924681,
          49.0213165
        ]
      },
      "properties": {
        "id": 1733444651,
        "osm_type": "node",
        "name": "Frau Kaiser",
        "opening_hours": "We,Th 17:00-23:00, Fr 17:00-24:00, Sa 15:00-01:00, Su 15:00-21:00; Mo,Tu off"
      }
    },
    {
      "type": "Feature",
      "geometry": {
        "type": "Point",
        "coordinates": [
          12.0967402,
          49.0180137
        ]
      },
      "properties": {
        "id": 8182449960,
        "osm_type": "node",
        "name": "What the Kiosk?",
        "opening_hours": "Mo-Fr 07:00-18:00; Sa 09:00-18:00; Su 10:00-16:00"
      }
    },
    {
      "type": "Feature",
      "geometry": {
        "type": "Point",
        "coordinates": [
          12.097523,
          49.0187605
        ]
      },
      "properties": {
        "id": 8889895772,
        "osm_type": "node",
        "name": "24 sieben",
        "opening_hours": "24/7"
      }
    },
    {
      "type": "Feature",
      "geometry": {
        "type": "Point",
        "coordinates": [
          12.0959591,
          49.0211366
        ]
      },
      "properties": {
        "id": 9007579217,
        "osm_type": "node",
        "name": "Spætsünder"
      }
    },
    {
      "type": "Feature",
      "geometry": {
        "type": "Point",
        "coordinates": [
          12.0951912,
          49.019979
        ]
      },
      "properties": {
        "id": 13077876801,
        "osm_type": "node",
        "name": "Schöne Handlung",
        "opening_hours": "Tu-Fr 09:00-18:00, SA 10:00-16:00"
      }
    },
    {
      "type": "Feature",
      "geometry": {
        "type": "Point",
        "coordinates": [
          12.0941967,
          49.0184099
        ]
      },
      "properties": {
        "id": 13144844366,
        "osm_type": "node",
        "name": "Temla 24/7",
        "opening_hours": "Mo-Su,PH 00:00-18:00+"
      }
    },
    {
      "type": "Feature",
      "geometry": {
        "type": "Point",
        "coordinates": [
          12.1018701,
          49.014214
        ]
      },
      "properties": {
        "id": 4018499725,
        "osm_type": "node",
        "name": "Khan Asia Store",
        "opening_hours": "Mo-Sa 08:00-20:30; Su 09:00-20:30"
      }
    },
    {
      "type": "Feature",
      "geometry": {
        "type": "Point",
        "coordinates": [
          12.1006684,
          49.0173452
        ]
      },
      "properties": {
        "id": 6610518788,
        "osm_type": "node",
        "name": "Hörgeräte Seifert",
        "opening_hours": "Mo-Fr 09:00-13:00,14:00-17:00"
      }
    },
    {
      "type": "Feature",
      "geometry": {
        "type": "Point",
        "coordinates": [
          12.1006972,
          49.0176147
        ]
      },
      "properties": {
        "id": 6610518987,
        "osm_type": "node",
        "name": "Kaufmela",
        "opening_hours": "Mo-Fr 10:00-20:00; Sa 09:00-20:00"
      }
    },
    {
      "type": "Feature",
      "geometry": {
        "type": "Point",
        "coordinates": [
          12.098157,
          49.0163967
        ]
      },
      "properties": {
        "id": 6611498286,
        "osm_type": "node",
        "name": "Reformhaus David",
        "opening_hours": "Tu-Sa 10:00-14:00"
      }
    },
    {
      "type": "Feature",
      "geometry": {
        "type": "Point",
        "coordinates": [
          12.0971739,
          49.0243857
        ]
      },
      "properties": {
        "id": 1945967690,
        "osm_type": "node",
        "name": "Kraus",
        "opening_hours": "Mo-Fr 08:00-13:00,14:00-17:00; Sa 08:00-13:00"
      }
    },
    {
      "type": "Feature",
      "geometry": {
        "type": "Point",
        "coordinates": [
          12.1068681,
          49.0304955
        ]
      },
      "properties": {
        "id": 6715329886,
        "osm_type": "node",
        "name": "Werkstatt Holz & Farbe",
        "opening_hours": "Mo-Fr 09:00-13:00,14:00-18:00; Sa 09:00-13:00"
      }
    },
    {
      "type": "Feature",
      "geometry": {
        "type": "Point",
        "coordinates": [
          12.1484264,
          49.0000863
        ]
      },
      "properties": {
        "id": 9833589794,
        "osm_type": "node",
        "name": "Aral",
        "brand": "Aral",
        "opening_hours": "24/7"
      }
    },
    {
      "type": "Feature",
      "geometry": {
        "type": "Point",
        "coordinates": [
          12.1420679,
          49.008066
        ]
      },
      "properties": {
        "id": 13342264818,
        "osm_type": "node",
        "name": "Kiosk"
      }
    },
    {
      "type": "Feature",
      "geometry": {
        "type": "Point",
        "coordinates": [
          12.1244977,
          49.01383
        ]
      },
      "properties": {
        "id": 2964110695,
        "osm_type": "node",
        "name": "PressePlus im Candis",
        "opening_hours": "Mo-Fr 08:00-18:00; Sa 09:00-12:30"
      }
    },
    {
      "type": "Feature",
      "geometry": {
        "type": "Point",
        "coordinates": [
          12.1324894,
          49.0131098
        ]
      },
      "properties": {
        "id": 4442897197,
        "osm_type": "node",
        "name": "Asia Lebensmittel",
        "opening_hours": "Mo-Sa 11:00-14:00,17:00-21:00"
      }
    },
    {
      "type": "Feature",
      "geometry": {
        "type": "Point",
        "coordinates": [
          12.1141147,
          49.0338425
        ]
      },
      "properties": {
        "id": 6481139637,
        "osm_type": "node",
        "name": "Balkanische Lebensmittel Valentina",
        "opening_hours": "Mo-Fr 08:00-20:00; Sa 10:00-20:00"
      }
    },
    {
      "type": "Feature",
      "geometry": {
        "type": "Point",
        "coordinates": [
          12.1183243,
          49.0340184
        ]
      },
      "properties": {
        "id": 4660833419,
        "osm_type": "node",
        "name": "E-Kiosk",
        "opening_hours": "24/7"
      }
    },
    {
      "type": "Feature",
      "geometry": {
        "type": "Point",
        "coordinates": [
          12.0936395,
          49.043962
        ]
      },
      "properties": {
        "id": 321983153,
        "osm_type": "node",
        "name": "FIX ME"
      }
    },
    {
      "type": "Feature",
      "geometry": {
        "type": "Point",
        "coordinates": [
          12.2090036,
          48.7557744
        ]
      },
      "properties": {
        "id": 1163736888,
        "osm_type": "node",
        "name": "Huber Mühle"
      }
    },
    {
      "type": "Feature",
      "geometry": {
        "type": "Point",
        "coordinates": [
          12.23403,
          48.77095
        ]
      },
      "properties": {
        "id": 732716601,
        "osm_type": "node",
        "name": "Avia",
        "brand": "Avia",
        "opening_hours": "Mo-Sa 06:30-21:30; Su,PH 07:00-21:30"
      }
    },
    {
      "type": "Feature",
      "geometry": {
        "type": "Point",
        "coordinates": [
          12.3013587,
          48.7622644
        ]
      },
      "properties": {
        "id": 6919588531,
        "osm_type": "node",
        "name": "nah&gut",
        "opening_hours": "Mo-Fr 06:45-17:30; Sa 06:30-12:00; PH off"
      }
    },
    {
      "type": "Feature",
      "geometry": {
        "type": "Point",
        "coordinates": [
          12.3025819,
          48.7646758
        ]
      },
      "properties": {
        "id": 9978445302,
        "osm_type": "node",
        "name": "Knott Allerlei",
        "opening_hours": "Mo 08:00-11:30; We 14:00-17:00; Fr 07:30-17:30; Sa 07:00-12:00; PH closed"
      }
    },
    {
      "type": "Feature",
      "geometry": {
        "type": "Point",
        "coordinates": [
          12.5770972,
          48.6708055
        ]
      },
      "properties": {
        "id": 7235884471,
        "osm_type": "node"
      }
    },
    {
      "type": "Feature",
      "geometry": {
        "type": "Point",
        "coordinates": [
          12.4007076,
          48.8294299
        ]
      },
      "properties": {
        "id": 1900291595,
        "osm_type": "node",
        "name": "Esso",
        "brand": "Esso",
        "opening_hours": "Mo-Fr 07:00-21:30; Sa,Su 08:00-21:30"
      }
    },
    {
      "type": "Feature",
      "geometry": {
        "type": "Point",
        "coordinates": [
          12.4025022,
          48.8318145
        ]
      },
      "properties": {
        "id": 2354480699,
        "osm_type": "node",
        "name": "Freibadkiosk"
      }
    },
    {
      "type": "Feature",
      "geometry": {
        "type": "Point",
        "coordinates": [
          12.2176464,
          48.895714
        ]
      },
      "properties": {
        "id": 4673096161,
        "osm_type": "node",
        "name": "Kistenkrämer"
      }
    },
    {
      "type": "Feature",
      "geometry": {
        "type": "Point",
        "coordinates": [
          12.1925618,
          48.9813101
        ]
      },
      "properties": {
        "id": 1882116036,
        "osm_type": "node",
        "name": "publik"
      }
    },
    {
      "type": "Feature",
      "geometry": {
        "type": "Point",
        "coordinates": [
          12.1928177,
          48.9812306
        ]
      },
      "properties": {
        "id": 3097885473,
        "osm_type": "node",
        "name": "Globus Zeitschriften"
      }
    },
    {
      "type": "Feature",
      "geometry": {
        "type": "Point",
        "coordinates": [
          12.2703785,
          48.9722803
        ]
      },
      "properties": {
        "id": 3690685762,
        "osm_type": "node",
        "name": "Kiosk Roither See"
      }
    },
    {
      "type": "Feature",
      "geometry": {
        "type": "Point",
        "coordinates": [
          12.2724623,
          48.9747515
        ]
      },
      "properties": {
        "id": 5841964486,
        "osm_type": "node"
      }
    },
    {
      "type": "Feature",
      "geometry": {
        "type": "Point",
        "coordinates": [
          12.1898007,
          48.9885294
        ]
      },
      "properties": {
        "id": 6425586286,
        "osm_type": "node",
        "name": "Dampfbeidir"
      }
    },
    {
      "type": "Feature",
      "geometry": {
        "type": "Point",
        "coordinates": [
          12.1975641,
          48.9916969
        ]
      },
      "properties": {
        "id": 2442046124,
        "osm_type": "node",
        "name": "Taba-Press"
      }
    },
    {
      "type": "Feature",
      "geometry": {
        "type": "Point",
        "coordinates": [
          12.2063112,
          48.9853434
        ]
      },
      "properties": {
        "id": 1378792416,
        "osm_type": "node",
        "name": "Smile Schulshop"
      }
    },
    {
      "type": "Feature",
      "geometry": {
        "type": "Point",
        "coordinates": [
          12.1958172,
          49.0754587
        ]
      },
      "properties": {
        "id": 1580948572,
        "osm_type": "node",
        "name": "Gärtnerei Unger",
        "opening_hours": "Mo-Fr 07:15-11:40, 14:30-17:00; Sa 07:00-12:30"
      }
    },
    {
      "type": "Feature",
      "geometry": {
        "type": "Point",
        "coordinates": [
          12.5279463,
          48.8862133
        ]
      },
      "properties": {
        "id": 598917868,
        "osm_type": "node",
        "name": "Fischerei Mayer"
      }
    },
    {
      "type": "Feature",
      "geometry": {
        "type": "Point",
        "coordinates": [
          12.5697484,
          48.8818172
        ]
      },
      "properties": {
        "id": 413435502,
        "osm_type": "node",
        "name": "Parfümerie Hoppe"
      }
    },
    {
      "type": "Feature",
      "geometry": {
        "type": "Point",
        "coordinates": [
          12.5696021,
          48.8818546
        ]
      },
      "properties": {
        "id": 413436157,
        "osm_type": "node",
        "name": "Bilderladen"
      }
    },
    {
      "type": "Feature",
      "geometry": {
        "type": "Point",
        "coordinates": [
          12.4006678,
          49.0007097
        ]
      },
      "properties": {
        "id": 2357616923,
        "osm_type": "node",
        "name": "Paper Corner"
      }
    },
    {
      "type": "Feature",
      "geometry": {
        "type": "Point",
        "coordinates": [
          12.3955117,
          49.0710439
        ]
      },
      "properties": {
        "id": 12043873658,
        "osm_type": "node",
        "name": "Der Kisten Krämer",
        "opening_hours": "24/7"
      }
    },
    {
      "type": "Feature",
      "geometry": {
        "type": "Point",
        "coordinates": [
          12.7605232,
          48.2577281
        ]
      },
      "properties": {
        "id": 5003478886,
        "osm_type": "node"
      }
    },
    {
      "type": "Feature",
      "geometry": {
        "type": "Point",
        "coordinates": [
          12.7707978,
          48.267039
        ]
      },
      "properties": {
        "id": 6750083216,
        "osm_type": "node",
        "name": "nah&gut"
      }
    },
    {
      "type": "Feature",
      "geometry": {
        "type": "Point",
        "coordinates": [
          12.7864514,
          48.359404
        ]
      },
      "properties": {
        "id": 11180823238,
        "osm_type": "node",
        "name": "Raiffeisen Lagerhaus"
      }
    },
    {
      "type": "Feature",
      "geometry": {
        "type": "Point",
        "coordinates": [
          12.7520725,
          48.4009965
        ]
      },
      "properties": {
        "id": 3899786700,
        "osm_type": "node",
        "name": "Tabak - Zeitungen Köppl",
        "opening_hours": "Mo-Fr 08:30-12:30, 14:00-18:00; Sa 08:30-12:30; PH,Su off"
      }
    },
    {
      "type": "Feature",
      "geometry": {
        "type": "Point",
        "coordinates": [
          12.8398139,
          48.3005035
        ]
      },
      "properties": {
        "id": 11139375405,
        "osm_type": "node",
        "name": "Dorfladen Zeilarn",
        "opening_hours": "Mo-Fr 06:30-14:00, 16:00-18:00, Sa 6:30-13:00"
      }
    },
    {
      "type": "Feature",
      "geometry": {
        "type": "Point",
        "coordinates": [
          12.9583777,
          48.2525764
        ]
      },
      "properties": {
        "id": 8974923503,
        "osm_type": "node",
        "name": "Julbacher Dorfladen",
        "opening_hours": "Mo-Fr 06:30-14:00,16:00-18:00; Sa 06:30-12:00; Su 08:00-10:00"
      }
    },
    {
      "type": "Feature",
      "geometry": {
        "type": "Point",
        "coordinates": [
          12.9584442,
          48.3845803
        ]
      },
      "properties": {
        "id": 1411924312,
        "osm_type": "node",
        "name": "Claudia's Dorfladen"
      }
    },
    {
      "type": "Feature",
      "geometry": {
        "type": "Point",
        "coordinates": [
          12.9378039,
          48.4316537
        ]
      },
      "properties": {
        "id": 415671390,
        "osm_type": "node",
        "name": "BioPan",
        "opening_hours": "Mo-Fr 08:00-18:00; Sa 08:00-12:00"
      }
    },
    {
      "type": "Feature",
      "geometry": {
        "type": "Point",
        "coordinates": [
          12.9375509,
          48.4309297
        ]
      },
      "properties": {
        "id": 12045931100,
        "osm_type": "node",
        "name": "Damas Markt",
        "opening_hours": "Mo-Sa 09:30-20:00; PH off"
      }
    },
    {
      "type": "Feature",
      "geometry": {
        "type": "Point",
        "coordinates": [
          12.6346928,
          48.5282484
        ]
      },
      "properties": {
        "id": 12847781351,
        "osm_type": "node"
      }
    },
    {
      "type": "Feature",
      "geometry": {
        "type": "Point",
        "coordinates": [
          12.6827553,
          48.5399812
        ]
      },
      "properties": {
        "id": 10103658124,
        "osm_type": "node",
        "name": "Edeka",
        "opening_hours": "Mo-Fr 07:00-18:00; Sa 07:00-13:00; PH,Su off"
      }
    },
    {
      "type": "Feature",
      "geometry": {
        "type": "Point",
        "coordinates": [
          12.6048596,
          48.6506341
        ]
      },
      "properties": {
        "id": 6711531356,
        "osm_type": "node",
        "name": "nah&gut",
        "opening_hours": "Mo-Fr 07:00-12:00,14:00-18:00; Sa 07:00-12:00; Su,PH off"
      }
    },
    {
      "type": "Feature",
      "geometry": {
        "type": "Point",
        "coordinates": [
          12.9991056,
          48.5111755
        ]
      },
      "properties": {
        "id": 9220987040,
        "osm_type": "node",
        "name": "Dorfladen"
      }
    },
    {
      "type": "Feature",
      "geometry": {
        "type": "Point",
        "coordinates": [
          12.8618473,
          48.5756275
        ]
      },
      "properties": {
        "id": 2515285067,
        "osm_type": "node",
        "name": "Kiosk"
      }
    },
    {
      "type": "Feature",
      "geometry": {
        "type": "Point",
        "coordinates": [
          13.0274922,
          48.265793
        ]
      },
      "properties": {
        "id": 9188299385,
        "osm_type": "node"
      }
    },
    {
      "type": "Feature",
      "geometry": {
        "type": "Point",
        "coordinates": [
          13.1921483,
          48.3155229
        ]
      },
      "properties": {
        "id": 4563057065,
        "osm_type": "node",
        "name": "Hufnagl",
        "brand": "Independent",
        "opening_hours": "Mo-Fr 07:00-20:30; Sa 08:00-20:00; Su 08:30-17:00"
      }
    },
    {
      "type": "Feature",
      "geometry": {
        "type": "Point",
        "coordinates": [
          13.0147374,
          48.4436887
        ]
      },
      "properties": {
        "id": 9559110093,
        "osm_type": "node",
        "name": "Edeka Bäckerei Voggenreiter"
      }
    },
    {
      "type": "Feature",
      "geometry": {
        "type": "Point",
        "coordinates": [
          13.0922985,
          48.4441703
        ]
      },
      "properties": {
        "id": 4699902590,
        "osm_type": "node",
        "name": "Edeka",
        "opening_hours": "Mo-Fr 07:00-12:30; Sa 07:00-12:00"
      }
    },
    {
      "type": "Feature",
      "geometry": {
        "type": "Point",
        "coordinates": [
          13.1864473,
          48.4300259
        ]
      },
      "properties": {
        "id": 9596935888,
        "osm_type": "node",
        "name": "Supermarkt Fischer"
      }
    },
    {
      "type": "Feature",
      "geometry": {
        "type": "Point",
        "coordinates": [
          13.3148624,
          48.3325951
        ]
      },
      "properties": {
        "id": 11824027007,
        "osm_type": "node",
        "name": "Kiosk Camping Fuchs"
      }
    },
    {
      "type": "Feature",
      "geometry": {
        "type": "Point",
        "coordinates": [
          13.3146126,
          48.3323561
        ]
      },
      "properties": {
        "id": 11824027008,
        "osm_type": "node",
        "name": "Kiosk Camping Max 1"
      }
    },
    {
      "type": "Feature",
      "geometry": {
        "type": "Point",
        "coordinates": [
          13.3106766,
          48.352859
        ]
      },
      "properties": {
        "id": 3420040355,
        "osm_type": "node",
        "name": "Naturschätze Öl und Essig"
      }
    },
    {
      "type": "Feature",
      "geometry": {
        "type": "Point",
        "coordinates": [
          13.3066598,
          48.3585284
        ]
      },
      "properties": {
        "id": 11824027009,
        "osm_type": "node",
        "name": "Lebensmittel Camping Holmernhof"
      }
    },
    {
      "type": "Feature",
      "geometry": {
        "type": "Point",
        "coordinates": [
          13.3128283,
          48.4041638
        ]
      },
      "properties": {
        "id": 7029948185,
        "osm_type": "node",
        "name": "Natur",
        "opening_hours": "Mo-Fr 09:00-18:00; Sa 08:00-13:00"
      }
    },
    {
      "type": "Feature",
      "geometry": {
        "type": "Point",
        "coordinates": [
          13.387595,
          48.4030017
        ]
      },
      "properties": {
        "id": 7013486189,
        "osm_type": "node",
        "name": "Getränkemarkt Werner"
      }
    },
    {
      "type": "Feature",
      "geometry": {
        "type": "Point",
        "coordinates": [
          13.0550728,
          48.5295438
        ]
      },
      "properties": {
        "id": 10588244945,
        "osm_type": "node"
      }
    },
    {
      "type": "Feature",
      "geometry": {
        "type": "Point",
        "coordinates": [
          13.0278349,
          48.6347905
        ]
      },
      "properties": {
        "id": 11048792967,
        "osm_type": "node",
        "name": "Dortladen Forsthart"
      }
    },
    {
      "type": "Feature",
      "geometry": {
        "type": "Point",
        "coordinates": [
          13.1336069,
          48.5993978
        ]
      },
      "properties": {
        "id": 1856759349,
        "osm_type": "node",
        "name": "Dorfladenbox",
        "opening_hours": "Mo-Su,PH 00:00-00:00"
      }
    },
    {
      "type": "Feature",
      "geometry": {
        "type": "Point",
        "coordinates": [
          13.1854008,
          48.6344057
        ]
      },
      "properties": {
        "id": 9559085179,
        "osm_type": "node",
        "name": "Bürgerladen Vilshofen",
        "opening_hours": "Mo-Fr 07:30-18:00; Sa 07:30-12:00"
      }
    },
    {
      "type": "Feature",
      "geometry": {
        "type": "Point",
        "coordinates": [
          13.4169991,
          48.5627606
        ]
      },
      "properties": {
        "id": 300822197,
        "osm_type": "node",
        "name": "Lotto Kindermann"
      }
    },
    {
      "type": "Feature",
      "geometry": {
        "type": "Point",
        "coordinates": [
          13.2505791,
          48.6580145
        ]
      },
      "properties": {
        "id": 10931172331,
        "osm_type": "node",
        "name": "EDEKA Renholzberger",
        "brand": "EDEKA",
        "opening_hours": "Mo-We 06:30-12:00, Th-Fr 06:30-12:00, 14:00-18:00, Sa 07:00-12:00"
      }
    },
    {
      "type": "Feature",
      "geometry": {
        "type": "Point",
        "coordinates": [
          13.3226546,
          48.6468729
        ]
      },
      "properties": {
        "id": 1349491709,
        "osm_type": "node",
        "name": "Edeka Rohrhofer",
        "opening_hours": "Mo-Fr 07:00-18:00; Sa 07:00-13:00"
      }
    },
    {
      "type": "Feature",
      "geometry": {
        "type": "Point",
        "coordinates": [
          13.3888526,
          48.6446543
        ]
      },
      "properties": {
        "id": 1979806305,
        "osm_type": "node",
        "name": "Dorfladen Haselbach"
      }
    },
    {
      "type": "Feature",
      "geometry": {
        "type": "Point",
        "coordinates": [
          13.4099627,
          48.6528351
        ]
      },
      "properties": {
        "id": 1335515635,
        "osm_type": "node",
        "name": "Biobäckerei Wagner",
        "opening_hours": "Mo-Sa 06:00-18:00; Su 07:00-11:00"
      }
    },
    {
      "type": "Feature",
      "geometry": {
        "type": "Point",
        "coordinates": [
          12.6041119,
          48.6950016
        ]
      },
      "properties": {
        "id": 6644399207,
        "osm_type": "node",
        "name": "Lammer's Hofladen"
      }
    },
    {
      "type": "Feature",
      "geometry": {
        "type": "Point",
        "coordinates": [
          12.6738878,
          48.6924077
        ]
      },
      "properties": {
        "id": 9410054601,
        "osm_type": "node",
        "name": "Esso",
        "brand": "Esso",
        "opening_hours": "24/7"
      }
    },
    {
      "type": "Feature",
      "geometry": {
        "type": "Point",
        "coordinates": [
          12.6938181,
          48.6735591
        ]
      },
      "properties": {
        "id": 6679872965,
        "osm_type": "node",
        "name": "Shalom Eine-Welt-Laden"
      }
    },
    {
      "type": "Feature",
      "geometry": {
        "type": "Point",
        "coordinates": [
          12.6316432,
          48.8731446
        ]
      },
      "properties": {
        "id": 12900602431,
        "osm_type": "node",
        "name": "REWE To Go",
        "brand": "REWE To Go"
      }
    },
    {
      "type": "Feature",
      "geometry": {
        "type": "Point",
        "coordinates": [
          12.7524481,
          48.8412989
        ]
      },
      "properties": {
        "id": 9981902267,
        "osm_type": "node",
        "name": "Irlbacher Dorfladen",
        "opening_hours": "Mo-Sa 06:30-12:00; Fr 14:00-17:30"
      }
    },
    {
      "type": "Feature",
      "geometry": {
        "type": "Point",
        "coordinates": [
          12.8794739,
          48.6833824
        ]
      },
      "properties": {
        "id": 1386454269,
        "osm_type": "node"
      }
    },
    {
      "type": "Feature",
      "geometry": {
        "type": "Point",
        "coordinates": [
          12.8759332,
          48.7751685
        ]
      },
      "properties": {
        "id": 6752650002,
        "osm_type": "node",
        "name": "Obst Gemüse Wanninger"
      }
    },
    {
      "type": "Feature",
      "geometry": {
        "type": "Point",
        "coordinates": [
          12.9715323,
          48.7004241
        ]
      },
      "properties": {
        "id": 452603282,
        "osm_type": "node",
        "name": "Asia Markt Wisselsing"
      }
    },
    {
      "type": "Feature",
      "geometry": {
        "type": "Point",
        "coordinates": [
          12.8045013,
          48.816328
        ]
      },
      "properties": {
        "id": 9997981995,
        "osm_type": "node",
        "name": "nah & gut Kasper",
        "opening_hours": "Tu-Fr 06:30-18:00; Mo 06:30-14:00; Sa 06:30-13:00"
      }
    },
    {
      "type": "Feature",
      "geometry": {
        "type": "Point",
        "coordinates": [
          12.8636941,
          48.7791965
        ]
      },
      "properties": {
        "id": 3427893293,
        "osm_type": "node",
        "name": "Yorma’s",
        "brand": "Yorma’s",
        "opening_hours": "Mo-Fr 05:45-21:15; Sa 06:45-20:15; Su,PH 07:45-20:15"
      }
    },
    {
      "type": "Feature",
      "geometry": {
        "type": "Point",
        "coordinates": [
          12.8963876,
          48.8052348
        ]
      },
      "properties": {
        "id": 11756007271,
        "osm_type": "node",
        "name": "Kiosk Mainkofen"
      }
    },
    {
      "type": "Feature",
      "geometry": {
        "type": "Point",
        "coordinates": [
          12.9095195,
          48.8194885
        ]
      },
      "properties": {
        "id": 2373674182,
        "osm_type": "node"
      }
    },
    {
      "type": "Feature",
      "geometry": {
        "type": "Point",
        "coordinates": [
          12.9105661,
          48.8469202
        ]
      },
      "properties": {
        "id": 732711971,
        "osm_type": "node",
        "name": "Avia",
        "brand": "Avia",
        "opening_hours": "Mo-Su 06:00-22:00"
      }
    },
    {
      "type": "Feature",
      "geometry": {
        "type": "Point",
        "coordinates": [
          12.961333,
          48.8334945
        ]
      },
      "properties": {
        "id": 2386586648,
        "osm_type": "node",
        "name": "Reformhaus sander",
        "opening_hours": "Mo-Fr 09:00-18:00; Sa 09:00-13:00"
      }
    },
    {
      "type": "Feature",
      "geometry": {
        "type": "Point",
        "coordinates": [
          12.9617542,
          48.8306667
        ]
      },
      "properties": {
        "id": 6758694476,
        "osm_type": "node",
        "name": "King Bazar",
        "opening_hours": "Mo-Sa 09:00-19:00"
      }
    },
    {
      "type": "Feature",
      "geometry": {
        "type": "Point",
        "coordinates": [
          12.9605798,
          48.8326754
        ]
      },
      "properties": {
        "id": 9962267481,
        "osm_type": "node",
        "name": "G-Shop DEG",
        "opening_hours": "24/7"
      }
    },
    {
      "type": "Feature",
      "geometry": {
        "type": "Point",
        "coordinates": [
          12.9612415,
          48.8320723
        ]
      },
      "properties": {
        "id": 13447751726,
        "osm_type": "node"
      }
    },
    {
      "type": "Feature",
      "geometry": {
        "type": "Point",
        "coordinates": [
          12.9501779,
          48.839353
        ]
      },
      "properties": {
        "id": 3427889093,
        "osm_type": "node"
      }
    },
    {
      "type": "Feature",
      "geometry": {
        "type": "Point",
        "coordinates": [
          12.9507047,
          48.8386405
        ]
      },
      "properties": {
        "id": 12092926949,
        "osm_type": "node",
        "name": "iSTANBUL MARKET"
      }
    },
    {
      "type": "Feature",
      "geometry": {
        "type": "Point",
        "coordinates": [
          12.9611093,
          48.8376451
        ]
      },
      "properties": {
        "id": 13116376189,
        "osm_type": "node",
        "name": "Eleen Markt",
        "opening_hours": "Mo 10:00-20:00; Tu-Sa 08:00-20:00; Su off"
      }
    },
    {
      "type": "Feature",
      "geometry": {
        "type": "Point",
        "coordinates": [
          12.9648736,
          48.8342774
        ]
      },
      "properties": {
        "id": 8894839246,
        "osm_type": "node",
        "name": "Weltladen",
        "brand": "Weltladen",
        "opening_hours": "Mo-Fr 10:00-18:00; Sa 10:00-13:00"
      }
    },
    {
      "type": "Feature",
      "geometry": {
        "type": "Point",
        "coordinates": [
          12.963156,
          48.8352488
        ]
      },
      "properties": {
        "id": 9294214348,
        "osm_type": "node",
        "name": "Aladin orientalische Lebensmittel",
        "opening_hours": "Mo-Sa 09:00-20:00"
      }
    },
    {
      "type": "Feature",
      "geometry": {
        "type": "Point",
        "coordinates": [
          12.9559676,
          48.8419446
        ]
      },
      "properties": {
        "id": 9349157694,
        "osm_type": "node",
        "name": "Eine-Welt-Laden",
        "opening_hours": "Th 15:30-17:30; Sa 17:15-19:00; Su 09:45-12:00"
      }
    },
    {
      "type": "Feature",
      "geometry": {
        "type": "Point",
        "coordinates": [
          12.962144,
          48.850036
        ]
      },
      "properties": {
        "id": 12026464545,
        "osm_type": "node",
        "name": "Intermarkt"
      }
    },
    {
      "type": "Feature",
      "geometry": {
        "type": "Point",
        "coordinates": [
          12.988415,
          48.8519987
        ]
      },
      "properties": {
        "id": 955876337,
        "osm_type": "node",
        "name": "Taba-Press",
        "opening_hours": "Mo-Fr 08:00-19:00; Sa 07:30-19:00"
      }
    },
    {
      "type": "Feature",
      "geometry": {
        "type": "Point",
        "coordinates": [
          12.9955879,
          48.8548748
        ]
      },
      "properties": {
        "id": 5062127699,
        "osm_type": "node",
        "name": "Bio Feinkost Heubel",
        "opening_hours": "Tu,We 09:00-18:00; Fr 08:30-18:30; Sa 08:30-12:30; Mo,Th,Su,PH off"
      }
    },
    {
      "type": "Feature",
      "geometry": {
        "type": "Point",
        "coordinates": [
          12.6930535,
          48.9088214
        ]
      },
      "properties": {
        "id": 5321083137,
        "osm_type": "node",
        "name": "Marina's internationale Lebensmittel",
        "opening_hours": "Mo-Sa 09:00-18:00; PH off"
      }
    },
    {
      "type": "Feature",
      "geometry": {
        "type": "Point",
        "coordinates": [
          12.7053431,
          48.9316908
        ]
      },
      "properties": {
        "id": 4794782221,
        "osm_type": "node",
        "name": "Shell",
        "brand": "Shell",
        "opening_hours": "24/7"
      }
    },
    {
      "type": "Feature",
      "geometry": {
        "type": "Point",
        "coordinates": [
          12.7812921,
          49.0112378
        ]
      },
      "properties": {
        "id": 9779225232,
        "osm_type": "node",
        "name": "Ois aus Hoiz"
      }
    },
    {
      "type": "Feature",
      "geometry": {
        "type": "Point",
        "coordinates": [
          12.7813212,
          49.0115745
        ]
      },
      "properties": {
        "id": 9779228976,
        "osm_type": "node"
      }
    },
    {
      "type": "Feature",
      "geometry": {
        "type": "Point",
        "coordinates": [
          12.7986927,
          48.8860767
        ]
      },
      "properties": {
        "id": 679001319,
        "osm_type": "node"
      }
    },
    {
      "type": "Feature",
      "geometry": {
        "type": "Point",
        "coordinates": [
          12.8427366,
          48.8802731
        ]
      },
      "properties": {
        "id": 1791772769,
        "osm_type": "node",
        "name": "nah & gut Gilch",
        "brand": "Edeka",
        "opening_hours": "Sa 06:30-13:30; Mo-Fr 06:30-12:30; Mo, Th, Fr 14:00-18:00"
      }
    },
    {
      "type": "Feature",
      "geometry": {
        "type": "Point",
        "coordinates": [
          12.8227168,
          49.0026558
        ]
      },
      "properties": {
        "id": 2324001572,
        "osm_type": "node"
      }
    },
    {
      "type": "Feature",
      "geometry": {
        "type": "Point",
        "coordinates": [
          12.8343014,
          49.0053868
        ]
      },
      "properties": {
        "id": 325724732,
        "osm_type": "node",
        "name": "Dorfladen & Cafe"
      }
    },
    {
      "type": "Feature",
      "geometry": {
        "type": "Point",
        "coordinates": [
          12.8898843,
          49.0744646
        ]
      },
      "properties": {
        "id": 1578640120,
        "osm_type": "node",
        "name": "Woolworth"
      }
    },
    {
      "type": "Feature",
      "geometry": {
        "type": "Point",
        "coordinates": [
          12.8868005,
          49.0795484
        ]
      },
      "properties": {
        "id": 5104737622,
        "osm_type": "node",
        "name": "Eine-Welt-Laden"
      }
    },
    {
      "type": "Feature",
      "geometry": {
        "type": "Point",
        "coordinates": [
          12.8871855,
          49.078261
        ]
      },
      "properties": {
        "id": 7633308264,
        "osm_type": "node"
      }
    },
    {
      "type": "Feature",
      "geometry": {
        "type": "Point",
        "coordinates": [
          12.9915022,
          48.9886112
        ]
      },
      "properties": {
        "id": 9795119392,
        "osm_type": "node",
        "name": "nah & gut Kilger",
        "opening_hours": "Mo-Fr 07:15-12:30,14:00-18:00; We 07:15-12:30; Sa 07:30-12:00; Su 09:00-11:00"
      }
    },
    {
      "type": "Feature",
      "geometry": {
        "type": "Point",
        "coordinates": [
          13.0292191,
          48.6965194
        ]
      },
      "properties": {
        "id": 8870052960,
        "osm_type": "node",
        "name": "Tankstelle Reiner"
      }
    },
    {
      "type": "Feature",
      "geometry": {
        "type": "Point",
        "coordinates": [
          13.0256759,
          48.7620518
        ]
      },
      "properties": {
        "id": 11710530037,
        "osm_type": "node",
        "name": "Biogärtnerei Haushofer"
      }
    },
    {
      "type": "Feature",
      "geometry": {
        "type": "Point",
        "coordinates": [
          13.0241037,
          48.7656076
        ]
      },
      "properties": {
        "id": 2708962244,
        "osm_type": "node",
        "name": "Edeka Hartmannsgruber",
        "opening_hours": "Mo-Fr 07:00-12:00, 14:00-18:00; Sa 07:00-12:00"
      }
    },
    {
      "type": "Feature",
      "geometry": {
        "type": "Point",
        "coordinates": [
          13.1961572,
          48.6844017
        ]
      },
      "properties": {
        "id": 3388016222,
        "osm_type": "node",
        "name": "nah & gut Gerlesberger"
      }
    },
    {
      "type": "Feature",
      "geometry": {
        "type": "Point",
        "coordinates": [
          13.0991218,
          48.8036888
        ]
      },
      "properties": {
        "id": 12432704314,
        "osm_type": "node",
        "name": "Dorfladenbox",
        "brand": "Dorfladenbox",
        "opening_hours": "24/7"
      }
    },
    {
      "type": "Feature",
      "geometry": {
        "type": "Point",
        "coordinates": [
          13.1530302,
          48.8035886
        ]
      },
      "properties": {
        "id": 9935275566,
        "osm_type": "node",
        "name": "Brigitte",
        "opening_hours": "Mo,Fr 06:00-14:30; Tu-Th 06:00-17:00; Sa,Su 07:00-17:00"
      }
    },
    {
      "type": "Feature",
      "geometry": {
        "type": "Point",
        "coordinates": [
          13.1375877,
          48.8456994
        ]
      },
      "properties": {
        "id": 4456683291,
        "osm_type": "node",
        "name": "Dorfladen",
        "opening_hours": "Mo 09:00-10:00, Tu-Th 06:30-12:00,14:00-17:30, Fr 06:30-12:00,13:00-17:30, Sa 06:30-12:00"
      }
    },
    {
      "type": "Feature",
      "geometry": {
        "type": "Point",
        "coordinates": [
          13.3630345,
          48.7387059
        ]
      },
      "properties": {
        "id": 9822628119,
        "osm_type": "node",
        "opening_hours": "Mo-Fr 06:00-12:00, 14:00-18:00; Sa 06:00-14:00"
      }
    },
    {
      "type": "Feature",
      "geometry": {
        "type": "Point",
        "coordinates": [
          13.386533,
          48.767358
        ]
      },
      "properties": {
        "id": 3301221620,
        "osm_type": "node",
        "name": "Connys Bistro"
      }
    },
    {
      "type": "Feature",
      "geometry": {
        "type": "Point",
        "coordinates": [
          13.228897,
          48.8390902
        ]
      },
      "properties": {
        "id": 1229595443,
        "osm_type": "node",
        "name": "Else Eisner Edeka- Getränkemarkt",
        "brand": "Edeka",
        "opening_hours": "Mo-Sa 06:00-12:30; Mo 14:00-18:30; We 14:00-18:30; Th 16:00-18:30; Fr 14:00-18:30"
      }
    },
    {
      "type": "Feature",
      "geometry": {
        "type": "Point",
        "coordinates": [
          13.2289108,
          48.8396864
        ]
      },
      "properties": {
        "id": 9910066023,
        "osm_type": "node",
        "name": "Dorfladen Sigl",
        "opening_hours": "We-Fr 06:30-12:00,14:30-18:00; Sa 07:00-12:00; Su 08:00-11:00"
      }
    },
    {
      "type": "Feature",
      "geometry": {
        "type": "Point",
        "coordinates": [
          13.0677498,
          48.9757032
        ]
      },
      "properties": {
        "id": 1919098351,
        "osm_type": "node",
        "name": "Bäckerei Treml",
        "brand": "nah & gut",
        "opening_hours": "Mo-Fr 06:00-17:00; We off; Sa 06:00-12:30"
      }
    },
    {
      "type": "Feature",
      "geometry": {
        "type": "Point",
        "coordinates": [
          13.1160852,
          48.9665043
        ]
      },
      "properties": {
        "id": 4368217582,
        "osm_type": "node"
      }
    },
    {
      "type": "Feature",
      "geometry": {
        "type": "Point",
        "coordinates": [
          13.126732,
          48.9700381
        ]
      },
      "properties": {
        "id": 9469377924,
        "osm_type": "node",
        "name": "ButterBoyz GenussShop",
        "opening_hours": "We-Fr 16:00-18:00; Sa 9:00-12:00 || \"nach telefonischer Vereinbarung\""
      }
    },
    {
      "type": "Feature",
      "geometry": {
        "type": "Point",
        "coordinates": [
          13.1274627,
          48.9697691
        ]
      },
      "properties": {
        "id": 9828378767,
        "osm_type": "node",
        "name": "Arabische Lebensmittel"
      }
    },
    {
      "type": "Feature",
      "geometry": {
        "type": "Point",
        "coordinates": [
          13.035431,
          49.056694
        ]
      },
      "properties": {
        "id": 11186558487,
        "osm_type": "node",
        "name": "Dorfladen nah & gut"
      }
    },
    {
      "type": "Feature",
      "geometry": {
        "type": "Point",
        "coordinates": [
          13.1042943,
          49.0634646
        ]
      },
      "properties": {
        "id": 375480746,
        "osm_type": "node",
        "name": "Shell",
        "brand": "Shell",
        "opening_hours": "Mo-Fr 07:00-20:00; Sa 07:00-19:00; Su 08:00-19:00"
      }
    },
    {
      "type": "Feature",
      "geometry": {
        "type": "Point",
        "coordinates": [
          13.0835823,
          49.0677479
        ]
      },
      "properties": {
        "id": 11934865651,
        "osm_type": "node",
        "name": "Joschi’s Schlecker-Hütte"
      }
    },
    {
      "type": "Feature",
      "geometry": {
        "type": "Point",
        "coordinates": [
          13.1080769,
          49.0763511
        ]
      },
      "properties": {
        "id": 12258246800,
        "osm_type": "node",
        "name": "Baps Wanderbar"
      }
    },
    {
      "type": "Feature",
      "geometry": {
        "type": "Point",
        "coordinates": [
          13.350643,
          48.9126081
        ]
      },
      "properties": {
        "id": 1681489700,
        "osm_type": "node",
        "name": "Tankstelle-Shell"
      }
    },
    {
      "type": "Feature",
      "geometry": {
        "type": "Point",
        "coordinates": [
          13.4198864,
          48.898383
        ]
      },
      "properties": {
        "id": 5307955021,
        "osm_type": "node",
        "name": "Markt der guten Dinge",
        "opening_hours": "Mo-Tu, Th-Fr 14:00-18:00; Sa 09:00-13:00"
      }
    },
    {
      "type": "Feature",
      "geometry": {
        "type": "Point",
        "coordinates": [
          13.2204781,
          49.0010144
        ]
      },
      "properties": {
        "id": 11264511362,
        "osm_type": "node",
        "name": "REWE To Go",
        "brand": "REWE To Go"
      }
    },
    {
      "type": "Feature",
      "geometry": {
        "type": "Point",
        "coordinates": [
          11.807991,
          49.0958114
        ]
      },
      "properties": {
        "id": 4212708300,
        "osm_type": "node",
        "name": "Marktladen 8411",
        "opening_hours": "Mo-Sa 08:00-13:00, Tu-Fr 14:00-18:00"
      }
    },
    {
      "type": "Feature",
      "geometry": {
        "type": "Point",
        "coordinates": [
          11.8488429,
          49.2037575
        ]
      },
      "properties": {
        "id": 2343168267,
        "osm_type": "node",
        "name": "Kommun Markt",
        "opening_hours": "Mo,Tu 06:45-12:00,14:00-18:00; We 06:45-12:00; Th,Fr 06:45-12:00,14:00-17:45; Sa 07:00-12:00"
      }
    },
    {
      "type": "Feature",
      "geometry": {
        "type": "Point",
        "coordinates": [
          12.1076813,
          49.1980863
        ]
      },
      "properties": {
        "id": 12285637801,
        "osm_type": "node",
        "name": "K & A Minimarkt",
        "opening_hours": "24/7"
      }
    },
    {
      "type": "Feature",
      "geometry": {
        "type": "Point",
        "coordinates": [
          11.75948,
          49.4402128
        ]
      },
      "properties": {
        "id": 1018153956,
        "osm_type": "node",
        "name": "Weber",
        "opening_hours": "Mo-Fr 07:00-12:30,14:30-18:00; Sa 07:00-12:00"
      }
    },
    {
      "type": "Feature",
      "geometry": {
        "type": "Point",
        "coordinates": [
          11.8466547,
          49.4392858
        ]
      },
      "properties": {
        "id": 9975404915,
        "osm_type": "node"
      }
    },
    {
      "type": "Feature",
      "geometry": {
        "type": "Point",
        "coordinates": [
          11.8575294,
          49.4369262
        ]
      },
      "properties": {
        "id": 13591762040,
        "osm_type": "node",
        "name": "REWE To Go",
        "brand": "REWE To Go"
      }
    },
    {
      "type": "Feature",
      "geometry": {
        "type": "Point",
        "coordinates": [
          11.8709605,
          49.4363448
        ]
      },
      "properties": {
        "id": 11788422573,
        "osm_type": "node",
        "name": "Shell Select",
        "brand": "Shell Select"
      }
    },
    {
      "type": "Feature",
      "geometry": {
        "type": "Point",
        "coordinates": [
          11.8535058,
          49.4446708
        ]
      },
      "properties": {
        "id": 3360092198,
        "osm_type": "node"
      }
    },
    {
      "type": "Feature",
      "geometry": {
        "type": "Point",
        "coordinates": [
          11.860135,
          49.4453528
        ]
      },
      "properties": {
        "id": 3360104859,
        "osm_type": "node",
        "name": "Reformhaus König",
        "opening_hours": "Mo-Fr 09:00-18:00; Sa 09:00-13:00"
      }
    },
    {
      "type": "Feature",
      "geometry": {
        "type": "Point",
        "coordinates": [
          11.8597756,
          49.4455019
        ]
      },
      "properties": {
        "id": 3732525233,
        "osm_type": "node",
        "name": "24sieben",
        "opening_hours": "24/7"
      }
    },
    {
      "type": "Feature",
      "geometry": {
        "type": "Point",
        "coordinates": [
          11.8669423,
          49.4477682
        ]
      },
      "properties": {
        "id": 3600946015,
        "osm_type": "node",
        "name": "Kiosk im Klinikum",
        "opening_hours": "Mo-Fr 07:30-17:00; Sa, Su 10:00-16:00"
      }
    },
    {
      "type": "Feature",
      "geometry": {
        "type": "Point",
        "coordinates": [
          11.8868011,
          49.4333099
        ]
      },
      "properties": {
        "id": 3606789446,
        "osm_type": "node"
      }
    },
    {
      "type": "Feature",
      "geometry": {
        "type": "Point",
        "coordinates": [
          11.8857116,
          49.4487195
        ]
      },
      "properties": {
        "id": 1983574447,
        "osm_type": "node"
      }
    },
    {
      "type": "Feature",
      "geometry": {
        "type": "Point",
        "coordinates": [
          12.2305429,
          49.0932353
        ]
      },
      "properties": {
        "id": 466319230,
        "osm_type": "node"
      }
    },
    {
      "type": "Feature",
      "geometry": {
        "type": "Point",
        "coordinates": [
          12.2569952,
          49.0987459
        ]
      },
      "properties": {
        "id": 5228933028,
        "osm_type": "node",
        "name": "Taba Press"
      }
    },
    {
      "type": "Feature",
      "geometry": {
        "type": "Point",
        "coordinates": [
          12.3483303,
          49.1501902
        ]
      },
      "properties": {
        "id": 10913666768,
        "osm_type": "node",
        "name": "Rogelfrei"
      }
    },
    {
      "type": "Feature",
      "geometry": {
        "type": "Point",
        "coordinates": [
          12.3042245,
          49.2494134
        ]
      },
      "properties": {
        "id": 5462502336,
        "osm_type": "node",
        "name": "Pilzversand Renate Zollner"
      }
    },
    {
      "type": "Feature",
      "geometry": {
        "type": "Point",
        "coordinates": [
          12.3000279,
          49.2768636
        ]
      },
      "properties": {
        "id": 1868889488,
        "osm_type": "node",
        "name": "Campingplatz-Laden",
        "opening_hours": "\"siehe Website\""
      }
    },
    {
      "type": "Feature",
      "geometry": {
        "type": "Point",
        "coordinates": [
          12.5164879,
          49.1950676
        ]
      },
      "properties": {
        "id": 3585555193,
        "osm_type": "node",
        "name": "Siebenhandl"
      }
    },
    {
      "type": "Feature",
      "geometry": {
        "type": "Point",
        "coordinates": [
          12.5169527,
          49.1956965
        ]
      },
      "properties": {
        "id": 3632674787,
        "osm_type": "node",
        "name": "Genussinsel"
      }
    },
    {
      "type": "Feature",
      "geometry": {
        "type": "Point",
        "coordinates": [
          12.4986536,
          49.2423461
        ]
      },
      "properties": {
        "id": 5844017322,
        "osm_type": "node",
        "name": "Klosterladen"
      }
    },
    {
      "type": "Feature",
      "geometry": {
        "type": "Point",
        "coordinates": [
          12.5809043,
          49.2134411
        ]
      },
      "properties": {
        "id": 1318529769,
        "osm_type": "node",
        "name": "SPAR Luby"
      }
    },
    {
      "type": "Feature",
      "geometry": {
        "type": "Point",
        "coordinates": [
          12.5298306,
          49.2701663
        ]
      },
      "properties": {
        "id": 7827748838,
        "osm_type": "node"
      }
    },
    {
      "type": "Feature",
      "geometry": {
        "type": "Point",
        "coordinates": [
          12.343642,
          49.3785113
        ]
      },
      "properties": {
        "id": 307053565,
        "osm_type": "node",
        "name": "Marktladen Schwarzhofen"
      }
    },
    {
      "type": "Feature",
      "geometry": {
        "type": "Point",
        "coordinates": [
          12.181822,
          49.4575902
        ]
      },
      "properties": {
        "id": 1447777176,
        "osm_type": "node",
        "name": "Mühlenladen Kummert",
        "opening_hours": "Mo-Fr 08:30-12:15, Mo, Tu,Th,Fr 14:00-18:00"
      }
    },
    {
      "type": "Feature",
      "geometry": {
        "type": "Point",
        "coordinates": [
          12.3863531,
          49.3487198
        ]
      },
      "properties": {
        "id": 2408949695,
        "osm_type": "node",
        "name": "Die Tafeln"
      }
    },
    {
      "type": "Feature",
      "geometry": {
        "type": "Point",
        "coordinates": [
          12.4174237,
          49.4559798
        ]
      },
      "properties": {
        "id": 3228365529,
        "osm_type": "node",
        "name": "Kik"
      }
    },
    {
      "type": "Feature",
      "geometry": {
        "type": "Point",
        "coordinates": [
          12.4160436,
          49.455349
        ]
      },
      "properties": {
        "id": 3228366284,
        "osm_type": "node",
        "name": "NKD"
      }
    },
    {
      "type": "Feature",
      "geometry": {
        "type": "Point",
        "coordinates": [
          12.4638016,
          49.4070215
        ]
      },
      "properties": {
        "id": 11121991312,
        "osm_type": "node",
        "name": "Kiosk"
      }
    },
    {
      "type": "Feature",
      "geometry": {
        "type": "Point",
        "coordinates": [
          12.411011,
          49.4629202
        ]
      },
      "properties": {
        "id": 3228354684,
        "osm_type": "node",
        "name": "Hofladen Oberviechtach",
        "opening_hours": "Tu 13:00-18:00,Fr 13:00-18:00,Sa09:00-13:00"
      }
    },
    {
      "type": "Feature",
      "geometry": {
        "type": "Point",
        "coordinates": [
          12.4173897,
          49.456854
        ]
      },
      "properties": {
        "id": 3207800945,
        "osm_type": "node"
      }
    },
    {
      "type": "Feature",
      "geometry": {
        "type": "Point",
        "coordinates": [
          11.7880122,
          49.6411585
        ]
      },
      "properties": {
        "id": 2042481255,
        "osm_type": "node",
        "name": "AAFES Shoppette"
      }
    },
    {
      "type": "Feature",
      "geometry": {
        "type": "Point",
        "coordinates": [
          11.9264027,
          49.6979854
        ]
      },
      "properties": {
        "id": 2045495858,
        "osm_type": "node",
        "name": "AAFES Shoppette"
      }
    },
    {
      "type": "Feature",
      "geometry": {
        "type": "Point",
        "coordinates": [
          12.1493896,
          49.6729379
        ]
      },
      "properties": {
        "id": 4685233854,
        "osm_type": "node",
        "name": "Orient Markt",
        "opening_hours": "Mo-Fr 08:00-19:00; Sa 09:00-17:00; Su,PH off"
      }
    },
    {
      "type": "Feature",
      "geometry": {
        "type": "Point",
        "coordinates": [
          12.1552699,
          49.6689423
        ]
      },
      "properties": {
        "id": 1666683101,
        "osm_type": "node"
      }
    },
    {
      "type": "Feature",
      "geometry": {
        "type": "Point",
        "coordinates": [
          12.1553995,
          49.6695001
        ]
      },
      "properties": {
        "id": 1919792820,
        "osm_type": "node"
      }
    },
    {
      "type": "Feature",
      "geometry": {
        "type": "Point",
        "coordinates": [
          12.1544077,
          49.6706203
        ]
      },
      "properties": {
        "id": 3725146907,
        "osm_type": "node",
        "name": "MyPronto"
      }
    },
    {
      "type": "Feature",
      "geometry": {
        "type": "Point",
        "coordinates": [
          12.1520046,
          49.6732957
        ]
      },
      "properties": {
        "id": 1919792778,
        "osm_type": "node",
        "name": "Halalmarkt Makka",
        "opening_hours": "Mo-Fr 09:00-19:00; Sa 10:00-19:00; PH,Su off"
      }
    },
    {
      "type": "Feature",
      "geometry": {
        "type": "Point",
        "coordinates": [
          12.1522597,
          49.6730376
        ]
      },
      "properties": {
        "id": 7948157093,
        "osm_type": "node",
        "name": "Al-Bara Markt"
      }
    },
    {
      "type": "Feature",
      "geometry": {
        "type": "Point",
        "coordinates": [
          12.1608293,
          49.6759902
        ]
      },
      "properties": {
        "id": 1928638198,
        "osm_type": "node",
        "name": "delicado",
        "opening_hours": "Mo-Fr 10:00-18:00; Sa 10:00-16:00; PH,Su off"
      }
    },
    {
      "type": "Feature",
      "geometry": {
        "type": "Point",
        "coordinates": [
          12.1582552,
          49.6746179
        ]
      },
      "properties": {
        "id": 3178623580,
        "osm_type": "node",
        "name": "Glückskind"
      }
    },
    {
      "type": "Feature",
      "geometry": {
        "type": "Point",
        "coordinates": [
          12.1621718,
          49.6748681
        ]
      },
      "properties": {
        "id": 3684200680,
        "osm_type": "node",
        "name": "Reformhaus Sander",
        "opening_hours": "Mo-Fr 09:00-18:00; Sa 09:00-13:00; PH,Su off"
      }
    },
    {
      "type": "Feature",
      "geometry": {
        "type": "Point",
        "coordinates": [
          12.1630341,
          49.6763746
        ]
      },
      "properties": {
        "id": 3688165253,
        "osm_type": "node",
        "name": "Weltladen",
        "opening_hours": "Mo-Fr 10:00-18:00; Sa 09:00-13:00; PH,Su off"
      }
    },
    {
      "type": "Feature",
      "geometry": {
        "type": "Point",
        "coordinates": [
          12.1592399,
          49.6792611
        ]
      },
      "properties": {
        "id": 4453337802,
        "osm_type": "node",
        "name": "Hofladen Weiden",
        "opening_hours": "Mo-Fr 08:30-18:00; Sa 08:30-16:00"
      }
    },
    {
      "type": "Feature",
      "geometry": {
        "type": "Point",
        "coordinates": [
          12.1592434,
          49.6742149
        ]
      },
      "properties": {
        "id": 6202202705,
        "osm_type": "node",
        "name": "Mercato Amami Italia",
        "opening_hours": "Mo-Fr 09:00-19:00; Sa 09:00-17:00; Su,PH off"
      }
    },
    {
      "type": "Feature",
      "geometry": {
        "type": "Point",
        "coordinates": [
          12.1579473,
          49.7179326
        ]
      },
      "properties": {
        "id": 7486758459,
        "osm_type": "node",
        "name": "Jet",
        "brand": "JET",
        "opening_hours": "24/7"
      }
    },
    {
      "type": "Feature",
      "geometry": {
        "type": "Point",
        "coordinates": [
          11.7723749,
          49.8494567
        ]
      },
      "properties": {
        "id": 5869298523,
        "osm_type": "node",
        "name": "Lebensmittel Ackermann",
        "opening_hours": "Mo-Fr 08:00-12:30,14:30-18:30; Sa 07:00-14:00"
      }
    },
    {
      "type": "Feature",
      "geometry": {
        "type": "Point",
        "coordinates": [
          11.8880982,
          49.8703737
        ]
      },
      "properties": {
        "id": 10038309553,
        "osm_type": "node",
        "name": "Bio Kiste",
        "opening_hours": "Di-Sa 08:30-12:30, Di-Fr 14:30-18:00; Mo,Su,PH off"
      }
    },
    {
      "type": "Feature",
      "geometry": {
        "type": "Point",
        "coordinates": [
          12.1454946,
          49.8198778
        ]
      },
      "properties": {
        "id": 6515019612,
        "osm_type": "node",
        "name": "Schweinmühle",
        "opening_hours": "Mo off; Apr-Sep: Tu-Su,PH 08:00-12:00,14:00-18:00; Oct-Mar: Tu-Su,PH 08:00-09:00; PH +1 day Tu off"
      }
    },
    {
      "type": "Feature",
      "geometry": {
        "type": "Point",
        "coordinates": [
          12.0591329,
          49.8354377
        ]
      },
      "properties": {
        "id": 3359457331,
        "osm_type": "node",
        "name": "BERMAS-Shop",
        "opening_hours": "09:00-17:00"
      }
    },
    {
      "type": "Feature",
      "geometry": {
        "type": "Point",
        "coordinates": [
          12.1429978,
          49.9261721
        ]
      },
      "properties": {
        "id": 6646967439,
        "osm_type": "node",
        "name": "Dorfladen",
        "opening_hours": "Mo-Fr 07:00-12:30,15:00-18:30; Sa 07:00-12:00"
      }
    },
    {
      "type": "Feature",
      "geometry": {
        "type": "Point",
        "coordinates": [
          12.2561165,
          49.5985215
        ]
      },
      "properties": {
        "id": 8795116137,
        "osm_type": "node"
      }
    },
    {
      "type": "Feature",
      "geometry": {
        "type": "Point",
        "coordinates": [
          12.3227417,
          49.5320309
        ]
      },
      "properties": {
        "id": 3217897692,
        "osm_type": "node"
      }
    },
    {
      "type": "Feature",
      "geometry": {
        "type": "Point",
        "coordinates": [
          12.344957,
          49.5472924
        ]
      },
      "properties": {
        "id": 1439122760,
        "osm_type": "node",
        "name": "Irene Schmucker"
      }
    },
    {
      "type": "Feature",
      "geometry": {
        "type": "Point",
        "coordinates": [
          12.2231144,
          49.6248266
        ]
      },
      "properties": {
        "id": 290705427,
        "osm_type": "node",
        "name": "Ums Eck"
      }
    },
    {
      "type": "Feature",
      "geometry": {
        "type": "Point",
        "coordinates": [
          12.1728394,
          49.6780718
        ]
      },
      "properties": {
        "id": 1663425857,
        "osm_type": "node",
        "name": "Stadtbad Kiosk"
      }
    },
    {
      "type": "Feature",
      "geometry": {
        "type": "Point",
        "coordinates": [
          12.1748579,
          49.675587
        ]
      },
      "properties": {
        "id": 2347709937,
        "osm_type": "node",
        "name": "Betten Krüger"
      }
    },
    {
      "type": "Feature",
      "geometry": {
        "type": "Point",
        "coordinates": [
          12.3311294,
          49.6726823
        ]
      },
      "properties": {
        "id": 3123053302,
        "osm_type": "node",
        "name": "Gänsbürgerladen",
        "opening_hours": "Mo-Fr 06:30-18:00; Sa 06:30-13:00; PH off"
      }
    },
    {
      "type": "Feature",
      "geometry": {
        "type": "Point",
        "coordinates": [
          12.4423133,
          49.5589032
        ]
      },
      "properties": {
        "id": 7779207637,
        "osm_type": "node"
      }
    },
    {
      "type": "Feature",
      "geometry": {
        "type": "Point",
        "coordinates": [
          12.3856591,
          49.6929848
        ]
      },
      "properties": {
        "id": 1641526803,
        "osm_type": "node",
        "name": "Getränkemarkt Lang"
      }
    },
    {
      "type": "Feature",
      "geometry": {
        "type": "Point",
        "coordinates": [
          12.4151321,
          49.7006945
        ]
      },
      "properties": {
        "id": 1640509960,
        "osm_type": "node",
        "name": "Gertänkemarkt Alfons Scheibl"
      }
    },
    {
      "type": "Feature",
      "geometry": {
        "type": "Point",
        "coordinates": [
          12.1650173,
          49.7282905
        ]
      },
      "properties": {
        "id": 1507731764,
        "osm_type": "node",
        "name": "Schuhe Weiß",
        "opening_hours": "Mo-Fr 08:30-18:00; Sa 09:00-14:00"
      }
    },
    {
      "type": "Feature",
      "geometry": {
        "type": "Point",
        "coordinates": [
          12.1685709,
          49.7300178
        ]
      },
      "properties": {
        "id": 1509544434,
        "osm_type": "node",
        "name": "PiCo Pixel&Copy"
      }
    },
    {
      "type": "Feature",
      "geometry": {
        "type": "Point",
        "coordinates": [
          12.1683849,
          49.7295951
        ]
      },
      "properties": {
        "id": 1509580566,
        "osm_type": "node",
        "name": "Unikat",
        "opening_hours": "Tu,Th 09:00-12:30,14:00-18:00; We,Fr 09:00-12:30"
      }
    },
    {
      "type": "Feature",
      "geometry": {
        "type": "Point",
        "coordinates": [
          12.1660327,
          49.7279354
        ]
      },
      "properties": {
        "id": 1514380488,
        "osm_type": "node",
        "name": "LACOCKTAIL"
      }
    },
    {
      "type": "Feature",
      "geometry": {
        "type": "Point",
        "coordinates": [
          12.2773374,
          49.7236304
        ]
      },
      "properties": {
        "id": 495304159,
        "osm_type": "node",
        "name": "Lindner"
      }
    },
    {
      "type": "Feature",
      "geometry": {
        "type": "Point",
        "coordinates": [
          12.2807286,
          49.7232542
        ]
      },
      "properties": {
        "id": 6551587486,
        "osm_type": "node"
      }
    },
    {
      "type": "Feature",
      "geometry": {
        "type": "Point",
        "coordinates": [
          12.3481958,
          49.7368881
        ]
      },
      "properties": {
        "id": 1649696460,
        "osm_type": "node",
        "name": "Kiosk Woppert"
      }
    },
    {
      "type": "Feature",
      "geometry": {
        "type": "Point",
        "coordinates": [
          12.3518176,
          49.7346097
        ]
      },
      "properties": {
        "id": 1649698307,
        "osm_type": "node",
        "name": "Quelle Shop Erndt"
      }
    },
    {
      "type": "Feature",
      "geometry": {
        "type": "Point",
        "coordinates": [
          12.3096354,
          49.7838801
        ]
      },
      "properties": {
        "id": 267178760,
        "osm_type": "node"
      }
    },
    {
      "type": "Feature",
      "geometry": {
        "type": "Point",
        "coordinates": [
          12.3038775,
          49.8587941
        ]
      },
      "properties": {
        "id": 1396031211,
        "osm_type": "node",
        "name": "Kiosk"
      }
    },
    {
      "type": "Feature",
      "geometry": {
        "type": "Point",
        "coordinates": [
          12.3509672,
          49.8835273
        ]
      },
      "properties": {
        "id": 8767282193,
        "osm_type": "node",
        "name": "Kiosk im Freibad Tirschenreuth"
      }
    },
    {
      "type": "Feature",
      "geometry": {
        "type": "Point",
        "coordinates": [
          12.5271677,
          49.9099316
        ]
      },
      "properties": {
        "id": 1669048183,
        "osm_type": "node"
      }
    },
    {
      "type": "Feature",
      "geometry": {
        "type": "Point",
        "coordinates": [
          12.5247648,
          49.9099243
        ]
      },
      "properties": {
        "id": 1672590816,
        "osm_type": "node",
        "name": "Dorflädle",
        "opening_hours": "Mo-Fr 08:00-18:00, Sa 07:00-16:00, Su 08:00-16:00"
      }
    },
    {
      "type": "Feature",
      "geometry": {
        "type": "Point",
        "coordinates": [
          12.7252687,
          49.1561451
        ]
      },
      "properties": {
        "id": 8864681586,
        "osm_type": "node",
        "name": "Um‘s Eck"
      }
    },
    {
      "type": "Feature",
      "geometry": {
        "type": "Point",
        "coordinates": [
          12.6568948,
          49.2034757
        ]
      },
      "properties": {
        "id": 3412220593,
        "osm_type": "node",
        "name": "Lotto Böhm"
      }
    },
    {
      "type": "Feature",
      "geometry": {
        "type": "Point",
        "coordinates": [
          12.6647019,
          49.2196298
        ]
      },
      "properties": {
        "id": 2635974948,
        "osm_type": "node",
        "name": "Weltladen",
        "brand": "Weltladen",
        "opening_hours": "Mo-Fr 10:00-18:00;Sa 10:00-14:00"
      }
    },
    {
      "type": "Feature",
      "geometry": {
        "type": "Point",
        "coordinates": [
          12.6669015,
          49.2189305
        ]
      },
      "properties": {
        "id": 4238970289,
        "osm_type": "node",
        "name": "Nahkauf Haberl",
        "opening_hours": "Mo-Fr 07:30-18:30; Sa 07:30-13:00"
      }
    },
    {
      "type": "Feature",
      "geometry": {
        "type": "Point",
        "coordinates": [
          12.6595351,
          49.2229683
        ]
      },
      "properties": {
        "id": 2382871834,
        "osm_type": "node",
        "name": "Dukkan al-Haran"
      }
    },
    {
      "type": "Feature",
      "geometry": {
        "type": "Point",
        "coordinates": [
          12.6570696,
          49.2220057
        ]
      },
      "properties": {
        "id": 4235004258,
        "osm_type": "node",
        "opening_hours": "Mo-Fr 07:00-16:40; Sa 07:00-12:15"
      }
    },
    {
      "type": "Feature",
      "geometry": {
        "type": "Point",
        "coordinates": [
          12.6120765,
          49.2652304
        ]
      },
      "properties": {
        "id": 334350904,
        "osm_type": "node"
      }
    },
    {
      "type": "Feature",
      "geometry": {
        "type": "Point",
        "coordinates": [
          12.7642353,
          49.2149078
        ]
      },
      "properties": {
        "id": 2188863904,
        "osm_type": "node",
        "name": "Edeka Frischemarkt Schönberger"
      }
    },
    {
      "type": "Feature",
      "geometry": {
        "type": "Point",
        "coordinates": [
          12.8262431,
          49.0938667
        ]
      },
      "properties": {
        "id": 10120526758,
        "osm_type": "node",
        "name": "Lotto",
        "brand": "Lotto"
      }
    },
    {
      "type": "Feature",
      "geometry": {
        "type": "Point",
        "coordinates": [
          12.8574426,
          49.1719322
        ]
      },
      "properties": {
        "id": 5582805589,
        "osm_type": "node",
        "name": "Der Mühlenladen",
        "opening_hours": "Mo-Fr 08:00-18:00; Sa 08:00-13:00; PH closed"
      }
    },
    {
      "type": "Feature",
      "geometry": {
        "type": "Point",
        "coordinates": [
          12.8792903,
          49.2005386
        ]
      },
      "properties": {
        "id": 1981229972,
        "osm_type": "node",
        "name": "L. Pongratz Bäckerei",
        "opening_hours": "Mo-Sa 07:00-12:00"
      }
    },
    {
      "type": "Feature",
      "geometry": {
        "type": "Point",
        "coordinates": [
          12.9394108,
          49.2038035
        ]
      },
      "properties": {
        "id": 8765434361,
        "osm_type": "node",
        "name": "Metzgerei Wutz"
      }
    },
    {
      "type": "Feature",
      "geometry": {
        "type": "Point",
        "coordinates": [
          12.9704146,
          49.2584822
        ]
      },
      "properties": {
        "id": 3448376251,
        "osm_type": "node",
        "name": "Bio-Laden Kosmetik",
        "opening_hours": "Mo - Fr 08:30 - 12:00, 13:00 - 17:30;Sa 09:00 - 12:00"
      }
    },
    {
      "type": "Feature",
      "geometry": {
        "type": "Point",
        "coordinates": [
          12.9736446,
          49.2961953
        ]
      },
      "properties": {
        "id": 3442512463,
        "osm_type": "node",
        "name": "Eisenreich",
        "opening_hours": "Mo 07:30-12:00,13:00-18:00; Tu 07:30-12:00; We-Fr 07:30-12:00,13:00-18:00; Sa 07:30-12:00; Su off"
      }
    },
    {
      "type": "Feature",
      "geometry": {
        "type": "Point",
        "coordinates": [
          12.6278961,
          49.302719
        ]
      },
      "properties": {
        "id": 1745285754,
        "osm_type": "node"
      }
    },
    {
      "type": "Feature",
      "geometry": {
        "type": "Point",
        "coordinates": [
          12.7544979,
          49.3108264
        ]
      },
      "properties": {
        "id": 8907283149,
        "osm_type": "node",
        "name": "Kreuzerhof"
      }
    },
    {
      "type": "Feature",
      "geometry": {
        "type": "Point",
        "coordinates": [
          12.7062945,
          49.3769935
        ]
      },
      "properties": {
        "id": 11159899405,
        "osm_type": "node",
        "name": "Der Lebensmittel punkt",
        "opening_hours": "24/7"
      }
    },
    {
      "type": "Feature",
      "geometry": {
        "type": "Point",
        "coordinates": [
          12.6986088,
          49.3950704
        ]
      },
      "properties": {
        "id": 9655604404,
        "osm_type": "node",
        "name": "Kiosk am Perlsee"
      }
    },
    {
      "type": "Feature",
      "geometry": {
        "type": "Point",
        "coordinates": [
          12.8393753,
          49.3084703
        ]
      },
      "properties": {
        "id": 13064966864,
        "osm_type": "node",
        "name": "Lotto Hahn",
        "brand": "Lotto"
      }
    },
    {
      "type": "Feature",
      "geometry": {
        "type": "Point",
        "coordinates": [
          12.8696154,
          49.3114849
        ]
      },
      "properties": {
        "id": 2778785471,
        "osm_type": "node",
        "name": "Platzerl am See"
      }
    },
    {
      "type": "Feature",
      "geometry": {
        "type": "Point",
        "coordinates": [
          13.04651,
          49.1932978
        ]
      },
      "properties": {
        "id": 9015352693,
        "osm_type": "node"
      }
    },
    {
      "type": "Feature",
      "geometry": {
        "type": "Point",
        "coordinates": [
          13.0875826,
          49.1702356
        ]
      },
      "properties": {
        "id": 3707179028,
        "osm_type": "node",
        "name": "Bayerwald Tierpark Kiosk",
        "opening_hours": "PH,Mo-Su 11:00-17:00"
      }
    },
    {
      "type": "Feature",
      "geometry": {
        "type": "Point",
        "coordinates": [
          13.1981932,
          49.1198517
        ]
      },
      "properties": {
        "id": 6591876963,
        "osm_type": "node",
        "name": "de KRAMERIN",
        "opening_hours": "Mo, Tu, Th, Fr 07:30-13:00, 15:00-18:00; We, Sa 07:30-13:00"
      }
    },
    {
      "type": "Feature",
      "geometry": {
        "type": "Point",
        "coordinates": [
          13.1104932,
          49.1609664
        ]
      },
      "properties": {
        "id": 1164599585,
        "osm_type": "node",
        "opening_hours": "Mo-Fr 07:00-12:00; Sa 07:00-14:00"
      }
    },
    {
      "type": "Feature",
      "geometry": {
        "type": "Point",
        "coordinates": [
          13.0540449,
          49.1950533
        ]
      },
      "properties": {
        "id": 1395142962,
        "osm_type": "node",
        "name": "Mühlbauer"
      }
    },
    {
      "type": "Feature",
      "geometry": {
        "type": "Point",
        "coordinates": [
          8.9989639,
          50.0534146
        ]
      },
      "properties": {
        "id": 3109577549,
        "osm_type": "node",
        "name": "Hofladen Himmelsbach"
      }
    },
    {
      "type": "Feature",
      "geometry": {
        "type": "Point",
        "coordinates": [
          9.0115744,
          50.0479983
        ]
      },
      "properties": {
        "id": 418818426,
        "osm_type": "node",
        "name": "Böttcher"
      }
    },
    {
      "type": "Feature",
      "geometry": {
        "type": "Point",
        "coordinates": [
          9.0052356,
          50.065208
        ]
      },
      "properties": {
        "id": 308316833,
        "osm_type": "node",
        "name": "OC Haustechnik"
      }
    },
    {
      "type": "Feature",
      "geometry": {
        "type": "Point",
        "coordinates": [
          9.01137,
          50.0847091
        ]
      },
      "properties": {
        "id": 1839778214,
        "osm_type": "node",
        "name": "Kiosk Ritter"
      }
    },
    {
      "type": "Feature",
      "geometry": {
        "type": "Point",
        "coordinates": [
          9.0390616,
          49.9344061
        ]
      },
      "properties": {
        "id": 11005545403,
        "osm_type": "node",
        "name": "Tegut Teo",
        "opening_hours": "24/7"
      }
    },
    {
      "type": "Feature",
      "geometry": {
        "type": "Point",
        "coordinates": [
          9.0633471,
          49.9771447
        ]
      },
      "properties": {
        "id": 571212503,
        "osm_type": "node",
        "name": "Gleis 21"
      }
    },
    {
      "type": "Feature",
      "geometry": {
        "type": "Point",
        "coordinates": [
          9.117031,
          49.9585077
        ]
      },
      "properties": {
        "id": 3608451421,
        "osm_type": "node",
        "name": "Ecklädsche"
      }
    },
    {
      "type": "Feature",
      "geometry": {
        "type": "Point",
        "coordinates": [
          9.1319927,
          49.9805688
        ]
      },
      "properties": {
        "id": 7024694237,
        "osm_type": "node",
        "name": "REWE To Go",
        "brand": "REWE To Go",
        "opening_hours": "24/7"
      }
    },
    {
      "type": "Feature",
      "geometry": {
        "type": "Point",
        "coordinates": [
          9.1474197,
          49.9737762
        ]
      },
      "properties": {
        "id": 7204541346,
        "osm_type": "node",
        "name": "Tele-Call",
        "opening_hours": "Mo-Fr 08:00-20:00; Sa 08:30-20:00; Su 11:00-14:00"
      }
    },
    {
      "type": "Feature",
      "geometry": {
        "type": "Point",
        "coordinates": [
          9.1409599,
          49.9802657
        ]
      },
      "properties": {
        "id": 2103370507,
        "osm_type": "node",
        "name": "Box"
      }
    },
    {
      "type": "Feature",
      "geometry": {
        "type": "Point",
        "coordinates": [
          9.1419454,
          49.9798557
        ]
      },
      "properties": {
        "id": 5859013988,
        "osm_type": "node",
        "name": "Lackmann",
        "opening_hours": "Mo-Fr 10:00-18:30; Sa 09:00-14:00"
      }
    },
    {
      "type": "Feature",
      "geometry": {
        "type": "Point",
        "coordinates": [
          9.1434397,
          49.9802054
        ]
      },
      "properties": {
        "id": 1573803389,
        "osm_type": "node",
        "name": "Yorma's",
        "brand": "Yorma's",
        "opening_hours": "Mo-Fr 05:00-20:00; Sa 06:00-19:00; Su,PH 07:00-20:00"
      }
    },
    {
      "type": "Feature",
      "geometry": {
        "type": "Point",
        "coordinates": [
          9.143599,
          49.9800137
        ]
      },
      "properties": {
        "id": 2075968757,
        "osm_type": "node",
        "name": "Tegut Teo",
        "opening_hours": "24/7"
      }
    },
    {
      "type": "Feature",
      "geometry": {
        "type": "Point",
        "coordinates": [
          9.1422807,
          49.9797538
        ]
      },
      "properties": {
        "id": 2103370499,
        "osm_type": "node",
        "name": "Arabische Lebensmittel",
        "opening_hours": "Mo-Su 10:00-20:00"
      }
    },
    {
      "type": "Feature",
      "geometry": {
        "type": "Point",
        "coordinates": [
          9.1426929,
          49.9797475
        ]
      },
      "properties": {
        "id": 2103370500,
        "osm_type": "node",
        "name": "Raj Kiosk",
        "opening_hours": "Mo-Sa 09:00-20:00"
      }
    },
    {
      "type": "Feature",
      "geometry": {
        "type": "Point",
        "coordinates": [
          9.1431249,
          49.9802018
        ]
      },
      "properties": {
        "id": 2757897970,
        "osm_type": "node",
        "name": "Barbarino",
        "opening_hours": "Mo-Fr 05:00-20:00; Sa 07:00-20:00; Su 08:00-20:00"
      }
    },
    {
      "type": "Feature",
      "geometry": {
        "type": "Point",
        "coordinates": [
          9.1454888,
          49.9756239
        ]
      },
      "properties": {
        "id": 2900804434,
        "osm_type": "node",
        "name": "Lebe Gesund",
        "opening_hours": "Mo-Sa 09:00-17:00"
      }
    },
    {
      "type": "Feature",
      "geometry": {
        "type": "Point",
        "coordinates": [
          9.1486966,
          49.9759564
        ]
      },
      "properties": {
        "id": 2915583721,
        "osm_type": "node",
        "name": "Kiosk am Roßmarkt"
      }
    },
    {
      "type": "Feature",
      "geometry": {
        "type": "Point",
        "coordinates": [
          9.1458642,
          49.9790378
        ]
      },
      "properties": {
        "id": 3129686999,
        "osm_type": "node",
        "name": "Spar-Paradies",
        "opening_hours": "Mo-Fr 09:00-19:00; Sa 09:00-18:00"
      }
    },
    {
      "type": "Feature",
      "geometry": {
        "type": "Point",
        "coordinates": [
          9.1463976,
          49.9787005
        ]
      },
      "properties": {
        "id": 3129687009,
        "osm_type": "node"
      }
    },
    {
      "type": "Feature",
      "geometry": {
        "type": "Point",
        "coordinates": [
          9.1464119,
          49.9758362
        ]
      },
      "properties": {
        "id": 8249795650,
        "osm_type": "node",
        "name": "Weltladen Aschaffenburg",
        "opening_hours": "Mo-Fr 10:00-18:00; Sa 10:00-16:00; PH off"
      }
    },
    {
      "type": "Feature",
      "geometry": {
        "type": "Point",
        "coordinates": [
          9.1459147,
          49.9749163
        ]
      },
      "properties": {
        "id": 10238931700,
        "osm_type": "node",
        "opening_hours": "Mo-Th 10:30-18:30; Fr 10:30-19:00; Sa 10:00-19:00"
      }
    },
    {
      "type": "Feature",
      "geometry": {
        "type": "Point",
        "coordinates": [
          9.1444712,
          49.9757019
        ]
      },
      "properties": {
        "id": 11360713611,
        "osm_type": "node",
        "name": "Kiox Aschaffenburg",
        "opening_hours": "Mo-Sa 08:00-20:00"
      }
    },
    {
      "type": "Feature",
      "geometry": {
        "type": "Point",
        "coordinates": [
          9.1423333,
          49.9800822
        ]
      },
      "properties": {
        "id": 12998944521,
        "osm_type": "node",
        "name": "Kabul-Al Madina Supermarkt"
      }
    },
    {
      "type": "Feature",
      "geometry": {
        "type": "Point",
        "coordinates": [
          9.151778,
          49.9684858
        ]
      },
      "properties": {
        "id": 2897490998,
        "osm_type": "node",
        "name": "Ost-Markt"
      }
    },
    {
      "type": "Feature",
      "geometry": {
        "type": "Point",
        "coordinates": [
          9.1524737,
          49.9694301
        ]
      },
      "properties": {
        "id": 3535717274,
        "osm_type": "node",
        "name": "Zigarrenhaus Rosenberger",
        "opening_hours": "Mo-Fr 07:30-13:00,14:30-18:00; Sa 08:30-14:00; PH off"
      }
    },
    {
      "type": "Feature",
      "geometry": {
        "type": "Point",
        "coordinates": [
          9.1520602,
          49.9786452
        ]
      },
      "properties": {
        "id": 1488742132,
        "osm_type": "node",
        "name": "Tabac&co"
      }
    },
    {
      "type": "Feature",
      "geometry": {
        "type": "Point",
        "coordinates": [
          9.1553752,
          49.9782673
        ]
      },
      "properties": {
        "id": 3267607773,
        "osm_type": "node",
        "name": "Adam Fairkaufen",
        "opening_hours": "Mo-Fr 08:30-18:00;Sa 08:30-14:00;PH off"
      }
    },
    {
      "type": "Feature",
      "geometry": {
        "type": "Point",
        "coordinates": [
          9.1589173,
          49.9772083
        ]
      },
      "properties": {
        "id": 12833371289,
        "osm_type": "node",
        "name": "Place De La Petanque"
      }
    },
    {
      "type": "Feature",
      "geometry": {
        "type": "Point",
        "coordinates": [
          9.1873502,
          49.9777741
        ]
      },
      "properties": {
        "id": 5621510413,
        "osm_type": "node",
        "name": "Kiosk"
      }
    },
    {
      "type": "Feature",
      "geometry": {
        "type": "Point",
        "coordinates": [
          9.2054235,
          49.966055
        ]
      },
      "properties": {
        "id": 2188396445,
        "osm_type": "node",
        "name": "Aulbach"
      }
    },
    {
      "type": "Feature",
      "geometry": {
        "type": "Point",
        "coordinates": [
          9.2086054,
          49.9650122
        ]
      },
      "properties": {
        "id": 2126153258,
        "osm_type": "node",
        "name": "Mein Markt",
        "opening_hours": "06:30-12:30, 14:00-18:00; We,Sa 06:30-12:00; Su,PH off"
      }
    },
    {
      "type": "Feature",
      "geometry": {
        "type": "Point",
        "coordinates": [
          9.1400655,
          49.9874362
        ]
      },
      "properties": {
        "id": 9432029193,
        "osm_type": "node",
        "name": "Shell",
        "brand": "Shell"
      }
    },
    {
      "type": "Feature",
      "geometry": {
        "type": "Point",
        "coordinates": [
          9.1436425,
          49.9818807
        ]
      },
      "properties": {
        "id": 4424133059,
        "osm_type": "node",
        "name": "Dürninger. Tabak&News",
        "opening_hours": "Mo-Fr 07:00-18:00; Sa 10:00-15:00; PH off"
      }
    },
    {
      "type": "Feature",
      "geometry": {
        "type": "Point",
        "coordinates": [
          9.1449406,
          49.984197
        ]
      },
      "properties": {
        "id": 4486754536,
        "osm_type": "node",
        "name": "Durra"
      }
    },
    {
      "type": "Feature",
      "geometry": {
        "type": "Point",
        "coordinates": [
          9.1598626,
          49.9870639
        ]
      },
      "properties": {
        "id": 257036862,
        "osm_type": "node",
        "name": "Hessol",
        "brand": "Hessol",
        "opening_hours": "24/7"
      }
    },
    {
      "type": "Feature",
      "geometry": {
        "type": "Point",
        "coordinates": [
          9.1629306,
          49.983285
        ]
      },
      "properties": {
        "id": 271289833,
        "osm_type": "node",
        "name": "Hildegard Gayer-Lang Backwaren",
        "opening_hours": "Mo 06:30-12:30; Tu-Fr 06:30-12:30,14:30-18:00; Sa 06:00-13:00; Su,PH off"
      }
    },
    {
      "type": "Feature",
      "geometry": {
        "type": "Point",
        "coordinates": [
          9.1375795,
          50.0306499
        ]
      },
      "properties": {
        "id": 12708104506,
        "osm_type": "node",
        "name": "Tegut Teo",
        "opening_hours": "24/7"
      }
    },
    {
      "type": "Feature",
      "geometry": {
        "type": "Point",
        "coordinates": [
          9.2102479,
          49.9991091
        ]
      },
      "properties": {
        "id": 343352168,
        "osm_type": "node",
        "name": "Kämmerer"
      }
    },
    {
      "type": "Feature",
      "geometry": {
        "type": "Point",
        "coordinates": [
          9.2034501,
          50.0037527
        ]
      },
      "properties": {
        "id": 12238353641,
        "osm_type": "node",
        "name": "Snack Eck",
        "opening_hours": "24/7"
      }
    },
    {
      "type": "Feature",
      "geometry": {
        "type": "Point",
        "coordinates": [
          9.2039999,
          50.0035183
        ]
      },
      "properties": {
        "id": 13226633840,
        "osm_type": "node",
        "name": "Hösbacher Kiosk",
        "opening_hours": "Mo-Fr 08:00-21:30; Sa-Su 11:30-21:30"
      }
    },
    {
      "type": "Feature",
      "geometry": {
        "type": "Point",
        "coordinates": [
          9.2211178,
          50.0060196
        ]
      },
      "properties": {
        "id": 323092035,
        "osm_type": "node",
        "name": "Shell Tankstelle",
        "brand": "Shell",
        "opening_hours": "24/7"
      }
    },
    {
      "type": "Feature",
      "geometry": {
        "type": "Point",
        "coordinates": [
          9.0695633,
          50.0850871
        ]
      },
      "properties": {
        "id": 5143194631,
        "osm_type": "node",
        "name": "Eder's im Generationenpark",
        "opening_hours": "Mo-Fr 15:00-21:00; Sa 12:00-19:00; Su 10:00-19:00"
      }
    },
    {
      "type": "Feature",
      "geometry": {
        "type": "Point",
        "coordinates": [
          9.1033154,
          50.1022813
        ]
      },
      "properties": {
        "id": 487267337,
        "osm_type": "node",
        "name": "Um's Eck"
      }
    },
    {
      "type": "Feature",
      "geometry": {
        "type": "Point",
        "coordinates": [
          9.1319709,
          50.0573786
        ]
      },
      "properties": {
        "id": 2090195641,
        "osm_type": "node"
      }
    },
    {
      "type": "Feature",
      "geometry": {
        "type": "Point",
        "coordinates": [
          9.1596592,
          50.0707778
        ]
      },
      "properties": {
        "id": 1244791828,
        "osm_type": "node",
        "name": "Kelterei Grünewald"
      }
    },
    {
      "type": "Feature",
      "geometry": {
        "type": "Point",
        "coordinates": [
          9.1608104,
          50.0739162
        ]
      },
      "properties": {
        "id": 1600495992,
        "osm_type": "node",
        "name": "Die Stoffpalette",
        "opening_hours": "Mo-Th 09:00-12:00, 14:00-18:00; Fr 14:00-18:00; Sa 09:00-12:00"
      }
    },
    {
      "type": "Feature",
      "geometry": {
        "type": "Point",
        "coordinates": [
          9.1889902,
          50.0840211
        ]
      },
      "properties": {
        "id": 1242208428,
        "osm_type": "node",
        "name": "Rostocks Obsthof und Hofladen",
        "opening_hours": "We-Fr 09:00-18:00; Sa 09:00-14:00; Su 10:00-14:00"
      }
    },
    {
      "type": "Feature",
      "geometry": {
        "type": "Point",
        "coordinates": [
          9.206853,
          50.0824317
        ]
      },
      "properties": {
        "id": 12181155447,
        "osm_type": "node",
        "name": "Dorflädchen"
      }
    },
    {
      "type": "Feature",
      "geometry": {
        "type": "Point",
        "coordinates": [
          9.1503026,
          50.0862474
        ]
      },
      "properties": {
        "id": 3363276203,
        "osm_type": "node",
        "name": "Ihr kleiner Laden"
      }
    },
    {
      "type": "Feature",
      "geometry": {
        "type": "Point",
        "coordinates": [
          9.2971615,
          50.0128913
        ]
      },
      "properties": {
        "id": 2229214187,
        "osm_type": "node",
        "name": "Lindenmühle"
      }
    },
    {
      "type": "Feature",
      "geometry": {
        "type": "Point",
        "coordinates": [
          9.2941164,
          50.0131535
        ]
      },
      "properties": {
        "id": 13113171028,
        "osm_type": "node",
        "name": "Kaufhaus Kramer",
        "opening_hours": "Tu,We 09:00-12:00,14:00-18:00; Fr 09:00-12:30, 14:00-18:00; Sa 09:00-13:00"
      }
    },
    {
      "type": "Feature",
      "geometry": {
        "type": "Point",
        "coordinates": [
          9.3668343,
          49.9307512
        ]
      },
      "properties": {
        "id": 659551882,
        "osm_type": "node",
        "name": "Ort’s Laden"
      }
    },
    {
      "type": "Feature",
      "geometry": {
        "type": "Point",
        "coordinates": [
          9.3923668,
          49.9654935
        ]
      },
      "properties": {
        "id": 565226633,
        "osm_type": "node",
        "name": "Dorfladen Getränke Krimm",
        "opening_hours": "Mo-Sa 06:00-12:30, Mo-We,Fr 14:30-18:00; PH off"
      }
    },
    {
      "type": "Feature",
      "geometry": {
        "type": "Point",
        "coordinates": [
          9.3976209,
          49.9670571
        ]
      },
      "properties": {
        "id": 12165677676,
        "osm_type": "node",
        "name": "Dorflädchen Rothenbuch"
      }
    },
    {
      "type": "Feature",
      "geometry": {
        "type": "Point",
        "coordinates": [
          9.4300179,
          50.0306565
        ]
      },
      "properties": {
        "id": 5325950580,
        "osm_type": "node",
        "name": "Wiesthaler Kramer"
      }
    },
    {
      "type": "Feature",
      "geometry": {
        "type": "Point",
        "coordinates": [
          9.2428907,
          50.0869219
        ]
      },
      "properties": {
        "id": 7223281594,
        "osm_type": "node",
        "name": "Weltladen Schöllkrippen",
        "brand": "Weltladen",
        "opening_hours": "Mo,We,Sa 09:00-12:00, Th,Fr 9:00-12:00,15:00-18:00; PH off"
      }
    },
    {
      "type": "Feature",
      "geometry": {
        "type": "Point",
        "coordinates": [
          9.2763899,
          50.1084474
        ]
      },
      "properties": {
        "id": 2482984255,
        "osm_type": "node",
        "name": "Brennerei Elsässer"
      }
    },
    {
      "type": "Feature",
      "geometry": {
        "type": "Point",
        "coordinates": [
          9.3640353,
          50.1120921
        ]
      },
      "properties": {
        "id": 3508722516,
        "osm_type": "node",
        "name": "Dorfladen",
        "opening_hours": "Mo, We, Fr 08:00-12:30, 14:00-18:00; Tu, Th, Sa 08:00-12:30"
      }
    },
    {
      "type": "Feature",
      "geometry": {
        "type": "Point",
        "coordinates": [
          9.5807401,
          50.0041441
        ]
      },
      "properties": {
        "id": 13058412236,
        "osm_type": "node",
        "name": "E-Kiosk 24/7",
        "opening_hours": "Mo-Su,PH 00:00-00:00"
      }
    },
    {
      "type": "Feature",
      "geometry": {
        "type": "Point",
        "coordinates": [
          9.76449,
          49.9613325
        ]
      },
      "properties": {
        "id": 3902678547,
        "osm_type": "node",
        "name": "Autoschilder Hoßmann",
        "opening_hours": "Mo-Fr 07:30-12:00, 13:00-17:00"
      }
    },
    {
      "type": "Feature",
      "geometry": {
        "type": "Point",
        "coordinates": [
          9.764339,
          49.9619167
        ]
      },
      "properties": {
        "id": 2516418234,
        "osm_type": "node",
        "name": "Arcaden - Schreibwaren"
      }
    },
    {
      "type": "Feature",
      "geometry": {
        "type": "Point",
        "coordinates": [
          9.7662863,
          49.9613783
        ]
      },
      "properties": {
        "id": 2516443218,
        "osm_type": "node",
        "name": "Gemüse Geisler"
      }
    },
    {
      "type": "Feature",
      "geometry": {
        "type": "Point",
        "coordinates": [
          9.7727613,
          49.9555294
        ]
      },
      "properties": {
        "id": 25855406,
        "osm_type": "node",
        "name": "Aral",
        "brand": "Aral",
        "opening_hours": "24/7"
      }
    },
    {
      "type": "Feature",
      "geometry": {
        "type": "Point",
        "coordinates": [
          9.6966282,
          50.0527274
        ]
      },
      "properties": {
        "id": 10910948916,
        "osm_type": "node",
        "name": "Baltika",
        "opening_hours": "Mo-Fr 10:00-18:00; Sa 10:00-14:00"
      }
    },
    {
      "type": "Feature",
      "geometry": {
        "type": "Point",
        "coordinates": [
          9.6679873,
          50.0793588
        ]
      },
      "properties": {
        "id": 9678713317,
        "osm_type": "node",
        "name": "s’ Lädle & Regionales",
        "opening_hours": "We-Sa 11:00-17:00"
      }
    },
    {
      "type": "Feature",
      "geometry": {
        "type": "Point",
        "coordinates": [
          9.7412655,
          50.1220851
        ]
      },
      "properties": {
        "id": 5627186373,
        "osm_type": "node",
        "name": "Dorfladen Gräfendorf",
        "opening_hours": "mo-we,fr 7:30-18:30; th,sa 7:30-13:00"
      }
    },
    {
      "type": "Feature",
      "geometry": {
        "type": "Point",
        "coordinates": [
          9.8895619,
          50.1158105
        ]
      },
      "properties": {
        "id": 431283868,
        "osm_type": "node",
        "name": "Weltladen Hammelburg",
        "opening_hours": "Mo-Fr 09:00-18:00; Sa 09:00-13:00"
      }
    },
    {
      "type": "Feature",
      "geometry": {
        "type": "Point",
        "coordinates": [
          9.8908898,
          50.1142824
        ]
      },
      "properties": {
        "id": 2105619942,
        "osm_type": "node",
        "name": "Fella's Bauernladen"
      }
    },
    {
      "type": "Feature",
      "geometry": {
        "type": "Point",
        "coordinates": [
          10.0083,
          50.1646107
        ]
      },
      "properties": {
        "id": 3748478744,
        "osm_type": "node",
        "name": "Igros"
      }
    },
    {
      "type": "Feature",
      "geometry": {
        "type": "Point",
        "coordinates": [
          10.0660668,
          50.1509929
        ]
      },
      "properties": {
        "id": 3583778671,
        "osm_type": "node"
      }
    },
    {
      "type": "Feature",
      "geometry": {
        "type": "Point",
        "coordinates": [
          10.0369484,
          50.2266628
        ]
      },
      "properties": {
        "id": 10770758678,
        "osm_type": "node",
        "name": "Kiosk am Klaushof"
      }
    },
    {
      "type": "Feature",
      "geometry": {
        "type": "Point",
        "coordinates": [
          9.8964957,
          50.2797205
        ]
      },
      "properties": {
        "id": 12115483288,
        "osm_type": "node",
        "name": "Der Heimatladen"
      }
    },
    {
      "type": "Feature",
      "geometry": {
        "type": "Point",
        "coordinates": [
          9.8623009,
          50.3217377
        ]
      },
      "properties": {
        "id": 3983716991,
        "osm_type": "node",
        "name": "Gemischtwarenhandel"
      }
    },
    {
      "type": "Feature",
      "geometry": {
        "type": "Point",
        "coordinates": [
          9.9513975,
          50.4075826
        ]
      },
      "properties": {
        "id": 7913059683,
        "osm_type": "node",
        "name": "Bäckerei Lebensmittel R. Heil",
        "opening_hours": "Tu 06:15-11:00; We 06:15-11:00,13:15-15:45; Fr 06:15-10:00; Sa 06:30-11:30; Mo,PH off"
      }
    },
    {
      "type": "Feature",
      "geometry": {
        "type": "Point",
        "coordinates": [
          10.1014035,
          49.9843315
        ]
      },
      "properties": {
        "id": 253971078,
        "osm_type": "node",
        "name": "Esso",
        "brand": "Esso"
      }
    },
    {
      "type": "Feature",
      "geometry": {
        "type": "Point",
        "coordinates": [
          10.1958198,
          50.0243567
        ]
      },
      "properties": {
        "id": 13591138962,
        "osm_type": "node",
        "name": "REWE To Go",
        "brand": "REWE To Go"
      }
    },
    {
      "type": "Feature",
      "geometry": {
        "type": "Point",
        "coordinates": [
          10.2249078,
          50.0412633
        ]
      },
      "properties": {
        "id": 13235112087,
        "osm_type": "node",
        "name": "InterMarkt Home",
        "opening_hours": "Mo-Tu 12:00-20:00; Th-Sa 12:00-20:00"
      }
    },
    {
      "type": "Feature",
      "geometry": {
        "type": "Point",
        "coordinates": [
          10.2246132,
          50.041091
        ]
      },
      "properties": {
        "id": 13235112088,
        "osm_type": "node",
        "name": "InterMarkt"
      }
    },
    {
      "type": "Feature",
      "geometry": {
        "type": "Point",
        "coordinates": [
          10.2257003,
          50.0420226
        ]
      },
      "properties": {
        "id": 13235905408,
        "osm_type": "node",
        "name": "BILAL",
        "opening_hours": "Mo-Sa 08:00-20:00"
      }
    },
    {
      "type": "Feature",
      "geometry": {
        "type": "Point",
        "coordinates": [
          10.2435848,
          50.0521158
        ]
      },
      "properties": {
        "id": 12685482790,
        "osm_type": "node",
        "name": "Leopoldina Kiosk",
        "opening_hours": "Mo-Fr 08:00-18:00; Sa,Su,PH 09:00-18-00"
      }
    },
    {
      "type": "Feature",
      "geometry": {
        "type": "Point",
        "coordinates": [
          10.3119008,
          49.984413
        ]
      },
      "properties": {
        "id": 4871934704,
        "osm_type": "node",
        "name": "Grettschter Lädla"
      }
    },
    {
      "type": "Feature",
      "geometry": {
        "type": "Point",
        "coordinates": [
          10.4487946,
          49.9471986
        ]
      },
      "properties": {
        "id": 2473301843,
        "osm_type": "node",
        "name": "Frey am Zabelstein",
        "opening_hours": "PH,Sa-Su 12:00-sunset"
      }
    },
    {
      "type": "Feature",
      "geometry": {
        "type": "Point",
        "coordinates": [
          10.448689,
          49.9472727
        ]
      },
      "properties": {
        "id": 9471870062,
        "osm_type": "node"
      }
    },
    {
      "type": "Feature",
      "geometry": {
        "type": "Point",
        "coordinates": [
          10.4177399,
          50.0144278
        ]
      },
      "properties": {
        "id": 12144316065,
        "osm_type": "node",
        "name": "Main Lounge"
      }
    },
    {
      "type": "Feature",
      "geometry": {
        "type": "Point",
        "coordinates": [
          10.3049534,
          50.0513856
        ]
      },
      "properties": {
        "id": 2130723998,
        "osm_type": "node",
        "name": "Schreibwaren Helmschrott Mali"
      }
    },
    {
      "type": "Feature",
      "geometry": {
        "type": "Point",
        "coordinates": [
          10.0724499,
          50.1976368
        ]
      },
      "properties": {
        "id": 1718582851,
        "osm_type": "node",
        "name": "Kiosk am Park",
        "opening_hours": "Mo-Fr 10:00-17:15"
      }
    },
    {
      "type": "Feature",
      "geometry": {
        "type": "Point",
        "coordinates": [
          10.0776596,
          50.199049
        ]
      },
      "properties": {
        "id": 7984682524,
        "osm_type": "node",
        "name": "Weltladen Bad Kissingen",
        "brand": "Weltladen",
        "opening_hours": "Mo-Fr 10:00-18:00; Sa 10:00-13:00; PH closed"
      }
    },
    {
      "type": "Feature",
      "geometry": {
        "type": "Point",
        "coordinates": [
          10.0855706,
          50.2040538
        ]
      },
      "properties": {
        "id": 3065265281,
        "osm_type": "node",
        "name": "bft Walther Tankstelle",
        "brand": "bft",
        "opening_hours": "Mo-Fr 06:00-22:00; Sa 07:00-22:00; Su 08:00-22:00"
      }
    },
    {
      "type": "Feature",
      "geometry": {
        "type": "Point",
        "coordinates": [
          10.2061068,
          50.1658319
        ]
      },
      "properties": {
        "id": 6709571800,
        "osm_type": "node",
        "name": "Lebensmittel Kess"
      }
    },
    {
      "type": "Feature",
      "geometry": {
        "type": "Point",
        "coordinates": [
          10.2061461,
          50.1658531
        ]
      },
      "properties": {
        "id": 13038700088,
        "osm_type": "node",
        "name": "Edeka Nahkauf"
      }
    },
    {
      "type": "Feature",
      "geometry": {
        "type": "Point",
        "coordinates": [
          10.0779702,
          50.2663729
        ]
      },
      "properties": {
        "id": 1913712170,
        "osm_type": "node",
        "name": "Bockleter Lädle",
        "opening_hours": "Mo-Fr 09:00-12:00,14:00-17:00; Sa 09:00-12:00"
      }
    },
    {
      "type": "Feature",
      "geometry": {
        "type": "Point",
        "coordinates": [
          10.0764483,
          50.264927
        ]
      },
      "properties": {
        "id": 1913712648,
        "osm_type": "node",
        "name": "Minigolf Bad Bocklet"
      }
    },
    {
      "type": "Feature",
      "geometry": {
        "type": "Point",
        "coordinates": [
          10.1948312,
          50.2495482
        ]
      },
      "properties": {
        "id": 1936406923,
        "osm_type": "node"
      }
    },
    {
      "type": "Feature",
      "geometry": {
        "type": "Point",
        "coordinates": [
          10.1937489,
          50.2491057
        ]
      },
      "properties": {
        "id": 1936529973,
        "osm_type": "node",
        "name": "Naturkost in Mürscht – Blauer Storch",
        "opening_hours": "Mo-Fr 09:00-12:30,14:30-18:00; Tu 09:00-12:30; Sa 09:00-13:00"
      }
    },
    {
      "type": "Feature",
      "geometry": {
        "type": "Point",
        "coordinates": [
          10.1946145,
          50.2491303
        ]
      },
      "properties": {
        "id": 2476426385,
        "osm_type": "node",
        "name": "Schuh-Moritz"
      }
    },
    {
      "type": "Feature",
      "geometry": {
        "type": "Point",
        "coordinates": [
          10.1980644,
          50.3204643
        ]
      },
      "properties": {
        "id": 8602993721,
        "osm_type": "node",
        "name": "Mini Mix",
        "brand": "Mini Mix",
        "opening_hours": "Mo-Fr 08:00-19:00; Sa 08:00-18:00; Su,PH off"
      }
    },
    {
      "type": "Feature",
      "geometry": {
        "type": "Point",
        "coordinates": [
          10.2003283,
          50.3182719
        ]
      },
      "properties": {
        "id": 12529355610,
        "osm_type": "node",
        "name": "Mix Markt",
        "opening_hours": "Mo-Fr 08:00-19:00, Sa 08:00-18:00"
      }
    },
    {
      "type": "Feature",
      "geometry": {
        "type": "Point",
        "coordinates": [
          10.2161935,
          50.3212709
        ]
      },
      "properties": {
        "id": 8645811422,
        "osm_type": "node",
        "name": "Aleppo Markt"
      }
    },
    {
      "type": "Feature",
      "geometry": {
        "type": "Point",
        "coordinates": [
          10.2144527,
          50.3212838
        ]
      },
      "properties": {
        "id": 8809173218,
        "osm_type": "node",
        "name": "Naturkost am Hohntor",
        "opening_hours": "Mo-Th 09:00-13:00, 14:30-18:00; Fr 09:00-18:00; Sa 09:00-14:00; Su,Ph off"
      }
    },
    {
      "type": "Feature",
      "geometry": {
        "type": "Point",
        "coordinates": [
          10.193306,
          50.3262458
        ]
      },
      "properties": {
        "id": 693240965,
        "osm_type": "node",
        "name": "Wörner",
        "brand": "Independent"
      }
    },
    {
      "type": "Feature",
      "geometry": {
        "type": "Point",
        "coordinates": [
          10.214386,
          50.3229263
        ]
      },
      "properties": {
        "id": 8662883618,
        "osm_type": "node",
        "name": "Euphrat Markt",
        "opening_hours": "Mo-Fr 08:00-19:00; Sa 08:00-17:00; Su,Ph off"
      }
    },
    {
      "type": "Feature",
      "geometry": {
        "type": "Point",
        "coordinates": [
          10.2337013,
          50.3245291
        ]
      },
      "properties": {
        "id": 4610313382,
        "osm_type": "node",
        "name": "Laden"
      }
    },
    {
      "type": "Feature",
      "geometry": {
        "type": "Point",
        "coordinates": [
          10.2345102,
          50.3240059
        ]
      },
      "properties": {
        "id": 6666761370,
        "osm_type": "node",
        "name": "Laden im RHÖN-KLINIKUM",
        "opening_hours": "Mo-Fr 08:00-17:30; Sa,Su,PH 10:00-16:30"
      }
    },
    {
      "type": "Feature",
      "geometry": {
        "type": "Point",
        "coordinates": [
          10.2779033,
          50.1793597
        ]
      },
      "properties": {
        "id": 1819220287,
        "osm_type": "node",
        "name": "Avia",
        "brand": "Avia"
      }
    },
    {
      "type": "Feature",
      "geometry": {
        "type": "Point",
        "coordinates": [
          10.3613323,
          50.1895346
        ]
      },
      "properties": {
        "id": 514576577,
        "osm_type": "node",
        "name": "Bauer"
      }
    },
    {
      "type": "Feature",
      "geometry": {
        "type": "Point",
        "coordinates": [
          10.4041182,
          50.2610124
        ]
      },
      "properties": {
        "id": 627573736,
        "osm_type": "node"
      }
    },
    {
      "type": "Feature",
      "geometry": {
        "type": "Point",
        "coordinates": [
          10.4105928,
          50.2543649
        ]
      },
      "properties": {
        "id": 2008231302,
        "osm_type": "node"
      }
    },
    {
      "type": "Feature",
      "geometry": {
        "type": "Point",
        "coordinates": [
          10.4597312,
          50.298971
        ]
      },
      "properties": {
        "id": 732714095,
        "osm_type": "node",
        "name": "BfT Walther",
        "brand": "bft",
        "opening_hours": "Mo-Fr 06:00-22:00; Sa 07:30-22:00; Su 08:00-22:00"
      }
    },
    {
      "type": "Feature",
      "geometry": {
        "type": "Point",
        "coordinates": [
          10.4684472,
          50.2978333
        ]
      },
      "properties": {
        "id": 11775054864,
        "osm_type": "node",
        "name": "Aral"
      }
    },
    {
      "type": "Feature",
      "geometry": {
        "type": "Point",
        "coordinates": [
          10.4946571,
          50.0323029
        ]
      },
      "properties": {
        "id": 12427598122,
        "osm_type": "node",
        "name": "Ape Inn",
        "brand": "Ape Inn",
        "opening_hours": "24/7"
      }
    },
    {
      "type": "Feature",
      "geometry": {
        "type": "Point",
        "coordinates": [
          10.5086672,
          50.0322915
        ]
      },
      "properties": {
        "id": 3795570466,
        "osm_type": "node",
        "name": "Lebensmittel Amany",
        "opening_hours": "Mo-Sa 09:00-19:00; PH off"
      }
    },
    {
      "type": "Feature",
      "geometry": {
        "type": "Point",
        "coordinates": [
          10.5067764,
          50.0321898
        ]
      },
      "properties": {
        "id": 12110133906,
        "osm_type": "node",
        "name": "Welt-Laden Haßfurt",
        "opening_hours": "Mo-Fr 09:30-13:00, Sa 10:00-13:00, Mo,Tu,Th,Fr 14:00-18:00"
      }
    },
    {
      "type": "Feature",
      "geometry": {
        "type": "Point",
        "coordinates": [
          10.520928,
          50.0326834
        ]
      },
      "properties": {
        "id": 8468056830,
        "osm_type": "node",
        "name": "Maintal Werksverkauf",
        "opening_hours": "We, Th 09:00-17:00; Fr 09:00-15:00"
      }
    },
    {
      "type": "Feature",
      "geometry": {
        "type": "Point",
        "coordinates": [
          10.5847074,
          49.9862492
        ]
      },
      "properties": {
        "id": 11380170672,
        "osm_type": "node",
        "name": "Das Lädla"
      }
    },
    {
      "type": "Feature",
      "geometry": {
        "type": "Point",
        "coordinates": [
          10.5796094,
          49.9911147
        ]
      },
      "properties": {
        "id": 340016098,
        "osm_type": "node"
      }
    },
    {
      "type": "Feature",
      "geometry": {
        "type": "Point",
        "coordinates": [
          10.5789059,
          49.9902529
        ]
      },
      "properties": {
        "id": 9693480646,
        "osm_type": "node",
        "name": "Kiosk Melanie"
      }
    },
    {
      "type": "Feature",
      "geometry": {
        "type": "Point",
        "coordinates": [
          10.5405148,
          50.031198
        ]
      },
      "properties": {
        "id": 4409086278,
        "osm_type": "node",
        "opening_hours": "Mo-Fr 05:00-22:00; Sa,Su 06:00-22:00"
      }
    },
    {
      "type": "Feature",
      "geometry": {
        "type": "Point",
        "coordinates": [
          10.6047831,
          49.9425667
        ]
      },
      "properties": {
        "id": 354559013,
        "osm_type": "node"
      }
    },
    {
      "type": "Feature",
      "geometry": {
        "type": "Point",
        "coordinates": [
          10.6637276,
          49.9733593
        ]
      },
      "properties": {
        "id": 10933571338,
        "osm_type": "node",
        "name": "Mainkiosk Eltmann",
        "opening_hours": "PH,Th-Su 14:00-18:00"
      }
    },
    {
      "type": "Feature",
      "geometry": {
        "type": "Point",
        "coordinates": [
          10.5676487,
          50.0810727
        ]
      },
      "properties": {
        "id": 693309495,
        "osm_type": "node",
        "name": "Wolle, Spiel- und Schreibwaren"
      }
    },
    {
      "type": "Feature",
      "geometry": {
        "type": "Point",
        "coordinates": [
          10.6908221,
          50.036789
        ]
      },
      "properties": {
        "id": 512998047,
        "osm_type": "node",
        "name": "Henris Backstube"
      }
    },
    {
      "type": "Feature",
      "geometry": {
        "type": "Point",
        "coordinates": [
          10.6896119,
          50.0364031
        ]
      },
      "properties": {
        "id": 512998048,
        "osm_type": "node"
      }
    },
    {
      "type": "Feature",
      "geometry": {
        "type": "Point",
        "coordinates": [
          10.7032371,
          50.018534
        ]
      },
      "properties": {
        "id": 1716622310,
        "osm_type": "node",
        "name": "EDEKA Bäckerei Strohmenger"
      }
    },
    {
      "type": "Feature",
      "geometry": {
        "type": "Point",
        "coordinates": [
          10.875739,
          49.9731956
        ]
      },
      "properties": {
        "id": 4740344543,
        "osm_type": "node",
        "name": "Esso",
        "brand": "Esso",
        "opening_hours": "24/7"
      }
    },
    {
      "type": "Feature",
      "geometry": {
        "type": "Point",
        "coordinates": [
          10.5266725,
          50.1393593
        ]
      },
      "properties": {
        "id": 903495011,
        "osm_type": "node",
        "name": "Shell",
        "brand": "Shell",
        "opening_hours": "Mo-Su 07:00-21:00"
      }
    },
    {
      "type": "Feature",
      "geometry": {
        "type": "Point",
        "coordinates": [
          10.6381703,
          50.1422618
        ]
      },
      "properties": {
        "id": 27366605,
        "osm_type": "node",
        "name": "JustStop"
      }
    },
    {
      "type": "Feature",
      "geometry": {
        "type": "Point",
        "coordinates": [
          10.6505676,
          50.1414757
        ]
      },
      "properties": {
        "id": 6280485025,
        "osm_type": "node",
        "name": "Lädla"
      }
    },
    {
      "type": "Feature",
      "geometry": {
        "type": "Point",
        "coordinates": [
          10.8556499,
          50.1425039
        ]
      },
      "properties": {
        "id": 4199016833,
        "osm_type": "node",
        "name": "Lebensmittel Leuthäuser"
      }
    },
    {
      "type": "Feature",
      "geometry": {
        "type": "Point",
        "coordinates": [
          10.8655282,
          50.3111018
        ]
      },
      "properties": {
        "id": 13003907339,
        "osm_type": "node",
        "name": "Biohof Ingrid Wolf",
        "opening_hours": "Tu-Fr 09:00-18:00, Sa 08:00-12:00"
      }
    },
    {
      "type": "Feature",
      "geometry": {
        "type": "Point",
        "coordinates": [
          10.1029218,
          50.3818981
        ]
      },
      "properties": {
        "id": 3630792927,
        "osm_type": "node",
        "name": "igros"
      }
    },
    {
      "type": "Feature",
      "geometry": {
        "type": "Point",
        "coordinates": [
          10.2565375,
          50.354441
        ]
      },
      "properties": {
        "id": 8783075017,
        "osm_type": "node",
        "name": "Igros",
        "opening_hours": "Mo-Fr 05:00-12:30; Sa 05:00-12:00; Su,Ph off"
      }
    },
    {
      "type": "Feature",
      "geometry": {
        "type": "Point",
        "coordinates": [
          10.2573883,
          50.3783156
        ]
      },
      "properties": {
        "id": 1416764682,
        "osm_type": "node",
        "name": "Dorfladen"
      }
    },
    {
      "type": "Feature",
      "geometry": {
        "type": "Point",
        "coordinates": [
          10.1502543,
          50.5195731
        ]
      },
      "properties": {
        "id": 5121363092,
        "osm_type": "node",
        "name": "Rhöner Bauernladen",
        "opening_hours": "Apr-Oct Mo-Sa 10:00-18:00; Su,PH 11:00-18:00; Nov-Mar Fr 10:00-18:00; Sa 10:00-14:00"
      }
    },
    {
      "type": "Feature",
      "geometry": {
        "type": "Point",
        "coordinates": [
          10.2334868,
          50.4579371
        ]
      },
      "properties": {
        "id": 877166038,
        "osm_type": "node",
        "name": "Rhönmarkt"
      }
    },
    {
      "type": "Feature",
      "geometry": {
        "type": "Point",
        "coordinates": [
          10.23526,
          50.4575337
        ]
      },
      "properties": {
        "id": 1489134793,
        "osm_type": "node",
        "name": "Ingrid`s Schatztruhe",
        "opening_hours": "Mo-Sa 09:30-13:00"
      }
    },
    {
      "type": "Feature",
      "geometry": {
        "type": "Point",
        "coordinates": [
          10.3547297,
          50.3616925
        ]
      },
      "properties": {
        "id": 2299193503,
        "osm_type": "node"
      }
    },
    {
      "type": "Feature",
      "geometry": {
        "type": "Point",
        "coordinates": [
          10.858236,
          50.369454
        ]
      },
      "properties": {
        "id": 7620316148,
        "osm_type": "node"
      }
    },
    {
      "type": "Feature",
      "geometry": {
        "type": "Point",
        "coordinates": [
          10.9584343,
          49.9593032
        ]
      },
      "properties": {
        "id": 2229242160,
        "osm_type": "node",
        "name": "Wolfgang Garbartz"
      }
    },
    {
      "type": "Feature",
      "geometry": {
        "type": "Point",
        "coordinates": [
          11.043693,
          49.9801786
        ]
      },
      "properties": {
        "id": 4553414723,
        "osm_type": "node",
        "name": "Total",
        "brand": "Total",
        "opening_hours": "Mo-Fr 05:00-23:00; Sa,Su 06:00-22:00"
      }
    },
    {
      "type": "Feature",
      "geometry": {
        "type": "Point",
        "coordinates": [
          11.0684052,
          50.0859949
        ]
      },
      "properties": {
        "id": 452636350,
        "osm_type": "node",
        "name": "Reichert",
        "opening_hours": "Mo-Fr 06:30-18:00, Sa 06:30-20:00, Su 14:00-20:00"
      }
    },
    {
      "type": "Feature",
      "geometry": {
        "type": "Point",
        "coordinates": [
          11.2326994,
          50.1203689
        ]
      },
      "properties": {
        "id": 10251608111,
        "osm_type": "node",
        "name": "Metzgerei Mantel",
        "opening_hours": "Mo-Fr 08:00-18:00; Sa 07:00-13:00; PH,Su off"
      }
    },
    {
      "type": "Feature",
      "geometry": {
        "type": "Point",
        "coordinates": [
          11.0541679,
          50.1418994
        ]
      },
      "properties": {
        "id": 3493444728,
        "osm_type": "node",
        "name": "Shell",
        "brand": "Shell",
        "opening_hours": "Mo-Fr 06:00-20:00; Sa 07:00-20:00; Su, PH 08:30-20:00"
      }
    },
    {
      "type": "Feature",
      "geometry": {
        "type": "Point",
        "coordinates": [
          11.0823332,
          50.1501028
        ]
      },
      "properties": {
        "id": 142407673,
        "osm_type": "node",
        "name": "Esso",
        "brand": "Esso",
        "opening_hours": "24/7"
      }
    },
    {
      "type": "Feature",
      "geometry": {
        "type": "Point",
        "coordinates": [
          11.0521073,
          50.2239057
        ]
      },
      "properties": {
        "id": 11331258503,
        "osm_type": "node"
      }
    },
    {
      "type": "Feature",
      "geometry": {
        "type": "Point",
        "coordinates": [
          11.0761102,
          50.240714
        ]
      },
      "properties": {
        "id": 2625808000,
        "osm_type": "node",
        "name": "Dorfladen Carl"
      }
    },
    {
      "type": "Feature",
      "geometry": {
        "type": "Point",
        "coordinates": [
          10.9494894,
          50.2739148
        ]
      },
      "properties": {
        "id": 695856505,
        "osm_type": "node"
      }
    },
    {
      "type": "Feature",
      "geometry": {
        "type": "Point",
        "coordinates": [
          10.9662938,
          50.2610098
        ]
      },
      "properties": {
        "id": 473665373,
        "osm_type": "node",
        "name": "Wegwarte"
      }
    },
    {
      "type": "Feature",
      "geometry": {
        "type": "Point",
        "coordinates": [
          10.965632,
          50.262222
        ]
      },
      "properties": {
        "id": 1352543556,
        "osm_type": "node",
        "name": "Babylon Lebensmittel"
      }
    },
    {
      "type": "Feature",
      "geometry": {
        "type": "Point",
        "coordinates": [
          10.9643415,
          50.2573769
        ]
      },
      "properties": {
        "id": 3248452134,
        "osm_type": "node",
        "name": "Snikas Store 24/7",
        "opening_hours": "24/7"
      }
    },
    {
      "type": "Feature",
      "geometry": {
        "type": "Point",
        "coordinates": [
          10.9836181,
          50.2643996
        ]
      },
      "properties": {
        "id": 310938795,
        "osm_type": "node"
      }
    },
    {
      "type": "Feature",
      "geometry": {
        "type": "Point",
        "coordinates": [
          11.1681688,
          50.1662765
        ]
      },
      "properties": {
        "id": 10068353414,
        "osm_type": "node",
        "name": "Flecken 47",
        "opening_hours": "Mo-Fr 06:00-18:00; We 06:00-13:00; Sa 07:00-13:00; PH off"
      }
    },
    {
      "type": "Feature",
      "geometry": {
        "type": "Point",
        "coordinates": [
          11.3219645,
          50.2398171
        ]
      },
      "properties": {
        "id": 6610684066,
        "osm_type": "node",
        "name": "KARIBU-Weltladen",
        "opening_hours": "Tu-Fr 09:30-18:00; Mo 09:30-13:00; Sa 10:00-13:00; Su off"
      }
    },
    {
      "type": "Feature",
      "geometry": {
        "type": "Point",
        "coordinates": [
          11.3227213,
          50.239424
        ]
      },
      "properties": {
        "id": 10048693217,
        "osm_type": "node",
        "name": "Lamis Markt für Lebensmittel",
        "opening_hours": "Mo-Fr 08:30-19:00; Sa 09:00-18:00"
      }
    },
    {
      "type": "Feature",
      "geometry": {
        "type": "Point",
        "coordinates": [
          11.3225765,
          50.2394501
        ]
      },
      "properties": {
        "id": 12078273235,
        "osm_type": "node",
        "name": "Kiosk Kronach",
        "opening_hours": "Mo-Fr 08:00-18:00; Sa 08:00-13:00; PH off"
      }
    },
    {
      "type": "Feature",
      "geometry": {
        "type": "Point",
        "coordinates": [
          11.1887167,
          50.2559942
        ]
      },
      "properties": {
        "id": 1157357685,
        "osm_type": "node",
        "name": "Sonja Horn"
      }
    },
    {
      "type": "Feature",
      "geometry": {
        "type": "Point",
        "coordinates": [
          11.2113979,
          50.2484195
        ]
      },
      "properties": {
        "id": 1083533077,
        "osm_type": "node",
        "name": "HAGU"
      }
    },
    {
      "type": "Feature",
      "geometry": {
        "type": "Point",
        "coordinates": [
          11.2121576,
          50.2495315
        ]
      },
      "properties": {
        "id": 1374825771,
        "osm_type": "node",
        "name": "Lotto/Toto Weiß"
      }
    },
    {
      "type": "Feature",
      "geometry": {
        "type": "Point",
        "coordinates": [
          11.2657464,
          50.2926156
        ]
      },
      "properties": {
        "id": 3798458358,
        "osm_type": "node",
        "name": "Landkaufhaus"
      }
    },
    {
      "type": "Feature",
      "geometry": {
        "type": "Point",
        "coordinates": [
          11.3013555,
          50.2831011
        ]
      },
      "properties": {
        "id": 11140957160,
        "osm_type": "node",
        "name": "Lotto Mahr",
        "opening_hours": "Mo,Tu 10:00-12:00; We,Th 08:00-12:00,14:00-18:00; Fr 08:00-18:00; Sa 08:00-12:00; PH off"
      }
    },
    {
      "type": "Feature",
      "geometry": {
        "type": "Point",
        "coordinates": [
          11.3730153,
          50.096584
        ]
      },
      "properties": {
        "id": 10313738737,
        "osm_type": "node"
      }
    },
    {
      "type": "Feature",
      "geometry": {
        "type": "Point",
        "coordinates": [
          11.4105808,
          50.1019181
        ]
      },
      "properties": {
        "id": 10136082592,
        "osm_type": "node",
        "name": "Baier's Erdbeeren",
        "opening_hours": "May-Aug PH,Mo-Su 08:00-20:00"
      }
    },
    {
      "type": "Feature",
      "geometry": {
        "type": "Point",
        "coordinates": [
          11.4107586,
          50.1019356
        ]
      },
      "properties": {
        "id": 10136084235,
        "osm_type": "node",
        "name": "Kürbisverkauf",
        "opening_hours": "Sep-Nov PH,Mo-Su 08:00-18:00"
      }
    },
    {
      "type": "Feature",
      "geometry": {
        "type": "Point",
        "coordinates": [
          11.4353272,
          50.1049119
        ]
      },
      "properties": {
        "id": 10260983371,
        "osm_type": "node",
        "name": "Weihnachstbaumverkauf",
        "opening_hours": "Nov-Dec PH,Mo-Su 08:00-20:00"
      }
    },
    {
      "type": "Feature",
      "geometry": {
        "type": "Point",
        "coordinates": [
          11.4369622,
          50.1091667
        ]
      },
      "properties": {
        "id": 12070113667,
        "osm_type": "node",
        "name": "Metzgerei Kleinheinz Imbiss 24/7 Shop",
        "opening_hours": "Mo-Su,PH 00:00+"
      }
    },
    {
      "type": "Feature",
      "geometry": {
        "type": "Point",
        "coordinates": [
          11.4560685,
          50.1072986
        ]
      },
      "properties": {
        "id": 5315385167,
        "osm_type": "node",
        "name": "FAIR Weltladen",
        "opening_hours": "Mo-Fr 09:00-18:00; Sa 10:00-14:00; PH,Su off"
      }
    },
    {
      "type": "Feature",
      "geometry": {
        "type": "Point",
        "coordinates": [
          11.4716723,
          50.1105964
        ]
      },
      "properties": {
        "id": 10303211085,
        "osm_type": "node",
        "name": "Kiosk",
        "opening_hours": "Mo-Su 10:00-18:30; Fr-Sa 19:00-22:00; PH unknown"
      }
    },
    {
      "type": "Feature",
      "geometry": {
        "type": "Point",
        "coordinates": [
          11.4662867,
          50.1183285
        ]
      },
      "properties": {
        "id": 2053003186,
        "osm_type": "node",
        "name": "Café & Kiosk",
        "opening_hours": "Mo-Fr 09:00-18:30; Sa,Su,PH 13:00-16:30"
      }
    },
    {
      "type": "Feature",
      "geometry": {
        "type": "Point",
        "coordinates": [
          11.5443715,
          49.9540078
        ]
      },
      "properties": {
        "id": 2712874856,
        "osm_type": "node",
        "name": "Kolb's Bauernladen"
      }
    },
    {
      "type": "Feature",
      "geometry": {
        "type": "Point",
        "coordinates": [
          11.5840359,
          49.9324274
        ]
      },
      "properties": {
        "id": 2525668941,
        "osm_type": "node",
        "name": "Unisnack - Automaten Kiosk",
        "opening_hours": "24/7"
      }
    },
    {
      "type": "Feature",
      "geometry": {
        "type": "Point",
        "coordinates": [
          11.5693146,
          49.9442933
        ]
      },
      "properties": {
        "id": 410127000,
        "osm_type": "node",
        "name": "Kobane",
        "opening_hours": "Mo-Sa 09:00-19:00; Su off"
      }
    },
    {
      "type": "Feature",
      "geometry": {
        "type": "Point",
        "coordinates": [
          11.573542,
          49.943436
        ]
      },
      "properties": {
        "id": 441899655,
        "osm_type": "node",
        "name": "Naturgarten",
        "opening_hours": "Tu-Th 11:00-14:30"
      }
    },
    {
      "type": "Feature",
      "geometry": {
        "type": "Point",
        "coordinates": [
          11.5703962,
          49.9438146
        ]
      },
      "properties": {
        "id": 7036468692,
        "osm_type": "node",
        "name": "Hamsterbacke",
        "opening_hours": "Tu-Fr 09:30-19:00; Sa 09:30-15:00"
      }
    },
    {
      "type": "Feature",
      "geometry": {
        "type": "Point",
        "coordinates": [
          11.5712658,
          49.9458574
        ]
      },
      "properties": {
        "id": 12578463754,
        "osm_type": "node",
        "name": "Cămara Românească-Magazin Românesc"
      }
    },
    {
      "type": "Feature",
      "geometry": {
        "type": "Point",
        "coordinates": [
          11.5792534,
          49.9430938
        ]
      },
      "properties": {
        "id": 440889107,
        "osm_type": "node",
        "name": "Damy",
        "opening_hours": "Mo-Sa 09:00-20:00"
      }
    },
    {
      "type": "Feature",
      "geometry": {
        "type": "Point",
        "coordinates": [
          11.577685,
          49.9429374
        ]
      },
      "properties": {
        "id": 441332845,
        "osm_type": "node",
        "name": "Weltladen Bayreuth",
        "opening_hours": "Mo-Fr 10:00-18:00; Sa 10:00-15:00"
      }
    },
    {
      "type": "Feature",
      "geometry": {
        "type": "Point",
        "coordinates": [
          11.5779292,
          49.9465924
        ]
      },
      "properties": {
        "id": 3192245527,
        "osm_type": "node",
        "name": "Hollerbusch",
        "opening_hours": "Mo-Fr 09:00-18:30; Sa 09:00-13:00"
      }
    },
    {
      "type": "Feature",
      "geometry": {
        "type": "Point",
        "coordinates": [
          11.5780796,
          49.9475896
        ]
      },
      "properties": {
        "id": 5628352674,
        "osm_type": "node",
        "name": "Sarah",
        "opening_hours": "Mo-Sa 08:00-20:00"
      }
    },
    {
      "type": "Feature",
      "geometry": {
        "type": "Point",
        "coordinates": [
          11.5784855,
          49.9491785
        ]
      },
      "properties": {
        "id": 1041607080,
        "osm_type": "node",
        "name": "Jasmin",
        "opening_hours": "Mo-Sa 09:00-20:00; Su off"
      }
    },
    {
      "type": "Feature",
      "geometry": {
        "type": "Point",
        "coordinates": [
          11.5774098,
          49.9487156
        ]
      },
      "properties": {
        "id": 6226756085,
        "osm_type": "node",
        "name": "Südost Asien",
        "opening_hours": "Mo-Fr 09:00-18:30, Sa 09:00-16:00"
      }
    },
    {
      "type": "Feature",
      "geometry": {
        "type": "Point",
        "coordinates": [
          11.5997486,
          49.9547465
        ]
      },
      "properties": {
        "id": 9231151390,
        "osm_type": "node",
        "name": "REWE To Go",
        "brand": "REWE To Go",
        "opening_hours": "24/7"
      }
    },
    {
      "type": "Feature",
      "geometry": {
        "type": "Point",
        "coordinates": [
          11.6186158,
          49.9360449
        ]
      },
      "properties": {
        "id": 277757014,
        "osm_type": "node"
      }
    },
    {
      "type": "Feature",
      "geometry": {
        "type": "Point",
        "coordinates": [
          11.6238542,
          49.9482325
        ]
      },
      "properties": {
        "id": 399889362,
        "osm_type": "node"
      }
    },
    {
      "type": "Feature",
      "geometry": {
        "type": "Point",
        "coordinates": [
          11.6284193,
          49.9957838
        ]
      },
      "properties": {
        "id": 13204983196,
        "osm_type": "node",
        "name": "Tante-M",
        "opening_hours": "Mo-Su 05:00-23:00"
      }
    },
    {
      "type": "Feature",
      "geometry": {
        "type": "Point",
        "coordinates": [
          11.6867766,
          50.0107881
        ]
      },
      "properties": {
        "id": 2273468376,
        "osm_type": "node",
        "name": "Sack"
      }
    },
    {
      "type": "Feature",
      "geometry": {
        "type": "Point",
        "coordinates": [
          11.5472428,
          50.0656055
        ]
      },
      "properties": {
        "id": 12913196166,
        "osm_type": "node"
      }
    },
    {
      "type": "Feature",
      "geometry": {
        "type": "Point",
        "coordinates": [
          11.612791,
          50.0563569
        ]
      },
      "properties": {
        "id": 10136327473,
        "osm_type": "node",
        "name": "Kürbisverkauf",
        "opening_hours": "Aug-Nov PH,Mo-Su 00:00-24:00+"
      }
    },
    {
      "type": "Feature",
      "geometry": {
        "type": "Point",
        "coordinates": [
          11.6227468,
          50.0544529
        ]
      },
      "properties": {
        "id": 5426296276,
        "osm_type": "node",
        "name": "Aral Shop",
        "opening_hours": "24/7"
      }
    },
    {
      "type": "Feature",
      "geometry": {
        "type": "Point",
        "coordinates": [
          11.677733,
          50.03787
        ]
      },
      "properties": {
        "id": 5531898088,
        "osm_type": "node",
        "name": "Aral-Shop"
      }
    },
    {
      "type": "Feature",
      "geometry": {
        "type": "Point",
        "coordinates": [
          11.6611004,
          50.091729
        ]
      },
      "properties": {
        "id": 3657684272,
        "osm_type": "node"
      }
    },
    {
      "type": "Feature",
      "geometry": {
        "type": "Point",
        "coordinates": [
          11.3858583,
          50.1725243
        ]
      },
      "properties": {
        "id": 10269467225,
        "osm_type": "node",
        "name": "Christbaumverkauf",
        "opening_hours": "Nov-Dec Mo-Sa 08:00-17:00"
      }
    },
    {
      "type": "Feature",
      "geometry": {
        "type": "Point",
        "coordinates": [
          11.3407765,
          50.2397017
        ]
      },
      "properties": {
        "id": 10572802046,
        "osm_type": "node"
      }
    },
    {
      "type": "Feature",
      "geometry": {
        "type": "Point",
        "coordinates": [
          11.4911685,
          50.2098779
        ]
      },
      "properties": {
        "id": 10726207531,
        "osm_type": "node"
      }
    },
    {
      "type": "Feature",
      "geometry": {
        "type": "Point",
        "coordinates": [
          11.5575559,
          50.2291594
        ]
      },
      "properties": {
        "id": 11829822439,
        "osm_type": "node",
        "name": "Tom's Berliner Back und Brutzel Baude",
        "opening_hours": "Tu,Th 07:00-13:00,16:00-19:00; Mo,We,Fr 07:00-13:00; Th 06:30-10:00; Sa 07:00-13:00; PH off"
      }
    },
    {
      "type": "Feature",
      "geometry": {
        "type": "Point",
        "coordinates": [
          11.5932252,
          50.2035098
        ]
      },
      "properties": {
        "id": 6546135688,
        "osm_type": "node",
        "name": "Unner Lädla"
      }
    },
    {
      "type": "Feature",
      "geometry": {
        "type": "Point",
        "coordinates": [
          11.5944748,
          50.3377444
        ]
      },
      "properties": {
        "id": 4862467471,
        "osm_type": "node",
        "name": "Lebensmittel Drechsel",
        "opening_hours": "Mo-Fr 08:00-13:00  15:00-18:00, Sa 07:30-12:30"
      }
    },
    {
      "type": "Feature",
      "geometry": {
        "type": "Point",
        "coordinates": [
          10.9552782,
          50.3513837
        ]
      },
      "properties": {
        "id": 11336425520,
        "osm_type": "node",
        "name": "Gletscheralpe",
        "opening_hours": "week 50-02"
      }
    },
    {
      "type": "Feature",
      "geometry": {
        "type": "Point",
        "coordinates": [
          11.6414645,
          50.3665984
        ]
      },
      "properties": {
        "id": 4793458730,
        "osm_type": "node",
        "name": "Bio - Fair - Kunst - Genuss",
        "opening_hours": "Mo,Sa 09:00-12:30; Tu-Th 09:00-12:30, 14:00-18:00; Fr 09:00-13:00, 14:00-18:00"
      }
    },
    {
      "type": "Feature",
      "geometry": {
        "type": "Point",
        "coordinates": [
          11.720853,
          50.3764009
        ]
      },
      "properties": {
        "id": 257410082,
        "osm_type": "node",
        "name": "Bäckerei, Konditorei und Café"
      }
    },
    {
      "type": "Feature",
      "geometry": {
        "type": "Point",
        "coordinates": [
          11.9200919,
          49.9783047
        ]
      },
      "properties": {
        "id": 6312696379,
        "osm_type": "node",
        "name": "Fritz Hilpert e. K."
      }
    },
    {
      "type": "Feature",
      "geometry": {
        "type": "Point",
        "coordinates": [
          11.8553809,
          50.0166269
        ]
      },
      "properties": {
        "id": 11091823220,
        "osm_type": "node",
        "opening_hours": "Mo-Su 09:00-12:30, 14:30-19:00"
      }
    },
    {
      "type": "Feature",
      "geometry": {
        "type": "Point",
        "coordinates": [
          11.8595693,
          50.01645
        ]
      },
      "properties": {
        "id": 446202433,
        "osm_type": "node"
      }
    },
    {
      "type": "Feature",
      "geometry": {
        "type": "Point",
        "coordinates": [
          11.8198781,
          50.1341749
        ]
      },
      "properties": {
        "id": 481265458,
        "osm_type": "node",
        "name": "Frischemarkt Jahreis"
      }
    },
    {
      "type": "Feature",
      "geometry": {
        "type": "Point",
        "coordinates": [
          11.9511124,
          50.1219296
        ]
      },
      "properties": {
        "id": 10140706341,
        "osm_type": "node",
        "name": "Meyer Eier"
      }
    },
    {
      "type": "Feature",
      "geometry": {
        "type": "Point",
        "coordinates": [
          12.0630878,
          50.0054611
        ]
      },
      "properties": {
        "id": 6311271625,
        "osm_type": "node",
        "name": "Julia Verena Albrecht Gesundheitsförderung"
      }
    },
    {
      "type": "Feature",
      "geometry": {
        "type": "Point",
        "coordinates": [
          12.0838702,
          49.9997556
        ]
      },
      "properties": {
        "id": 4908676926,
        "osm_type": "node",
        "name": "Sultan An- und Verkauf"
      }
    },
    {
      "type": "Feature",
      "geometry": {
        "type": "Point",
        "coordinates": [
          12.0843387,
          50.0017656
        ]
      },
      "properties": {
        "id": 5814696683,
        "osm_type": "node",
        "name": "Nikolausladen"
      }
    },
    {
      "type": "Feature",
      "geometry": {
        "type": "Point",
        "coordinates": [
          12.0855027,
          50.0005191
        ]
      },
      "properties": {
        "id": 5806644238,
        "osm_type": "node",
        "name": "Frische Markt Arabische, türkische Lebensmittel"
      }
    },
    {
      "type": "Feature",
      "geometry": {
        "type": "Point",
        "coordinates": [
          12.0876204,
          50.0013664
        ]
      },
      "properties": {
        "id": 6312635749,
        "osm_type": "node",
        "name": "Olga's Biomarkt und Reformhaus"
      }
    },
    {
      "type": "Feature",
      "geometry": {
        "type": "Point",
        "coordinates": [
          12.1085153,
          50.0061735
        ]
      },
      "properties": {
        "id": 11232750715,
        "osm_type": "node",
        "name": "Ludmilla Topolski TOPO Schnäppchen-Mix"
      }
    },
    {
      "type": "Feature",
      "geometry": {
        "type": "Point",
        "coordinates": [
          12.000255,
          50.0367294
        ]
      },
      "properties": {
        "id": 2657300876,
        "osm_type": "node",
        "name": "Reins Uwe Schreibwaren und Toto Lotto"
      }
    },
    {
      "type": "Feature",
      "geometry": {
        "type": "Point",
        "coordinates": [
          11.9771709,
          50.0823923
        ]
      },
      "properties": {
        "id": 2628573626,
        "osm_type": "node",
        "name": "Tante-M",
        "opening_hours": "Mo-Sa 09:00-11:00; Tu,Th 14:00-16:00; PH off"
      }
    },
    {
      "type": "Feature",
      "geometry": {
        "type": "Point",
        "coordinates": [
          11.9802589,
          50.0803408
        ]
      },
      "properties": {
        "id": 6312724201,
        "osm_type": "node",
        "name": "A. Tröger"
      }
    },
    {
      "type": "Feature",
      "geometry": {
        "type": "Point",
        "coordinates": [
          11.9668927,
          50.1378184
        ]
      },
      "properties": {
        "id": 6310945503,
        "osm_type": "node"
      }
    },
    {
      "type": "Feature",
      "geometry": {
        "type": "Point",
        "coordinates": [
          12.1253383,
          50.0756399
        ]
      },
      "properties": {
        "id": 13310637001,
        "osm_type": "node",
        "name": "Tante-M",
        "opening_hours": "Mo-Su 05:00-23:00"
      }
    },
    {
      "type": "Feature",
      "geometry": {
        "type": "Point",
        "coordinates": [
          12.1025621,
          50.1066392
        ]
      },
      "properties": {
        "id": 4814955776,
        "osm_type": "node",
        "name": "Dorfladen",
        "opening_hours": "Mo-Fr 06:30-18:00; Sa 06:30-12:00"
      }
    },
    {
      "type": "Feature",
      "geometry": {
        "type": "Point",
        "coordinates": [
          12.0795428,
          50.1284261
        ]
      },
      "properties": {
        "id": 582470896,
        "osm_type": "node",
        "name": "Bienenschwarm"
      }
    },
    {
      "type": "Feature",
      "geometry": {
        "type": "Point",
        "coordinates": [
          11.7831112,
          50.1903249
        ]
      },
      "properties": {
        "id": 10020695432,
        "osm_type": "node",
        "name": "Post und Lotto/Zeitschriften"
      }
    },
    {
      "type": "Feature",
      "geometry": {
        "type": "Point",
        "coordinates": [
          11.7864281,
          50.1906149
        ]
      },
      "properties": {
        "id": 1681598749,
        "osm_type": "node",
        "name": "Biomarkt",
        "opening_hours": "Mo-Tu 08:30-13:00, 14:30-18:30; We,Sa 08:30-13:00; Th-Fr 08:30-18:30"
      }
    },
    {
      "type": "Feature",
      "geometry": {
        "type": "Point",
        "coordinates": [
          11.8440211,
          50.1620829
        ]
      },
      "properties": {
        "id": 12531289476,
        "osm_type": "node",
        "name": "Sparnecker Marktplatz"
      }
    },
    {
      "type": "Feature",
      "geometry": {
        "type": "Point",
        "coordinates": [
          11.9511435,
          50.1512349
        ]
      },
      "properties": {
        "id": 6308863924,
        "osm_type": "node",
        "name": "A. Bayreuther"
      }
    },
    {
      "type": "Feature",
      "geometry": {
        "type": "Point",
        "coordinates": [
          11.9468916,
          50.2173782
        ]
      },
      "properties": {
        "id": 1123511121,
        "osm_type": "node",
        "name": "Heinrichs Schlemmerlädla"
      }
    },
    {
      "type": "Feature",
      "geometry": {
        "type": "Point",
        "coordinates": [
          11.7460325,
          50.3145783
        ]
      },
      "properties": {
        "id": 2150108040,
        "osm_type": "node",
        "name": "Annettes Kreativecke"
      }
    },
    {
      "type": "Feature",
      "geometry": {
        "type": "Point",
        "coordinates": [
          11.9271573,
          50.2600247
        ]
      },
      "properties": {
        "id": 10199893735,
        "osm_type": "node",
        "name": "Werksverkauf"
      }
    },
    {
      "type": "Feature",
      "geometry": {
        "type": "Point",
        "coordinates": [
          11.9119984,
          50.2924298
        ]
      },
      "properties": {
        "id": 12874288256,
        "osm_type": "node",
        "name": "Campus Shop"
      }
    },
    {
      "type": "Feature",
      "geometry": {
        "type": "Point",
        "coordinates": [
          11.9234167,
          50.308014
        ]
      },
      "properties": {
        "id": 2479287225,
        "osm_type": "node",
        "name": "Yorma's",
        "brand": "Yorma's",
        "opening_hours": "Mo-Fr 05:30-20:30; Sa 06:30-20:30; PH,Su 07:00-20:30"
      }
    },
    {
      "type": "Feature",
      "geometry": {
        "type": "Point",
        "coordinates": [
          11.9234578,
          50.3080721
        ]
      },
      "properties": {
        "id": 5043254247,
        "osm_type": "node",
        "name": "Yorma's",
        "brand": "Yorma's",
        "opening_hours": "Mo-Fr 05:30-20:30; Sa 06:30-20:30; PH,Su 07:00-20:30"
      }
    },
    {
      "type": "Feature",
      "geometry": {
        "type": "Point",
        "coordinates": [
          11.9112494,
          50.3087934
        ]
      },
      "properties": {
        "id": 432927718,
        "osm_type": "node"
      }
    },
    {
      "type": "Feature",
      "geometry": {
        "type": "Point",
        "coordinates": [
          11.9050617,
          50.3211494
        ]
      },
      "properties": {
        "id": 3947735572,
        "osm_type": "node"
      }
    },
    {
      "type": "Feature",
      "geometry": {
        "type": "Point",
        "coordinates": [
          11.9151581,
          50.3133435
        ]
      },
      "properties": {
        "id": 4788777948,
        "osm_type": "node",
        "name": "Voll Gut",
        "opening_hours": "Mo-Fr 08:00-19:00; Sa 08:00-14:00; PH off"
      }
    },
    {
      "type": "Feature",
      "geometry": {
        "type": "Point",
        "coordinates": [
          11.9180886,
          50.3142498
        ]
      },
      "properties": {
        "id": 13202684881,
        "osm_type": "node",
        "name": "24-Stunden-Kiosk"
      }
    },
    {
      "type": "Feature",
      "geometry": {
        "type": "Point",
        "coordinates": [
          11.9146631,
          50.3180443
        ]
      },
      "properties": {
        "id": 6126696984,
        "osm_type": "node",
        "name": "Asia-Shop Paradee"
      }
    },
    {
      "type": "Feature",
      "geometry": {
        "type": "Point",
        "coordinates": [
          11.9156277,
          50.3171045
        ]
      },
      "properties": {
        "id": 13042887108,
        "osm_type": "node",
        "name": "Zubair's Store"
      }
    },
    {
      "type": "Feature",
      "geometry": {
        "type": "Point",
        "coordinates": [
          11.9287098,
          50.2964722
        ]
      },
      "properties": {
        "id": 6603864777,
        "osm_type": "node",
        "name": "Di Simone Giovanni"
      }
    },
    {
      "type": "Feature",
      "geometry": {
        "type": "Point",
        "coordinates": [
          11.9298301,
          50.3190092
        ]
      },
      "properties": {
        "id": 11250730478,
        "osm_type": "node",
        "name": "Landlust im Viertel"
      }
    },
    {
      "type": "Feature",
      "geometry": {
        "type": "Point",
        "coordinates": [
          11.9171454,
          50.3234511
        ]
      },
      "properties": {
        "id": 6614897410,
        "osm_type": "node",
        "name": "NARAI Asia-World"
      }
    },
    {
      "type": "Feature",
      "geometry": {
        "type": "Point",
        "coordinates": [
          12.1335993,
          50.1702456
        ]
      },
      "properties": {
        "id": 6314555374,
        "osm_type": "node",
        "name": "Kornblume Naturkost"
      }
    },
    {
      "type": "Feature",
      "geometry": {
        "type": "Point",
        "coordinates": [
          12.1347836,
          50.1744972
        ]
      },
      "properties": {
        "id": 6314555382,
        "osm_type": "node",
        "name": "Spanische Spezialitäten Luis Martinez"
      }
    },
    {
      "type": "Feature",
      "geometry": {
        "type": "Point",
        "coordinates": [
          12.0873091,
          50.1990893
        ]
      },
      "properties": {
        "id": 1383273486,
        "osm_type": "node",
        "name": "Schönwald Markt"
      }
    },
    {
      "type": "Feature",
      "geometry": {
        "type": "Point",
        "coordinates": [
          12.0381287,
          50.2489798
        ]
      },
      "properties": {
        "id": 6164235252,
        "osm_type": "node",
        "name": "La Bottega"
      }
    },
    {
      "type": "Feature",
      "geometry": {
        "type": "Point",
        "coordinates": [
          11.9967893,
          50.3221845
        ]
      },
      "properties": {
        "id": 4577999177,
        "osm_type": "node",
        "name": "Dorfladen Müller"
      }
    },
    {
      "type": "Feature",
      "geometry": {
        "type": "Point",
        "coordinates": [
          12.4420431,
          49.97891
        ]
      },
      "properties": {
        "id": 12029048756,
        "osm_type": "node",
        "name": "Dorfladen & Bistro Bad Neualbenreuth",
        "opening_hours": "Mo,Tu,Th,Fr 08:00-18:00; We 08:00-13:00; Sa 08:00-12:00; Su off"
      }
    },
    {
      "type": "Feature",
      "geometry": {
        "type": "Point",
        "coordinates": [
          11.7789195,
          50.3745608
        ]
      },
      "properties": {
        "id": 7741024974,
        "osm_type": "node",
        "name": "Heinrich's Schlemmermarkt"
      }
    },
    {
      "type": "Feature",
      "geometry": {
        "type": "Point",
        "coordinates": [
          11.7739325,
          50.4065776
        ]
      },
      "properties": {
        "id": 6430028661,
        "osm_type": "node",
        "opening_hours": "24/7"
      }
    },
    {
      "type": "Feature",
      "geometry": {
        "type": "Point",
        "coordinates": [
          11.9350569,
          50.3615137
        ]
      },
      "properties": {
        "id": 6137410958,
        "osm_type": "node",
        "name": "Helmut Glück Inh. Ursula Rauh e.K."
      }
    },
    {
      "type": "Feature",
      "geometry": {
        "type": "Point",
        "coordinates": [
          13.4611562,
          48.572631
        ]
      },
      "properties": {
        "id": 280948781,
        "osm_type": "node",
        "name": "Imbiss Medley"
      }
    },
    {
      "type": "Feature",
      "geometry": {
        "type": "Point",
        "coordinates": [
          13.4617794,
          48.5741628
        ]
      },
      "properties": {
        "id": 7008140117,
        "osm_type": "node",
        "name": "Tante Emmer",
        "opening_hours": "Mo,Tu,Th 10:00-18:00; Fr 09:30-18:00"
      }
    },
    {
      "type": "Feature",
      "geometry": {
        "type": "Point",
        "coordinates": [
          13.4671395,
          48.574514
        ]
      },
      "properties": {
        "id": 7012210039,
        "osm_type": "node",
        "name": "essStudio"
      }
    },
    {
      "type": "Feature",
      "geometry": {
        "type": "Point",
        "coordinates": [
          13.4677766,
          48.5743814
        ]
      },
      "properties": {
        "id": 297966292,
        "osm_type": "node",
        "name": "H. Gerstl - Kolonialwaren",
        "opening_hours": "Mo-Fr 07:30-18:00; Sa 08:00-13:00"
      }
    },
    {
      "type": "Feature",
      "geometry": {
        "type": "Point",
        "coordinates": [
          13.479323,
          48.6344642
        ]
      },
      "properties": {
        "id": 12712884635,
        "osm_type": "node",
        "name": "Dorfladenbox",
        "opening_hours": "24/7"
      }
    },
    {
      "type": "Feature",
      "geometry": {
        "type": "Point",
        "coordinates": [
          13.7360758,
          48.5801078
        ]
      },
      "properties": {
        "id": 1938144712,
        "osm_type": "node",
        "name": "nah & gut",
        "opening_hours": "Mo-Fr 05:30-18:00; Sa 06:00-13:00"
      }
    },
    {
      "type": "Feature",
      "geometry": {
        "type": "Point",
        "coordinates": [
          13.4572803,
          48.7722333
        ]
      },
      "properties": {
        "id": 1056067657,
        "osm_type": "node",
        "name": "Yamaha Nigl"
      }
    },
    {
      "type": "Feature",
      "geometry": {
        "type": "Point",
        "coordinates": [
          13.5963137,
          48.7263833
        ]
      },
      "properties": {
        "id": 3164180337,
        "osm_type": "node",
        "brand": "Tank Plus",
        "opening_hours": "Mo-Sa 06:30-21:00; Su 08:00-21:00"
      }
    },
    {
      "type": "Feature",
      "geometry": {
        "type": "Point",
        "coordinates": [
          13.6020023,
          48.7314284
        ]
      },
      "properties": {
        "id": 12791992213,
        "osm_type": "node",
        "name": "Dorfladenbox Waldkirchen"
      }
    },
    {
      "type": "Feature",
      "geometry": {
        "type": "Point",
        "coordinates": [
          13.6058386,
          48.7317195
        ]
      },
      "properties": {
        "id": 300305951,
        "osm_type": "node"
      }
    },
    {
      "type": "Feature",
      "geometry": {
        "type": "Point",
        "coordinates": [
          13.4356361,
          48.7781595
        ]
      },
      "properties": {
        "id": 1056067542,
        "osm_type": "node",
        "name": "Autolackiererei Wagner"
      }
    },
    {
      "type": "Feature",
      "geometry": {
        "type": "Point",
        "coordinates": [
          13.4383224,
          48.7813553
        ]
      },
      "properties": {
        "id": 1056067560,
        "osm_type": "node",
        "name": "Sonnenstudio"
      }
    },
    {
      "type": "Feature",
      "geometry": {
        "type": "Point",
        "coordinates": [
          13.4406336,
          48.7794682
        ]
      },
      "properties": {
        "id": 1056067596,
        "osm_type": "node",
        "name": "Bestattungen Christoph"
      }
    },
    {
      "type": "Feature",
      "geometry": {
        "type": "Point",
        "coordinates": [
          13.4409059,
          48.7792625
        ]
      },
      "properties": {
        "id": 1347636600,
        "osm_type": "node",
        "name": "Perlesreuter Landmarkt"
      }
    },
    {
      "type": "Feature",
      "geometry": {
        "type": "Point",
        "coordinates": [
          13.4664276,
          48.7916346
        ]
      },
      "properties": {
        "id": 1056067725,
        "osm_type": "node",
        "name": "Sägewerk"
      }
    },
    {
      "type": "Feature",
      "geometry": {
        "type": "Point",
        "coordinates": [
          13.4660495,
          48.8062296
        ]
      },
      "properties": {
        "id": 1055989309,
        "osm_type": "node",
        "name": "Spenglerei Pauli"
      }
    },
    {
      "type": "Feature",
      "geometry": {
        "type": "Point",
        "coordinates": [
          13.4745596,
          48.8116842
        ]
      },
      "properties": {
        "id": 1055989298,
        "osm_type": "node",
        "name": "Sägewerk Siegfried Biebl"
      }
    },
    {
      "type": "Feature",
      "geometry": {
        "type": "Point",
        "coordinates": [
          13.499963,
          48.8107757
        ]
      },
      "properties": {
        "id": 1056067736,
        "osm_type": "node",
        "name": "Wiedes Carbidwerk/Kunstedelsteine"
      }
    },
    {
      "type": "Feature",
      "geometry": {
        "type": "Point",
        "coordinates": [
          13.5462829,
          48.8079371
        ]
      },
      "properties": {
        "id": 1500461209,
        "osm_type": "node",
        "name": "Konditorei Eberle",
        "opening_hours": "Mo-Fr 05:00-14:00; Sa 05:00-12:00; PH off"
      }
    },
    {
      "type": "Feature",
      "geometry": {
        "type": "Point",
        "coordinates": [
          13.5470074,
          48.8076785
        ]
      },
      "properties": {
        "id": 1500425144,
        "osm_type": "node",
        "name": "Tabak Lotto Söldner",
        "opening_hours": "Mo-Fr 08:00-12:00,14:00-18:00; Sa 09:00-12:30; PH off"
      }
    },
    {
      "type": "Feature",
      "geometry": {
        "type": "Point",
        "coordinates": [
          13.8168662,
          48.7489716
        ]
      },
      "properties": {
        "id": 7838841461,
        "osm_type": "node",
        "name": "Knaus Campingpark"
      }
    },
    {
      "type": "Feature",
      "geometry": {
        "type": "Point",
        "coordinates": [
          13.5716772,
          48.9412858
        ]
      },
      "properties": {
        "id": 9015357216,
        "osm_type": "node",
        "name": "Der Laden",
        "opening_hours": "Mo-Fr 9:00-11:00,16:00-18:00; Sa 9:00-12:00,14:00-18:00; PH off"
      }
    },
    {
      "type": "Feature",
      "geometry": {
        "type": "Point",
        "coordinates": [
          9.7280909,
          47.5478432
        ]
      },
      "properties": {
        "id": 473990007,
        "osm_type": "way",
        "name": "Bake A Way - Aral"
      }
    },
    {
      "type": "Feature",
      "geometry": {
        "type": "Point",
        "coordinates": [
          9.9987942,
          48.3946386
        ]
      },
      "properties": {
        "id": 83824765,
        "osm_type": "way",
        "name": "Schwabensnack Kiosk",
        "opening_hours": "Mo-Sa 10:00-19:00"
      }
    },
    {
      "type": "Feature",
      "geometry": {
        "type": "Point",
        "coordinates": [
          10.0042102,
          48.3925723
        ]
      },
      "properties": {
        "id": 186545311,
        "osm_type": "way",
        "name": "ServiceStore DB",
        "brand": "ServiceStore DB",
        "opening_hours": "Mo-Fr 05:00-18:30; Sa,Su 11:00-16:00"
      }
    },
    {
      "type": "Feature",
      "geometry": {
        "type": "Point",
        "coordinates": [
          10.0250839,
          48.3810119
        ]
      },
      "properties": {
        "id": 430617052,
        "osm_type": "way",
        "name": "Werksverkauf Lebkuchen Weiss",
        "opening_hours": "Jan-Aug Mo-Fr 10:00-13:30,14:00-18:00; Sep-Dec Mo-Fr 09:00-19:00; Sep-Dec Sa 09:00-14:00"
      }
    },
    {
      "type": "Feature",
      "geometry": {
        "type": "Point",
        "coordinates": [
          10.0334154,
          48.38736
        ]
      },
      "properties": {
        "id": 623121764,
        "osm_type": "way",
        "name": "Shell",
        "brand": "Shell",
        "opening_hours": "24/7"
      }
    },
    {
      "type": "Feature",
      "geometry": {
        "type": "Point",
        "coordinates": [
          10.0223076,
          48.4010834
        ]
      },
      "properties": {
        "id": 121541604,
        "osm_type": "way",
        "name": "Esso",
        "brand": "Esso",
        "opening_hours": "Mo-Su,PH 06:00-22:00"
      }
    },
    {
      "type": "Feature",
      "geometry": {
        "type": "Point",
        "coordinates": [
          9.0737032,
          49.9225771
        ]
      },
      "properties": {
        "id": 125827243,
        "osm_type": "way",
        "name": "Sapori di Sicilia - Obst, Gemüse, Feinkost",
        "opening_hours": "Mo-Fr 09:00-18:30; Sa 09:00-15:00"
      }
    },
    {
      "type": "Feature",
      "geometry": {
        "type": "Point",
        "coordinates": [
          9.1566226,
          49.9091274
        ]
      },
      "properties": {
        "id": 1011867190,
        "osm_type": "way",
        "name": "Weltladen"
      }
    },
    {
      "type": "Feature",
      "geometry": {
        "type": "Point",
        "coordinates": [
          9.5590588,
          49.8249184
        ]
      },
      "properties": {
        "id": 444553106,
        "osm_type": "way",
        "name": "Agip",
        "opening_hours": "Mo-Su,PH 06:00-22:00"
      }
    },
    {
      "type": "Feature",
      "geometry": {
        "type": "Point",
        "coordinates": [
          9.673635,
          49.9021199
        ]
      },
      "properties": {
        "id": 391301291,
        "osm_type": "way",
        "name": "ums eck"
      }
    },
    {
      "type": "Feature",
      "geometry": {
        "type": "Point",
        "coordinates": [
          9.9578228,
          49.7479416
        ]
      },
      "properties": {
        "id": 761731546,
        "osm_type": "way",
        "name": "Moskau - Russische Spezialitäten",
        "opening_hours": "Mo-Fr 09:00-19:00, Sa 09:00-15:00"
      }
    },
    {
      "type": "Feature",
      "geometry": {
        "type": "Point",
        "coordinates": [
          9.8942146,
          49.7945752
        ]
      },
      "properties": {
        "id": 261556520,
        "osm_type": "way",
        "name": "Conoco",
        "opening_hours": "Mo-Su 05:30-22:00"
      }
    },
    {
      "type": "Feature",
      "geometry": {
        "type": "Point",
        "coordinates": [
          9.957022,
          49.7970791
        ]
      },
      "properties": {
        "id": 1241148909,
        "osm_type": "way",
        "name": "Hisar",
        "opening_hours": "Mo-Sa 10:00-19:00"
      }
    },
    {
      "type": "Feature",
      "geometry": {
        "type": "Point",
        "coordinates": [
          9.9211981,
          49.8030897
        ]
      },
      "properties": {
        "id": 147640119,
        "osm_type": "way",
        "name": "Esso",
        "brand": "Esso",
        "opening_hours": "Mo-We 05:00-22:00; Th 05:00-24:00; Fr-Su 00:00-24:00"
      }
    },
    {
      "type": "Feature",
      "geometry": {
        "type": "Point",
        "coordinates": [
          9.9207998,
          49.8031987
        ]
      },
      "properties": {
        "id": 1367954511,
        "osm_type": "way",
        "name": "Esso",
        "brand": "Esso"
      }
    },
    {
      "type": "Feature",
      "geometry": {
        "type": "Point",
        "coordinates": [
          9.9237271,
          49.8014424
        ]
      },
      "properties": {
        "id": 132154910,
        "osm_type": "way",
        "name": "Shell",
        "brand": "Shell",
        "opening_hours": "24/7"
      }
    },
    {
      "type": "Feature",
      "geometry": {
        "type": "Point",
        "coordinates": [
          10.0005375,
          49.912048
        ]
      },
      "properties": {
        "id": 357830469,
        "osm_type": "way",
        "name": "Autohof Gramschatzer Wald",
        "opening_hours": "24/7"
      }
    },
    {
      "type": "Feature",
      "geometry": {
        "type": "Point",
        "coordinates": [
          10.2728736,
          47.5438822
        ]
      },
      "properties": {
        "id": 288651517,
        "osm_type": "way",
        "name": "Burgberger Tierparadies"
      }
    },
    {
      "type": "Feature",
      "geometry": {
        "type": "Point",
        "coordinates": [
          10.3270517,
          47.4242321
        ]
      },
      "properties": {
        "id": 236745595,
        "osm_type": "way"
      }
    },
    {
      "type": "Feature",
      "geometry": {
        "type": "Point",
        "coordinates": [
          10.3097044,
          47.5317828
        ]
      },
      "properties": {
        "id": 156817544,
        "osm_type": "way",
        "name": "Starzlachklamm Kasse"
      }
    },
    {
      "type": "Feature",
      "geometry": {
        "type": "Point",
        "coordinates": [
          10.116698,
          47.7204486
        ]
      },
      "properties": {
        "id": 126080589,
        "osm_type": "way",
        "name": "Talstation"
      }
    },
    {
      "type": "Feature",
      "geometry": {
        "type": "Point",
        "coordinates": [
          10.2939012,
          47.6483182
        ]
      },
      "properties": {
        "id": 230677586,
        "osm_type": "way",
        "name": "Allgäublick",
        "brand": "JET",
        "opening_hours": "Mo-Su 05:00-00:00"
      }
    },
    {
      "type": "Feature",
      "geometry": {
        "type": "Point",
        "coordinates": [
          10.3081999,
          47.6830424
        ]
      },
      "properties": {
        "id": 150817677,
        "osm_type": "way",
        "opening_hours": "Mo-Fr 08:00-20:00"
      }
    },
    {
      "type": "Feature",
      "geometry": {
        "type": "Point",
        "coordinates": [
          10.3280809,
          47.7143177
        ]
      },
      "properties": {
        "id": 88022231,
        "osm_type": "way",
        "name": "Shell",
        "brand": "Shell"
      }
    },
    {
      "type": "Feature",
      "geometry": {
        "type": "Point",
        "coordinates": [
          10.3103697,
          47.7345249
        ]
      },
      "properties": {
        "id": 85069757,
        "osm_type": "way",
        "name": "Esso",
        "brand": "Esso",
        "opening_hours": "Mo-Sa 06:00-22:00; Su 07:00-22:00"
      }
    },
    {
      "type": "Feature",
      "geometry": {
        "type": "Point",
        "coordinates": [
          10.3106031,
          47.7361978
        ]
      },
      "properties": {
        "id": 85069758,
        "osm_type": "way",
        "brand": "Sunoil"
      }
    },
    {
      "type": "Feature",
      "geometry": {
        "type": "Point",
        "coordinates": [
          10.311479,
          47.736632
        ]
      },
      "properties": {
        "id": 85069762,
        "osm_type": "way",
        "name": "Esso",
        "brand": "Esso"
      }
    },
    {
      "type": "Feature",
      "geometry": {
        "type": "Point",
        "coordinates": [
          10.3229104,
          47.7373646
        ]
      },
      "properties": {
        "id": 96230787,
        "osm_type": "way",
        "name": "RAN",
        "brand": "RAN",
        "opening_hours": "Mo-Fr 06:00-23:00; Sa 07:00-23:00; Su, PH 08:00-23:00"
      }
    },
    {
      "type": "Feature",
      "geometry": {
        "type": "Point",
        "coordinates": [
          10.2962412,
          47.8067027
        ]
      },
      "properties": {
        "id": 170482668,
        "osm_type": "way",
        "name": "Aral",
        "brand": "Aral"
      }
    },
    {
      "type": "Feature",
      "geometry": {
        "type": "Point",
        "coordinates": [
          10.347188,
          47.8008209
        ]
      },
      "properties": {
        "id": 88692296,
        "osm_type": "way",
        "name": "Haldenwanger Dorfladen"
      }
    },
    {
      "type": "Feature",
      "geometry": {
        "type": "Point",
        "coordinates": [
          10.5395722,
          47.584689
        ]
      },
      "properties": {
        "id": 171998532,
        "osm_type": "way",
        "name": "Skistüble",
        "opening_hours": "Winter"
      }
    },
    {
      "type": "Feature",
      "geometry": {
        "type": "Point",
        "coordinates": [
          10.5593046,
          47.5843852
        ]
      },
      "properties": {
        "id": 178277483,
        "osm_type": "way",
        "name": "Eni Tankstelle Shop Pfronten",
        "opening_hours": "Mo-Fr 06:00-22:00; Sa-Su 07:00-22:00"
      }
    },
    {
      "type": "Feature",
      "geometry": {
        "type": "Point",
        "coordinates": [
          10.7478618,
          47.5578399
        ]
      },
      "properties": {
        "id": 35212312,
        "osm_type": "way",
        "name": "Kiosk"
      }
    },
    {
      "type": "Feature",
      "geometry": {
        "type": "Point",
        "coordinates": [
          10.7568736,
          47.5688663
        ]
      },
      "properties": {
        "id": 75999697,
        "osm_type": "way",
        "name": "Sommerrodelbahn Tegelberg Schwangau",
        "opening_hours": "Mo-Su,PH 11:00-17:00"
      }
    },
    {
      "type": "Feature",
      "geometry": {
        "type": "Point",
        "coordinates": [
          10.709095,
          47.5813239
        ]
      },
      "properties": {
        "id": 322497350,
        "osm_type": "way",
        "name": "Tiki-Bar",
        "opening_hours": "Mo-Su 10:00-19:00"
      }
    },
    {
      "type": "Feature",
      "geometry": {
        "type": "Point",
        "coordinates": [
          10.5042985,
          47.624193
        ]
      },
      "properties": {
        "id": 319423808,
        "osm_type": "way",
        "name": "Bahnhofskiosk",
        "opening_hours": "closed"
      }
    },
    {
      "type": "Feature",
      "geometry": {
        "type": "Point",
        "coordinates": [
          10.5027909,
          47.6254671
        ]
      },
      "properties": {
        "id": 1307182688,
        "osm_type": "way"
      }
    },
    {
      "type": "Feature",
      "geometry": {
        "type": "Point",
        "coordinates": [
          10.5545801,
          47.8016197
        ]
      },
      "properties": {
        "id": 95010582,
        "osm_type": "way",
        "name": "Kiosk"
      }
    },
    {
      "type": "Feature",
      "geometry": {
        "type": "Point",
        "coordinates": [
          10.7635219,
          47.6454775
        ]
      },
      "properties": {
        "id": 164701387,
        "osm_type": "way",
        "name": "Kiosk Illasbergsee"
      }
    },
    {
      "type": "Feature",
      "geometry": {
        "type": "Point",
        "coordinates": [
          10.8629133,
          47.7041263
        ]
      },
      "properties": {
        "id": 472653226,
        "osm_type": "way"
      }
    },
    {
      "type": "Feature",
      "geometry": {
        "type": "Point",
        "coordinates": [
          10.7889745,
          47.7493366
        ]
      },
      "properties": {
        "id": 123421680,
        "osm_type": "way",
        "name": "Seestüberl",
        "opening_hours": "\"Nach Wetterlage\""
      }
    },
    {
      "type": "Feature",
      "geometry": {
        "type": "Point",
        "coordinates": [
          10.8693902,
          47.8249215
        ]
      },
      "properties": {
        "id": 143036729,
        "osm_type": "way",
        "name": "Kiosk Freibad Altenstadt"
      }
    },
    {
      "type": "Feature",
      "geometry": {
        "type": "Point",
        "coordinates": [
          10.1168027,
          47.9563756
        ]
      },
      "properties": {
        "id": 438018880,
        "osm_type": "way",
        "name": "Raiffeisen Waren GmbH"
      }
    },
    {
      "type": "Feature",
      "geometry": {
        "type": "Point",
        "coordinates": [
          10.134006,
          48.0003722
        ]
      },
      "properties": {
        "id": 203537456,
        "osm_type": "way",
        "name": "Weltladen",
        "opening_hours": "We-Sa 09:30-12:00; We-Fr 14:00-17:00"
      }
    },
    {
      "type": "Feature",
      "geometry": {
        "type": "Point",
        "coordinates": [
          10.1351535,
          47.9989111
        ]
      },
      "properties": {
        "id": 203556110,
        "osm_type": "way",
        "name": "Dorfladen",
        "opening_hours": "Mo 08:30-13:30; Tu-Fr 08:30-13:30,15:00-18:00; Sa 09:00-12:00"
      }
    },
    {
      "type": "Feature",
      "geometry": {
        "type": "Point",
        "coordinates": [
          10.1680248,
          48.0041641
        ]
      },
      "properties": {
        "id": 888227885,
        "osm_type": "way",
        "name": "MIKE's LOTTO-TABAK PRESSE"
      }
    },
    {
      "type": "Feature",
      "geometry": {
        "type": "Point",
        "coordinates": [
          10.1888496,
          47.978949
        ]
      },
      "properties": {
        "id": 245226140,
        "osm_type": "way",
        "name": "Dönerpfännle",
        "opening_hours": "Mo-Fr 10:30-19:00"
      }
    },
    {
      "type": "Feature",
      "geometry": {
        "type": "Point",
        "coordinates": [
          10.199585,
          47.9964688
        ]
      },
      "properties": {
        "id": 277139546,
        "osm_type": "way",
        "name": "REWE To Go",
        "brand": "REWE To Go"
      }
    },
    {
      "type": "Feature",
      "geometry": {
        "type": "Point",
        "coordinates": [
          10.2325866,
          47.9896533
        ]
      },
      "properties": {
        "id": 1090286584,
        "osm_type": "way",
        "name": "Imbiss Gate34"
      }
    },
    {
      "type": "Feature",
      "geometry": {
        "type": "Point",
        "coordinates": [
          10.2323169,
          47.9892047
        ]
      },
      "properties": {
        "id": 1358010188,
        "osm_type": "way",
        "name": "Travel Value & Duty Free"
      }
    },
    {
      "type": "Feature",
      "geometry": {
        "type": "Point",
        "coordinates": [
          10.4029504,
          47.8460333
        ]
      },
      "properties": {
        "id": 184478675,
        "osm_type": "way"
      }
    },
    {
      "type": "Feature",
      "geometry": {
        "type": "Point",
        "coordinates": [
          10.2855574,
          47.951062
        ]
      },
      "properties": {
        "id": 852667593,
        "osm_type": "way",
        "name": "Adventure Golf"
      }
    },
    {
      "type": "Feature",
      "geometry": {
        "type": "Point",
        "coordinates": [
          10.2502753,
          48.1366451
        ]
      },
      "properties": {
        "id": 205310890,
        "osm_type": "way",
        "name": "Baggersee Babenhausen Kiosk"
      }
    },
    {
      "type": "Feature",
      "geometry": {
        "type": "Point",
        "coordinates": [
          10.1273376,
          48.2197482
        ]
      },
      "properties": {
        "id": 868060214,
        "osm_type": "way",
        "name": "Total",
        "brand": "Total",
        "opening_hours": "24/7"
      }
    },
    {
      "type": "Feature",
      "geometry": {
        "type": "Point",
        "coordinates": [
          10.2579829,
          48.184038
        ]
      },
      "properties": {
        "id": 449750080,
        "osm_type": "way",
        "name": "Raiffeisen-Markt Kettershausen"
      }
    },
    {
      "type": "Feature",
      "geometry": {
        "type": "Point",
        "coordinates": [
          10.6295012,
          47.8757927
        ]
      },
      "properties": {
        "id": 440939707,
        "osm_type": "way",
        "name": "DB Service Store",
        "opening_hours": "Mo-Fr 05:00-21:00; Sa 06:00-20:00; Su 07:00-18:00"
      }
    },
    {
      "type": "Feature",
      "geometry": {
        "type": "Point",
        "coordinates": [
          10.5860388,
          48.0131241
        ]
      },
      "properties": {
        "id": 938143785,
        "osm_type": "way"
      }
    },
    {
      "type": "Feature",
      "geometry": {
        "type": "Point",
        "coordinates": [
          10.5019711,
          48.0484901
        ]
      },
      "properties": {
        "id": 127334508,
        "osm_type": "way",
        "brand": "Esso"
      }
    },
    {
      "type": "Feature",
      "geometry": {
        "type": "Point",
        "coordinates": [
          10.7767761,
          48.0471529
        ]
      },
      "properties": {
        "id": 416169411,
        "osm_type": "way"
      }
    },
    {
      "type": "Feature",
      "geometry": {
        "type": "Point",
        "coordinates": [
          10.8204002,
          48.1385525
        ]
      },
      "properties": {
        "id": 938035062,
        "osm_type": "way",
        "name": "Ober´s"
      }
    },
    {
      "type": "Feature",
      "geometry": {
        "type": "Point",
        "coordinates": [
          10.7578631,
          48.1788747
        ]
      },
      "properties": {
        "id": 278929651,
        "osm_type": "way",
        "name": "Weltladen",
        "opening_hours": "Mo-We 09:00-12:30,14:00-18:00; Th-Fr 09:00-18:00; Sa 09:30-13:00"
      }
    },
    {
      "type": "Feature",
      "geometry": {
        "type": "Point",
        "coordinates": [
          10.8201501,
          48.1611618
        ]
      },
      "properties": {
        "id": 1174929965,
        "osm_type": "way",
        "name": "Dorfladenbox Untermeitingen",
        "opening_hours": "24/7"
      }
    },
    {
      "type": "Feature",
      "geometry": {
        "type": "Point",
        "coordinates": [
          10.9847948,
          47.42093
        ]
      },
      "properties": {
        "id": 360279847,
        "osm_type": "way"
      }
    },
    {
      "type": "Feature",
      "geometry": {
        "type": "Point",
        "coordinates": [
          10.9888028,
          47.4564503
        ]
      },
      "properties": {
        "id": 61985710,
        "osm_type": "way"
      }
    },
    {
      "type": "Feature",
      "geometry": {
        "type": "Point",
        "coordinates": [
          11.0288309,
          47.4705439
        ]
      },
      "properties": {
        "id": 242599968,
        "osm_type": "way",
        "name": "Claus Märkl Lebensmittel"
      }
    },
    {
      "type": "Feature",
      "geometry": {
        "type": "Point",
        "coordinates": [
          11.0233574,
          47.4764363
        ]
      },
      "properties": {
        "id": 243018048,
        "osm_type": "way",
        "name": "Klein aber Fein"
      }
    },
    {
      "type": "Feature",
      "geometry": {
        "type": "Point",
        "coordinates": [
          11.0251053,
          47.472786
        ]
      },
      "properties": {
        "id": 835008145,
        "osm_type": "way",
        "name": "Minigolf Grainau"
      }
    },
    {
      "type": "Feature",
      "geometry": {
        "type": "Point",
        "coordinates": [
          11.1165407,
          47.4808785
        ]
      },
      "properties": {
        "id": 322328024,
        "osm_type": "way",
        "name": "Fiakerstandl"
      }
    },
    {
      "type": "Feature",
      "geometry": {
        "type": "Point",
        "coordinates": [
          11.1410329,
          47.5653941
        ]
      },
      "properties": {
        "id": 56068360,
        "osm_type": "way",
        "name": "ATS Dissmann / Eckhardt",
        "opening_hours": "Mo-Fr 08:00-12:00,13:00-17:00; Sa 09:00-13:00"
      }
    },
    {
      "type": "Feature",
      "geometry": {
        "type": "Point",
        "coordinates": [
          11.3175235,
          47.5962562
        ]
      },
      "properties": {
        "id": 532668179,
        "osm_type": "way",
        "name": "Kiosk am Lift"
      }
    },
    {
      "type": "Feature",
      "geometry": {
        "type": "Point",
        "coordinates": [
          11.0037099,
          47.6886569
        ]
      },
      "properties": {
        "id": 827908142,
        "osm_type": "way",
        "name": "Fischerhäusl",
        "opening_hours": "Tu-Su 11:00-20:00"
      }
    },
    {
      "type": "Feature",
      "geometry": {
        "type": "Point",
        "coordinates": [
          10.9587169,
          47.7067723
        ]
      },
      "properties": {
        "id": 326157007,
        "osm_type": "way",
        "name": "Kiosk am Schwaigsee"
      }
    },
    {
      "type": "Feature",
      "geometry": {
        "type": "Point",
        "coordinates": [
          11.19705,
          47.6811003
        ]
      },
      "properties": {
        "id": 113514328,
        "osm_type": "way",
        "name": "Petra's Kiosk",
        "opening_hours": "Tu-Su 06:30-20:00"
      }
    },
    {
      "type": "Feature",
      "geometry": {
        "type": "Point",
        "coordinates": [
          11.2243143,
          47.6303894
        ]
      },
      "properties": {
        "id": 1428793925,
        "osm_type": "way",
        "name": "Biergarten-Schwimmbad"
      }
    },
    {
      "type": "Feature",
      "geometry": {
        "type": "Point",
        "coordinates": [
          11.3150968,
          47.7718449
        ]
      },
      "properties": {
        "id": 227818986,
        "osm_type": "way",
        "name": "Ostseelchen",
        "opening_hours": "Sa-Su 12:00-17:00 || \"bei schönem Wetter\""
      }
    },
    {
      "type": "Feature",
      "geometry": {
        "type": "Point",
        "coordinates": [
          11.3035205,
          47.8251396
        ]
      },
      "properties": {
        "id": 418158721,
        "osm_type": "way"
      }
    },
    {
      "type": "Feature",
      "geometry": {
        "type": "Point",
        "coordinates": [
          11.3234808,
          47.8213696
        ]
      },
      "properties": {
        "id": 659318352,
        "osm_type": "way",
        "name": "Seekantine"
      }
    },
    {
      "type": "Feature",
      "geometry": {
        "type": "Point",
        "coordinates": [
          11.3575225,
          47.6539412
        ]
      },
      "properties": {
        "id": 1031026121,
        "osm_type": "way"
      }
    },
    {
      "type": "Feature",
      "geometry": {
        "type": "Point",
        "coordinates": [
          11.3614218,
          47.7277313
        ]
      },
      "properties": {
        "id": 106185745,
        "osm_type": "way",
        "name": "Urthaler Hof",
        "opening_hours": "We-Su 10:00-22:00"
      }
    },
    {
      "type": "Feature",
      "geometry": {
        "type": "Point",
        "coordinates": [
          11.5183496,
          47.8262397
        ]
      },
      "properties": {
        "id": 32960181,
        "osm_type": "way"
      }
    },
    {
      "type": "Feature",
      "geometry": {
        "type": "Point",
        "coordinates": [
          11.7186792,
          47.7178036
        ]
      },
      "properties": {
        "id": 372332514,
        "osm_type": "way",
        "name": "Rewe To Go",
        "brand": "Rewe To Go"
      }
    },
    {
      "type": "Feature",
      "geometry": {
        "type": "Point",
        "coordinates": [
          11.7259202,
          47.7138183
        ]
      },
      "properties": {
        "id": 1185465512,
        "osm_type": "way",
        "name": "Seehütte"
      }
    },
    {
      "type": "Feature",
      "geometry": {
        "type": "Point",
        "coordinates": [
          11.5655676,
          47.7478475
        ]
      },
      "properties": {
        "id": 108157018,
        "osm_type": "way",
        "name": "Bonjour",
        "brand": "Bonjour",
        "opening_hours": "Mo-Sa 06:00-22:00; PH,Su 07:00-22:00"
      }
    },
    {
      "type": "Feature",
      "geometry": {
        "type": "Point",
        "coordinates": [
          11.5623704,
          47.7508187
        ]
      },
      "properties": {
        "id": 942668231,
        "osm_type": "way",
        "name": "Jet",
        "opening_hours": "Mo-Fr 06:00-22:00; Sa,Su,PH 07:00-22:00"
      }
    },
    {
      "type": "Feature",
      "geometry": {
        "type": "Point",
        "coordinates": [
          11.5579966,
          47.7596261
        ]
      },
      "properties": {
        "id": 106430213,
        "osm_type": "way",
        "name": "Onkel Döner",
        "opening_hours": "Mo-Fr 09:00-21:00; Su 09:00-21:00"
      }
    },
    {
      "type": "Feature",
      "geometry": {
        "type": "Point",
        "coordinates": [
          11.5611405,
          47.7529239
        ]
      },
      "properties": {
        "id": 942668239,
        "osm_type": "way",
        "name": "Agip"
      }
    },
    {
      "type": "Feature",
      "geometry": {
        "type": "Point",
        "coordinates": [
          11.6796113,
          47.7691288
        ]
      },
      "properties": {
        "id": 1269082719,
        "osm_type": "way",
        "name": "AlpinOil Waakirchen"
      }
    },
    {
      "type": "Feature",
      "geometry": {
        "type": "Point",
        "coordinates": [
          11.7376835,
          47.7449515
        ]
      },
      "properties": {
        "id": 109649930,
        "osm_type": "way",
        "name": "CiaoAgip"
      }
    },
    {
      "type": "Feature",
      "geometry": {
        "type": "Point",
        "coordinates": [
          11.1088315,
          47.9497705
        ]
      },
      "properties": {
        "id": 698703037,
        "osm_type": "way",
        "name": "Seekiosk Dießen",
        "opening_hours": "Mo-Su 11:00-19:00, Apr\nMo-Su 10:00-20:00, May\nMo-Su 9:30-21:00, Jun - Aug\nMo-Su 10:00-20:00, Sep 1 - Sep 15\nMo-Su 11:00-19:00, Sep 16 - Sep 30\nMo-Su 11:00-18:00, Oct 1 - Oct 19"
      }
    },
    {
      "type": "Feature",
      "geometry": {
        "type": "Point",
        "coordinates": [
          11.1586121,
          47.8569728
        ]
      },
      "properties": {
        "id": 549026864,
        "osm_type": "way"
      }
    },
    {
      "type": "Feature",
      "geometry": {
        "type": "Point",
        "coordinates": [
          11.1556442,
          47.9279452
        ]
      },
      "properties": {
        "id": 90488310,
        "osm_type": "way"
      }
    },
    {
      "type": "Feature",
      "geometry": {
        "type": "Point",
        "coordinates": [
          11.2905997,
          47.9195061
        ]
      },
      "properties": {
        "id": 173669305,
        "osm_type": "way",
        "name": "Freibadkiosk"
      }
    },
    {
      "type": "Feature",
      "geometry": {
        "type": "Point",
        "coordinates": [
          11.1504168,
          47.9463772
        ]
      },
      "properties": {
        "id": 1031987817,
        "osm_type": "way",
        "name": "kiosk da Luciana in Aidenried"
      }
    },
    {
      "type": "Feature",
      "geometry": {
        "type": "Point",
        "coordinates": [
          11.1509156,
          47.9538991
        ]
      },
      "properties": {
        "id": 1101520516,
        "osm_type": "way",
        "name": "Froschgartl"
      }
    },
    {
      "type": "Feature",
      "geometry": {
        "type": "Point",
        "coordinates": [
          11.183571,
          47.9737521
        ]
      },
      "properties": {
        "id": 1384028934,
        "osm_type": "way"
      }
    },
    {
      "type": "Feature",
      "geometry": {
        "type": "Point",
        "coordinates": [
          11.1703189,
          47.9932039
        ]
      },
      "properties": {
        "id": 75098864,
        "osm_type": "way",
        "name": "Bayrische Brandung"
      }
    },
    {
      "type": "Feature",
      "geometry": {
        "type": "Point",
        "coordinates": [
          11.177094,
          47.9982254
        ]
      },
      "properties": {
        "id": 75114069,
        "osm_type": "way"
      }
    },
    {
      "type": "Feature",
      "geometry": {
        "type": "Point",
        "coordinates": [
          11.196815,
          48.0293611
        ]
      },
      "properties": {
        "id": 442380542,
        "osm_type": "way",
        "name": "Seehütt'n",
        "opening_hours": "Mo-Su,PH 12:00-21:00"
      }
    },
    {
      "type": "Feature",
      "geometry": {
        "type": "Point",
        "coordinates": [
          11.2118159,
          48.0338395
        ]
      },
      "properties": {
        "id": 334895030,
        "osm_type": "way",
        "name": "Kögelmayr",
        "opening_hours": "Mo-Sa 08:00-12:30; Tu-Fr 14:00-18:00"
      }
    },
    {
      "type": "Feature",
      "geometry": {
        "type": "Point",
        "coordinates": [
          11.3069533,
          47.9616525
        ]
      },
      "properties": {
        "id": 449684781,
        "osm_type": "way"
      }
    },
    {
      "type": "Feature",
      "geometry": {
        "type": "Point",
        "coordinates": [
          11.136596,
          48.0749901
        ]
      },
      "properties": {
        "id": 935108442,
        "osm_type": "way"
      }
    },
    {
      "type": "Feature",
      "geometry": {
        "type": "Point",
        "coordinates": [
          11.199658,
          48.0703705
        ]
      },
      "properties": {
        "id": 363463545,
        "osm_type": "way"
      }
    },
    {
      "type": "Feature",
      "geometry": {
        "type": "Point",
        "coordinates": [
          11.2329244,
          48.1882459
        ]
      },
      "properties": {
        "id": 68582490,
        "osm_type": "way"
      }
    },
    {
      "type": "Feature",
      "geometry": {
        "type": "Point",
        "coordinates": [
          11.37581,
          47.9207594
        ]
      },
      "properties": {
        "id": 351505129,
        "osm_type": "way"
      }
    },
    {
      "type": "Feature",
      "geometry": {
        "type": "Point",
        "coordinates": [
          11.4611009,
          47.8806159
        ]
      },
      "properties": {
        "id": 187819182,
        "osm_type": "way",
        "name": "Rewe To Go",
        "brand": "Rewe To Go",
        "opening_hours": "24/7"
      }
    },
    {
      "type": "Feature",
      "geometry": {
        "type": "Point",
        "coordinates": [
          11.3367272,
          47.9889615
        ]
      },
      "properties": {
        "id": 182072997,
        "osm_type": "way",
        "name": "Kiosk"
      }
    },
    {
      "type": "Feature",
      "geometry": {
        "type": "Point",
        "coordinates": [
          11.5216586,
          48.0389826
        ]
      },
      "properties": {
        "id": 156615673,
        "osm_type": "way",
        "name": "Blumenpeter's Kiosk",
        "opening_hours": "Su,Mo 10:00-19:00; Tu-Sa 07:00-19:00"
      }
    },
    {
      "type": "Feature",
      "geometry": {
        "type": "Point",
        "coordinates": [
          11.7098226,
          47.8757286
        ]
      },
      "properties": {
        "id": 312306738,
        "osm_type": "way",
        "name": "REWE To Go",
        "brand": "REWE To Go"
      }
    },
    {
      "type": "Feature",
      "geometry": {
        "type": "Point",
        "coordinates": [
          11.7315222,
          47.8918513
        ]
      },
      "properties": {
        "id": 43210429,
        "osm_type": "way"
      }
    },
    {
      "type": "Feature",
      "geometry": {
        "type": "Point",
        "coordinates": [
          11.4259923,
          48.1019476
        ]
      },
      "properties": {
        "id": 254834657,
        "osm_type": "way",
        "name": "Eni",
        "brand": "Agip",
        "opening_hours": "Mo-Th 06:00-22:00; Sa 07:00-22:00; PH,Su 08:00-22:00"
      }
    },
    {
      "type": "Feature",
      "geometry": {
        "type": "Point",
        "coordinates": [
          11.5178894,
          48.043302
        ]
      },
      "properties": {
        "id": 92386357,
        "osm_type": "way",
        "name": "Mini-Brückenwirt Dornblume"
      }
    },
    {
      "type": "Feature",
      "geometry": {
        "type": "Point",
        "coordinates": [
          11.5252337,
          48.0649829
        ]
      },
      "properties": {
        "id": 768055489,
        "osm_type": "way",
        "name": "Bistro Kiosk im Freizeitbad in Pullach im Isartal"
      }
    },
    {
      "type": "Feature",
      "geometry": {
        "type": "Point",
        "coordinates": [
          11.4420026,
          48.1181103
        ]
      },
      "properties": {
        "id": 90272432,
        "osm_type": "way",
        "name": "Landmann's Biomarkt",
        "opening_hours": "Mo-Sa 08:00-20:00; PH off"
      }
    },
    {
      "type": "Feature",
      "geometry": {
        "type": "Point",
        "coordinates": [
          11.5130024,
          48.1181917
        ]
      },
      "properties": {
        "id": 144868753,
        "osm_type": "way",
        "name": "Krüner Kiosk",
        "opening_hours": "We-Sa 10:00-21:00; Su,PH 10:00-18:00; Mo,Tu off"
      }
    },
    {
      "type": "Feature",
      "geometry": {
        "type": "Point",
        "coordinates": [
          11.5190729,
          48.1212203
        ]
      },
      "properties": {
        "id": 59698793,
        "osm_type": "way",
        "name": "Aral - Center",
        "brand": "Aral",
        "opening_hours": "24/7"
      }
    },
    {
      "type": "Feature",
      "geometry": {
        "type": "Point",
        "coordinates": [
          11.4598793,
          48.1468893
        ]
      },
      "properties": {
        "id": 77810932,
        "osm_type": "way",
        "name": "Parwan Kiosk"
      }
    },
    {
      "type": "Feature",
      "geometry": {
        "type": "Point",
        "coordinates": [
          11.4619414,
          48.1504175
        ]
      },
      "properties": {
        "id": 1107929777,
        "osm_type": "way",
        "name": "Foto – Lotto Reiterer",
        "opening_hours": "Mo-Fr 07:00-19:30; Sa 08:00-19:30; Su 10:30-16:00"
      }
    },
    {
      "type": "Feature",
      "geometry": {
        "type": "Point",
        "coordinates": [
          11.4639271,
          48.1481833
        ]
      },
      "properties": {
        "id": 326527452,
        "osm_type": "way",
        "name": "Zechbauer",
        "opening_hours": "Mo-Sa 09:00-20:00"
      }
    },
    {
      "type": "Feature",
      "geometry": {
        "type": "Point",
        "coordinates": [
          11.4768986,
          48.1693174
        ]
      },
      "properties": {
        "id": 186811877,
        "osm_type": "way",
        "opening_hours": "Mo,Tu,We,Fr 09:00-15:00; Th 09:00-14:00"
      }
    },
    {
      "type": "Feature",
      "geometry": {
        "type": "Point",
        "coordinates": [
          11.4886003,
          48.1644315
        ]
      },
      "properties": {
        "id": 148331803,
        "osm_type": "way",
        "brand": "BAVARIA petrol"
      }
    },
    {
      "type": "Feature",
      "geometry": {
        "type": "Point",
        "coordinates": [
          11.5095695,
          48.1471876
        ]
      },
      "properties": {
        "id": 235938808,
        "osm_type": "way"
      }
    },
    {
      "type": "Feature",
      "geometry": {
        "type": "Point",
        "coordinates": [
          11.5284904,
          48.1653116
        ]
      },
      "properties": {
        "id": 430006464,
        "osm_type": "way",
        "opening_hours": "We-Fr 07:30-17:30; Sa,Su 08:00-17:30"
      }
    },
    {
      "type": "Feature",
      "geometry": {
        "type": "Point",
        "coordinates": [
          11.6066764,
          48.0528227
        ]
      },
      "properties": {
        "id": 43230949,
        "osm_type": "way",
        "name": "Ciao Shop",
        "opening_hours": "PH,Mo-Su 06:00-24:00"
      }
    },
    {
      "type": "Feature",
      "geometry": {
        "type": "Point",
        "coordinates": [
          11.5995856,
          48.0569328
        ]
      },
      "properties": {
        "id": 40640122,
        "osm_type": "way",
        "name": "Bavaria Petrol",
        "brand": "Independent",
        "opening_hours": "Mo-Sa 06:00-21:00; Su 07:00-20:00"
      }
    },
    {
      "type": "Feature",
      "geometry": {
        "type": "Point",
        "coordinates": [
          11.620668,
          48.063008
        ]
      },
      "properties": {
        "id": 767897478,
        "osm_type": "way",
        "name": "Bistro Kiosk im Freibad Unterhaching am Hachinger Bach"
      }
    },
    {
      "type": "Feature",
      "geometry": {
        "type": "Point",
        "coordinates": [
          11.615956,
          48.072891
        ]
      },
      "properties": {
        "id": 1074590861,
        "osm_type": "way",
        "name": "Fanshop Spielvereinigung Unterhaching",
        "opening_hours": "Tu 17:30-19:00"
      }
    },
    {
      "type": "Feature",
      "geometry": {
        "type": "Point",
        "coordinates": [
          11.5585411,
          48.1001701
        ]
      },
      "properties": {
        "id": 240302873,
        "osm_type": "way",
        "name": "Flamingo Kiosk",
        "opening_hours": "Mo-Su 11:00-19:00; \"Öffnungszeiten varieeren je nach Jahreszeit und Wetter. Bei gutem Wetter mit viel Betrieb im Tierpark lange geöffnet.\""
      }
    },
    {
      "type": "Feature",
      "geometry": {
        "type": "Point",
        "coordinates": [
          11.5480855,
          48.1006876
        ]
      },
      "properties": {
        "id": 219804797,
        "osm_type": "way"
      }
    },
    {
      "type": "Feature",
      "geometry": {
        "type": "Point",
        "coordinates": [
          11.5390334,
          48.1168551
        ]
      },
      "properties": {
        "id": 1210124413,
        "osm_type": "way"
      }
    },
    {
      "type": "Feature",
      "geometry": {
        "type": "Point",
        "coordinates": [
          11.5537237,
          48.1184069
        ]
      },
      "properties": {
        "id": 1086157491,
        "osm_type": "way",
        "opening_hours": "Mo-Fr 06:00-12:00"
      }
    },
    {
      "type": "Feature",
      "geometry": {
        "type": "Point",
        "coordinates": [
          11.5781202,
          48.0966627
        ]
      },
      "properties": {
        "id": 392462326,
        "osm_type": "way"
      }
    },
    {
      "type": "Feature",
      "geometry": {
        "type": "Point",
        "coordinates": [
          11.5812999,
          48.097785
        ]
      },
      "properties": {
        "id": 104528281,
        "osm_type": "way",
        "name": "Amelia Kiosk am Mangfallplatz"
      }
    },
    {
      "type": "Feature",
      "geometry": {
        "type": "Point",
        "coordinates": [
          11.5625617,
          48.1176666
        ]
      },
      "properties": {
        "id": 351379239,
        "osm_type": "way",
        "name": "Kiosk Braunauer Eisenbahnbrücke"
      }
    },
    {
      "type": "Feature",
      "geometry": {
        "type": "Point",
        "coordinates": [
          11.5792768,
          48.1075629
        ]
      },
      "properties": {
        "id": 376134487,
        "osm_type": "way",
        "name": "Rewe to Go"
      }
    },
    {
      "type": "Feature",
      "geometry": {
        "type": "Point",
        "coordinates": [
          11.5803441,
          48.1077168
        ]
      },
      "properties": {
        "id": 341311819,
        "osm_type": "way",
        "name": "Shell Select",
        "brand": "Shell Select",
        "opening_hours": "Mo-Fr 08:00-20:00; Sa 08:00-16:00"
      }
    },
    {
      "type": "Feature",
      "geometry": {
        "type": "Point",
        "coordinates": [
          11.5485107,
          48.1209429
        ]
      },
      "properties": {
        "id": 1198861620,
        "osm_type": "way",
        "name": "Kiosk Impler Strass"
      }
    },
    {
      "type": "Feature",
      "geometry": {
        "type": "Point",
        "coordinates": [
          11.5692334,
          48.122033
        ]
      },
      "properties": {
        "id": 157059204,
        "osm_type": "way",
        "name": "Kiosk Isarwahn"
      }
    },
    {
      "type": "Feature",
      "geometry": {
        "type": "Point",
        "coordinates": [
          11.5687321,
          48.1216627
        ]
      },
      "properties": {
        "id": 157059206,
        "osm_type": "way",
        "name": "Kiosk an der Wittelsbacher Brücke"
      }
    },
    {
      "type": "Feature",
      "geometry": {
        "type": "Point",
        "coordinates": [
          11.5689476,
          48.1207526
        ]
      },
      "properties": {
        "id": 859608104,
        "osm_type": "way",
        "name": "Kiosk im Schyrenbad"
      }
    },
    {
      "type": "Feature",
      "geometry": {
        "type": "Point",
        "coordinates": [
          11.5760876,
          48.1275901
        ]
      },
      "properties": {
        "id": 108574652,
        "osm_type": "way",
        "name": "Kiosk an der Reichenbachbrücke",
        "opening_hours": "Mo-Su 06:00-05:00"
      }
    },
    {
      "type": "Feature",
      "geometry": {
        "type": "Point",
        "coordinates": [
          11.5644616,
          48.139182
        ]
      },
      "properties": {
        "id": 280342736,
        "osm_type": "way"
      }
    },
    {
      "type": "Feature",
      "geometry": {
        "type": "Point",
        "coordinates": [
          11.5652339,
          48.1393638
        ]
      },
      "properties": {
        "id": 302865694,
        "osm_type": "way",
        "name": "REWE To Go",
        "brand": "REWE To Go"
      }
    },
    {
      "type": "Feature",
      "geometry": {
        "type": "Point",
        "coordinates": [
          11.5650221,
          48.138041
        ]
      },
      "properties": {
        "id": 317513948,
        "osm_type": "way",
        "name": "Barbarino"
      }
    },
    {
      "type": "Feature",
      "geometry": {
        "type": "Point",
        "coordinates": [
          11.5609537,
          48.1393087
        ]
      },
      "properties": {
        "id": 346567427,
        "osm_type": "way",
        "opening_hours": "Mo-Fr 06:00-20:00; Sa 08:00-20:00"
      }
    },
    {
      "type": "Feature",
      "geometry": {
        "type": "Point",
        "coordinates": [
          11.5673712,
          48.1341703
        ]
      },
      "properties": {
        "id": 253032461,
        "osm_type": "way",
        "name": "deinkiosk.com"
      }
    },
    {
      "type": "Feature",
      "geometry": {
        "type": "Point",
        "coordinates": [
          11.5649907,
          48.1395562
        ]
      },
      "properties": {
        "id": 271119783,
        "osm_type": "way",
        "name": "Zechbauer",
        "opening_hours": "Mo-Sa 09:00-20:00"
      }
    },
    {
      "type": "Feature",
      "geometry": {
        "type": "Point",
        "coordinates": [
          11.5608277,
          48.140316
        ]
      },
      "properties": {
        "id": 346567452,
        "osm_type": "way",
        "name": "Yorma's",
        "brand": "Yorma's",
        "opening_hours": "Mo-Th 05:00-21:30; Fr 05:00-22:00; Sa 07:00-22:00; PH,Su 08:00-22:00"
      }
    },
    {
      "type": "Feature",
      "geometry": {
        "type": "Point",
        "coordinates": [
          11.5611462,
          48.1409518
        ]
      },
      "properties": {
        "id": 346574445,
        "osm_type": "way",
        "name": "Yorma's",
        "brand": "Yorma's",
        "opening_hours": "Mo-Th 05:00-22:00; Fr 05:00-23:00; PH,Sa-Su 07:00-23:00"
      }
    },
    {
      "type": "Feature",
      "geometry": {
        "type": "Point",
        "coordinates": [
          11.5819602,
          48.1348405
        ]
      },
      "properties": {
        "id": 292199801,
        "osm_type": "way",
        "name": "Müller"
      }
    },
    {
      "type": "Feature",
      "geometry": {
        "type": "Point",
        "coordinates": [
          11.6074897,
          48.1160902
        ]
      },
      "properties": {
        "id": 53744837,
        "osm_type": "way",
        "name": "San Marco Feinkost",
        "opening_hours": "Mo-Fr 09:30-18:30; Sa 09:30-16:30"
      }
    },
    {
      "type": "Feature",
      "geometry": {
        "type": "Point",
        "coordinates": [
          11.6173367,
          48.1137852
        ]
      },
      "properties": {
        "id": 136451154,
        "osm_type": "way",
        "name": "Avia",
        "brand": "Avia"
      }
    },
    {
      "type": "Feature",
      "geometry": {
        "type": "Point",
        "coordinates": [
          11.6177556,
          48.1144969
        ]
      },
      "properties": {
        "id": 929661875,
        "osm_type": "way",
        "name": "eni café & shop",
        "opening_hours": "Mo-Su,PH 00:00-00:00"
      }
    },
    {
      "type": "Feature",
      "geometry": {
        "type": "Point",
        "coordinates": [
          11.6358781,
          48.1173901
        ]
      },
      "properties": {
        "id": 42753120,
        "osm_type": "way"
      }
    },
    {
      "type": "Feature",
      "geometry": {
        "type": "Point",
        "coordinates": [
          11.5914184,
          48.1299757
        ]
      },
      "properties": {
        "id": 339535709,
        "osm_type": "way",
        "name": "Lotto Toto",
        "opening_hours": "Mo-Fr 08:15-20:00; Sa 08:30-19:00"
      }
    },
    {
      "type": "Feature",
      "geometry": {
        "type": "Point",
        "coordinates": [
          11.6045532,
          48.1280028
        ]
      },
      "properties": {
        "id": 279754691,
        "osm_type": "way",
        "name": "Yorma's",
        "brand": "Yorma's",
        "opening_hours": "Mo-Sa 05:30-23:00; Su,PH 06:00-22:00"
      }
    },
    {
      "type": "Feature",
      "geometry": {
        "type": "Point",
        "coordinates": [
          11.5957913,
          48.1349219
        ]
      },
      "properties": {
        "id": 122475448,
        "osm_type": "way",
        "name": "Haidhauser Brotzeitstandl"
      }
    },
    {
      "type": "Feature",
      "geometry": {
        "type": "Point",
        "coordinates": [
          11.6203688,
          48.1232793
        ]
      },
      "properties": {
        "id": 285869124,
        "osm_type": "way",
        "name": "ee Deutschland",
        "opening_hours": "Mo-Su 00:00-24:00"
      }
    },
    {
      "type": "Feature",
      "geometry": {
        "type": "Point",
        "coordinates": [
          11.6308789,
          48.1284384
        ]
      },
      "properties": {
        "id": 617145179,
        "osm_type": "way"
      }
    },
    {
      "type": "Feature",
      "geometry": {
        "type": "Point",
        "coordinates": [
          11.6650592,
          48.0602518
        ]
      },
      "properties": {
        "id": 125034561,
        "osm_type": "way",
        "name": "Shell Select",
        "brand": "Shell Select",
        "opening_hours": "Mo-Su,PH 00:00-23:59"
      }
    },
    {
      "type": "Feature",
      "geometry": {
        "type": "Point",
        "coordinates": [
          11.6716346,
          48.0868386
        ]
      },
      "properties": {
        "id": 65745100,
        "osm_type": "way",
        "name": "Kunst im Kiosk"
      }
    },
    {
      "type": "Feature",
      "geometry": {
        "type": "Point",
        "coordinates": [
          11.7013698,
          48.0502762
        ]
      },
      "properties": {
        "id": 52275997,
        "osm_type": "way",
        "name": "Marklhof",
        "opening_hours": "24/7"
      }
    },
    {
      "type": "Feature",
      "geometry": {
        "type": "Point",
        "coordinates": [
          11.7309546,
          48.1074594
        ]
      },
      "properties": {
        "id": 106522430,
        "osm_type": "way",
        "name": "24/7-Minimarkt",
        "opening_hours": "Mo-Su,PH 00:00-00:00"
      }
    },
    {
      "type": "Feature",
      "geometry": {
        "type": "Point",
        "coordinates": [
          11.5867205,
          48.1625696
        ]
      },
      "properties": {
        "id": 327057004,
        "osm_type": "way",
        "name": "Kiosk im Deubl Glass Cube",
        "opening_hours": "Mo-Su 04:00-03:00"
      }
    },
    {
      "type": "Feature",
      "geometry": {
        "type": "Point",
        "coordinates": [
          11.6034189,
          48.1607104
        ]
      },
      "properties": {
        "id": 159091560,
        "osm_type": "way",
        "name": "Tivoli Kiosk"
      }
    },
    {
      "type": "Feature",
      "geometry": {
        "type": "Point",
        "coordinates": [
          11.5894267,
          48.1775617
        ]
      },
      "properties": {
        "id": 114528479,
        "osm_type": "way",
        "name": "REWE To Go",
        "brand": "REWE To Go",
        "opening_hours": "24/7"
      }
    },
    {
      "type": "Feature",
      "geometry": {
        "type": "Point",
        "coordinates": [
          11.5861571,
          48.2020677
        ]
      },
      "properties": {
        "id": 146575606,
        "osm_type": "way",
        "name": "REWE To Go",
        "brand": "REWE To Go",
        "opening_hours": "24/7"
      }
    },
    {
      "type": "Feature",
      "geometry": {
        "type": "Point",
        "coordinates": [
          11.613037,
          48.203152
        ]
      },
      "properties": {
        "id": 391354248,
        "osm_type": "way",
        "name": "Michael Ehrer U-Bahn-Kiosk",
        "opening_hours": "Mo-Fr 05:30-18:00; PH closed"
      }
    },
    {
      "type": "Feature",
      "geometry": {
        "type": "Point",
        "coordinates": [
          11.6133244,
          48.2029769
        ]
      },
      "properties": {
        "id": 1423634850,
        "osm_type": "way",
        "name": "EYDI's",
        "opening_hours": "Mo-Fr 09:00-18:00; Sa 10:00-14:00"
      }
    },
    {
      "type": "Feature",
      "geometry": {
        "type": "Point",
        "coordinates": [
          11.6462086,
          48.1685354
        ]
      },
      "properties": {
        "id": 1248267408,
        "osm_type": "way"
      }
    },
    {
      "type": "Feature",
      "geometry": {
        "type": "Point",
        "coordinates": [
          11.6977232,
          48.162949
        ]
      },
      "properties": {
        "id": 49048017,
        "osm_type": "way",
        "name": "Kiosk Autokino Aschheim",
        "opening_hours": "\"Je nach Vorstellung / Veranstaltung\""
      }
    },
    {
      "type": "Feature",
      "geometry": {
        "type": "Point",
        "coordinates": [
          11.7390207,
          48.1539169
        ]
      },
      "properties": {
        "id": 168148604,
        "osm_type": "way"
      }
    },
    {
      "type": "Feature",
      "geometry": {
        "type": "Point",
        "coordinates": [
          11.731415,
          48.1656353
        ]
      },
      "properties": {
        "id": 397986250,
        "osm_type": "way",
        "name": "Eni",
        "brand": "Eni",
        "opening_hours": "24/7"
      }
    },
    {
      "type": "Feature",
      "geometry": {
        "type": "Point",
        "coordinates": [
          11.7455543,
          47.6443371
        ]
      },
      "properties": {
        "id": 447553299,
        "osm_type": "way",
        "name": "Kiosk an der Riedlerbrücke"
      }
    },
    {
      "type": "Feature",
      "geometry": {
        "type": "Point",
        "coordinates": [
          11.7689376,
          47.6892237
        ]
      },
      "properties": {
        "id": 195947476,
        "osm_type": "way"
      }
    },
    {
      "type": "Feature",
      "geometry": {
        "type": "Point",
        "coordinates": [
          11.7728091,
          47.6943097
        ]
      },
      "properties": {
        "id": 301080582,
        "osm_type": "way",
        "name": "Agip Tankstelle"
      }
    },
    {
      "type": "Feature",
      "geometry": {
        "type": "Point",
        "coordinates": [
          11.8444138,
          47.746473
        ]
      },
      "properties": {
        "id": 939434939,
        "osm_type": "way",
        "name": "Agip",
        "opening_hours": "Mo-Sa 05:00-22:00; Su 06:30-22:00"
      }
    },
    {
      "type": "Feature",
      "geometry": {
        "type": "Point",
        "coordinates": [
          11.8346729,
          47.7826376
        ]
      },
      "properties": {
        "id": 228486839,
        "osm_type": "way",
        "name": "Esso",
        "brand": "Esso",
        "opening_hours": "Mo-Fr 05:00-23:00; Sa, Su 06:00-23:00"
      }
    },
    {
      "type": "Feature",
      "geometry": {
        "type": "Point",
        "coordinates": [
          11.8450474,
          47.7880919
        ]
      },
      "properties": {
        "id": 90670151,
        "osm_type": "way"
      }
    },
    {
      "type": "Feature",
      "geometry": {
        "type": "Point",
        "coordinates": [
          11.8598919,
          47.7369409
        ]
      },
      "properties": {
        "id": 943507089,
        "osm_type": "way"
      }
    },
    {
      "type": "Feature",
      "geometry": {
        "type": "Point",
        "coordinates": [
          11.8980292,
          47.8268449
        ]
      },
      "properties": {
        "id": 279310729,
        "osm_type": "way"
      }
    },
    {
      "type": "Feature",
      "geometry": {
        "type": "Point",
        "coordinates": [
          12.1053807,
          47.7658683
        ]
      },
      "properties": {
        "id": 119567601,
        "osm_type": "way",
        "name": "Inntaler Autohof Raubling",
        "opening_hours": "05:00-24:00"
      }
    },
    {
      "type": "Feature",
      "geometry": {
        "type": "Point",
        "coordinates": [
          12.1277152,
          47.7670154
        ]
      },
      "properties": {
        "id": 431422896,
        "osm_type": "way",
        "name": "Seekiosk"
      }
    },
    {
      "type": "Feature",
      "geometry": {
        "type": "Point",
        "coordinates": [
          12.1719054,
          47.6417311
        ]
      },
      "properties": {
        "id": 112570846,
        "osm_type": "way"
      }
    },
    {
      "type": "Feature",
      "geometry": {
        "type": "Point",
        "coordinates": [
          12.2633372,
          47.6909396
        ]
      },
      "properties": {
        "id": 255268102,
        "osm_type": "way",
        "name": "Sachranger Dorfladen",
        "opening_hours": "Mo,We,Sa 07:30-12:30; Th 07:30-17:00; Fr 07:30-18:00; Tu,Su off"
      }
    },
    {
      "type": "Feature",
      "geometry": {
        "type": "Point",
        "coordinates": [
          12.2344582,
          47.7768155
        ]
      },
      "properties": {
        "id": 178682513,
        "osm_type": "way",
        "name": "Bauerngolf"
      }
    },
    {
      "type": "Feature",
      "geometry": {
        "type": "Point",
        "coordinates": [
          12.2103108,
          47.8247561
        ]
      },
      "properties": {
        "id": 308964026,
        "osm_type": "way",
        "name": "SanSeeBar",
        "opening_hours": "\"Sa, So und Feiertag ab 12 Uhr bei schönem Wetter\""
      }
    },
    {
      "type": "Feature",
      "geometry": {
        "type": "Point",
        "coordinates": [
          12.2233357,
          47.7796291
        ]
      },
      "properties": {
        "id": 196375653,
        "osm_type": "way",
        "name": "Bellas Moorbadstüberl"
      }
    },
    {
      "type": "Feature",
      "geometry": {
        "type": "Point",
        "coordinates": [
          12.3755409,
          47.811014
        ]
      },
      "properties": {
        "id": 172894932,
        "osm_type": "way",
        "name": "Achim's Brotzeit Hütte"
      }
    },
    {
      "type": "Feature",
      "geometry": {
        "type": "Point",
        "coordinates": [
          11.7959638,
          47.8637734
        ]
      },
      "properties": {
        "id": 33774266,
        "osm_type": "way",
        "name": "Aral Shop",
        "brand": "Aral",
        "opening_hours": "24/7"
      }
    },
    {
      "type": "Feature",
      "geometry": {
        "type": "Point",
        "coordinates": [
          11.9155978,
          47.8812775
        ]
      },
      "properties": {
        "id": 447192897,
        "osm_type": "way",
        "name": "Bahnhofskiosk",
        "opening_hours": "PH,Mo-Su 11:00-21:00"
      }
    },
    {
      "type": "Feature",
      "geometry": {
        "type": "Point",
        "coordinates": [
          11.8983046,
          47.9930468
        ]
      },
      "properties": {
        "id": 264939234,
        "osm_type": "way"
      }
    },
    {
      "type": "Feature",
      "geometry": {
        "type": "Point",
        "coordinates": [
          12.0137546,
          47.858328
        ]
      },
      "properties": {
        "id": 78770889,
        "osm_type": "way",
        "name": "Chiemsee Kaufmann"
      }
    },
    {
      "type": "Feature",
      "geometry": {
        "type": "Point",
        "coordinates": [
          12.0776348,
          47.8490017
        ]
      },
      "properties": {
        "id": 931814858,
        "osm_type": "way",
        "name": "Hem"
      }
    },
    {
      "type": "Feature",
      "geometry": {
        "type": "Point",
        "coordinates": [
          12.1196545,
          47.8503925
        ]
      },
      "properties": {
        "id": 363084665,
        "osm_type": "way",
        "name": "Barbarino",
        "opening_hours": "Mo-Fr 06:00-20:00; Sa 08:00-20:00; Su 09:00-19:00"
      }
    },
    {
      "type": "Feature",
      "geometry": {
        "type": "Point",
        "coordinates": [
          12.1197093,
          47.8502106
        ]
      },
      "properties": {
        "id": 363084671,
        "osm_type": "way",
        "name": "Yorma's",
        "brand": "Yorma's",
        "opening_hours": "Mo-Fr 05:00-20:00; Sa 06:00-20:00; PH,Su 07:00-20:00"
      }
    },
    {
      "type": "Feature",
      "geometry": {
        "type": "Point",
        "coordinates": [
          12.0097243,
          47.9974704
        ]
      },
      "properties": {
        "id": 327217612,
        "osm_type": "way",
        "name": "TSV Assling Kiosk"
      }
    },
    {
      "type": "Feature",
      "geometry": {
        "type": "Point",
        "coordinates": [
          11.8645749,
          48.0818386
        ]
      },
      "properties": {
        "id": 199910263,
        "osm_type": "way"
      }
    },
    {
      "type": "Feature",
      "geometry": {
        "type": "Point",
        "coordinates": [
          11.94052,
          48.0434429
        ]
      },
      "properties": {
        "id": 1413014098,
        "osm_type": "way",
        "name": "Kiosk",
        "opening_hours": "Mo-Fr 05:30-18:00; Sa 07:00-15:00; Su,PH off"
      }
    },
    {
      "type": "Feature",
      "geometry": {
        "type": "Point",
        "coordinates": [
          11.7480857,
          48.1628039
        ]
      },
      "properties": {
        "id": 1287405849,
        "osm_type": "way",
        "opening_hours": "\"nur an Spieltagen\""
      }
    },
    {
      "type": "Feature",
      "geometry": {
        "type": "Point",
        "coordinates": [
          11.966862,
          48.0486678
        ]
      },
      "properties": {
        "id": 780544015,
        "osm_type": "way",
        "opening_hours": "Mo-Sa 06:30-20:00; Su 08:00-20:00; PH off"
      }
    },
    {
      "type": "Feature",
      "geometry": {
        "type": "Point",
        "coordinates": [
          11.9739894,
          48.0464409
        ]
      },
      "properties": {
        "id": 865160596,
        "osm_type": "way",
        "name": "Tankstelle Singer",
        "opening_hours": "Mo-Sa 06:00-21:00; Su,PH 08:00-21:00"
      }
    },
    {
      "type": "Feature",
      "geometry": {
        "type": "Point",
        "coordinates": [
          11.9689346,
          48.0507969
        ]
      },
      "properties": {
        "id": 1018616053,
        "osm_type": "way"
      }
    },
    {
      "type": "Feature",
      "geometry": {
        "type": "Point",
        "coordinates": [
          11.9543506,
          48.2107977
        ]
      },
      "properties": {
        "id": 1343744568,
        "osm_type": "way",
        "name": "Total",
        "brand": "Total",
        "opening_hours": "05:00-22:00"
      }
    },
    {
      "type": "Feature",
      "geometry": {
        "type": "Point",
        "coordinates": [
          12.2397853,
          47.8639068
        ]
      },
      "properties": {
        "id": 309308251,
        "osm_type": "way"
      }
    },
    {
      "type": "Feature",
      "geometry": {
        "type": "Point",
        "coordinates": [
          12.2116792,
          47.9150456
        ]
      },
      "properties": {
        "id": 51101606,
        "osm_type": "way",
        "name": "Strandkiosk",
        "opening_hours": "Mo-Su 12:00-18:00 open \"nur bei schönem, warmem Wetter\""
      }
    },
    {
      "type": "Feature",
      "geometry": {
        "type": "Point",
        "coordinates": [
          12.3626503,
          47.860392
        ]
      },
      "properties": {
        "id": 318931074,
        "osm_type": "way",
        "name": "Der Laden am See"
      }
    },
    {
      "type": "Feature",
      "geometry": {
        "type": "Point",
        "coordinates": [
          12.269129,
          47.8841837
        ]
      },
      "properties": {
        "id": 134370802,
        "osm_type": "way",
        "opening_hours": "Apr 01-Oct 15: 08:00-12:00,14:00-19:00"
      }
    },
    {
      "type": "Feature",
      "geometry": {
        "type": "Point",
        "coordinates": [
          12.1995232,
          47.9999581
        ]
      },
      "properties": {
        "id": 247454508,
        "osm_type": "way"
      }
    },
    {
      "type": "Feature",
      "geometry": {
        "type": "Point",
        "coordinates": [
          12.3878124,
          47.8328698
        ]
      },
      "properties": {
        "id": 407301527,
        "osm_type": "way"
      }
    },
    {
      "type": "Feature",
      "geometry": {
        "type": "Point",
        "coordinates": [
          12.4772667,
          47.8442355
        ]
      },
      "properties": {
        "id": 161511485,
        "osm_type": "way",
        "name": "Lake O' Mio",
        "opening_hours": "PH,Mo-Su 12:00-18:00+"
      }
    },
    {
      "type": "Feature",
      "geometry": {
        "type": "Point",
        "coordinates": [
          12.4264552,
          47.8720904
        ]
      },
      "properties": {
        "id": 423203998,
        "osm_type": "way"
      }
    },
    {
      "type": "Feature",
      "geometry": {
        "type": "Point",
        "coordinates": [
          12.5292044,
          47.8950313
        ]
      },
      "properties": {
        "id": 419742963,
        "osm_type": "way",
        "name": "MoKa",
        "opening_hours": "Mo-Su,PH 09:00-22:00"
      }
    },
    {
      "type": "Feature",
      "geometry": {
        "type": "Point",
        "coordinates": [
          12.5002036,
          47.9608548
        ]
      },
      "properties": {
        "id": 222814497,
        "osm_type": "way",
        "name": "Strandbad Kiosk"
      }
    },
    {
      "type": "Feature",
      "geometry": {
        "type": "Point",
        "coordinates": [
          12.5390565,
          48.020911
        ]
      },
      "properties": {
        "id": 225473645,
        "osm_type": "way"
      }
    },
    {
      "type": "Feature",
      "geometry": {
        "type": "Point",
        "coordinates": [
          12.3202324,
          48.1136209
        ]
      },
      "properties": {
        "id": 243709576,
        "osm_type": "way"
      }
    },
    {
      "type": "Feature",
      "geometry": {
        "type": "Point",
        "coordinates": [
          12.3266143,
          48.1675058
        ]
      },
      "properties": {
        "id": 137144913,
        "osm_type": "way"
      }
    },
    {
      "type": "Feature",
      "geometry": {
        "type": "Point",
        "coordinates": [
          12.3664292,
          48.1709635
        ]
      },
      "properties": {
        "id": 227198103,
        "osm_type": "way",
        "name": "Minigolf",
        "opening_hours": "Mo-Su 09:00-21:00"
      }
    },
    {
      "type": "Feature",
      "geometry": {
        "type": "Point",
        "coordinates": [
          12.4075654,
          48.1058226
        ]
      },
      "properties": {
        "id": 640062655,
        "osm_type": "way",
        "name": "Dorfladen Waldhausen"
      }
    },
    {
      "type": "Feature",
      "geometry": {
        "type": "Point",
        "coordinates": [
          12.5741302,
          48.1259793
        ]
      },
      "properties": {
        "id": 251701678,
        "osm_type": "way",
        "name": "Aral",
        "brand": "Aral",
        "opening_hours": "24/7"
      }
    },
    {
      "type": "Feature",
      "geometry": {
        "type": "Point",
        "coordinates": [
          12.4084002,
          48.2029982
        ]
      },
      "properties": {
        "id": 476289192,
        "osm_type": "way"
      }
    },
    {
      "type": "Feature",
      "geometry": {
        "type": "Point",
        "coordinates": [
          12.4178699,
          48.2079212
        ]
      },
      "properties": {
        "id": 334757064,
        "osm_type": "way",
        "name": "Total",
        "brand": "Total"
      }
    },
    {
      "type": "Feature",
      "geometry": {
        "type": "Point",
        "coordinates": [
          12.5380163,
          48.2430451
        ]
      },
      "properties": {
        "id": 124914189,
        "osm_type": "way"
      }
    },
    {
      "type": "Feature",
      "geometry": {
        "type": "Point",
        "coordinates": [
          12.8581581,
          47.605546
        ]
      },
      "properties": {
        "id": 706389852,
        "osm_type": "way",
        "name": "Kiosk Zauberwald Imbiss"
      }
    },
    {
      "type": "Feature",
      "geometry": {
        "type": "Point",
        "coordinates": [
          12.8813609,
          47.6070886
        ]
      },
      "properties": {
        "id": 706364949,
        "osm_type": "way",
        "name": "Gletscherquellenhütte",
        "opening_hours": "we-su 11:00-19:00"
      }
    },
    {
      "type": "Feature",
      "geometry": {
        "type": "Point",
        "coordinates": [
          12.9242133,
          47.6021288
        ]
      },
      "properties": {
        "id": 365924940,
        "osm_type": "way"
      }
    },
    {
      "type": "Feature",
      "geometry": {
        "type": "Point",
        "coordinates": [
          12.9973683,
          47.6175489
        ]
      },
      "properties": {
        "id": 1197983038,
        "osm_type": "way",
        "name": "Die kleine Alm"
      }
    },
    {
      "type": "Feature",
      "geometry": {
        "type": "Point",
        "coordinates": [
          12.5914304,
          47.8060417
        ]
      },
      "properties": {
        "id": 175123810,
        "osm_type": "way"
      }
    },
    {
      "type": "Feature",
      "geometry": {
        "type": "Point",
        "coordinates": [
          12.8751899,
          47.717495
        ]
      },
      "properties": {
        "id": 217362434,
        "osm_type": "way",
        "name": "Aral",
        "brand": "Aral",
        "opening_hours": "Mo-Sa 06:00-22:00; Su 07:00-21:00"
      }
    },
    {
      "type": "Feature",
      "geometry": {
        "type": "Point",
        "coordinates": [
          12.8770402,
          47.7339956
        ]
      },
      "properties": {
        "id": 218942133,
        "osm_type": "way",
        "name": "Aral",
        "brand": "Aral",
        "opening_hours": "24/7"
      }
    },
    {
      "type": "Feature",
      "geometry": {
        "type": "Point",
        "coordinates": [
          12.9071357,
          47.7593191
        ]
      },
      "properties": {
        "id": 194622578,
        "osm_type": "way",
        "name": "Bioladen Piding"
      }
    },
    {
      "type": "Feature",
      "geometry": {
        "type": "Point",
        "coordinates": [
          12.9276908,
          47.75658
        ]
      },
      "properties": {
        "id": 233310487,
        "osm_type": "way",
        "name": "Marzoller Kramerladen"
      }
    },
    {
      "type": "Feature",
      "geometry": {
        "type": "Point",
        "coordinates": [
          12.6222762,
          47.8682405
        ]
      },
      "properties": {
        "id": 460168176,
        "osm_type": "way"
      }
    },
    {
      "type": "Feature",
      "geometry": {
        "type": "Point",
        "coordinates": [
          12.6401455,
          47.8618587
        ]
      },
      "properties": {
        "id": 1323207718,
        "osm_type": "way",
        "name": "Traunbar",
        "opening_hours": "Fr 14:00-18:00+; PH,Sa,Su 12:00-18:00+"
      }
    },
    {
      "type": "Feature",
      "geometry": {
        "type": "Point",
        "coordinates": [
          12.6388407,
          47.8692849
        ]
      },
      "properties": {
        "id": 445885630,
        "osm_type": "way",
        "name": "Presse-Reisemarkt"
      }
    },
    {
      "type": "Feature",
      "geometry": {
        "type": "Point",
        "coordinates": [
          12.6091264,
          47.9113861
        ]
      },
      "properties": {
        "id": 259515680,
        "osm_type": "way",
        "name": "Hofladen"
      }
    },
    {
      "type": "Feature",
      "geometry": {
        "type": "Point",
        "coordinates": [
          12.768685,
          48.0608892
        ]
      },
      "properties": {
        "id": 183171238,
        "osm_type": "way",
        "name": "Wein und Kas"
      }
    },
    {
      "type": "Feature",
      "geometry": {
        "type": "Point",
        "coordinates": [
          12.7681156,
          48.0611935
        ]
      },
      "properties": {
        "id": 183171242,
        "osm_type": "way",
        "name": "Getränke Schindler"
      }
    },
    {
      "type": "Feature",
      "geometry": {
        "type": "Point",
        "coordinates": [
          12.7680674,
          48.0612567
        ]
      },
      "properties": {
        "id": 183171244,
        "osm_type": "way",
        "name": "Eisenwaren Schindler"
      }
    },
    {
      "type": "Feature",
      "geometry": {
        "type": "Point",
        "coordinates": [
          12.6749941,
          48.2214393
        ]
      },
      "properties": {
        "id": 443376267,
        "osm_type": "way"
      }
    },
    {
      "type": "Feature",
      "geometry": {
        "type": "Point",
        "coordinates": [
          12.6750859,
          48.2214204
        ]
      },
      "properties": {
        "id": 443376269,
        "osm_type": "way"
      }
    },
    {
      "type": "Feature",
      "geometry": {
        "type": "Point",
        "coordinates": [
          10.0892277,
          48.3207224
        ]
      },
      "properties": {
        "id": 218662137,
        "osm_type": "way",
        "name": "Kiosk"
      }
    },
    {
      "type": "Feature",
      "geometry": {
        "type": "Point",
        "coordinates": [
          10.1579305,
          48.31184
        ]
      },
      "properties": {
        "id": 131239449,
        "osm_type": "way",
        "name": "Aral",
        "brand": "Aral"
      }
    },
    {
      "type": "Feature",
      "geometry": {
        "type": "Point",
        "coordinates": [
          10.2212334,
          48.2649835
        ]
      },
      "properties": {
        "id": 78101255,
        "osm_type": "way",
        "name": "Dorfladen"
      }
    },
    {
      "type": "Feature",
      "geometry": {
        "type": "Point",
        "coordinates": [
          10.0819515,
          48.449249
        ]
      },
      "properties": {
        "id": 158293650,
        "osm_type": "way",
        "name": "Max Scholz Supermarkt",
        "opening_hours": "Tu-Fr 08:00-12:30,14:30-18:00; Sa 08:00-12:00; PH off"
      }
    },
    {
      "type": "Feature",
      "geometry": {
        "type": "Point",
        "coordinates": [
          10.2126142,
          48.4458132
        ]
      },
      "properties": {
        "id": 974026171,
        "osm_type": "way",
        "name": "Aral Tankstelle",
        "brand": "Aral",
        "opening_hours": "Mo-Fr 05:30-24:00; Sa,Su,PH 07:00-24:00"
      }
    },
    {
      "type": "Feature",
      "geometry": {
        "type": "Point",
        "coordinates": [
          10.4575969,
          48.3043935
        ]
      },
      "properties": {
        "id": 214814135,
        "osm_type": "way",
        "name": "Josef Bauer"
      }
    },
    {
      "type": "Feature",
      "geometry": {
        "type": "Point",
        "coordinates": [
          10.3112954,
          48.4239941
        ]
      },
      "properties": {
        "id": 215126854,
        "osm_type": "way",
        "name": "Legoland Shop",
        "opening_hours": "08:30-12:00,17:00-21:00"
      }
    },
    {
      "type": "Feature",
      "geometry": {
        "type": "Point",
        "coordinates": [
          10.2784917,
          48.4558916
        ]
      },
      "properties": {
        "id": 209142387,
        "osm_type": "way",
        "name": "Spätfuchs",
        "opening_hours": "Mo-Su,PH 00:00+"
      }
    },
    {
      "type": "Feature",
      "geometry": {
        "type": "Point",
        "coordinates": [
          10.4324107,
          48.4471543
        ]
      },
      "properties": {
        "id": 833316351,
        "osm_type": "way"
      }
    },
    {
      "type": "Feature",
      "geometry": {
        "type": "Point",
        "coordinates": [
          10.4475843,
          48.4361476
        ]
      },
      "properties": {
        "id": 211161473,
        "osm_type": "way",
        "name": "Dorfladen Haldenwang",
        "opening_hours": "Mo,We,Fr 06:00-12:30,16:00-18:00; Tu,Th 06:00-12:30; Sa 06:00-12:00; Su off"
      }
    },
    {
      "type": "Feature",
      "geometry": {
        "type": "Point",
        "coordinates": [
          10.3768674,
          48.5487258
        ]
      },
      "properties": {
        "id": 301073146,
        "osm_type": "way"
      }
    },
    {
      "type": "Feature",
      "geometry": {
        "type": "Point",
        "coordinates": [
          10.8280263,
          48.2696014
        ]
      },
      "properties": {
        "id": 1022975621,
        "osm_type": "way"
      }
    },
    {
      "type": "Feature",
      "geometry": {
        "type": "Point",
        "coordinates": [
          10.8994827,
          48.2806846
        ]
      },
      "properties": {
        "id": 99868790,
        "osm_type": "way",
        "name": "Sunrise",
        "opening_hours": "Tu-Su 13:00-20:00: Mo off"
      }
    },
    {
      "type": "Feature",
      "geometry": {
        "type": "Point",
        "coordinates": [
          10.8873163,
          48.3095969
        ]
      },
      "properties": {
        "id": 238509367,
        "osm_type": "way",
        "name": "Erdbeeren Seibold"
      }
    },
    {
      "type": "Feature",
      "geometry": {
        "type": "Point",
        "coordinates": [
          10.8807537,
          48.3524471
        ]
      },
      "properties": {
        "id": 89368160,
        "osm_type": "way",
        "name": "Drini Market",
        "opening_hours": "Mo-Sa 08:00-20:00"
      }
    },
    {
      "type": "Feature",
      "geometry": {
        "type": "Point",
        "coordinates": [
          10.7201792,
          48.4239609
        ]
      },
      "properties": {
        "id": 264963584,
        "osm_type": "way",
        "name": "Aral",
        "brand": "Aral",
        "opening_hours": "Mo-Fr 06:00-20:00; Sa 07:00-20:00; Su 08:30-20:00"
      }
    },
    {
      "type": "Feature",
      "geometry": {
        "type": "Point",
        "coordinates": [
          10.8765781,
          48.3585963
        ]
      },
      "properties": {
        "id": 1292796540,
        "osm_type": "way",
        "name": "Sonnenglück",
        "opening_hours": "10:00-22:00"
      }
    },
    {
      "type": "Feature",
      "geometry": {
        "type": "Point",
        "coordinates": [
          10.8783459,
          48.3706526
        ]
      },
      "properties": {
        "id": 23575511,
        "osm_type": "way",
        "name": "RAN Station",
        "brand": "RAN",
        "opening_hours": "24/7"
      }
    },
    {
      "type": "Feature",
      "geometry": {
        "type": "Point",
        "coordinates": [
          10.888099,
          48.3657523
        ]
      },
      "properties": {
        "id": 1157515520,
        "osm_type": "way"
      }
    },
    {
      "type": "Feature",
      "geometry": {
        "type": "Point",
        "coordinates": [
          10.9020978,
          48.35852
        ]
      },
      "properties": {
        "id": 110530417,
        "osm_type": "way",
        "name": "Bahnsteig",
        "opening_hours": "07:00-18:00"
      }
    },
    {
      "type": "Feature",
      "geometry": {
        "type": "Point",
        "coordinates": [
          10.8766376,
          48.3854461
        ]
      },
      "properties": {
        "id": 77611491,
        "osm_type": "way",
        "name": "Kiosk Döner"
      }
    },
    {
      "type": "Feature",
      "geometry": {
        "type": "Point",
        "coordinates": [
          10.8582808,
          48.397499
        ]
      },
      "properties": {
        "id": 133562466,
        "osm_type": "way",
        "name": "Zugspitz Stub'n"
      }
    },
    {
      "type": "Feature",
      "geometry": {
        "type": "Point",
        "coordinates": [
          10.5688596,
          48.6114733
        ]
      },
      "properties": {
        "id": 410762997,
        "osm_type": "way",
        "name": "Ari Market Lebensmittel aus Südosteuropa",
        "opening_hours": "Mo-Fr 09:00-18:00; Sa 09:00-16:00; Su,PH off"
      }
    },
    {
      "type": "Feature",
      "geometry": {
        "type": "Point",
        "coordinates": [
          10.849098,
          48.5374936
        ]
      },
      "properties": {
        "id": 1273187293,
        "osm_type": "way"
      }
    },
    {
      "type": "Feature",
      "geometry": {
        "type": "Point",
        "coordinates": [
          10.8487144,
          48.5459991
        ]
      },
      "properties": {
        "id": 147357428,
        "osm_type": "way"
      }
    },
    {
      "type": "Feature",
      "geometry": {
        "type": "Point",
        "coordinates": [
          10.8405343,
          48.598545
        ]
      },
      "properties": {
        "id": 627367184,
        "osm_type": "way",
        "name": "TotalEnergies",
        "brand": "TotalEnergies"
      }
    },
    {
      "type": "Feature",
      "geometry": {
        "type": "Point",
        "coordinates": [
          10.7136552,
          48.7543857
        ]
      },
      "properties": {
        "id": 103151843,
        "osm_type": "way",
        "name": "Dorflädle Ebermergen",
        "opening_hours": "Mo,We,Fr 06:30-12:30,16:30-18:00; Tu,Th 06:30-12:30; Sa 06:30-12:00"
      }
    },
    {
      "type": "Feature",
      "geometry": {
        "type": "Point",
        "coordinates": [
          10.9044993,
          48.7919326
        ]
      },
      "properties": {
        "id": 788239605,
        "osm_type": "way",
        "name": "Dorfladen Daiting",
        "opening_hours": "Mo 06:30-10:00,16:00-18:00; Tu 06:30-11:00,16:00-18:00; We 06:30-12:00; Th 06:30-12:00; Fr 06:30-12:00,16:00-18:00; Sa 07:00-12:00"
      }
    },
    {
      "type": "Feature",
      "geometry": {
        "type": "Point",
        "coordinates": [
          10.5031006,
          48.9270456
        ]
      },
      "properties": {
        "id": 494987968,
        "osm_type": "way",
        "name": "Bäckerei Linse"
      }
    },
    {
      "type": "Feature",
      "geometry": {
        "type": "Point",
        "coordinates": [
          10.4989639,
          49.0403381
        ]
      },
      "properties": {
        "id": 140308523,
        "osm_type": "way",
        "name": "Marme-Lädle"
      }
    },
    {
      "type": "Feature",
      "geometry": {
        "type": "Point",
        "coordinates": [
          10.5275652,
          49.0677745
        ]
      },
      "properties": {
        "id": 133038715,
        "osm_type": "way",
        "name": "Hesselberg-Kiosk",
        "opening_hours": "Sa 13:00-18:00; Su 12:30-18:00"
      }
    },
    {
      "type": "Feature",
      "geometry": {
        "type": "Point",
        "coordinates": [
          10.7416546,
          49.0202745
        ]
      },
      "properties": {
        "id": 310994415,
        "osm_type": "way",
        "name": "Heidenheimer Kebap Haus"
      }
    },
    {
      "type": "Feature",
      "geometry": {
        "type": "Point",
        "coordinates": [
          10.9852494,
          48.2730143
        ]
      },
      "properties": {
        "id": 102438090,
        "osm_type": "way"
      }
    },
    {
      "type": "Feature",
      "geometry": {
        "type": "Point",
        "coordinates": [
          10.9511303,
          48.3557448
        ]
      },
      "properties": {
        "id": 99713278,
        "osm_type": "way",
        "name": "On the Run",
        "brand": "On the Run",
        "opening_hours": "Mo-Th 05:00-22:00; Fr 05:00-23:00; Sa 06:00-23:00; Su,PH 06:00-23:00"
      }
    },
    {
      "type": "Feature",
      "geometry": {
        "type": "Point",
        "coordinates": [
          10.9668011,
          48.3608191
        ]
      },
      "properties": {
        "id": 110403343,
        "osm_type": "way",
        "name": "Kiosk"
      }
    },
    {
      "type": "Feature",
      "geometry": {
        "type": "Point",
        "coordinates": [
          10.9652167,
          48.3644909
        ]
      },
      "properties": {
        "id": 110403335,
        "osm_type": "way",
        "name": "Kiosk"
      }
    },
    {
      "type": "Feature",
      "geometry": {
        "type": "Point",
        "coordinates": [
          11.1574714,
          48.5074096
        ]
      },
      "properties": {
        "id": 91883469,
        "osm_type": "way"
      }
    },
    {
      "type": "Feature",
      "geometry": {
        "type": "Point",
        "coordinates": [
          11.2886523,
          48.564639
        ]
      },
      "properties": {
        "id": 132318312,
        "osm_type": "way",
        "name": "Zieglmeier",
        "brand": "Independent",
        "opening_hours": "24/7"
      }
    },
    {
      "type": "Feature",
      "geometry": {
        "type": "Point",
        "coordinates": [
          11.2891489,
          48.5661437
        ]
      },
      "properties": {
        "id": 1213955471,
        "osm_type": "way",
        "name": "Shell",
        "brand": "Shell",
        "opening_hours": "Mo-Su 05:00-23:00"
      }
    },
    {
      "type": "Feature",
      "geometry": {
        "type": "Point",
        "coordinates": [
          11.4711794,
          48.2893847
        ]
      },
      "properties": {
        "id": 494724330,
        "osm_type": "way",
        "opening_hours": "Mo-Fr 06:00-22:00; Sa07:00-22:00; Su08:00-22:00"
      }
    },
    {
      "type": "Feature",
      "geometry": {
        "type": "Point",
        "coordinates": [
          11.5325201,
          48.2646989
        ]
      },
      "properties": {
        "id": 611155025,
        "osm_type": "way"
      }
    },
    {
      "type": "Feature",
      "geometry": {
        "type": "Point",
        "coordinates": [
          11.5316533,
          48.326505
        ]
      },
      "properties": {
        "id": 44853478,
        "osm_type": "way",
        "name": "FAIR Handelshaus Bayern e.G.",
        "opening_hours": "Mo-Fr 09:00-18:00; Sa 09:00-13:00"
      }
    },
    {
      "type": "Feature",
      "geometry": {
        "type": "Point",
        "coordinates": [
          11.4509026,
          48.3675256
        ]
      },
      "properties": {
        "id": 213205069,
        "osm_type": "way"
      }
    },
    {
      "type": "Feature",
      "geometry": {
        "type": "Point",
        "coordinates": [
          11.6399678,
          48.2618275
        ]
      },
      "properties": {
        "id": 47845627,
        "osm_type": "way",
        "name": "Lago Bar am See",
        "opening_hours": "Mo-Fr 16:00+; Sa,Su,PH 12:00+"
      }
    },
    {
      "type": "Feature",
      "geometry": {
        "type": "Point",
        "coordinates": [
          11.6471197,
          48.3105433
        ]
      },
      "properties": {
        "id": 56220144,
        "osm_type": "way",
        "name": "Rosi's Kompakt Eching",
        "brand": "Rosi's"
      }
    },
    {
      "type": "Feature",
      "geometry": {
        "type": "Point",
        "coordinates": [
          11.6916017,
          48.3181639
        ]
      },
      "properties": {
        "id": 37618064,
        "osm_type": "way",
        "name": "Total",
        "brand": "TotalEnergies",
        "opening_hours": "24/7"
      }
    },
    {
      "type": "Feature",
      "geometry": {
        "type": "Point",
        "coordinates": [
          11.615519,
          48.4057717
        ]
      },
      "properties": {
        "id": 70717514,
        "osm_type": "way",
        "name": "Zum Rauschecker - Nahkauf - Feinkost",
        "opening_hours": "Mo-Fr 06:00-12:30, Mo-We,Fr 15:30-18:30, Sa 06:00-12:00"
      }
    },
    {
      "type": "Feature",
      "geometry": {
        "type": "Point",
        "coordinates": [
          11.0222191,
          48.872853
        ]
      },
      "properties": {
        "id": 1085691426,
        "osm_type": "way",
        "name": "Altendorfer Regio-Shop",
        "opening_hours": "24/7"
      }
    },
    {
      "type": "Feature",
      "geometry": {
        "type": "Point",
        "coordinates": [
          11.1676369,
          48.7372914
        ]
      },
      "properties": {
        "id": 232694053,
        "osm_type": "way"
      }
    },
    {
      "type": "Feature",
      "geometry": {
        "type": "Point",
        "coordinates": [
          10.9931318,
          48.8920296
        ]
      },
      "properties": {
        "id": 166180610,
        "osm_type": "way",
        "name": "Lebensmittel S. Thoma",
        "opening_hours": "Mo-Fr 09:00-17:00; Sa 09:00-12:00; Su 12:00-16:00"
      }
    },
    {
      "type": "Feature",
      "geometry": {
        "type": "Point",
        "coordinates": [
          10.9086791,
          48.960996
        ]
      },
      "properties": {
        "id": 443598527,
        "osm_type": "way",
        "name": "ServiceStore DB",
        "brand": "ServiceStore DB",
        "opening_hours": "Mo-Fr 05:00-20:00; PH,Sa,Su 07:00-19:00"
      }
    },
    {
      "type": "Feature",
      "geometry": {
        "type": "Point",
        "coordinates": [
          11.0444011,
          48.9294031
        ]
      },
      "properties": {
        "id": 397791071,
        "osm_type": "way"
      }
    },
    {
      "type": "Feature",
      "geometry": {
        "type": "Point",
        "coordinates": [
          10.9659618,
          49.0212845
        ]
      },
      "properties": {
        "id": 1193584374,
        "osm_type": "way"
      }
    },
    {
      "type": "Feature",
      "geometry": {
        "type": "Point",
        "coordinates": [
          11.1482964,
          48.8958066
        ]
      },
      "properties": {
        "id": 160678971,
        "osm_type": "way",
        "name": "Kasse Steinbruch Blumenberg"
      }
    },
    {
      "type": "Feature",
      "geometry": {
        "type": "Point",
        "coordinates": [
          11.179868,
          48.896833
        ]
      },
      "properties": {
        "id": 165550255,
        "osm_type": "way"
      }
    },
    {
      "type": "Feature",
      "geometry": {
        "type": "Point",
        "coordinates": [
          11.3020536,
          49.0897344
        ]
      },
      "properties": {
        "id": 228145819,
        "osm_type": "way",
        "name": "Eierhäusl"
      }
    },
    {
      "type": "Feature",
      "geometry": {
        "type": "Point",
        "coordinates": [
          11.4103333,
          48.7738257
        ]
      },
      "properties": {
        "id": 206394003,
        "osm_type": "way",
        "name": "KioskHaus"
      }
    },
    {
      "type": "Feature",
      "geometry": {
        "type": "Point",
        "coordinates": [
          11.476459,
          48.7122138
        ]
      },
      "properties": {
        "id": 51983665,
        "osm_type": "way",
        "name": "Semmler Feinkost"
      }
    },
    {
      "type": "Feature",
      "geometry": {
        "type": "Point",
        "coordinates": [
          11.4366946,
          48.7443625
        ]
      },
      "properties": {
        "id": 433000462,
        "osm_type": "way",
        "name": "Yorma's",
        "brand": "Yorma's",
        "opening_hours": "Mo-Sa 05:00-21:00; Su 07:00-21:00; PH 07:00-21:00"
      }
    },
    {
      "type": "Feature",
      "geometry": {
        "type": "Point",
        "coordinates": [
          11.4515665,
          48.7528286
        ]
      },
      "properties": {
        "id": 174533473,
        "osm_type": "way",
        "name": "Total",
        "brand": "TotalEnergies",
        "opening_hours": "24/7"
      }
    },
    {
      "type": "Feature",
      "geometry": {
        "type": "Point",
        "coordinates": [
          11.3700253,
          48.8081182
        ]
      },
      "properties": {
        "id": 162249421,
        "osm_type": "way"
      }
    },
    {
      "type": "Feature",
      "geometry": {
        "type": "Point",
        "coordinates": [
          11.3881436,
          48.7756312
        ]
      },
      "properties": {
        "id": 30072153,
        "osm_type": "way",
        "name": "Edeka Tankstelle"
      }
    },
    {
      "type": "Feature",
      "geometry": {
        "type": "Point",
        "coordinates": [
          11.4029432,
          48.7781833
        ]
      },
      "properties": {
        "id": 195981082,
        "osm_type": "way",
        "name": "Metropol"
      }
    },
    {
      "type": "Feature",
      "geometry": {
        "type": "Point",
        "coordinates": [
          11.7217509,
          48.7782744
        ]
      },
      "properties": {
        "id": 391600716,
        "osm_type": "way",
        "name": "Kiosk & Bademeister"
      }
    },
    {
      "type": "Feature",
      "geometry": {
        "type": "Point",
        "coordinates": [
          11.4746806,
          49.0333241
        ]
      },
      "properties": {
        "id": 640082688,
        "osm_type": "way",
        "name": "MiMi's"
      }
    },
    {
      "type": "Feature",
      "geometry": {
        "type": "Point",
        "coordinates": [
          11.5649143,
          48.9440481
        ]
      },
      "properties": {
        "id": 51792775,
        "osm_type": "way"
      }
    },
    {
      "type": "Feature",
      "geometry": {
        "type": "Point",
        "coordinates": [
          11.6725729,
          49.0350761
        ]
      },
      "properties": {
        "id": 1285275108,
        "osm_type": "way",
        "name": "Hoferbauer"
      }
    },
    {
      "type": "Feature",
      "geometry": {
        "type": "Point",
        "coordinates": [
          10.1776672,
          49.3761703
        ]
      },
      "properties": {
        "id": 1302890310,
        "osm_type": "way"
      }
    },
    {
      "type": "Feature",
      "geometry": {
        "type": "Point",
        "coordinates": [
          10.1903377,
          49.3752206
        ]
      },
      "properties": {
        "id": 327959122,
        "osm_type": "way",
        "name": "Aral",
        "brand": "Aral",
        "opening_hours": "24/7"
      }
    },
    {
      "type": "Feature",
      "geometry": {
        "type": "Point",
        "coordinates": [
          10.2294217,
          49.3743425
        ]
      },
      "properties": {
        "id": 336790327,
        "osm_type": "way",
        "name": "Dorfladen Alte Steige",
        "opening_hours": "Mo,Tu,Th,Fr 06:30-13:00,15:00-18:00; We 06:30-13:00; Sa 07:00-13:00; Su off"
      }
    },
    {
      "type": "Feature",
      "geometry": {
        "type": "Point",
        "coordinates": [
          10.3245739,
          49.3456178
        ]
      },
      "properties": {
        "id": 1208484087,
        "osm_type": "way",
        "name": "Lädchen",
        "opening_hours": "Mo-Su 08:00-10:00"
      }
    },
    {
      "type": "Feature",
      "geometry": {
        "type": "Point",
        "coordinates": [
          10.4328222,
          49.4778191
        ]
      },
      "properties": {
        "id": 341781366,
        "osm_type": "way",
        "name": "Dorfladen"
      }
    },
    {
      "type": "Feature",
      "geometry": {
        "type": "Point",
        "coordinates": [
          10.5773816,
          49.298596
        ]
      },
      "properties": {
        "id": 443802416,
        "osm_type": "way",
        "name": "Yorma's",
        "brand": "Yorma's",
        "opening_hours": "Mo-Fr 06:00-19:00; Sa 08:00-17:00; Su 09:00-18:00"
      }
    },
    {
      "type": "Feature",
      "geometry": {
        "type": "Point",
        "coordinates": [
          10.752531,
          49.1160444
        ]
      },
      "properties": {
        "id": 237671736,
        "osm_type": "way",
        "name": "Bastelladen Ideen Reich"
      }
    },
    {
      "type": "Feature",
      "geometry": {
        "type": "Point",
        "coordinates": [
          10.7897069,
          49.2906026
        ]
      },
      "properties": {
        "id": 150177751,
        "osm_type": "way",
        "name": "Avia",
        "brand": "Avia",
        "opening_hours": "24/7"
      }
    },
    {
      "type": "Feature",
      "geometry": {
        "type": "Point",
        "coordinates": [
          10.8844936,
          49.3977328
        ]
      },
      "properties": {
        "id": 40399018,
        "osm_type": "way",
        "name": "Welt Laden Rosstal",
        "opening_hours": "Tu,Fr 14:30-18:00; We 10:00-12:00"
      }
    },
    {
      "type": "Feature",
      "geometry": {
        "type": "Point",
        "coordinates": [
          10.7443087,
          49.4961624
        ]
      },
      "properties": {
        "id": 1480001788,
        "osm_type": "way"
      }
    },
    {
      "type": "Feature",
      "geometry": {
        "type": "Point",
        "coordinates": [
          10.8515489,
          49.4589577
        ]
      },
      "properties": {
        "id": 320487883,
        "osm_type": "way",
        "name": "Vesperhäusla zur Cadolzburg",
        "opening_hours": "Apr-Oct: Tu-Su 09:00-18:00 \"nur bei gutem Wetter\""
      }
    },
    {
      "type": "Feature",
      "geometry": {
        "type": "Point",
        "coordinates": [
          10.2600704,
          49.6987145
        ]
      },
      "properties": {
        "id": 314937471,
        "osm_type": "way",
        "name": "Esso Birnack",
        "brand": "Esso",
        "opening_hours": "Mo-Fr 07:00-19:30; Sa 08:00-19:30; Su 09:00-19:30; PH 09:00-19:30"
      }
    },
    {
      "type": "Feature",
      "geometry": {
        "type": "Point",
        "coordinates": [
          10.4603198,
          49.6633321
        ]
      },
      "properties": {
        "id": 330490698,
        "osm_type": "way",
        "name": "Avia",
        "brand": "Avia"
      }
    },
    {
      "type": "Feature",
      "geometry": {
        "type": "Point",
        "coordinates": [
          10.2274389,
          49.8624662
        ]
      },
      "properties": {
        "id": 276232021,
        "osm_type": "way",
        "name": "bft Walther",
        "brand": "bft",
        "opening_hours": "Mo-Sa 07:00-22:00; Su 08:00-22:00"
      }
    },
    {
      "type": "Feature",
      "geometry": {
        "type": "Point",
        "coordinates": [
          10.5883476,
          49.5770792
        ]
      },
      "properties": {
        "id": 440774443,
        "osm_type": "way",
        "name": "Kiosk"
      }
    },
    {
      "type": "Feature",
      "geometry": {
        "type": "Point",
        "coordinates": [
          10.6020614,
          49.5785466
        ]
      },
      "properties": {
        "id": 387429322,
        "osm_type": "way"
      }
    },
    {
      "type": "Feature",
      "geometry": {
        "type": "Point",
        "coordinates": [
          10.6071704,
          49.5804817
        ]
      },
      "properties": {
        "id": 163271476,
        "osm_type": "way"
      }
    },
    {
      "type": "Feature",
      "geometry": {
        "type": "Point",
        "coordinates": [
          10.8476537,
          49.5911915
        ]
      },
      "properties": {
        "id": 432054160,
        "osm_type": "way",
        "name": "Shop"
      }
    },
    {
      "type": "Feature",
      "geometry": {
        "type": "Point",
        "coordinates": [
          10.839346,
          49.6279878
        ]
      },
      "properties": {
        "id": 33999062,
        "osm_type": "way",
        "name": "Avia",
        "brand": "Avia"
      }
    },
    {
      "type": "Feature",
      "geometry": {
        "type": "Point",
        "coordinates": [
          10.8546384,
          49.6984508
        ]
      },
      "properties": {
        "id": 32514139,
        "osm_type": "way",
        "name": "Aral Autohof Gremsdorf",
        "brand": "Aral",
        "opening_hours": "24/7"
      }
    },
    {
      "type": "Feature",
      "geometry": {
        "type": "Point",
        "coordinates": [
          10.8836313,
          49.8802108
        ]
      },
      "properties": {
        "id": 38764204,
        "osm_type": "way",
        "brand": "Elo"
      }
    },
    {
      "type": "Feature",
      "geometry": {
        "type": "Point",
        "coordinates": [
          10.8988922,
          49.9007325
        ]
      },
      "properties": {
        "id": 1299049152,
        "osm_type": "way",
        "name": "Yorma's",
        "brand": "Yorma's",
        "opening_hours": "Mo-Th 05:00-20:30; Fr 05:00-21:00; Sa 06:00-21:00; Su,PH 06:30-21:00"
      }
    },
    {
      "type": "Feature",
      "geometry": {
        "type": "Point",
        "coordinates": [
          10.8777177,
          49.9092624
        ]
      },
      "properties": {
        "id": 974611200,
        "osm_type": "way",
        "name": "Tankstelle am E-Center",
        "brand": "Independent",
        "opening_hours": "24/7"
      }
    },
    {
      "type": "Feature",
      "geometry": {
        "type": "Point",
        "coordinates": [
          10.8921169,
          49.9065966
        ]
      },
      "properties": {
        "id": 298369986,
        "osm_type": "way",
        "name": "Shell Station Roland Sambale",
        "brand": "Shell",
        "opening_hours": "Mo-Fr 06:00-22:00; Sa,Su 08:00-22:00"
      }
    },
    {
      "type": "Feature",
      "geometry": {
        "type": "Point",
        "coordinates": [
          11.0915765,
          49.2459719
        ]
      },
      "properties": {
        "id": 123723254,
        "osm_type": "way",
        "name": "Eine-Welt-Laden Roth"
      }
    },
    {
      "type": "Feature",
      "geometry": {
        "type": "Point",
        "coordinates": [
          11.0358718,
          49.2964546
        ]
      },
      "properties": {
        "id": 558478952,
        "osm_type": "way"
      }
    },
    {
      "type": "Feature",
      "geometry": {
        "type": "Point",
        "coordinates": [
          11.0281972,
          49.3233242
        ]
      },
      "properties": {
        "id": 220308790,
        "osm_type": "way",
        "name": "Stern Garten",
        "opening_hours": "Mo-Su 11:30-23:00"
      }
    },
    {
      "type": "Feature",
      "geometry": {
        "type": "Point",
        "coordinates": [
          11.0349122,
          49.3263798
        ]
      },
      "properties": {
        "id": 237141456,
        "osm_type": "way",
        "name": "Eckert",
        "opening_hours": "Mo-Fr 05:00-20:00; Sa-Su 08:00-20:00"
      }
    },
    {
      "type": "Feature",
      "geometry": {
        "type": "Point",
        "coordinates": [
          11.0348473,
          49.3260016
        ]
      },
      "properties": {
        "id": 443374970,
        "osm_type": "way",
        "name": "ServiceStore DB",
        "opening_hours": "Mo-Fr 06:00-18:00; Sa, Su, Ph 08:00-14:00"
      }
    },
    {
      "type": "Feature",
      "geometry": {
        "type": "Point",
        "coordinates": [
          11.0843918,
          49.3940748
        ]
      },
      "properties": {
        "id": 404723726,
        "osm_type": "way",
        "name": "Weißes Häusla"
      }
    },
    {
      "type": "Feature",
      "geometry": {
        "type": "Point",
        "coordinates": [
          11.0835704,
          49.4362395
        ]
      },
      "properties": {
        "id": 437579790,
        "osm_type": "way",
        "name": "Kiosk & Imbiss"
      }
    },
    {
      "type": "Feature",
      "geometry": {
        "type": "Point",
        "coordinates": [
          11.0803036,
          49.4401921
        ]
      },
      "properties": {
        "id": 436582529,
        "osm_type": "way",
        "name": "RS-U-Bahn Kiosk",
        "opening_hours": "Mo-Fr 06:00-20:00; Sa 08:00-20:00; PH,Su off"
      }
    },
    {
      "type": "Feature",
      "geometry": {
        "type": "Point",
        "coordinates": [
          11.0799485,
          49.441453
        ]
      },
      "properties": {
        "id": 437431281,
        "osm_type": "way",
        "name": "U-Bahn Laden",
        "opening_hours": "Mo-Fr 06:00-20:00; Sa 08:00-20:00; PH,Su off"
      }
    },
    {
      "type": "Feature",
      "geometry": {
        "type": "Point",
        "coordinates": [
          11.0658495,
          49.4482552
        ]
      },
      "properties": {
        "id": 433836633,
        "osm_type": "way"
      }
    },
    {
      "type": "Feature",
      "geometry": {
        "type": "Point",
        "coordinates": [
          11.0704441,
          49.4504139
        ]
      },
      "properties": {
        "id": 435151048,
        "osm_type": "way",
        "name": "Kiosk",
        "opening_hours": "Mo-Fr 07:30-18:00; Sa 09:00-17:00"
      }
    },
    {
      "type": "Feature",
      "geometry": {
        "type": "Point",
        "coordinates": [
          11.0815547,
          49.4463068
        ]
      },
      "properties": {
        "id": 431940862,
        "osm_type": "way",
        "name": "REWE To Go",
        "brand": "REWE To Go",
        "opening_hours": "24/7"
      }
    },
    {
      "type": "Feature",
      "geometry": {
        "type": "Point",
        "coordinates": [
          11.0811149,
          49.445824
        ]
      },
      "properties": {
        "id": 432144621,
        "osm_type": "way",
        "name": "Yorma's",
        "brand": "Yorma's",
        "opening_hours": "Mo-Th 06:00-21:00; Fr 06:00-22:00; Su,PH 08:00-22:00; Sa 08:00-22:00"
      }
    },
    {
      "type": "Feature",
      "geometry": {
        "type": "Point",
        "coordinates": [
          11.0818418,
          49.4465509
        ]
      },
      "properties": {
        "id": 433245321,
        "osm_type": "way",
        "name": "Yorma's",
        "brand": "Yorma's",
        "opening_hours": "Mo-Fr 06:00-20:00; Sa 07:00-20:00; Su,PH 10:00-20:00"
      }
    },
    {
      "type": "Feature",
      "geometry": {
        "type": "Point",
        "coordinates": [
          11.0828167,
          49.4461433
        ]
      },
      "properties": {
        "id": 431924757,
        "osm_type": "way",
        "name": "Yorma's",
        "brand": "Yorma's",
        "opening_hours": "Mo-Th 05:00-24:00, Fr 05:00-01:00, Sa 04:00-01:00, Su,PH 04:00-24:00"
      }
    },
    {
      "type": "Feature",
      "geometry": {
        "type": "Point",
        "coordinates": [
          11.0822576,
          49.4469452
        ]
      },
      "properties": {
        "id": 433245320,
        "osm_type": "way",
        "name": "Yorma's",
        "brand": "Yorma's",
        "opening_hours": "Mo-Fr 06:00-20:00; Sa 08:00-20:00"
      }
    },
    {
      "type": "Feature",
      "geometry": {
        "type": "Point",
        "coordinates": [
          11.0766144,
          49.4517941
        ]
      },
      "properties": {
        "id": 435117652,
        "osm_type": "way",
        "name": "-"
      }
    },
    {
      "type": "Feature",
      "geometry": {
        "type": "Point",
        "coordinates": [
          11.0765357,
          49.4519685
        ]
      },
      "properties": {
        "id": 435117654,
        "osm_type": "way",
        "name": "Cam On",
        "opening_hours": "Mo-Fr 10:30-15:00,15:30-19:00; Sa 10:30-19:30"
      }
    },
    {
      "type": "Feature",
      "geometry": {
        "type": "Point",
        "coordinates": [
          11.0774688,
          49.4519179
        ]
      },
      "properties": {
        "id": 435117664,
        "osm_type": "way",
        "name": "Presse Shop"
      }
    },
    {
      "type": "Feature",
      "geometry": {
        "type": "Point",
        "coordinates": [
          11.0342797,
          49.4578956
        ]
      },
      "properties": {
        "id": 439900123,
        "osm_type": "way"
      }
    },
    {
      "type": "Feature",
      "geometry": {
        "type": "Point",
        "coordinates": [
          11.0719098,
          49.4607502
        ]
      },
      "properties": {
        "id": 318867690,
        "osm_type": "way",
        "name": "Lotto Toto Sritharan",
        "opening_hours": "Mo-Th 07:00-13:00,15:00-18:00; Fr 07:00-18:00; Sa 08:00-15:00"
      }
    },
    {
      "type": "Feature",
      "geometry": {
        "type": "Point",
        "coordinates": [
          11.0893748,
          49.4575339
        ]
      },
      "properties": {
        "id": 435318016,
        "osm_type": "way",
        "name": "Schindler",
        "opening_hours": "Mo-Fr 07:00-17:00"
      }
    },
    {
      "type": "Feature",
      "geometry": {
        "type": "Point",
        "coordinates": [
          11.1043379,
          49.4723367
        ]
      },
      "properties": {
        "id": 435638375,
        "osm_type": "way",
        "name": "Kiosk im Delfinhaus"
      }
    },
    {
      "type": "Feature",
      "geometry": {
        "type": "Point",
        "coordinates": [
          11.1257209,
          49.3202238
        ]
      },
      "properties": {
        "id": 177915783,
        "osm_type": "way",
        "name": "Schick EDV-Systeme GmbH",
        "opening_hours": "Mo-Fr 09:00-12:00,13:00-18:00; Sa 09:00-12:00"
      }
    },
    {
      "type": "Feature",
      "geometry": {
        "type": "Point",
        "coordinates": [
          11.1159646,
          49.4017272
        ]
      },
      "properties": {
        "id": 145040738,
        "osm_type": "way",
        "name": "Aral",
        "brand": "Aral",
        "opening_hours": "24/7"
      }
    },
    {
      "type": "Feature",
      "geometry": {
        "type": "Point",
        "coordinates": [
          11.215348,
          49.3769559
        ]
      },
      "properties": {
        "id": 769892782,
        "osm_type": "way",
        "name": "Ria's Coffee",
        "opening_hours": "Mo-Fr 05:00-23:00; Sa,Su,PH 06:00-23:00"
      }
    },
    {
      "type": "Feature",
      "geometry": {
        "type": "Point",
        "coordinates": [
          11.2533617,
          49.3594834
        ]
      },
      "properties": {
        "id": 1239203212,
        "osm_type": "way",
        "name": "Esso",
        "brand": "Esso",
        "opening_hours": "24/7"
      }
    },
    {
      "type": "Feature",
      "geometry": {
        "type": "Point",
        "coordinates": [
          11.2717769,
          49.352373
        ]
      },
      "properties": {
        "id": 1233813069,
        "osm_type": "way",
        "name": "AVIA Tankstelle"
      }
    },
    {
      "type": "Feature",
      "geometry": {
        "type": "Point",
        "coordinates": [
          11.1214258,
          49.4233828
        ]
      },
      "properties": {
        "id": 174644003,
        "osm_type": "way"
      }
    },
    {
      "type": "Feature",
      "geometry": {
        "type": "Point",
        "coordinates": [
          11.1500383,
          49.4475265
        ]
      },
      "properties": {
        "id": 821458377,
        "osm_type": "way",
        "name": "Eisstand"
      }
    },
    {
      "type": "Feature",
      "geometry": {
        "type": "Point",
        "coordinates": [
          11.3103028,
          49.489683
        ]
      },
      "properties": {
        "id": 45273040,
        "osm_type": "way",
        "name": "Taubald"
      }
    },
    {
      "type": "Feature",
      "geometry": {
        "type": "Point",
        "coordinates": [
          11.4582887,
          49.2645885
        ]
      },
      "properties": {
        "id": 31405977,
        "osm_type": "way",
        "name": "Tankzentrum Rödl",
        "opening_hours": "Mo-Fr 06:00-20:00; Sa 07:00-15:00"
      }
    },
    {
      "type": "Feature",
      "geometry": {
        "type": "Point",
        "coordinates": [
          11.4573665,
          49.2732899
        ]
      },
      "properties": {
        "id": 443392638,
        "osm_type": "way",
        "name": "Yorma's",
        "brand": "Yorma's",
        "opening_hours": "Mo-Fr 05:00-18:00; Sa 08:00-15:00; Su,PH 08:00-15:00"
      }
    },
    {
      "type": "Feature",
      "geometry": {
        "type": "Point",
        "coordinates": [
          11.4737621,
          49.2630978
        ]
      },
      "properties": {
        "id": 115939010,
        "osm_type": "way",
        "name": "Mini Mix",
        "brand": "Mini Mix"
      }
    },
    {
      "type": "Feature",
      "geometry": {
        "type": "Point",
        "coordinates": [
          11.4690974,
          49.2710964
        ]
      },
      "properties": {
        "id": 1020358730,
        "osm_type": "way",
        "name": "Shell Shop",
        "brand": "Shell Shop"
      }
    },
    {
      "type": "Feature",
      "geometry": {
        "type": "Point",
        "coordinates": [
          11.4559855,
          49.2892042
        ]
      },
      "properties": {
        "id": 849203619,
        "osm_type": "way"
      }
    },
    {
      "type": "Feature",
      "geometry": {
        "type": "Point",
        "coordinates": [
          11.6252495,
          49.164194
        ]
      },
      "properties": {
        "id": 297929060,
        "osm_type": "way",
        "name": "Avia Tankstelle Rödl",
        "brand": "Avia",
        "opening_hours": "Mo-Sa 06:00 - 21:00; SU 07:00 - 21:00"
      }
    },
    {
      "type": "Feature",
      "geometry": {
        "type": "Point",
        "coordinates": [
          11.3528797,
          49.3122682
        ]
      },
      "properties": {
        "id": 1229515482,
        "osm_type": "way",
        "name": "Joh. Forster GmbH"
      }
    },
    {
      "type": "Feature",
      "geometry": {
        "type": "Point",
        "coordinates": [
          11.3653346,
          49.3841791
        ]
      },
      "properties": {
        "id": 33782296,
        "osm_type": "way",
        "name": "Avia",
        "brand": "Avia",
        "opening_hours": "Mo-Fr 06:30-21:30; Sa 07:30-21:30; Su,PH 08:00-21:30"
      }
    },
    {
      "type": "Feature",
      "geometry": {
        "type": "Point",
        "coordinates": [
          11.4169346,
          49.5081744
        ]
      },
      "properties": {
        "id": 83432118,
        "osm_type": "way",
        "name": "Shell",
        "brand": "Shell",
        "opening_hours": "Mo-Fr 06:00-22:00; Sa 06:00-22:00; Su 08:00-22:00"
      }
    },
    {
      "type": "Feature",
      "geometry": {
        "type": "Point",
        "coordinates": [
          11.6892646,
          49.3356737
        ]
      },
      "properties": {
        "id": 515294304,
        "osm_type": "way",
        "name": "Dorfladen",
        "opening_hours": "Mo-Tu,Th 08:30-12:00; We,Fr 08:30-11:30,15:00-17:30; PH closed; Sa 07:30-11:30"
      }
    },
    {
      "type": "Feature",
      "geometry": {
        "type": "Point",
        "coordinates": [
          11.0037345,
          49.5929384
        ]
      },
      "properties": {
        "id": 1460555758,
        "osm_type": "way",
        "name": "insane"
      }
    },
    {
      "type": "Feature",
      "geometry": {
        "type": "Point",
        "coordinates": [
          11.0047476,
          49.596358
        ]
      },
      "properties": {
        "id": 196193916,
        "osm_type": "way",
        "opening_hours": "Mo-Fr, Su 06:30-18:00; Sa 08:00-14:00"
      }
    },
    {
      "type": "Feature",
      "geometry": {
        "type": "Point",
        "coordinates": [
          11.0298735,
          49.5452351
        ]
      },
      "properties": {
        "id": 243967925,
        "osm_type": "way",
        "name": "total Autohof Tennenlohe",
        "brand": "Total",
        "opening_hours": "Mo-Su 00:00-24:00"
      }
    },
    {
      "type": "Feature",
      "geometry": {
        "type": "Point",
        "coordinates": [
          10.9265333,
          49.6683752
        ]
      },
      "properties": {
        "id": 297339639,
        "osm_type": "way",
        "name": "Eine-Welt-Laden",
        "opening_hours": "Th 16:00-18:00; Sa 10:00-12:00"
      }
    },
    {
      "type": "Feature",
      "geometry": {
        "type": "Point",
        "coordinates": [
          11.0016613,
          49.6848984
        ]
      },
      "properties": {
        "id": 1051305728,
        "osm_type": "way"
      }
    },
    {
      "type": "Feature",
      "geometry": {
        "type": "Point",
        "coordinates": [
          10.9978274,
          49.6845485
        ]
      },
      "properties": {
        "id": 1174002238,
        "osm_type": "way"
      }
    },
    {
      "type": "Feature",
      "geometry": {
        "type": "Point",
        "coordinates": [
          11.0002562,
          49.6852073
        ]
      },
      "properties": {
        "id": 1174018723,
        "osm_type": "way"
      }
    },
    {
      "type": "Feature",
      "geometry": {
        "type": "Point",
        "coordinates": [
          11.0007508,
          49.6851588
        ]
      },
      "properties": {
        "id": 1174018724,
        "osm_type": "way"
      }
    },
    {
      "type": "Feature",
      "geometry": {
        "type": "Point",
        "coordinates": [
          11.0068215,
          49.68718
        ]
      },
      "properties": {
        "id": 1174018709,
        "osm_type": "way"
      }
    },
    {
      "type": "Feature",
      "geometry": {
        "type": "Point",
        "coordinates": [
          11.0057675,
          49.6880947
        ]
      },
      "properties": {
        "id": 1174018726,
        "osm_type": "way",
        "name": "Eis-Stand"
      }
    },
    {
      "type": "Feature",
      "geometry": {
        "type": "Point",
        "coordinates": [
          11.0693964,
          49.7171498
        ]
      },
      "properties": {
        "id": 443605862,
        "osm_type": "way",
        "name": "MyPronto",
        "opening_hours": "Mo-Fr 05:00-19:00, Sa-Su 08:00-17:00"
      }
    },
    {
      "type": "Feature",
      "geometry": {
        "type": "Point",
        "coordinates": [
          11.1577465,
          49.5362261
        ]
      },
      "properties": {
        "id": 294841319,
        "osm_type": "way",
        "name": "Schlossbad Kiosk"
      }
    },
    {
      "type": "Feature",
      "geometry": {
        "type": "Point",
        "coordinates": [
          11.2659084,
          49.5117348
        ]
      },
      "properties": {
        "id": 45356732,
        "osm_type": "way",
        "name": "Freiband Kiosk"
      }
    },
    {
      "type": "Feature",
      "geometry": {
        "type": "Point",
        "coordinates": [
          11.3107676,
          49.5697469
        ]
      },
      "properties": {
        "id": 62140031,
        "osm_type": "way"
      }
    },
    {
      "type": "Feature",
      "geometry": {
        "type": "Point",
        "coordinates": [
          11.2611468,
          49.7013426
        ]
      },
      "properties": {
        "id": 1421047330,
        "osm_type": "way",
        "opening_hours": "Su"
      }
    },
    {
      "type": "Feature",
      "geometry": {
        "type": "Point",
        "coordinates": [
          10.9066967,
          49.8864642
        ]
      },
      "properties": {
        "id": 41759525,
        "osm_type": "way",
        "name": "Aral Tankstelle Manuela Wagner",
        "brand": "Aral",
        "opening_hours": "24/7"
      }
    },
    {
      "type": "Feature",
      "geometry": {
        "type": "Point",
        "coordinates": [
          10.9228224,
          49.8949748
        ]
      },
      "properties": {
        "id": 51759350,
        "osm_type": "way",
        "name": "Tessol Kraftstoffe, Mineralöle und Tankanlagen GmbH",
        "brand": "Avia"
      }
    },
    {
      "type": "Feature",
      "geometry": {
        "type": "Point",
        "coordinates": [
          10.9110088,
          49.9114191
        ]
      },
      "properties": {
        "id": 360974409,
        "osm_type": "way",
        "name": "Esso",
        "brand": "Esso",
        "opening_hours": "Mo-Fr 06:00-21:00,Sa 07:00-21:00; Su 07:00-21:00"
      }
    },
    {
      "type": "Feature",
      "geometry": {
        "type": "Point",
        "coordinates": [
          11.2029968,
          49.7897568
        ]
      },
      "properties": {
        "id": 293581464,
        "osm_type": "way"
      }
    },
    {
      "type": "Feature",
      "geometry": {
        "type": "Point",
        "coordinates": [
          11.3394879,
          49.5574348
        ]
      },
      "properties": {
        "id": 56693714,
        "osm_type": "way",
        "name": "Lotto Toto Tischler",
        "opening_hours": "Mo-Th 06:30-12:00,13:00-18:00; Fr 06:30-18:00; Sa 06:30-13:00; PH off"
      }
    },
    {
      "type": "Feature",
      "geometry": {
        "type": "Point",
        "coordinates": [
          11.4919562,
          49.5577499
        ]
      },
      "properties": {
        "id": 1164756272,
        "osm_type": "way",
        "name": "Vogelbeere - Inklusiver Dorfladen und Café",
        "opening_hours": "Mo 08:00-12:00; Tu-Sa 08:00-18:00; Su closed"
      }
    },
    {
      "type": "Feature",
      "geometry": {
        "type": "Point",
        "coordinates": [
          11.6462402,
          49.5554391
        ]
      },
      "properties": {
        "id": 242973272,
        "osm_type": "way",
        "name": "Lebensmittel Binder"
      }
    },
    {
      "type": "Feature",
      "geometry": {
        "type": "Point",
        "coordinates": [
          11.4275536,
          49.7504748
        ]
      },
      "properties": {
        "id": 500542090,
        "osm_type": "way",
        "name": "Kiosk im Klumpertal"
      }
    },
    {
      "type": "Feature",
      "geometry": {
        "type": "Point",
        "coordinates": [
          11.427469,
          49.7504416
        ]
      },
      "properties": {
        "id": 1259750034,
        "osm_type": "way",
        "name": "Kiosk zum Klumpertal"
      }
    },
    {
      "type": "Feature",
      "geometry": {
        "type": "Point",
        "coordinates": [
          11.4814769,
          49.7660753
        ]
      },
      "properties": {
        "id": 611941574,
        "osm_type": "way",
        "name": "Bergstation Hollenberg"
      }
    },
    {
      "type": "Feature",
      "geometry": {
        "type": "Point",
        "coordinates": [
          11.5105171,
          49.7472089
        ]
      },
      "properties": {
        "id": 70101874,
        "osm_type": "way",
        "name": "Raststätte Fränkische Schweiz / Pegnitz West",
        "opening_hours": "24/7"
      }
    },
    {
      "type": "Feature",
      "geometry": {
        "type": "Point",
        "coordinates": [
          11.7431611,
          49.8212203
        ]
      },
      "properties": {
        "id": 728317605,
        "osm_type": "way",
        "name": "Dorfladen",
        "opening_hours": "Mo-Fr 06:00-18:00; Sa 07:00-12:00"
      }
    },
    {
      "type": "Feature",
      "geometry": {
        "type": "Point",
        "coordinates": [
          11.792077,
          48.3541845
        ]
      },
      "properties": {
        "id": 359600649,
        "osm_type": "way",
        "name": "Duty Free"
      }
    },
    {
      "type": "Feature",
      "geometry": {
        "type": "Point",
        "coordinates": [
          11.7920711,
          48.3541912
        ]
      },
      "properties": {
        "id": 359619600,
        "osm_type": "way",
        "name": "Duty Free"
      }
    },
    {
      "type": "Feature",
      "geometry": {
        "type": "Point",
        "coordinates": [
          11.9254679,
          48.4562038
        ]
      },
      "properties": {
        "id": 177315700,
        "osm_type": "way"
      }
    },
    {
      "type": "Feature",
      "geometry": {
        "type": "Point",
        "coordinates": [
          12.1296984,
          48.3524101
        ]
      },
      "properties": {
        "id": 28424535,
        "osm_type": "way",
        "name": "Esso",
        "brand": "Esso",
        "opening_hours": "24/7"
      }
    },
    {
      "type": "Feature",
      "geometry": {
        "type": "Point",
        "coordinates": [
          11.9640508,
          48.422415
        ]
      },
      "properties": {
        "id": 199122112,
        "osm_type": "way"
      }
    },
    {
      "type": "Feature",
      "geometry": {
        "type": "Point",
        "coordinates": [
          11.7781703,
          48.6337319
        ]
      },
      "properties": {
        "id": 215289669,
        "osm_type": "way",
        "name": "OIL!",
        "brand": "OIL!",
        "opening_hours": "Mo-Fr 05:00-22:00; Sa 06:30-22:00; Su,PH 07:30-22:00"
      }
    },
    {
      "type": "Feature",
      "geometry": {
        "type": "Point",
        "coordinates": [
          12.104083,
          48.5397321
        ]
      },
      "properties": {
        "id": 1031026864,
        "osm_type": "way",
        "name": "Esso",
        "brand": "Esso"
      }
    },
    {
      "type": "Feature",
      "geometry": {
        "type": "Point",
        "coordinates": [
          12.1424301,
          48.526974
        ]
      },
      "properties": {
        "id": 243105434,
        "osm_type": "way",
        "name": "Kiosk Lunz / Loibl"
      }
    },
    {
      "type": "Feature",
      "geometry": {
        "type": "Point",
        "coordinates": [
          12.1288076,
          48.5396665
        ]
      },
      "properties": {
        "id": 202932660,
        "osm_type": "way",
        "name": "Gründl's Gemüseschwaige & Naturkostladen",
        "opening_hours": "We-Fr 08:00-18:00; Sa 08:00-13:00; PH off"
      }
    },
    {
      "type": "Feature",
      "geometry": {
        "type": "Point",
        "coordinates": [
          12.1364362,
          48.5471824
        ]
      },
      "properties": {
        "id": 436396030,
        "osm_type": "way",
        "name": "Yorma's",
        "brand": "Yorma's",
        "opening_hours": "Mo-Fr 05:00-22:00; Sa 06:00-22:00; Su,PH 07:00-22:00"
      }
    },
    {
      "type": "Feature",
      "geometry": {
        "type": "Point",
        "coordinates": [
          12.2514467,
          48.3688691
        ]
      },
      "properties": {
        "id": 146170651,
        "osm_type": "way",
        "name": "Aral",
        "brand": "Aral",
        "opening_hours": "Mo-Fr 06:00-22:00; Sa-Su 07:00-22:00"
      }
    },
    {
      "type": "Feature",
      "geometry": {
        "type": "Point",
        "coordinates": [
          12.3523421,
          48.4414381
        ]
      },
      "properties": {
        "id": 1287628052,
        "osm_type": "way"
      }
    },
    {
      "type": "Feature",
      "geometry": {
        "type": "Point",
        "coordinates": [
          12.5615435,
          48.4401956
        ]
      },
      "properties": {
        "id": 166885425,
        "osm_type": "way",
        "brand": "Agip"
      }
    },
    {
      "type": "Feature",
      "geometry": {
        "type": "Point",
        "coordinates": [
          12.2573316,
          48.4732918
        ]
      },
      "properties": {
        "id": 367296924,
        "osm_type": "way"
      }
    },
    {
      "type": "Feature",
      "geometry": {
        "type": "Point",
        "coordinates": [
          12.1672634,
          48.5644554
        ]
      },
      "properties": {
        "id": 330993585,
        "osm_type": "way",
        "name": "Ergomar Kiosk"
      }
    },
    {
      "type": "Feature",
      "geometry": {
        "type": "Point",
        "coordinates": [
          12.320181,
          48.6261035
        ]
      },
      "properties": {
        "id": 153730513,
        "osm_type": "way",
        "name": "Shell",
        "brand": "Shell",
        "opening_hours": "24/7"
      }
    },
    {
      "type": "Feature",
      "geometry": {
        "type": "Point",
        "coordinates": [
          12.5449678,
          48.5499823
        ]
      },
      "properties": {
        "id": 167364337,
        "osm_type": "way",
        "name": "Shell",
        "brand": "Shell",
        "opening_hours": "24/7"
      }
    },
    {
      "type": "Feature",
      "geometry": {
        "type": "Point",
        "coordinates": [
          11.9519264,
          48.834936
        ]
      },
      "properties": {
        "id": 201472529,
        "osm_type": "way",
        "name": "Kiosk"
      }
    },
    {
      "type": "Feature",
      "geometry": {
        "type": "Point",
        "coordinates": [
          11.8706137,
          48.9163622
        ]
      },
      "properties": {
        "id": 1237303190,
        "osm_type": "way"
      }
    },
    {
      "type": "Feature",
      "geometry": {
        "type": "Point",
        "coordinates": [
          11.7962499,
          49.0486671
        ]
      },
      "properties": {
        "id": 1320393648,
        "osm_type": "way",
        "name": "TANKrintel",
        "opening_hours": "Mo-Fr 05:00-22:00, Sa-Su 06:00-22:00"
      }
    },
    {
      "type": "Feature",
      "geometry": {
        "type": "Point",
        "coordinates": [
          12.0998986,
          49.0121424
        ]
      },
      "properties": {
        "id": 436686804,
        "osm_type": "way",
        "name": "Yorma’s",
        "brand": "Yorma’s",
        "opening_hours": "Mo-Su 05:00-22:00"
      }
    },
    {
      "type": "Feature",
      "geometry": {
        "type": "Point",
        "coordinates": [
          12.1281607,
          49.0166933
        ]
      },
      "properties": {
        "id": 110891023,
        "osm_type": "way",
        "name": "Tutto Italiano"
      }
    },
    {
      "type": "Feature",
      "geometry": {
        "type": "Point",
        "coordinates": [
          12.1355225,
          49.0270222
        ]
      },
      "properties": {
        "id": 1082591638,
        "osm_type": "way",
        "opening_hours": "\"bei Baseballspielen\""
      }
    },
    {
      "type": "Feature",
      "geometry": {
        "type": "Point",
        "coordinates": [
          12.3147549,
          48.6788011
        ]
      },
      "properties": {
        "id": 170775945,
        "osm_type": "way",
        "name": "Lebensmittel Maier"
      }
    },
    {
      "type": "Feature",
      "geometry": {
        "type": "Point",
        "coordinates": [
          12.5743177,
          48.8771778
        ]
      },
      "properties": {
        "id": 445027624,
        "osm_type": "way",
        "name": "ServiceStore DB",
        "brand": "ServiceStore DB"
      }
    },
    {
      "type": "Feature",
      "geometry": {
        "type": "Point",
        "coordinates": [
          12.1977452,
          48.984914
        ]
      },
      "properties": {
        "id": 305199076,
        "osm_type": "way",
        "name": "Taba-Press"
      }
    },
    {
      "type": "Feature",
      "geometry": {
        "type": "Point",
        "coordinates": [
          12.2234203,
          48.9781646
        ]
      },
      "properties": {
        "id": 71404757,
        "osm_type": "way",
        "name": "Guggi Beach"
      }
    },
    {
      "type": "Feature",
      "geometry": {
        "type": "Point",
        "coordinates": [
          12.3651744,
          49.0016023
        ]
      },
      "properties": {
        "id": 232864246,
        "osm_type": "way",
        "name": "Aral",
        "brand": "Aral",
        "opening_hours": "24/7"
      }
    },
    {
      "type": "Feature",
      "geometry": {
        "type": "Point",
        "coordinates": [
          12.5733418,
          48.8819931
        ]
      },
      "properties": {
        "id": 211914432,
        "osm_type": "way",
        "name": "Weltladen"
      }
    },
    {
      "type": "Feature",
      "geometry": {
        "type": "Point",
        "coordinates": [
          12.3960535,
          49.0730103
        ]
      },
      "properties": {
        "id": 129506817,
        "osm_type": "way",
        "name": "Lebensmittel Kerscher",
        "opening_hours": "Mo-Fr 06:30-18:30;Sa 08:00-13:00;Su 8:00-11:00; PH Off"
      }
    },
    {
      "type": "Feature",
      "geometry": {
        "type": "Point",
        "coordinates": [
          12.7488148,
          48.4037415
        ]
      },
      "properties": {
        "id": 358166655,
        "osm_type": "way",
        "name": "Deutsche Bahn"
      }
    },
    {
      "type": "Feature",
      "geometry": {
        "type": "Point",
        "coordinates": [
          12.8647275,
          48.5758428
        ]
      },
      "properties": {
        "id": 214324121,
        "osm_type": "way",
        "name": "nah&gut"
      }
    },
    {
      "type": "Feature",
      "geometry": {
        "type": "Point",
        "coordinates": [
          13.0232111,
          48.2631852
        ]
      },
      "properties": {
        "id": 446051478,
        "osm_type": "way",
        "name": "Reisekiosk",
        "opening_hours": "Mo-Fr 07:30-11:50, 12:40-15:40"
      }
    },
    {
      "type": "Feature",
      "geometry": {
        "type": "Point",
        "coordinates": [
          13.3065949,
          48.3903327
        ]
      },
      "properties": {
        "id": 951660494,
        "osm_type": "way"
      }
    },
    {
      "type": "Feature",
      "geometry": {
        "type": "Point",
        "coordinates": [
          13.3137525,
          48.4060279
        ]
      },
      "properties": {
        "id": 336468896,
        "osm_type": "way",
        "name": "Imbiss Bistro Berger",
        "opening_hours": "Mo-Sa 08:00-21:00"
      }
    },
    {
      "type": "Feature",
      "geometry": {
        "type": "Point",
        "coordinates": [
          13.2112302,
          48.552756
        ]
      },
      "properties": {
        "id": 323999609,
        "osm_type": "way",
        "name": "Freibad Kiosk"
      }
    },
    {
      "type": "Feature",
      "geometry": {
        "type": "Point",
        "coordinates": [
          13.2172607,
          48.5387197
        ]
      },
      "properties": {
        "id": 314801358,
        "osm_type": "way",
        "name": "Shell Select",
        "brand": "Shell Select",
        "opening_hours": "Mo-Su 05:00-22:00"
      }
    },
    {
      "type": "Feature",
      "geometry": {
        "type": "Point",
        "coordinates": [
          12.8636007,
          48.7792091
        ]
      },
      "properties": {
        "id": 438616358,
        "osm_type": "way",
        "name": "Yorma’s",
        "brand": "Yorma’s"
      }
    },
    {
      "type": "Feature",
      "geometry": {
        "type": "Point",
        "coordinates": [
          12.9595733,
          48.8305789
        ]
      },
      "properties": {
        "id": 224315271,
        "osm_type": "way",
        "name": "RAN",
        "brand": "RAN",
        "opening_hours": "Mo-Fr 05:15-23:00; Sa 06:00-23:00; Su 07:00-23:00"
      }
    },
    {
      "type": "Feature",
      "geometry": {
        "type": "Point",
        "coordinates": [
          12.7080379,
          48.931561
        ]
      },
      "properties": {
        "id": 264515521,
        "osm_type": "way",
        "name": "Esso",
        "brand": "Esso"
      }
    },
    {
      "type": "Feature",
      "geometry": {
        "type": "Point",
        "coordinates": [
          12.594682,
          49.0005353
        ]
      },
      "properties": {
        "id": 373544331,
        "osm_type": "way",
        "name": "Edeka \"Gut und Nah\"",
        "opening_hours": "Mo-Fr 07:00-12:00,13:00-18:00; Th 07:00-13:00; Sa 07:00-14:00"
      }
    },
    {
      "type": "Feature",
      "geometry": {
        "type": "Point",
        "coordinates": [
          12.8186482,
          48.9951932
        ]
      },
      "properties": {
        "id": 208248057,
        "osm_type": "way"
      }
    },
    {
      "type": "Feature",
      "geometry": {
        "type": "Point",
        "coordinates": [
          12.8781166,
          49.0811247
        ]
      },
      "properties": {
        "id": 364943880,
        "osm_type": "way",
        "opening_hours": "Mo-Sa 08:00-12:00"
      }
    },
    {
      "type": "Feature",
      "geometry": {
        "type": "Point",
        "coordinates": [
          12.885899,
          49.0788076
        ]
      },
      "properties": {
        "id": 525469227,
        "osm_type": "way",
        "name": "Kornhaus Naturkost & Naturwaren",
        "opening_hours": "Mo-Fr 09:00-12:30; 14:00-18:00; Sa 09:00-12:00"
      }
    },
    {
      "type": "Feature",
      "geometry": {
        "type": "Point",
        "coordinates": [
          13.0440767,
          48.7677985
        ]
      },
      "properties": {
        "id": 264690621,
        "osm_type": "way",
        "name": "Trucker Hof"
      }
    },
    {
      "type": "Feature",
      "geometry": {
        "type": "Point",
        "coordinates": [
          13.2298963,
          48.848871
        ]
      },
      "properties": {
        "id": 234300538,
        "osm_type": "way",
        "name": "Shell",
        "brand": "Shell"
      }
    },
    {
      "type": "Feature",
      "geometry": {
        "type": "Point",
        "coordinates": [
          13.3574659,
          48.8164462
        ]
      },
      "properties": {
        "id": 177840507,
        "osm_type": "way",
        "name": "OMV-Tankstelle"
      }
    },
    {
      "type": "Feature",
      "geometry": {
        "type": "Point",
        "coordinates": [
          13.2203362,
          49.0009818
        ]
      },
      "properties": {
        "id": 203804181,
        "osm_type": "way",
        "name": "Aral",
        "brand": "Aral",
        "opening_hours": "Mo-Su 00:00-24:00"
      }
    },
    {
      "type": "Feature",
      "geometry": {
        "type": "Point",
        "coordinates": [
          11.8624435,
          49.4474827
        ]
      },
      "properties": {
        "id": 442567328,
        "osm_type": "way",
        "name": "MyPronto"
      }
    },
    {
      "type": "Feature",
      "geometry": {
        "type": "Point",
        "coordinates": [
          11.8859845,
          49.4487162
        ]
      },
      "properties": {
        "id": 271735763,
        "osm_type": "way"
      }
    },
    {
      "type": "Feature",
      "geometry": {
        "type": "Point",
        "coordinates": [
          12.1055027,
          49.3310995
        ]
      },
      "properties": {
        "id": 498860130,
        "osm_type": "way",
        "name": "Kiosk Stadtpark"
      }
    },
    {
      "type": "Feature",
      "geometry": {
        "type": "Point",
        "coordinates": [
          12.0929725,
          49.3594305
        ]
      },
      "properties": {
        "id": 500517823,
        "osm_type": "way"
      }
    },
    {
      "type": "Feature",
      "geometry": {
        "type": "Point",
        "coordinates": [
          12.1360586,
          49.4016607
        ]
      },
      "properties": {
        "id": 1027372794,
        "osm_type": "way"
      }
    },
    {
      "type": "Feature",
      "geometry": {
        "type": "Point",
        "coordinates": [
          12.303554,
          49.0927293
        ]
      },
      "properties": {
        "id": 160171505,
        "osm_type": "way",
        "brand": "Avia"
      }
    },
    {
      "type": "Feature",
      "geometry": {
        "type": "Point",
        "coordinates": [
          12.3035879,
          49.2752985
        ]
      },
      "properties": {
        "id": 194781791,
        "osm_type": "way"
      }
    },
    {
      "type": "Feature",
      "geometry": {
        "type": "Point",
        "coordinates": [
          12.4837601,
          49.0967031
        ]
      },
      "properties": {
        "id": 159424541,
        "osm_type": "way",
        "opening_hours": "Mo-Fr 06:00-22:00; Sa 07:00-22:00; Su 08:00-22:00"
      }
    },
    {
      "type": "Feature",
      "geometry": {
        "type": "Point",
        "coordinates": [
          12.5452726,
          49.230659
        ]
      },
      "properties": {
        "id": 1360461374,
        "osm_type": "way",
        "name": "Landkauf24",
        "opening_hours": "24/7"
      }
    },
    {
      "type": "Feature",
      "geometry": {
        "type": "Point",
        "coordinates": [
          12.4144116,
          49.4139702
        ]
      },
      "properties": {
        "id": 198280400,
        "osm_type": "way",
        "name": "Paumer",
        "opening_hours": "Mo-We,Fr 07:00-12:30,14:00-18:00, Th 07:00-13:00, Sa 07:00-13:30, Su 08:00-10:30"
      }
    },
    {
      "type": "Feature",
      "geometry": {
        "type": "Point",
        "coordinates": [
          11.9059012,
          49.6177213
        ]
      },
      "properties": {
        "id": 1332625297,
        "osm_type": "way",
        "name": "Milchtankstelle"
      }
    },
    {
      "type": "Feature",
      "geometry": {
        "type": "Point",
        "coordinates": [
          11.9044149,
          49.7074382
        ]
      },
      "properties": {
        "id": 206175061,
        "osm_type": "way",
        "name": "Gas Station"
      }
    },
    {
      "type": "Feature",
      "geometry": {
        "type": "Point",
        "coordinates": [
          11.9208668,
          49.7171126
        ]
      },
      "properties": {
        "id": 1434041949,
        "osm_type": "way"
      }
    },
    {
      "type": "Feature",
      "geometry": {
        "type": "Point",
        "coordinates": [
          11.9662956,
          49.531571
        ]
      },
      "properties": {
        "id": 120054532,
        "osm_type": "way",
        "name": "Kiosk"
      }
    },
    {
      "type": "Feature",
      "geometry": {
        "type": "Point",
        "coordinates": [
          11.9647394,
          49.5312397
        ]
      },
      "properties": {
        "id": 121054893,
        "osm_type": "way",
        "name": "Kiosk"
      }
    },
    {
      "type": "Feature",
      "geometry": {
        "type": "Point",
        "coordinates": [
          12.0062867,
          49.5486742
        ]
      },
      "properties": {
        "id": 50443844,
        "osm_type": "way",
        "name": "Osana Banat"
      }
    },
    {
      "type": "Feature",
      "geometry": {
        "type": "Point",
        "coordinates": [
          12.0587736,
          49.5496226
        ]
      },
      "properties": {
        "id": 204819111,
        "osm_type": "way"
      }
    },
    {
      "type": "Feature",
      "geometry": {
        "type": "Point",
        "coordinates": [
          12.1541431,
          49.6703719
        ]
      },
      "properties": {
        "id": 443758585,
        "osm_type": "way",
        "name": "Lotto"
      }
    },
    {
      "type": "Feature",
      "geometry": {
        "type": "Point",
        "coordinates": [
          12.1543154,
          49.6705207
        ]
      },
      "properties": {
        "id": 443758598,
        "osm_type": "way",
        "name": "ServiceStore DB",
        "brand": "ServiceStore DB",
        "opening_hours": "Mo-Fr 05:00-20:00; Sa 06:30-18:00; PH,Su 08:00-18:00"
      }
    },
    {
      "type": "Feature",
      "geometry": {
        "type": "Point",
        "coordinates": [
          12.1527416,
          49.6801714
        ]
      },
      "properties": {
        "id": 267485845,
        "osm_type": "way",
        "name": "Esso",
        "brand": "Esso",
        "opening_hours": "24/7"
      }
    },
    {
      "type": "Feature",
      "geometry": {
        "type": "Point",
        "coordinates": [
          12.1625142,
          49.6940101
        ]
      },
      "properties": {
        "id": 306817763,
        "osm_type": "way",
        "name": "Bergler Neustädter Straße",
        "opening_hours": "Mo-Fr 06:00-22:00; Sa 08:00-22:00; Su 09:00-20:00"
      }
    },
    {
      "type": "Feature",
      "geometry": {
        "type": "Point",
        "coordinates": [
          11.9966589,
          49.7247099
        ]
      },
      "properties": {
        "id": 604318875,
        "osm_type": "way",
        "name": "Dorfladen Schwarzenbach"
      }
    },
    {
      "type": "Feature",
      "geometry": {
        "type": "Point",
        "coordinates": [
          12.1057548,
          49.8827632
        ]
      },
      "properties": {
        "id": 615294859,
        "osm_type": "way",
        "name": "Dorfladen \"Zimmerhütte\"",
        "opening_hours": "Mo-Th, Sa 07:00-12:00, Mo, We, Th 14:00-18:00, Fr 07:00-18:00"
      }
    },
    {
      "type": "Feature",
      "geometry": {
        "type": "Point",
        "coordinates": [
          12.2635428,
          49.5205005
        ]
      },
      "properties": {
        "id": 303276023,
        "osm_type": "way",
        "name": "Dorfladen Trausnitz",
        "opening_hours": "Mo-Sa 06:00-12:00, Tu-Fr 14:30-18:00; Su, PH off"
      }
    },
    {
      "type": "Feature",
      "geometry": {
        "type": "Point",
        "coordinates": [
          12.1776694,
          49.6782599
        ]
      },
      "properties": {
        "id": 273445984,
        "osm_type": "way",
        "name": "Esso",
        "brand": "Esso",
        "opening_hours": "Mo-Su 05:00-23:30"
      }
    },
    {
      "type": "Feature",
      "geometry": {
        "type": "Point",
        "coordinates": [
          12.178087,
          49.7427663
        ]
      },
      "properties": {
        "id": 803844556,
        "osm_type": "way",
        "name": "Jet",
        "brand": "JET",
        "opening_hours": "24/7"
      }
    },
    {
      "type": "Feature",
      "geometry": {
        "type": "Point",
        "coordinates": [
          12.3482188,
          49.7368759
        ]
      },
      "properties": {
        "id": 821514182,
        "osm_type": "way"
      }
    },
    {
      "type": "Feature",
      "geometry": {
        "type": "Point",
        "coordinates": [
          12.3263483,
          49.8822326
        ]
      },
      "properties": {
        "id": 222394454,
        "osm_type": "way",
        "name": "Esso",
        "brand": "Esso",
        "opening_hours": "PH,Mo-Su 06:00-22:00"
      }
    },
    {
      "type": "Feature",
      "geometry": {
        "type": "Point",
        "coordinates": [
          12.5266396,
          49.9068817
        ]
      },
      "properties": {
        "id": 385310555,
        "osm_type": "way",
        "name": "Mühlenladl"
      }
    },
    {
      "type": "Feature",
      "geometry": {
        "type": "Point",
        "coordinates": [
          12.667084,
          49.207234
        ]
      },
      "properties": {
        "id": 241726634,
        "osm_type": "way",
        "name": "Avia Tankstelle",
        "brand": "Avia",
        "opening_hours": "24/7"
      }
    },
    {
      "type": "Feature",
      "geometry": {
        "type": "Point",
        "coordinates": [
          12.6674177,
          49.208161
        ]
      },
      "properties": {
        "id": 241726639,
        "osm_type": "way",
        "name": "Spar",
        "brand": "Spar"
      }
    },
    {
      "type": "Feature",
      "geometry": {
        "type": "Point",
        "coordinates": [
          12.8553819,
          49.1725843
        ]
      },
      "properties": {
        "id": 168448007,
        "osm_type": "way",
        "name": "Kiosk Kurpark",
        "opening_hours": "Mo-Sa 12:00-20:00; Su 09:00-19:00"
      }
    },
    {
      "type": "Feature",
      "geometry": {
        "type": "Point",
        "coordinates": [
          12.9339776,
          49.2034478
        ]
      },
      "properties": {
        "id": 777969043,
        "osm_type": "way",
        "name": "Metzgerei Vogl"
      }
    },
    {
      "type": "Feature",
      "geometry": {
        "type": "Point",
        "coordinates": [
          12.6945894,
          49.3936157
        ]
      },
      "properties": {
        "id": 1052236034,
        "osm_type": "way",
        "name": "Minigolf Kiosk mit Terasse"
      }
    },
    {
      "type": "Feature",
      "geometry": {
        "type": "Point",
        "coordinates": [
          13.1048456,
          49.1754483
        ]
      },
      "properties": {
        "id": 102009461,
        "osm_type": "way",
        "name": "Nah und gut",
        "opening_hours": "Mo,We-Fr 06:30-12:30, 14:30-18:00; Tu 06:30-12:30; Sa 06:30-12:00; PH off"
      }
    },
    {
      "type": "Feature",
      "geometry": {
        "type": "Point",
        "coordinates": [
          9.0114702,
          50.0846761
        ]
      },
      "properties": {
        "id": 185734570,
        "osm_type": "way",
        "name": "Kahler See Campers Point",
        "opening_hours": "Apr: Sa,Su 08:00-20:00; Jun-Aug: Mo-Fr 08:00-21:00; Jun-Aug: Sa,Su,PH 07:30-21:00; May: Mo-Su 08:00-20:00; Sep: Mo-Su 08:00-20:00"
      }
    },
    {
      "type": "Feature",
      "geometry": {
        "type": "Point",
        "coordinates": [
          9.053782,
          49.9302675
        ]
      },
      "properties": {
        "id": 486237453,
        "osm_type": "way",
        "name": "Milchtankstelle",
        "opening_hours": "24/7"
      }
    },
    {
      "type": "Feature",
      "geometry": {
        "type": "Point",
        "coordinates": [
          9.1075689,
          49.9630147
        ]
      },
      "properties": {
        "id": 171782728,
        "osm_type": "way"
      }
    },
    {
      "type": "Feature",
      "geometry": {
        "type": "Point",
        "coordinates": [
          9.0680199,
          49.9951631
        ]
      },
      "properties": {
        "id": 93992947,
        "osm_type": "way"
      }
    },
    {
      "type": "Feature",
      "geometry": {
        "type": "Point",
        "coordinates": [
          9.0658188,
          49.9970605
        ]
      },
      "properties": {
        "id": 327568441,
        "osm_type": "way"
      }
    },
    {
      "type": "Feature",
      "geometry": {
        "type": "Point",
        "coordinates": [
          9.0582303,
          50.0043277
        ]
      },
      "properties": {
        "id": 93994250,
        "osm_type": "way"
      }
    },
    {
      "type": "Feature",
      "geometry": {
        "type": "Point",
        "coordinates": [
          9.1630201,
          49.9595832
        ]
      },
      "properties": {
        "id": 328047094,
        "osm_type": "way",
        "name": "Früheres Eishäuschen"
      }
    },
    {
      "type": "Feature",
      "geometry": {
        "type": "Point",
        "coordinates": [
          9.2000897,
          50.0024172
        ]
      },
      "properties": {
        "id": 91895124,
        "osm_type": "way",
        "name": "Elektro Beisler",
        "opening_hours": "Mo-Fr 09:00-12:00,14:00-18:00; We 09:00-12:00; Sa 09:00-13:00"
      }
    },
    {
      "type": "Feature",
      "geometry": {
        "type": "Point",
        "coordinates": [
          9.0362656,
          50.0426678
        ]
      },
      "properties": {
        "id": 200826891,
        "osm_type": "way",
        "name": "Kiosk"
      }
    },
    {
      "type": "Feature",
      "geometry": {
        "type": "Point",
        "coordinates": [
          9.2166467,
          50.1082788
        ]
      },
      "properties": {
        "id": 223290692,
        "osm_type": "way",
        "name": "Hofstädter Dorfladen",
        "opening_hours": "Mo-Fr 06:00-18:00; Sa 07:00-12:00"
      }
    },
    {
      "type": "Feature",
      "geometry": {
        "type": "Point",
        "coordinates": [
          9.2562099,
          50.0227972
        ]
      },
      "properties": {
        "id": 1436776930,
        "osm_type": "way",
        "name": "teo",
        "opening_hours": "24/7"
      }
    },
    {
      "type": "Feature",
      "geometry": {
        "type": "Point",
        "coordinates": [
          9.3874324,
          50.0276205
        ]
      },
      "properties": {
        "id": 127056920,
        "osm_type": "way",
        "name": "Kiosk Tierpark Heigenbrücken"
      }
    },
    {
      "type": "Feature",
      "geometry": {
        "type": "Point",
        "coordinates": [
          9.6220507,
          49.9889531
        ]
      },
      "properties": {
        "id": 121429924,
        "osm_type": "way"
      }
    },
    {
      "type": "Feature",
      "geometry": {
        "type": "Point",
        "coordinates": [
          9.7313329,
          50.0280267
        ]
      },
      "properties": {
        "id": 61279772,
        "osm_type": "way",
        "name": "Esso Tankstelle",
        "brand": "Esso",
        "opening_hours": "Mo-Fr 05:30-23:00; Sa-Su 06:00-23:30"
      }
    },
    {
      "type": "Feature",
      "geometry": {
        "type": "Point",
        "coordinates": [
          10.0205005,
          49.9465247
        ]
      },
      "properties": {
        "id": 204503685,
        "osm_type": "way",
        "name": "Aral",
        "opening_hours": "24/7"
      }
    },
    {
      "type": "Feature",
      "geometry": {
        "type": "Point",
        "coordinates": [
          9.8727777,
          50.1097625
        ]
      },
      "properties": {
        "id": 1415865820,
        "osm_type": "way",
        "name": "Wein- und Brotzeithäusle",
        "opening_hours": "24/7"
      }
    },
    {
      "type": "Feature",
      "geometry": {
        "type": "Point",
        "coordinates": [
          9.8884409,
          50.116899
        ]
      },
      "properties": {
        "id": 1030023299,
        "osm_type": "way",
        "name": "Reformhaus Weber"
      }
    },
    {
      "type": "Feature",
      "geometry": {
        "type": "Point",
        "coordinates": [
          9.7894618,
          50.3086842
        ]
      },
      "properties": {
        "id": 614939805,
        "osm_type": "way",
        "name": "Porzelt 5-Tage-Markt Bio-Markt"
      }
    },
    {
      "type": "Feature",
      "geometry": {
        "type": "Point",
        "coordinates": [
          10.0045458,
          50.4023551
        ]
      },
      "properties": {
        "id": 258824793,
        "osm_type": "way",
        "opening_hours": "Mo-Sa 09:00-18:00; Su, PH 10:00-18:00"
      }
    },
    {
      "type": "Feature",
      "geometry": {
        "type": "Point",
        "coordinates": [
          10.2120297,
          50.0357446
        ]
      },
      "properties": {
        "id": 459315685,
        "osm_type": "way",
        "name": "DB Shop",
        "opening_hours": "Mo-Fr 05:30-19:30; Sa 08:00-18:00; Su 08:00-16:00; PH 08:00-16:00"
      }
    },
    {
      "type": "Feature",
      "geometry": {
        "type": "Point",
        "coordinates": [
          10.2354011,
          50.0488864
        ]
      },
      "properties": {
        "id": 300877843,
        "osm_type": "way",
        "name": "Esso Snack & Shop",
        "brand": "Esso"
      }
    },
    {
      "type": "Feature",
      "geometry": {
        "type": "Point",
        "coordinates": [
          10.2301727,
          50.0544189
        ]
      },
      "properties": {
        "id": 177017448,
        "osm_type": "way",
        "name": "Esso",
        "brand": "Esso",
        "opening_hours": "Mo-Fr 06:00-22:00; Sa 07:00-22:00; PH,Su 08:00-22:00"
      }
    },
    {
      "type": "Feature",
      "geometry": {
        "type": "Point",
        "coordinates": [
          10.3067676,
          50.0481151
        ]
      },
      "properties": {
        "id": 433505990,
        "osm_type": "way",
        "name": "Avia",
        "brand": "Avia",
        "opening_hours": "Mo-Fr 06:00-22:00; Sa 07:00-22:00; Su,PH 08:00-21:00"
      }
    },
    {
      "type": "Feature",
      "geometry": {
        "type": "Point",
        "coordinates": [
          10.3618903,
          50.08796
        ]
      },
      "properties": {
        "id": 1201177610,
        "osm_type": "way",
        "name": "Unser kleiner Laden"
      }
    },
    {
      "type": "Feature",
      "geometry": {
        "type": "Point",
        "coordinates": [
          10.4475997,
          50.1106262
        ]
      },
      "properties": {
        "id": 196256445,
        "osm_type": "way",
        "name": "Dorfladen Kleinsteinach",
        "opening_hours": "Mo-Sa 06:00-12:30; Mo,We,Th,Fr 14:30-18:00"
      }
    },
    {
      "type": "Feature",
      "geometry": {
        "type": "Point",
        "coordinates": [
          10.1971872,
          50.324162
        ]
      },
      "properties": {
        "id": 93686979,
        "osm_type": "way",
        "opening_hours": "Mo-Th 08:00-12:30,14:30-18:00; Fr 08:00-13:00,14:30-18:00; Sa 08:00-13:00"
      }
    },
    {
      "type": "Feature",
      "geometry": {
        "type": "Point",
        "coordinates": [
          10.380344,
          50.1508242
        ]
      },
      "properties": {
        "id": 379781276,
        "osm_type": "way",
        "name": "Kiosk am Ellertshäuser See"
      }
    },
    {
      "type": "Feature",
      "geometry": {
        "type": "Point",
        "coordinates": [
          10.4363915,
          50.1536474
        ]
      },
      "properties": {
        "id": 302906875,
        "osm_type": "way",
        "name": "Aidhäuser Dorflädle"
      }
    },
    {
      "type": "Feature",
      "geometry": {
        "type": "Point",
        "coordinates": [
          10.3655548,
          50.2722387
        ]
      },
      "properties": {
        "id": 1161134763,
        "osm_type": "way",
        "name": "Bio-Lädle",
        "opening_hours": "Mo-Su 07:00-20:00"
      }
    },
    {
      "type": "Feature",
      "geometry": {
        "type": "Point",
        "coordinates": [
          10.5094884,
          50.0327311
        ]
      },
      "properties": {
        "id": 376142162,
        "osm_type": "way",
        "opening_hours": "Mo-Fr 10:00-18:00; Sa 08:00-13:00"
      }
    },
    {
      "type": "Feature",
      "geometry": {
        "type": "Point",
        "coordinates": [
          10.5052516,
          50.0367221
        ]
      },
      "properties": {
        "id": 921803196,
        "osm_type": "way",
        "opening_hours": "\"üblicherweise nur bei gutem Wetter im Sommer zu den Öffnungszeiten des Freibades geöffnet\""
      }
    },
    {
      "type": "Feature",
      "geometry": {
        "type": "Point",
        "coordinates": [
          10.570122,
          50.0815376
        ]
      },
      "properties": {
        "id": 1236622804,
        "osm_type": "way"
      }
    },
    {
      "type": "Feature",
      "geometry": {
        "type": "Point",
        "coordinates": [
          10.5196663,
          50.1336488
        ]
      },
      "properties": {
        "id": 946068138,
        "osm_type": "way",
        "name": "Hümpfner Tankstelle",
        "brand": "Freie Tankstelle"
      }
    },
    {
      "type": "Feature",
      "geometry": {
        "type": "Point",
        "coordinates": [
          10.822686,
          49.931853
        ]
      },
      "properties": {
        "id": 210345373,
        "osm_type": "way",
        "name": "AVIA",
        "brand": "Avia"
      }
    },
    {
      "type": "Feature",
      "geometry": {
        "type": "Point",
        "coordinates": [
          10.8849541,
          49.9675894
        ]
      },
      "properties": {
        "id": 118781037,
        "osm_type": "way",
        "name": "ELO",
        "brand": "Freie Tankstelle",
        "opening_hours": "07:30-21:00 || \"24h Tankautomat\""
      }
    },
    {
      "type": "Feature",
      "geometry": {
        "type": "Point",
        "coordinates": [
          10.8842149,
          49.9669574
        ]
      },
      "properties": {
        "id": 118781291,
        "osm_type": "way",
        "name": "Esso",
        "brand": "Esso",
        "opening_hours": "Mo-Fr 05:00-22:00; PH,Sa,Su 07:00-22:00"
      }
    },
    {
      "type": "Feature",
      "geometry": {
        "type": "Point",
        "coordinates": [
          10.845472,
          49.9902161
        ]
      },
      "properties": {
        "id": 118611858,
        "osm_type": "way",
        "name": "Freie Tankstelle Winkler",
        "brand": "Independent",
        "opening_hours": "24/7"
      }
    },
    {
      "type": "Feature",
      "geometry": {
        "type": "Point",
        "coordinates": [
          10.8745912,
          50.1224336
        ]
      },
      "properties": {
        "id": 1280489687,
        "osm_type": "way",
        "name": "Avia",
        "brand": "Avia"
      }
    },
    {
      "type": "Feature",
      "geometry": {
        "type": "Point",
        "coordinates": [
          10.9635175,
          49.9374738
        ]
      },
      "properties": {
        "id": 586665523,
        "osm_type": "way",
        "brand": "Jet",
        "opening_hours": "06:00-22:00"
      }
    },
    {
      "type": "Feature",
      "geometry": {
        "type": "Point",
        "coordinates": [
          11.2981806,
          49.9305937
        ]
      },
      "properties": {
        "id": 538574588,
        "osm_type": "way",
        "name": "Elfi's Shop",
        "opening_hours": "Mo-Fr 06:30-20:00; Sa 07:30-19:00; PH,Su 09:00-19:00"
      }
    },
    {
      "type": "Feature",
      "geometry": {
        "type": "Point",
        "coordinates": [
          11.2388208,
          50.0904185
        ]
      },
      "properties": {
        "id": 142300827,
        "osm_type": "way",
        "name": "Freie Tankstelle",
        "brand": "Freie Tankstelle",
        "opening_hours": "Mo-Fr 06:00-21:00; Sa 08:00-21:00; PH,Su 09:00-21:00"
      }
    },
    {
      "type": "Feature",
      "geometry": {
        "type": "Point",
        "coordinates": [
          11.0597309,
          50.1462112
        ]
      },
      "properties": {
        "id": 1092135826,
        "osm_type": "way",
        "name": "ServiceStore DB",
        "brand": "ServiceStore DB",
        "opening_hours": "Mo-Su,PH 05:00-20:00"
      }
    },
    {
      "type": "Feature",
      "geometry": {
        "type": "Point",
        "coordinates": [
          10.9579689,
          50.2628146
        ]
      },
      "properties": {
        "id": 441404639,
        "osm_type": "way",
        "name": "Yorma's",
        "brand": "Yorma's",
        "opening_hours": "Mo-Fr 05:00-20:00; Sa 07:00-20:00; PH,Su 08:00-20:00"
      }
    },
    {
      "type": "Feature",
      "geometry": {
        "type": "Point",
        "coordinates": [
          10.9609151,
          50.2657492
        ]
      },
      "properties": {
        "id": 366623161,
        "osm_type": "way",
        "name": "Lotto Wöhner"
      }
    },
    {
      "type": "Feature",
      "geometry": {
        "type": "Point",
        "coordinates": [
          11.0441667,
          50.2938125
        ]
      },
      "properties": {
        "id": 1456919754,
        "osm_type": "way",
        "name": "Agip",
        "brand": "Agip",
        "opening_hours": "Mo-Fr 05:00-22:00; Sa 06:00-22:00; Su, PH 07:00-22:00"
      }
    },
    {
      "type": "Feature",
      "geometry": {
        "type": "Point",
        "coordinates": [
          11.1118877,
          50.3130962
        ]
      },
      "properties": {
        "id": 377093426,
        "osm_type": "way",
        "name": "Reifen Müller",
        "opening_hours": "Mo-Fr 06:00-21:30; Sa,Su 08:00-20:00"
      }
    },
    {
      "type": "Feature",
      "geometry": {
        "type": "Point",
        "coordinates": [
          11.3209895,
          50.2252423
        ]
      },
      "properties": {
        "id": 257624303,
        "osm_type": "way"
      }
    },
    {
      "type": "Feature",
      "geometry": {
        "type": "Point",
        "coordinates": [
          11.1268942,
          50.319875
        ]
      },
      "properties": {
        "id": 377714876,
        "osm_type": "way"
      }
    },
    {
      "type": "Feature",
      "geometry": {
        "type": "Point",
        "coordinates": [
          11.3609196,
          50.1057578
        ]
      },
      "properties": {
        "id": 1408442963,
        "osm_type": "way",
        "name": "Bayer's Erdbeerstand"
      }
    },
    {
      "type": "Feature",
      "geometry": {
        "type": "Point",
        "coordinates": [
          11.4722352,
          50.110939
        ]
      },
      "properties": {
        "id": 426583117,
        "osm_type": "way",
        "name": "Kiosk"
      }
    },
    {
      "type": "Feature",
      "geometry": {
        "type": "Point",
        "coordinates": [
          11.5721526,
          49.9322959
        ]
      },
      "properties": {
        "id": 38936929,
        "osm_type": "way",
        "name": "Kiosk am Röhrensee"
      }
    },
    {
      "type": "Feature",
      "geometry": {
        "type": "Point",
        "coordinates": [
          11.5794795,
          49.949496
        ]
      },
      "properties": {
        "id": 361434332,
        "osm_type": "way",
        "name": "Yorma's",
        "brand": "Yorma's",
        "opening_hours": "Mo-Fr 05:30-18:00; Sa 07:00-17:00; Su 08:00-19:00"
      }
    },
    {
      "type": "Feature",
      "geometry": {
        "type": "Point",
        "coordinates": [
          11.5872135,
          49.9341428
        ]
      },
      "properties": {
        "id": 37387390,
        "osm_type": "way",
        "name": "Kiosk Kreuzsteinbad",
        "opening_hours": "May-Sep: 07:00-20:00"
      }
    },
    {
      "type": "Feature",
      "geometry": {
        "type": "Point",
        "coordinates": [
          11.5885432,
          49.9597083
        ]
      },
      "properties": {
        "id": 195916544,
        "osm_type": "way",
        "opening_hours": "Mo 09:00-12:00; Tu 08:00-12:00,14:30-18:00; We 08:00-12:00,14:30-18:00; Th 14:30-18:00; Fr 08:00-18:30; Sa 08:00-13:00"
      }
    },
    {
      "type": "Feature",
      "geometry": {
        "type": "Point",
        "coordinates": [
          11.6102745,
          49.9625208
        ]
      },
      "properties": {
        "id": 1234886542,
        "osm_type": "way",
        "name": "bk World Aufenthalts-Lounge",
        "opening_hours": "Mo-Su,PH 00:00-00:00"
      }
    },
    {
      "type": "Feature",
      "geometry": {
        "type": "Point",
        "coordinates": [
          11.3419695,
          50.2423831
        ]
      },
      "properties": {
        "id": 1312466691,
        "osm_type": "way",
        "name": "La Sicilia",
        "opening_hours": "Mo-Su 10:00-20:00"
      }
    },
    {
      "type": "Feature",
      "geometry": {
        "type": "Point",
        "coordinates": [
          11.3664519,
          50.2837257
        ]
      },
      "properties": {
        "id": 211202073,
        "osm_type": "way",
        "name": "Lebensmittel Geiger",
        "opening_hours": "Mo-Th 06:00-12:30,14:30-18:00; Fr 06:00-12:30,14:30-18:30; Sa 06:00-12:00; PH off"
      }
    },
    {
      "type": "Feature",
      "geometry": {
        "type": "Point",
        "coordinates": [
          11.6860791,
          50.3166578
        ]
      },
      "properties": {
        "id": 62359128,
        "osm_type": "way",
        "name": "Walther-Tankstelle",
        "opening_hours": "Mo-Fr 06:00-22:00; Sa 07:00-22:00; Su 08:00-22:00"
      }
    },
    {
      "type": "Feature",
      "geometry": {
        "type": "Point",
        "coordinates": [
          11.6698869,
          50.3285082
        ]
      },
      "properties": {
        "id": 1360461435,
        "osm_type": "way",
        "name": "Landeplatz"
      }
    },
    {
      "type": "Feature",
      "geometry": {
        "type": "Point",
        "coordinates": [
          11.697776,
          50.3301915
        ]
      },
      "properties": {
        "id": 69024922,
        "osm_type": "way"
      }
    },
    {
      "type": "Feature",
      "geometry": {
        "type": "Point",
        "coordinates": [
          11.7073027,
          50.3237719
        ]
      },
      "properties": {
        "id": 62166015,
        "osm_type": "way",
        "name": "Esso",
        "brand": "Esso"
      }
    },
    {
      "type": "Feature",
      "geometry": {
        "type": "Point",
        "coordinates": [
          11.2835408,
          50.4724854
        ]
      },
      "properties": {
        "id": 127970649,
        "osm_type": "way"
      }
    },
    {
      "type": "Feature",
      "geometry": {
        "type": "Point",
        "coordinates": [
          11.5947577,
          50.3729742
        ]
      },
      "properties": {
        "id": 236527219,
        "osm_type": "way"
      }
    },
    {
      "type": "Feature",
      "geometry": {
        "type": "Point",
        "coordinates": [
          11.8595938,
          50.0163539
        ]
      },
      "properties": {
        "id": 734739673,
        "osm_type": "way",
        "name": "Grillhaus"
      }
    },
    {
      "type": "Feature",
      "geometry": {
        "type": "Point",
        "coordinates": [
          11.8203853,
          50.1354063
        ]
      },
      "properties": {
        "id": 131621529,
        "osm_type": "way",
        "name": "Waldsteinlädla",
        "opening_hours": "24/7"
      }
    },
    {
      "type": "Feature",
      "geometry": {
        "type": "Point",
        "coordinates": [
          12.0097963,
          50.0331317
        ]
      },
      "properties": {
        "id": 361634566,
        "osm_type": "way",
        "name": "Bistro Katharinenberg",
        "opening_hours": "Tu-Su 10:00-18:00"
      }
    },
    {
      "type": "Feature",
      "geometry": {
        "type": "Point",
        "coordinates": [
          12.0828568,
          50.0043288
        ]
      },
      "properties": {
        "id": 443791456,
        "osm_type": "way",
        "name": "DB Service Point",
        "opening_hours": "Mo-Fr 05:00-19:30; Sa,Su,PH 07:00-18:00"
      }
    },
    {
      "type": "Feature",
      "geometry": {
        "type": "Point",
        "coordinates": [
          12.001076,
          50.0375318
        ]
      },
      "properties": {
        "id": 542132814,
        "osm_type": "way",
        "name": "Sarigül türkische Lebensmittel"
      }
    },
    {
      "type": "Feature",
      "geometry": {
        "type": "Point",
        "coordinates": [
          12.0012288,
          50.0374968
        ]
      },
      "properties": {
        "id": 542132815,
        "osm_type": "way",
        "name": "Ekrem Özcan Sarigöl Lebensmittelhandel"
      }
    },
    {
      "type": "Feature",
      "geometry": {
        "type": "Point",
        "coordinates": [
          11.7900115,
          50.1868765
        ]
      },
      "properties": {
        "id": 155804213,
        "osm_type": "way"
      }
    },
    {
      "type": "Feature",
      "geometry": {
        "type": "Point",
        "coordinates": [
          11.8416179,
          50.1613841
        ]
      },
      "properties": {
        "id": 526155763,
        "osm_type": "way",
        "name": "Kre-A-Ktiv",
        "opening_hours": "We-FR 09:00-13:00,14:00-18:00"
      }
    },
    {
      "type": "Feature",
      "geometry": {
        "type": "Point",
        "coordinates": [
          11.8491427,
          50.1857126
        ]
      },
      "properties": {
        "id": 660454537,
        "osm_type": "way",
        "name": "Dorfladen",
        "opening_hours": "Mo-Fr 07:00-12:30,13:30-18:00; Tu 07:00-12:30; Sa 07:00-13:00; PH off"
      }
    },
    {
      "type": "Feature",
      "geometry": {
        "type": "Point",
        "coordinates": [
          11.7483098,
          50.3161117
        ]
      },
      "properties": {
        "id": 351993029,
        "osm_type": "way"
      }
    },
    {
      "type": "Feature",
      "geometry": {
        "type": "Point",
        "coordinates": [
          11.9377682,
          50.2622246
        ]
      },
      "properties": {
        "id": 788654821,
        "osm_type": "way"
      }
    },
    {
      "type": "Feature",
      "geometry": {
        "type": "Point",
        "coordinates": [
          11.9063112,
          50.2951259
        ]
      },
      "properties": {
        "id": 150609760,
        "osm_type": "way"
      }
    },
    {
      "type": "Feature",
      "geometry": {
        "type": "Point",
        "coordinates": [
          11.8975216,
          50.3235553
        ]
      },
      "properties": {
        "id": 252806467,
        "osm_type": "way",
        "name": "Frischeparadis Günther Methner"
      }
    },
    {
      "type": "Feature",
      "geometry": {
        "type": "Point",
        "coordinates": [
          13.4504013,
          48.5739523
        ]
      },
      "properties": {
        "id": 367435325,
        "osm_type": "way"
      }
    },
    {
      "type": "Feature",
      "geometry": {
        "type": "Point",
        "coordinates": [
          13.4504044,
          48.5740075
        ]
      },
      "properties": {
        "id": 446242071,
        "osm_type": "way",
        "name": "Yorma’s",
        "brand": "Yorma’s",
        "opening_hours": "Mo-Th 05:00-21:00, Fr,Sa 05:00-21:30, Su,PH 06:00-21:30"
      }
    },
    {
      "type": "Feature",
      "geometry": {
        "type": "Point",
        "coordinates": [
          13.5836199,
          48.887231
        ]
      },
      "properties": {
        "id": 207792373,
        "osm_type": "way",
        "name": "nah & gut Kralik"
      }
    }
  ]
}